时间戳,数据集,典型工况,最大后验概率
2024-05-01 00:05:00,训练集,工况5,0.9765316980699691
2024-05-01 00:06:00,训练集,工况5,0.8100245065123893
2024-05-01 00:07:00,训练集,工况5,0.7118923533246073
2024-05-01 00:08:00,训练集,工况5,0.9808930538425924
2024-05-01 00:09:00,训练集,工况5,0.9986898524714263
2024-05-01 00:10:00,训练集,工况5,0.7587094140049656
2024-05-01 00:11:00,训练集,工况3,0.9365557726103407
2024-05-01 00:12:00,训练集,工况3,0.6165358081463357
2024-05-01 00:13:00,训练集,工况3,0.9528805228017468
2024-05-01 00:14:00,训练集,工况3,0.5142971103230486
2024-05-01 00:15:00,训练集,工况5,0.9932567129906751
2024-05-01 00:16:00,训练集,工况5,0.9161733882717009
2024-05-01 00:17:00,训练集,工况5,0.991554830085264
2024-05-01 00:18:00,训练集,工况5,0.5870252041145859
2024-05-01 00:19:00,训练集,工况5,0.47875800593102263
2024-05-01 00:20:00,训练集,工况5,0.9334010662396411
2024-05-01 00:21:00,训练集,工况5,0.9372148190881278
2024-05-01 00:22:00,训练集,工况3,0.8839625285300101
2024-05-01 00:23:00,训练集,工况3,0.8541680343243099
2024-05-01 00:24:00,训练集,工况5,0.6553384216735825
2024-05-01 00:25:00,训练集,工况5,0.8275910673088228
2024-05-01 00:26:00,训练集,工况5,0.817807944017958
2024-05-01 00:27:00,训练集,工况5,0.9596921076807191
2024-05-01 00:28:00,训练集,工况5,0.961544563860098
2024-05-01 00:29:00,训练集,工况5,0.9916357827599939
2024-05-01 00:30:00,训练集,工况5,0.8668699488598576
2024-05-01 00:31:00,训练集,工况5,0.9968588563431986
2024-05-01 00:32:00,训练集,工况5,0.9507350059591759
2024-05-01 00:33:00,训练集,工况5,0.7316123125807922
2024-05-01 00:34:00,训练集,工况5,0.9043121614457694
2024-05-01 00:35:00,训练集,工况5,0.834937541605311
2024-05-01 00:36:00,训练集,工况5,0.9943784665910413
2024-05-01 00:37:00,训练集,工况3,0.5970974143081769
2024-05-01 00:38:00,训练集,工况4,0.4504863603257541
2024-05-01 00:39:00,训练集,工况5,0.9354703751181752
2024-05-01 00:40:00,训练集,工况5,0.999309025224515
2024-05-01 00:41:00,训练集,工况5,0.9768496395535237
2024-05-01 00:42:00,训练集,工况5,0.9964961979134103
2024-05-01 00:43:00,训练集,工况3,0.898842899774576
2024-05-01 00:44:00,训练集,工况3,0.6179575769402752
2024-05-01 00:45:00,训练集,工况5,0.7456377024499636
2024-05-01 00:46:00,训练集,工况5,0.987992452169466
2024-05-01 00:47:00,训练集,工况6,0.9064589592911108
2024-05-01 00:48:00,训练集,工况5,0.7853220885419806
2024-05-01 00:49:00,训练集,工况4,0.5566735180903898
2024-05-01 00:50:00,训练集,工况5,0.9943621075988117
2024-05-01 00:51:00,训练集,工况5,0.7973957583719127
2024-05-01 00:52:00,训练集,工况5,0.8362529977823353
2024-05-01 00:53:00,训练集,工况5,0.9820627257248733
2024-05-01 00:54:00,训练集,工况5,0.6937960971609796
2024-05-01 00:55:00,训练集,工况5,0.9081904284272098
2024-05-01 00:56:00,训练集,工况3,0.7946163932941566
2024-05-01 00:57:00,训练集,工况5,0.5118440423011407
2024-05-01 00:58:00,训练集,工况5,0.9986214603082518
2024-05-01 00:59:00,训练集,工况5,0.8243630065869975
2024-05-01 01:00:00,训练集,工况5,0.7499375730486652
2024-05-01 01:01:00,训练集,工况5,0.9977191262907437
2024-05-01 01:02:00,训练集,工况3,0.5526438232370711
2024-05-01 01:03:00,训练集,工况3,0.551507252418934
2024-05-01 01:04:00,训练集,工况5,0.9948045679169614
2024-05-01 01:05:00,训练集,工况5,0.998001322782643
2024-05-01 01:06:00,训练集,工况5,0.9493742534968993
2024-05-01 01:07:00,训练集,工况5,0.9799387053596378
2024-05-01 01:08:00,训练集,工况5,0.8901847199910744
2024-05-01 01:09:00,训练集,工况5,0.7703470371994167
2024-05-01 01:10:00,训练集,工况5,0.9945054699225306
2024-05-01 01:11:00,训练集,工况6,0.510711069169357
2024-05-01 01:12:00,训练集,工况5,0.983143486632721
2024-05-01 01:13:00,训练集,工况6,0.9101375403808388
2024-05-01 01:14:00,训练集,工况4,0.8390921433035221
2024-05-01 01:15:00,训练集,工况5,0.9985917490166472
2024-05-01 01:16:00,训练集,工况5,0.9482601027483377
2024-05-01 01:17:00,训练集,工况5,0.5404413828469551
2024-05-01 01:18:00,训练集,工况5,0.996191217102136
2024-05-01 01:19:00,训练集,工况5,0.8179218196987823
2024-05-01 01:20:00,训练集,工况5,0.8010399561175906
2024-05-01 01:21:00,训练集,工况5,0.9920320375807603
2024-05-01 01:22:00,训练集,工况5,0.9752156398476574
2024-05-01 01:23:00,训练集,工况5,0.9910461625160302
2024-05-01 01:24:00,训练集,工况3,0.5143734292586074
2024-05-01 01:25:00,训练集,工况5,0.9777903252214165
2024-05-01 01:26:00,训练集,工况5,0.9924828836165658
2024-05-01 01:27:00,训练集,工况5,0.9919601051650467
2024-05-01 01:28:00,训练集,工况5,0.8957352084833436
2024-05-01 01:29:00,训练集,工况5,0.9819575620733105
2024-05-01 01:30:00,训练集,工况5,0.9985665658008509
2024-05-01 01:31:00,训练集,工况5,0.9986250399205213
2024-05-01 01:32:00,训练集,工况5,0.9957352388691085
2024-05-01 01:33:00,训练集,工况5,0.9919950587008336
2024-05-01 01:34:00,训练集,工况5,0.9832712858284743
2024-05-01 01:35:00,训练集,工况5,0.9182386810564862
2024-05-01 01:36:00,训练集,工况5,0.9945482896934592
2024-05-01 01:37:00,训练集,工况5,0.980841689682415
2024-05-01 01:38:00,训练集,工况5,0.9588528895685026
2024-05-01 01:39:00,训练集,工况5,0.9954841689010171
2024-05-01 01:40:00,训练集,工况3,0.6868510273773725
2024-05-01 01:41:00,训练集,工况5,0.9566411161769794
2024-05-01 01:42:00,训练集,工况5,0.9918997527409619
2024-05-01 01:43:00,训练集,工况5,0.9626112949918484
2024-05-01 01:44:00,训练集,工况5,0.9799217914012504
2024-05-01 01:45:00,训练集,工况5,0.9827788928917638
2024-05-01 01:46:00,训练集,工况6,0.8871242365577827
2024-05-01 01:47:00,训练集,工况5,0.961828706832012
2024-05-01 01:48:00,训练集,工况5,0.9949103531000354
2024-05-01 01:49:00,训练集,工况5,0.9977373376538629
2024-05-01 01:50:00,训练集,工况5,0.5348647295735423
2024-05-01 01:51:00,训练集,工况5,0.9946997532534553
2024-05-01 01:52:00,训练集,工况5,0.9946194529279173
2024-05-01 01:53:00,训练集,工况5,0.9245538496666019
2024-05-01 01:54:00,训练集,工况5,0.9938949915652847
2024-05-01 01:55:00,训练集,工况5,0.9892173559163181
2024-05-01 01:56:00,训练集,工况5,0.9923769689858911
2024-05-01 01:57:00,训练集,工况5,0.9966897035077997
2024-05-01 01:58:00,训练集,工况5,0.9941510424027303
2024-05-01 01:59:00,训练集,工况5,0.9983860515165968
2024-05-01 02:00:00,训练集,工况5,0.9904338357145361
2024-05-01 02:01:00,训练集,工况5,0.9956855029288879
2024-05-01 02:02:00,训练集,工况5,0.9974350684982413
2024-05-01 02:03:00,训练集,工况5,0.9765847355125251
2024-05-01 02:04:00,训练集,工况5,0.9802968689569712
2024-05-01 02:05:00,训练集,工况5,0.9962678970562032
2024-05-01 02:06:00,训练集,工况5,0.9481602040005869
2024-05-01 02:07:00,训练集,工况5,0.864537310253393
2024-05-01 02:08:00,训练集,工况5,0.9938496451456353
2024-05-01 02:09:00,训练集,工况5,0.9881755255877155
2024-05-01 02:10:00,训练集,工况5,0.960466257930212
2024-05-01 02:11:00,训练集,工况5,0.9981594153565077
2024-05-01 02:12:00,训练集,工况5,0.9324384061929132
2024-05-01 02:13:00,训练集,工况5,0.9975571129115319
2024-05-01 02:14:00,训练集,工况5,0.6525963424756147
2024-05-01 02:15:00,训练集,工况5,0.8758506795506168
2024-05-01 02:16:00,训练集,工况5,0.9333700135666259
2024-05-01 02:17:00,训练集,工况3,0.9696916482760317
2024-05-01 02:18:00,训练集,工况5,0.9991424656542353
2024-05-01 02:19:00,训练集,工况5,0.9317268772710161
2024-05-01 02:20:00,训练集,工况5,0.9972231432915206
2024-05-01 02:21:00,训练集,工况5,0.9976803632605007
2024-05-01 02:22:00,训练集,工况5,0.6541578398670225
2024-05-01 02:23:00,训练集,工况5,0.9983850910342694
2024-05-01 02:24:00,训练集,工况5,0.9971028536896352
2024-05-01 02:25:00,训练集,工况5,0.9967426709584296
2024-05-01 02:26:00,训练集,工况5,0.9805008376238222
2024-05-01 02:27:00,训练集,工况5,0.9734323492324622
2024-05-01 02:28:00,训练集,工况5,0.9905935465446237
2024-05-01 02:29:00,训练集,工况5,0.9767129655612558
2024-05-01 02:30:00,训练集,工况5,0.9944203317450245
2024-05-01 02:31:00,训练集,工况5,0.934581353326921
2024-05-01 02:32:00,训练集,工况5,0.9563239554168474
2024-05-01 02:33:00,训练集,工况5,0.988177992763555
2024-05-01 02:34:00,训练集,工况5,0.9469116049931837
2024-05-01 02:35:00,训练集,工况5,0.9971865950336986
2024-05-01 02:36:00,训练集,工况5,0.9974790087028567
2024-05-01 02:37:00,训练集,工况5,0.9953889795515881
2024-05-01 02:38:00,训练集,工况5,0.9540595622817802
2024-05-01 02:39:00,训练集,工况5,0.9936753703489476
2024-05-01 02:40:00,训练集,工况5,0.999009444273803
2024-05-01 02:41:00,训练集,工况5,0.9950807139117656
2024-05-01 02:42:00,训练集,工况5,0.9848879858169506
2024-05-01 02:43:00,训练集,工况5,0.9987083907133106
2024-05-01 02:44:00,训练集,工况5,0.9991550296938209
2024-05-01 02:45:00,训练集,工况5,0.9963055664277382
2024-05-01 02:46:00,训练集,工况5,0.9839581257542733
2024-05-01 02:47:00,训练集,工况5,0.999341239391379
2024-05-01 02:48:00,训练集,工况5,0.955994010321229
2024-05-01 02:49:00,训练集,工况5,0.9975397927492579
2024-05-01 02:50:00,训练集,工况5,0.9944127376136538
2024-05-01 02:51:00,训练集,工况5,0.9991307732054839
2024-05-01 02:52:00,训练集,工况5,0.9984784093082821
2024-05-01 02:53:00,训练集,工况5,0.9863938816691987
2024-05-01 02:54:00,训练集,工况5,0.9984403066538038
2024-05-01 02:55:00,训练集,工况5,0.964629869471574
2024-05-01 02:56:00,训练集,工况5,0.9988116283724252
2024-05-01 02:57:00,训练集,工况5,0.9986473543174799
2024-05-01 02:58:00,训练集,工况5,0.9543716131171125
2024-05-01 02:59:00,训练集,工况5,0.9802110010769068
2024-05-01 03:00:00,训练集,工况5,0.8319616800875393
2024-05-01 03:01:00,训练集,工况5,0.9843954530154527
2024-05-01 03:02:00,训练集,工况5,0.9210824520491395
2024-05-01 03:03:00,训练集,工况5,0.9987060445973804
2024-05-01 03:04:00,训练集,工况5,0.9885999521945442
2024-05-01 03:05:00,训练集,工况5,0.9991882235973971
2024-05-01 03:06:00,训练集,工况5,0.9820288235606718
2024-05-01 03:07:00,训练集,工况5,0.9971399703352692
2024-05-01 03:08:00,训练集,工况5,0.9975942412838159
2024-05-01 03:09:00,训练集,工况5,0.780354069135938
2024-05-01 03:10:00,训练集,工况5,0.9977060369893495
2024-05-01 03:11:00,训练集,工况5,0.9983258806524151
2024-05-01 03:12:00,训练集,工况5,0.9820086964641542
2024-05-01 03:13:00,训练集,工况1,0.5171602113345439
2024-05-01 03:14:00,训练集,工况5,0.9967252254879976
2024-05-01 03:15:00,训练集,工况5,0.9921163479360978
2024-05-01 03:16:00,训练集,工况5,0.9828114284965553
2024-05-01 03:17:00,训练集,工况5,0.9694710436885875
2024-05-01 03:18:00,训练集,工况5,0.9972253498963529
2024-05-01 03:19:00,训练集,工况5,0.9977071011891294
2024-05-01 03:20:00,训练集,工况5,0.9968684209595958
2024-05-01 03:21:00,训练集,工况5,0.9940337871178216
2024-05-01 03:22:00,训练集,工况5,0.9915692853520607
2024-05-01 03:23:00,训练集,工况5,0.997818801276345
2024-05-01 03:24:00,训练集,工况5,0.9977049150428519
2024-05-01 03:25:00,训练集,工况5,0.9968275293252832
2024-05-01 03:26:00,训练集,工况5,0.998256217751671
2024-05-01 03:27:00,训练集,工况5,0.9964857891281873
2024-05-01 03:28:00,训练集,工况5,0.9877733381669797
2024-05-01 03:29:00,训练集,工况5,0.9421334228976764
2024-05-01 03:30:00,训练集,工况5,0.9960535306059701
2024-05-01 03:31:00,训练集,工况5,0.9896917051584891
2024-05-01 03:32:00,训练集,工况5,0.9944003834797702
2024-05-01 03:33:00,训练集,工况5,0.9988559718948359
2024-05-01 03:34:00,训练集,工况5,0.9990298870253174
2024-05-01 03:35:00,训练集,工况5,0.9985742996161399
2024-05-01 03:36:00,训练集,工况5,0.7960979077071593
2024-05-01 03:37:00,训练集,工况5,0.9993526532933704
2024-05-01 03:38:00,训练集,工况5,0.822387067682251
2024-05-01 03:39:00,训练集,工况5,0.9978988058656356
2024-05-01 03:40:00,训练集,工况5,0.9986215968781149
2024-05-01 03:41:00,训练集,工况5,0.9777057176818009
2024-05-01 03:42:00,训练集,工况5,0.9981855179953907
2024-05-01 03:43:00,训练集,工况5,0.8564332502993931
2024-05-01 03:44:00,训练集,工况5,0.9991492769412962
2024-05-01 03:45:00,训练集,工况5,0.9776010008024444
2024-05-01 03:46:00,训练集,工况5,0.9981453734622965
2024-05-01 03:47:00,训练集,工况5,0.9975299183998033
2024-05-01 03:48:00,训练集,工况5,0.9914772225104908
2024-05-01 03:49:00,训练集,工况5,0.9988889595862905
2024-05-01 03:50:00,训练集,工况5,0.997010125608201
2024-05-01 03:51:00,训练集,工况5,0.9825774842489988
2024-05-01 03:52:00,训练集,工况5,0.9968316007568476
2024-05-01 03:53:00,训练集,工况5,0.9637290037149367
2024-05-01 03:54:00,训练集,工况5,0.9388537025498701
2024-05-01 03:55:00,训练集,工况5,0.9913296816794119
2024-05-01 03:56:00,训练集,工况1,0.979948910787369
2024-05-01 03:57:00,训练集,工况5,0.9790108852508859
2024-05-01 03:58:00,训练集,工况5,0.7406665085677773
2024-05-01 03:59:00,训练集,工况5,0.9751284253228412
2024-05-01 04:00:00,训练集,工况5,0.9984235961278966
2024-05-01 04:01:00,训练集,工况5,0.995403372538393
2024-05-01 04:02:00,训练集,工况5,0.9653895159049612
2024-05-01 04:03:00,训练集,工况5,0.9966050236859154
2024-05-01 04:04:00,训练集,工况5,0.9991272454987685
2024-05-01 04:05:00,训练集,工况5,0.991263048180647
2024-05-01 04:06:00,训练集,工况5,0.9982987525559655
2024-05-01 04:07:00,训练集,工况5,0.999188979782498
2024-05-01 04:08:00,训练集,工况5,0.9994358290494986
2024-05-01 04:09:00,训练集,工况5,0.9949337966440596
2024-05-01 04:10:00,训练集,工况5,0.948644070053758
2024-05-01 04:11:00,训练集,工况5,0.9966767486036995
2024-05-01 04:12:00,训练集,工况5,0.9990328877854205
2024-05-01 04:13:00,训练集,工况5,0.9871472390841654
2024-05-01 04:14:00,训练集,工况5,0.9981277258438837
2024-05-01 04:15:00,训练集,工况5,0.995602013590129
2024-05-01 04:16:00,训练集,工况5,0.9980154394435508
2024-05-01 04:17:00,训练集,工况5,0.8484519913681671
2024-05-01 04:18:00,训练集,工况5,0.986300479827269
2024-05-01 04:19:00,训练集,工况5,0.9962270224903828
2024-05-01 04:20:00,训练集,工况5,0.9988765281138524
2024-05-01 04:21:00,训练集,工况5,0.9707150537553403
2024-05-01 04:22:00,训练集,工况1,0.4979475196948302
2024-05-01 04:23:00,训练集,工况5,0.9974970803835067
2024-05-01 04:24:00,训练集,工况5,0.9706024454793982
2024-05-01 04:25:00,训练集,工况5,0.6692764131811577
2024-05-01 04:26:00,训练集,工况5,0.9989931301687589
2024-05-01 04:27:00,训练集,工况5,0.9084244686043815
2024-05-01 04:28:00,训练集,工况5,0.9950420193793645
2024-05-01 04:29:00,训练集,工况5,0.999184476805286
2024-05-01 04:30:00,训练集,工况5,0.9961726513962875
2024-05-01 04:31:00,训练集,工况5,0.9323297468358285
2024-05-01 04:32:00,训练集,工况5,0.9913977841371258
2024-05-01 04:33:00,训练集,工况5,0.9766019025932341
2024-05-01 04:34:00,训练集,工况5,0.9596611083327566
2024-05-01 04:35:00,训练集,工况5,0.9454521508161435
2024-05-01 04:36:00,训练集,工况5,0.999026293464406
2024-05-01 04:37:00,训练集,工况5,0.9858633464328497
2024-05-01 04:38:00,训练集,工况5,0.9988755576336176
2024-05-01 04:39:00,训练集,工况5,0.9991797089235069
2024-05-01 04:40:00,训练集,工况5,0.9989099644673394
2024-05-01 04:41:00,训练集,工况5,0.9978098341587212
2024-05-01 04:42:00,训练集,工况5,0.9994619214395299
2024-05-01 04:43:00,训练集,工况5,0.9967590314229847
2024-05-01 04:44:00,训练集,工况5,0.8499788723653359
2024-05-01 04:45:00,训练集,工况5,0.8033343541879574
2024-05-01 04:46:00,训练集,工况5,0.992816586761251
2024-05-01 04:47:00,训练集,工况5,0.995800231138163
2024-05-01 04:48:00,训练集,工况5,0.9967295742747802
2024-05-01 04:49:00,训练集,工况5,0.8640745405866355
2024-05-01 04:50:00,训练集,工况5,0.9979251212115082
2024-05-01 04:51:00,训练集,工况5,0.9958564657050637
2024-05-01 04:52:00,训练集,工况5,0.9930853398813916
2024-05-01 04:53:00,训练集,工况5,0.9962262952159543
2024-05-01 04:54:00,训练集,工况5,0.9977764587850879
2024-05-01 04:55:00,训练集,工况5,0.8325166511287012
2024-05-01 04:56:00,训练集,工况5,0.9987662672643768
2024-05-01 04:57:00,训练集,工况5,0.9990666918021087
2024-05-01 04:58:00,训练集,工况5,0.9962546820460239
2024-05-01 04:59:00,训练集,工况5,0.9981916907712545
2024-05-01 05:00:00,训练集,工况5,0.7214610682351448
2024-05-01 05:01:00,训练集,工况5,0.9992373023516616
2024-05-01 05:02:00,训练集,工况5,0.9989943400685539
2024-05-01 05:03:00,训练集,工况5,0.9984286891449572
2024-05-01 05:04:00,训练集,工况5,0.9945427391672529
2024-05-01 05:05:00,训练集,工况5,0.9987875184354638
2024-05-01 05:06:00,训练集,工况5,0.9950942738118126
2024-05-01 05:07:00,训练集,工况5,0.9980680693047858
2024-05-01 05:08:00,训练集,工况5,0.9647345612736595
2024-05-01 05:09:00,训练集,工况5,0.9944156897119394
2024-05-01 05:10:00,训练集,工况5,0.8477338567101822
2024-05-01 05:11:00,训练集,工况5,0.9977859666939801
2024-05-01 05:12:00,训练集,工况5,0.9988937605114405
2024-05-01 05:13:00,训练集,工况5,0.9960665226364483
2024-05-01 05:14:00,训练集,工况5,0.9984352715254351
2024-05-01 05:15:00,训练集,工况5,0.9991011962761184
2024-05-01 05:16:00,训练集,工况5,0.9993559768403656
2024-05-01 05:17:00,训练集,工况5,0.899122776355264
2024-05-01 05:18:00,训练集,工况5,0.9906934909798706
2024-05-01 05:19:00,训练集,工况5,0.9880844640012532
2024-05-01 05:20:00,训练集,工况5,0.9990014445773331
2024-05-01 05:21:00,训练集,工况5,0.998766170810986
2024-05-01 05:22:00,训练集,工况5,0.9711962336459071
2024-05-01 05:23:00,训练集,工况5,0.9996009664171729
2024-05-01 05:24:00,训练集,工况5,0.9398390072564096
2024-05-01 05:25:00,训练集,工况5,0.946124075284743
2024-05-01 05:26:00,训练集,工况5,0.99921174301652
2024-05-01 05:27:00,训练集,工况5,0.99647961646788
2024-05-01 05:28:00,训练集,工况5,0.9928387697659957
2024-05-01 05:29:00,训练集,工况5,0.998702390187053
2024-05-01 05:30:00,训练集,工况5,0.9934047707527439
2024-05-01 05:31:00,训练集,工况5,0.9365634504278487
2024-05-01 05:32:00,训练集,工况5,0.9631382865466385
2024-05-01 05:33:00,训练集,工况5,0.9976980941134269
2024-05-01 05:34:00,训练集,工况5,0.9988710056830155
2024-05-01 05:35:00,训练集,工况5,0.9989181561046947
2024-05-01 05:36:00,训练集,工况5,0.6752509780142203
2024-05-01 05:37:00,训练集,工况5,0.9964231471255167
2024-05-01 05:38:00,训练集,工况5,0.9931681483609756
2024-05-01 05:39:00,训练集,工况5,0.9990592400466797
2024-05-01 05:40:00,训练集,工况5,0.9924270234316346
2024-05-01 05:41:00,训练集,工况5,0.9921891305082615
2024-05-01 05:42:00,训练集,工况5,0.9957372302748858
2024-05-01 05:43:00,训练集,工况5,0.9933603776017454
2024-05-01 05:44:00,训练集,工况5,0.9982502172830043
2024-05-01 05:45:00,训练集,工况5,0.9955292528081758
2024-05-01 05:46:00,训练集,工况5,0.7211187471948918
2024-05-01 05:47:00,训练集,工况5,0.7272082709844382
2024-05-01 05:48:00,训练集,工况5,0.9639816891767214
2024-05-01 05:49:00,训练集,工况5,0.9920133644504106
2024-05-01 05:50:00,训练集,工况5,0.9984363197302988
2024-05-01 05:51:00,训练集,工况5,0.998585622562341
2024-05-01 05:52:00,训练集,工况5,0.9977925893992636
2024-05-01 05:53:00,训练集,工况5,0.9953409001654241
2024-05-01 05:54:00,训练集,工况5,0.9987961596248233
2024-05-01 05:55:00,训练集,工况5,0.9728651386766984
2024-05-01 05:56:00,训练集,工况5,0.9948770428678266
2024-05-01 05:57:00,训练集,工况5,0.9981527247499323
2024-05-01 05:58:00,训练集,工况5,0.9924849915007194
2024-05-01 05:59:00,训练集,工况5,0.9987998777329299
2024-05-01 06:00:00,训练集,工况5,0.9989747197808576
2024-05-01 06:01:00,训练集,工况5,0.997354720692162
2024-05-01 06:02:00,训练集,工况5,0.9919769192334381
2024-05-01 06:03:00,训练集,工况5,0.9978628103077836
2024-05-01 06:04:00,训练集,工况5,0.9941023669467365
2024-05-01 06:05:00,训练集,工况5,0.9990126494898218
2024-05-01 06:06:00,训练集,工况5,0.9651897872569838
2024-05-01 06:07:00,训练集,工况5,0.9966585244795713
2024-05-01 06:08:00,训练集,工况5,0.9985675109367257
2024-05-01 06:09:00,训练集,工况5,0.9991530166782466
2024-05-01 06:10:00,训练集,工况5,0.9935425295693275
2024-05-01 06:11:00,训练集,工况5,0.9990645356800817
2024-05-01 06:12:00,训练集,工况5,0.9990788592322645
2024-05-01 06:13:00,训练集,工况5,0.9928829039488405
2024-05-01 06:14:00,训练集,工况5,0.9717027865518477
2024-05-01 06:15:00,训练集,工况5,0.9985074792556817
2024-05-01 06:16:00,训练集,工况5,0.9992346859148752
2024-05-01 06:17:00,训练集,工况5,0.9107443944099086
2024-05-01 06:18:00,训练集,工况5,0.9998656611302104
2024-05-01 06:19:00,训练集,工况5,0.919633365461378
2024-05-01 06:20:00,训练集,工况5,0.9952505795744628
2024-05-01 06:21:00,训练集,工况5,0.997910900163536
2024-05-01 06:22:00,训练集,工况5,0.8432665906609473
2024-05-01 06:23:00,训练集,工况5,0.9964893148336237
2024-05-01 06:24:00,训练集,工况5,0.9691470006091473
2024-05-01 06:25:00,训练集,工况5,0.999097069175214
2024-05-01 06:26:00,训练集,工况5,0.9993993280036
2024-05-01 06:27:00,训练集,工况5,0.9984796544963537
2024-05-01 06:28:00,训练集,工况5,0.9937438360483728
2024-05-01 06:29:00,训练集,工况5,0.9884693280036838
2024-05-01 06:30:00,训练集,工况5,0.9592526791487018
2024-05-01 06:31:00,训练集,工况5,0.9979615931517731
2024-05-01 06:32:00,训练集,工况5,0.961696417162905
2024-05-01 06:33:00,训练集,工况5,0.9975714833903172
2024-05-01 06:34:00,训练集,工况5,0.999169316200566
2024-05-01 06:35:00,训练集,工况5,0.9988233178901451
2024-05-01 06:36:00,训练集,工况5,0.9936740832747065
2024-05-01 06:37:00,训练集,工况5,0.9962602916244176
2024-05-01 06:38:00,训练集,工况5,0.9222681409986485
2024-05-01 06:39:00,训练集,工况5,0.999049743222652
2024-05-01 06:40:00,训练集,工况1,0.634714384772725
2024-05-01 06:41:00,训练集,工况5,0.9977821936751982
2024-05-01 06:42:00,训练集,工况5,0.9989928811622877
2024-05-01 06:43:00,训练集,工况5,0.9888826560769052
2024-05-01 06:44:00,训练集,工况5,0.8949345283455219
2024-05-01 06:45:00,训练集,工况5,0.9988747777365389
2024-05-01 06:46:00,训练集,工况5,0.9454575050785802
2024-05-01 06:47:00,训练集,工况5,0.9718184453299186
2024-05-01 06:48:00,训练集,工况5,0.9973055370586551
2024-05-01 06:49:00,训练集,工况5,0.9991627429828213
2024-05-01 06:50:00,训练集,工况5,0.9996063742846485
2024-05-01 06:51:00,训练集,工况5,0.9816379310929861
2024-05-01 06:52:00,训练集,工况5,0.9982428011356003
2024-05-01 06:53:00,训练集,工况5,0.9991292942420775
2024-05-01 06:54:00,训练集,工况5,0.9986794985591704
2024-05-01 06:55:00,训练集,工况5,0.9875983647077302
2024-05-01 06:56:00,训练集,工况5,0.9993586928068178
2024-05-01 06:57:00,训练集,工况5,0.9929505604723237
2024-05-01 06:58:00,训练集,工况5,0.993912082122762
2024-05-01 06:59:00,训练集,工况5,0.9976772067712755
2024-05-01 07:00:00,训练集,工况5,0.9971696706262454
2024-05-01 07:01:00,训练集,工况5,0.9980504544273717
2024-05-01 07:02:00,训练集,工况5,0.989304430911159
2024-05-01 07:03:00,训练集,工况5,0.9992242353813866
2024-05-01 07:04:00,训练集,工况5,0.9990793087784205
2024-05-01 07:05:00,训练集,工况5,0.9983241718723743
2024-05-01 07:06:00,训练集,工况5,0.9990245552020527
2024-05-01 07:07:00,训练集,工况5,0.9981499044899993
2024-05-01 07:08:00,训练集,工况5,0.9979887843321262
2024-05-01 07:09:00,训练集,工况5,0.9443287016450164
2024-05-01 07:10:00,训练集,工况5,0.9989224494732828
2024-05-01 07:11:00,训练集,工况5,0.9925672466458662
2024-05-01 07:12:00,训练集,工况5,0.9971663711232962
2024-05-01 07:13:00,训练集,工况5,0.999482062260263
2024-05-01 07:14:00,训练集,工况5,0.9995083263893375
2024-05-01 07:15:00,训练集,工况5,0.9931174548522103
2024-05-01 07:16:00,训练集,工况5,0.9996040612905351
2024-05-01 07:17:00,训练集,工况1,0.6658351747409639
2024-05-01 07:18:00,训练集,工况5,0.9922246814490292
2024-05-01 07:19:00,训练集,工况5,0.8559393061218223
2024-05-01 07:20:00,训练集,工况5,0.998574184790735
2024-05-01 07:21:00,训练集,工况5,0.9961487051662538
2024-05-01 07:22:00,训练集,工况5,0.9422022274162912
2024-05-01 07:23:00,训练集,工况5,0.9940725830136229
2024-05-01 07:24:00,训练集,工况5,0.9625394683270055
2024-05-01 07:25:00,训练集,工况5,0.9991227724778873
2024-05-01 07:26:00,训练集,工况5,0.9993537038340246
2024-05-01 07:27:00,训练集,工况5,0.9968357156239254
2024-05-01 07:28:00,训练集,工况5,0.8975151480403508
2024-05-01 07:29:00,训练集,工况5,0.9988404442199199
2024-05-01 07:30:00,训练集,工况5,0.936592645329251
2024-05-01 07:31:00,训练集,工况5,0.9996205365907127
2024-05-01 07:32:00,训练集,工况5,0.9941870511428061
2024-05-01 07:33:00,训练集,工况5,0.9940881981961929
2024-05-01 07:34:00,训练集,工况5,0.9991661033832065
2024-05-01 07:35:00,训练集,工况5,0.9987705113558625
2024-05-01 07:36:00,训练集,工况5,0.9635051056368075
2024-05-01 07:37:00,训练集,工况5,0.9949366791386222
2024-05-01 07:38:00,训练集,工况5,0.9905145977486397
2024-05-01 07:39:00,训练集,工况1,0.5250719445590591
2024-05-01 07:40:00,训练集,工况5,0.9918195012004307
2024-05-01 07:41:00,训练集,工况5,0.9887977271131101
2024-05-01 07:42:00,训练集,工况5,0.9962154790969423
2024-05-01 07:43:00,训练集,工况5,0.9861049646864918
2024-05-01 07:44:00,训练集,工况5,0.9972679157971199
2024-05-01 07:45:00,训练集,工况5,0.9788370366858826
2024-05-01 07:46:00,训练集,工况5,0.9990699996419762
2024-05-01 07:47:00,训练集,工况5,0.9959579099246647
2024-05-01 07:48:00,训练集,工况5,0.9890481522551615
2024-05-01 07:49:00,训练集,工况5,0.9847247665845753
2024-05-01 07:50:00,训练集,工况5,0.9947916230852816
2024-05-01 07:51:00,训练集,工况5,0.9735858656332463
2024-05-01 07:52:00,训练集,工况5,0.9977342600626139
2024-05-01 07:53:00,训练集,工况5,0.9992375314837233
2024-05-01 07:54:00,训练集,工况5,0.9991270889318529
2024-05-01 07:55:00,训练集,工况5,0.999129920251265
2024-05-01 07:56:00,训练集,工况5,0.9967687401491478
2024-05-01 07:57:00,训练集,工况5,0.9977794079045166
2024-05-01 07:58:00,训练集,工况5,0.9949010644452294
2024-05-01 07:59:00,训练集,工况5,0.9925651473948811
2024-05-01 08:00:00,训练集,工况5,0.9991535951694963
2024-05-01 08:01:00,训练集,工况5,0.8901257112566257
2024-05-01 08:02:00,训练集,工况5,0.89544959381979
2024-05-01 08:03:00,训练集,工况5,0.9964360161621139
2024-05-01 08:04:00,训练集,工况5,0.544644272299874
2024-05-01 08:05:00,训练集,工况5,0.9842456411106827
2024-05-01 08:06:00,训练集,工况5,0.8603640950894802
2024-05-01 08:07:00,训练集,工况5,0.8433819791747869
2024-05-01 08:08:00,训练集,工况5,0.9995453878818443
2024-05-01 08:09:00,训练集,工况5,0.9806730235941864
2024-05-01 08:10:00,训练集,工况5,0.9982738051780878
2024-05-01 08:11:00,训练集,工况5,0.9999071266386049
2024-05-01 08:12:00,训练集,工况5,0.9995108175080315
2024-05-01 08:13:00,训练集,工况5,0.936804016716795
2024-05-01 08:14:00,训练集,工况5,0.998924928793272
2024-05-01 08:15:00,训练集,工况5,0.9987556319532328
2024-05-01 08:16:00,训练集,工况5,0.9820625588078359
2024-05-01 08:17:00,训练集,工况5,0.9947676960625381
2024-05-01 08:18:00,训练集,工况5,0.9788112072947984
2024-05-01 08:19:00,训练集,工况5,0.7978061239726273
2024-05-01 08:20:00,训练集,工况5,0.999827461648841
2024-05-01 08:21:00,训练集,工况5,0.9729595067874554
2024-05-01 08:22:00,训练集,工况5,0.933686459669647
2024-05-01 08:23:00,训练集,工况5,0.9918754471165608
2024-05-01 08:24:00,训练集,工况5,0.9973001762690337
2024-05-01 08:25:00,训练集,工况5,0.9970888528372357
2024-05-01 08:26:00,训练集,工况5,0.965674883113498
2024-05-01 08:27:00,训练集,工况5,0.9143653720961451
2024-05-01 08:28:00,训练集,工况5,0.9973666198431077
2024-05-01 08:29:00,训练集,工况5,0.9973026488960062
2024-05-01 08:30:00,训练集,工况5,0.9983110107311203
2024-05-01 08:31:00,训练集,工况5,0.997580826341463
2024-05-01 08:32:00,训练集,工况5,0.9960263811441079
2024-05-01 08:33:00,训练集,工况5,0.8228944704355535
2024-05-01 08:34:00,训练集,工况5,0.9546791029097432
2024-05-01 08:35:00,训练集,工况5,0.9972156170729111
2024-05-01 08:36:00,训练集,工况5,0.996427590310788
2024-05-01 08:37:00,训练集,工况5,0.9092028077508035
2024-05-01 08:38:00,训练集,工况5,0.9925634540587773
2024-05-01 08:39:00,训练集,工况5,0.9978025535508973
2024-05-01 08:40:00,训练集,工况5,0.7355725048344943
2024-05-01 08:41:00,训练集,工况5,0.9995420683604976
2024-05-01 08:42:00,训练集,工况5,0.9955269391104086
2024-05-01 08:43:00,训练集,工况5,0.9997827640400784
2024-05-01 08:44:00,训练集,工况5,0.9533763112152871
2024-05-01 08:45:00,训练集,工况5,0.9988806898271614
2024-05-01 08:46:00,训练集,工况5,0.835054210114422
2024-05-01 08:47:00,训练集,工况5,0.9982256234764736
2024-05-01 08:48:00,训练集,工况5,0.9775641555415245
2024-05-01 08:49:00,训练集,工况5,0.9827972847737513
2024-05-01 08:50:00,训练集,工况5,0.9991423839048355
2024-05-01 08:51:00,训练集,工况5,0.6791517023871498
2024-05-01 08:52:00,训练集,工况5,0.9460891615001837
2024-05-01 08:53:00,训练集,工况5,0.9787208396143193
2024-05-01 08:54:00,训练集,工况5,0.9871566135370448
2024-05-01 08:55:00,训练集,工况5,0.9969349369848107
2024-05-01 08:56:00,训练集,工况5,0.9966247486125206
2024-05-01 08:57:00,训练集,工况5,0.9906425805491795
2024-05-01 08:58:00,训练集,工况5,0.9931146114095555
2024-05-01 08:59:00,训练集,工况5,0.9988484011442219
2024-05-01 09:00:00,训练集,工况5,0.9997154906964618
2024-05-01 09:01:00,训练集,工况5,0.9781358812362959
2024-05-01 09:02:00,训练集,工况5,0.9984559163937371
2024-05-01 09:03:00,训练集,工况5,0.9961901267707639
2024-05-01 09:04:00,训练集,工况1,0.8032912620989154
2024-05-01 09:05:00,训练集,工况5,0.9982263612144037
2024-05-01 09:06:00,训练集,工况5,0.984434755043059
2024-05-01 09:07:00,训练集,工况5,0.9987260272276047
2024-05-01 09:08:00,训练集,工况5,0.9906307877410272
2024-05-01 09:09:00,训练集,工况5,0.8371742387686034
2024-05-01 09:10:00,训练集,工况5,0.9951375389239101
2024-05-01 09:11:00,训练集,工况5,0.9949607728711313
2024-05-01 09:12:00,训练集,工况5,0.9995275238680816
2024-05-01 09:13:00,训练集,工况5,0.999709827887456
2024-05-01 09:14:00,训练集,工况5,0.9961400841063522
2024-05-01 09:15:00,训练集,工况5,0.9983606153596517
2024-05-01 09:16:00,训练集,工况5,0.9980655947302955
2024-05-01 09:17:00,训练集,工况5,0.999343319754035
2024-05-01 09:18:00,训练集,工况5,0.999207249694205
2024-05-01 09:19:00,训练集,工况5,0.9920753531728373
2024-05-01 09:20:00,训练集,工况5,0.9960543207043719
2024-05-01 09:21:00,训练集,工况5,0.9920781160548348
2024-05-01 09:22:00,训练集,工况5,0.995235880553042
2024-05-01 09:23:00,训练集,工况5,0.9962420526501563
2024-05-01 09:24:00,训练集,工况5,0.9991650923542337
2024-05-01 09:25:00,训练集,工况5,0.9820507428726871
2024-05-01 09:26:00,训练集,工况1,0.8285348859474092
2024-05-01 09:27:00,训练集,工况5,0.914964450646024
2024-05-01 09:28:00,训练集,工况5,0.6722969616591855
2024-05-01 09:29:00,训练集,工况5,0.9990797314048839
2024-05-01 09:30:00,训练集,工况5,0.9982380918602689
2024-05-01 09:31:00,训练集,工况5,0.9997287734841577
2024-05-01 09:32:00,训练集,工况5,0.9991204550667616
2024-05-01 09:33:00,训练集,工况5,0.9990871575362413
2024-05-01 09:34:00,训练集,工况5,0.9998743789658562
2024-05-01 09:35:00,训练集,工况1,0.6421262727263372
2024-05-01 09:36:00,训练集,工况5,0.9749873869910571
2024-05-01 09:37:00,训练集,工况5,0.9989200393753901
2024-05-01 09:38:00,训练集,工况5,0.7772666018193393
2024-05-01 09:39:00,训练集,工况5,0.9980245101710393
2024-05-01 09:40:00,训练集,工况5,0.985356981480053
2024-05-01 09:41:00,训练集,工况5,0.983162521364726
2024-05-01 09:42:00,训练集,工况5,0.995100996173634
2024-05-01 09:43:00,训练集,工况5,0.996459247257861
2024-05-01 09:44:00,训练集,工况5,0.990619752539915
2024-05-01 09:45:00,训练集,工况5,0.998593861698065
2024-05-01 09:46:00,训练集,工况5,0.9791647057519662
2024-05-01 09:47:00,训练集,工况5,0.9530181913152775
2024-05-01 09:48:00,训练集,工况5,0.9991487848562787
2024-05-01 09:49:00,训练集,工况5,0.9876487194628125
2024-05-01 09:50:00,训练集,工况5,0.9889899795277595
2024-05-01 09:51:00,训练集,工况5,0.9976246312389938
2024-05-01 09:52:00,训练集,工况5,0.9995653047727555
2024-05-01 09:53:00,训练集,工况5,0.9995412582396306
2024-05-01 09:54:00,训练集,工况5,0.9631961770996087
2024-05-01 09:55:00,训练集,工况5,0.9948206585518791
2024-05-01 09:56:00,训练集,工况5,0.9606550821755582
2024-05-01 09:57:00,训练集,工况5,0.9635787340399551
2024-05-01 09:58:00,训练集,工况5,0.9959607156364538
2024-05-01 09:59:00,训练集,工况5,0.9923051936843531
2024-05-01 10:00:00,训练集,工况5,0.9996447642480039
2024-05-01 10:01:00,训练集,工况5,0.9633361232011205
2024-05-01 10:02:00,训练集,工况5,0.9997422208637597
2024-05-01 10:03:00,训练集,工况5,0.998959281471524
2024-05-01 10:04:00,训练集,工况5,0.9997974492151668
2024-05-01 10:05:00,训练集,工况5,0.999259386923227
2024-05-01 10:06:00,训练集,工况5,0.9991033851174803
2024-05-01 10:07:00,训练集,工况5,0.9645749607967832
2024-05-01 10:08:00,训练集,工况5,0.7230203226321406
2024-05-01 10:09:00,训练集,工况5,0.9995615743520699
2024-05-01 10:10:00,训练集,工况5,0.999824699277632
2024-05-01 10:11:00,训练集,工况5,0.9934154549989465
2024-05-01 10:12:00,训练集,工况5,0.9942821647900484
2024-05-01 10:13:00,训练集,工况5,0.9900112244186536
2024-05-01 10:14:00,训练集,工况5,0.9994410379624598
2024-05-01 10:15:00,训练集,工况5,0.9993757150918728
2024-05-01 10:16:00,训练集,工况5,0.971346537941885
2024-05-01 10:17:00,训练集,工况5,0.976625502624942
2024-05-01 10:18:00,训练集,工况5,0.9964596666123311
2024-05-01 10:19:00,训练集,工况5,0.9992384150298222
2024-05-01 10:20:00,训练集,工况5,0.9914936197202804
2024-05-01 10:21:00,训练集,工况5,0.9957096810451598
2024-05-01 10:22:00,训练集,工况5,0.9995610207443549
2024-05-01 10:23:00,训练集,工况5,0.9981971101270285
2024-05-01 10:24:00,训练集,工况5,0.999797662761381
2024-05-01 10:25:00,训练集,工况5,0.9980805117848128
2024-05-01 10:26:00,训练集,工况5,0.9750161235211702
2024-05-01 10:27:00,训练集,工况5,0.9993662481442803
2024-05-01 10:28:00,训练集,工况5,0.9987188054281283
2024-05-01 10:29:00,训练集,工况5,0.9997590547923264
2024-05-01 10:30:00,训练集,工况5,0.6858848297995898
2024-05-01 10:31:00,训练集,工况5,0.9790404685258716
2024-05-01 10:32:00,训练集,工况5,0.999667621760833
2024-05-01 10:33:00,训练集,工况5,0.9994493301931201
2024-05-01 10:34:00,训练集,工况5,0.9778022458216407
2024-05-01 10:35:00,训练集,工况5,0.9960657928691429
2024-05-01 10:36:00,训练集,工况5,0.9992209288856352
2024-05-01 10:37:00,训练集,工况5,0.9909628197281881
2024-05-01 10:38:00,训练集,工况5,0.7908004801158952
2024-05-01 10:39:00,训练集,工况5,0.9654612728188672
2024-05-01 10:40:00,训练集,工况5,0.9975914734282547
2024-05-01 10:41:00,训练集,工况5,0.994406156903132
2024-05-01 10:42:00,训练集,工况5,0.9966496890364506
2024-05-01 10:43:00,训练集,工况5,0.942840251630287
2024-05-01 10:44:00,训练集,工况5,0.9887224600972611
2024-05-01 10:45:00,训练集,工况5,0.9986825292897316
2024-05-01 10:46:00,训练集,工况5,0.5518150615448624
2024-05-01 10:47:00,训练集,工况5,0.9967860276414561
2024-05-01 10:48:00,训练集,工况5,0.998965723511002
2024-05-01 10:49:00,训练集,工况5,0.999949809432332
2024-05-01 10:50:00,训练集,工况5,0.8945313538868781
2024-05-01 10:51:00,训练集,工况5,0.9991956127033109
2024-05-01 10:52:00,训练集,工况5,0.998602647163818
2024-05-01 10:53:00,训练集,工况5,0.9882234661831085
2024-05-01 10:54:00,训练集,工况5,0.999522201215064
2024-05-01 10:55:00,训练集,工况5,0.9938874764260045
2024-05-01 10:56:00,训练集,工况5,0.9864209205444656
2024-05-01 10:57:00,训练集,工况5,0.9996560382797007
2024-05-01 10:58:00,训练集,工况5,0.9996921493694232
2024-05-01 10:59:00,训练集,工况5,0.999738069267163
2024-05-01 11:00:00,训练集,工况5,0.9592598406625812
2024-05-01 11:01:00,训练集,工况5,0.9890153815877915
2024-05-01 11:02:00,训练集,工况5,0.9994786608662093
2024-05-01 11:03:00,训练集,工况5,0.9962054760257539
2024-05-01 11:04:00,训练集,工况5,0.8753655109644788
2024-05-01 11:05:00,训练集,工况5,0.9982686135051885
2024-05-01 11:06:00,训练集,工况5,0.9979434262861319
2024-05-01 11:07:00,训练集,工况5,0.9994212394560836
2024-05-01 11:08:00,训练集,工况5,0.98456733463514
2024-05-01 11:09:00,训练集,工况5,0.9996445157450109
2024-05-01 11:10:00,训练集,工况5,0.9997930715143594
2024-05-01 11:11:00,训练集,工况5,0.8030577755392616
2024-05-01 11:12:00,训练集,工况5,0.9993800398146927
2024-05-01 11:13:00,训练集,工况5,0.9994881980782361
2024-05-01 11:14:00,训练集,工况5,0.9763259988734265
2024-05-01 11:15:00,训练集,工况5,0.9872780435925474
2024-05-01 11:16:00,训练集,工况5,0.979215342042542
2024-05-01 11:17:00,训练集,工况5,0.9995758471248309
2024-05-01 11:18:00,训练集,工况5,0.9989691626008889
2024-05-01 11:19:00,训练集,工况5,0.9996824817233093
2024-05-01 11:20:00,训练集,工况5,0.9974799726059669
2024-05-01 11:21:00,训练集,工况5,0.9484232154433845
2024-05-01 11:22:00,训练集,工况5,0.9960482612329848
2024-05-01 11:23:00,训练集,工况5,0.9963854590779226
2024-05-01 11:24:00,训练集,工况5,0.8581546335984171
2024-05-01 11:25:00,训练集,工况5,0.9984586177388686
2024-05-01 11:26:00,训练集,工况5,0.9890040387850274
2024-05-01 11:27:00,训练集,工况5,0.9410280968314494
2024-05-01 11:28:00,训练集,工况5,0.9967679456428329
2024-05-01 11:29:00,训练集,工况5,0.9823402673792209
2024-05-01 11:30:00,训练集,工况5,0.9689934433989309
2024-05-01 11:31:00,训练集,工况5,0.994697923598691
2024-05-01 11:32:00,训练集,工况5,0.9255873184665052
2024-05-01 11:33:00,训练集,工况5,0.9984134360886556
2024-05-01 11:34:00,训练集,工况5,0.9763973718837214
2024-05-01 11:35:00,训练集,工况5,0.9942991980154114
2024-05-01 11:36:00,训练集,工况5,0.9998301370951215
2024-05-01 11:37:00,训练集,工况5,0.9897589458934016
2024-05-01 11:38:00,训练集,工况5,0.9993483598409513
2024-05-01 11:39:00,训练集,工况5,0.9966567029545663
2024-05-01 11:40:00,训练集,工况5,0.9994350564375399
2024-05-01 11:41:00,训练集,工况5,0.9994711537405313
2024-05-01 11:42:00,训练集,工况5,0.9982745510956217
2024-05-01 11:43:00,训练集,工况5,0.9014396216277007
2024-05-01 11:44:00,训练集,工况5,0.737331138161807
2024-05-01 11:45:00,训练集,工况5,0.9956310123903328
2024-05-01 11:46:00,训练集,工况5,0.8706567005595737
2024-05-01 11:47:00,训练集,工况5,0.9999634470175013
2024-05-01 11:48:00,训练集,工况5,0.9768613572094719
2024-05-01 11:49:00,训练集,工况5,0.9997620092352414
2024-05-01 11:50:00,训练集,工况5,0.9992497052279739
2024-05-01 11:51:00,训练集,工况5,0.9993745554687563
2024-05-01 11:52:00,训练集,工况5,0.9944687444256902
2024-05-01 11:53:00,训练集,工况5,0.9984969392691149
2024-05-01 11:54:00,训练集,工况5,0.998004708169734
2024-05-01 11:55:00,训练集,工况5,0.9998724470250283
2024-05-01 11:56:00,训练集,工况5,0.9995818617153513
2024-05-01 11:57:00,训练集,工况5,0.9994982172931671
2024-05-01 11:58:00,训练集,工况5,0.9971910989356291
2024-05-01 11:59:00,训练集,工况5,0.9897438597957171
2024-05-01 12:00:00,训练集,工况5,0.9997187777768779
2024-05-01 12:01:00,训练集,工况5,0.8462157132822768
2024-05-01 12:02:00,训练集,工况5,0.9674870562266105
2024-05-01 12:03:00,训练集,工况5,0.9995788439755907
2024-05-01 12:04:00,训练集,工况5,0.9945813533316429
2024-05-01 12:05:00,训练集,工况5,0.9994493231026581
2024-05-01 12:06:00,训练集,工况5,0.9995552007544275
2024-05-01 12:07:00,训练集,工况5,0.9991472327605835
2024-05-01 12:08:00,训练集,工况5,0.9985477163713933
2024-05-01 12:09:00,训练集,工况5,0.9841962369295876
2024-05-01 12:10:00,训练集,工况5,0.9996481012008764
2024-05-01 12:11:00,训练集,工况5,0.9809989286067561
2024-05-01 12:12:00,训练集,工况5,0.9998680390372258
2024-05-01 12:13:00,训练集,工况5,0.9330442576320267
2024-05-01 12:14:00,训练集,工况5,0.99989330546878
2024-05-01 12:15:00,训练集,工况5,0.9988296556123647
2024-05-01 12:16:00,训练集,工况5,0.9988437792377939
2024-05-01 12:17:00,训练集,工况5,0.9997854004328607
2024-05-01 12:18:00,训练集,工况5,0.9999810912292159
2024-05-01 12:19:00,训练集,工况5,0.9891651730461856
2024-05-01 12:20:00,训练集,工况5,0.9789227975163155
2024-05-01 12:21:00,训练集,工况5,0.9794305754044133
2024-05-01 12:22:00,训练集,工况5,0.9996138368247415
2024-05-01 12:23:00,训练集,工况5,0.9970172313444873
2024-05-01 12:24:00,训练集,工况5,0.9999089383906669
2024-05-01 12:25:00,训练集,工况5,0.9962282823717918
2024-05-01 12:26:00,训练集,工况5,0.9996453906970428
2024-05-01 12:27:00,训练集,工况5,0.9887292460925359
2024-05-01 12:28:00,训练集,工况5,0.9982109803190288
2024-05-01 12:29:00,训练集,工况5,0.9870077074746223
2024-05-01 12:30:00,训练集,工况5,0.9221678452033133
2024-05-01 12:31:00,训练集,工况5,0.9590709703998044
2024-05-01 12:32:00,训练集,工况5,0.9960235410573394
2024-05-01 12:33:00,训练集,工况5,0.9999074234833127
2024-05-01 12:34:00,训练集,工况5,0.9056516467205445
2024-05-01 12:35:00,训练集,工况5,0.9988891926686922
2024-05-01 12:36:00,训练集,工况5,0.9998355767759834
2024-05-01 12:37:00,训练集,工况5,0.9996630604203063
2024-05-01 12:38:00,训练集,工况5,0.9969503739414804
2024-05-01 12:39:00,训练集,工况5,0.9998031262354915
2024-05-01 12:40:00,训练集,工况5,0.9996612648274767
2024-05-01 12:41:00,训练集,工况5,0.9999108123527723
2024-05-01 12:42:00,训练集,工况5,0.9960150411409243
2024-05-01 12:43:00,训练集,工况5,0.9961008502151966
2024-05-01 12:44:00,训练集,工况5,0.9999571408340783
2024-05-01 12:45:00,训练集,工况5,0.9963019379414875
2024-05-01 12:46:00,训练集,工况5,0.985488634953989
2024-05-01 12:47:00,训练集,工况5,0.9988257899779882
2024-05-01 12:48:00,训练集,工况5,0.998119160399009
2024-05-01 12:49:00,训练集,工况5,0.9999180817310757
2024-05-01 12:50:00,训练集,工况5,0.9998464899452079
2024-05-01 12:51:00,训练集,工况5,0.9922687386721302
2024-05-01 12:52:00,训练集,工况5,0.9984414274907346
2024-05-01 12:53:00,训练集,工况5,0.9999816784604648
2024-05-01 12:54:00,训练集,工况5,0.9998682108013527
2024-05-01 12:55:00,训练集,工况5,0.9885546183442481
2024-05-01 12:56:00,训练集,工况5,0.9908025817596405
2024-05-01 12:57:00,训练集,工况5,0.9998694275871377
2024-05-01 12:58:00,训练集,工况5,0.9907432533598419
2024-05-01 12:59:00,训练集,工况5,0.9999774245190146
2024-05-01 13:00:00,训练集,工况5,0.9996681946250443
2024-05-01 13:01:00,训练集,工况5,0.9978390984533311
2024-05-01 13:02:00,训练集,工况5,0.999567360843405
2024-05-01 13:03:00,训练集,工况5,0.9996698302426078
2024-05-01 13:04:00,训练集,工况5,0.999912582799654
2024-05-01 13:05:00,训练集,工况5,0.9990603797100408
2024-05-01 13:06:00,训练集,工况5,0.9999660231359901
2024-05-01 13:07:00,训练集,工况5,0.9998779326401696
2024-05-01 13:08:00,训练集,工况5,0.9997142475590046
2024-05-01 13:09:00,训练集,工况5,0.9350231991658297
2024-05-01 13:10:00,训练集,工况5,0.9997575093875559
2024-05-01 13:11:00,训练集,工况5,0.9991837805318797
2024-05-01 13:12:00,训练集,工况5,0.9976534579719054
2024-05-01 13:13:00,训练集,工况5,0.9687808395642813
2024-05-01 13:14:00,训练集,工况5,0.9212107069624226
2024-05-01 13:15:00,训练集,工况5,0.9994665042059141
2024-05-01 13:16:00,训练集,工况5,0.9967474826057862
2024-05-01 13:17:00,训练集,工况5,0.9998851394176309
2024-05-01 13:18:00,训练集,工况5,0.9997399072974433
2024-05-01 13:19:00,训练集,工况5,0.999897079411829
2024-05-01 13:20:00,训练集,工况5,0.9997441000151086
2024-05-01 13:21:00,训练集,工况5,0.9993834373484819
2024-05-01 13:22:00,训练集,工况5,0.9997293627577427
2024-05-01 13:23:00,训练集,工况5,0.9980150072415838
2024-05-01 13:24:00,训练集,工况5,0.9957347998384739
2024-05-01 13:25:00,训练集,工况5,0.9941513153318721
2024-05-01 13:26:00,训练集,工况5,0.9998826486982955
2024-05-01 13:27:00,训练集,工况5,0.9996168097249654
2024-05-01 13:28:00,训练集,工况5,0.9998586263120791
2024-05-01 13:29:00,训练集,工况5,0.9906822772819432
2024-05-01 13:30:00,训练集,工况5,0.9990368487577357
2024-05-01 13:31:00,训练集,工况5,0.9953758696107673
2024-05-01 13:32:00,训练集,工况5,0.9999139789809222
2024-05-01 13:33:00,训练集,工况5,0.9994397722245217
2024-05-01 13:34:00,训练集,工况5,0.9999170087405211
2024-05-01 13:35:00,训练集,工况5,0.9717850129620206
2024-05-01 13:36:00,训练集,工况5,0.9992083237170357
2024-05-01 13:37:00,训练集,工况5,0.9999269220345746
2024-05-01 13:38:00,训练集,工况5,0.9999328239852032
2024-05-01 13:39:00,训练集,工况5,0.9995008409273841
2024-05-01 13:40:00,训练集,工况5,0.9999217831210077
2024-05-01 13:41:00,训练集,工况5,0.9999685512428819
2024-05-01 13:42:00,训练集,工况5,0.9964250024150579
2024-05-01 13:43:00,训练集,工况5,0.995333274113828
2024-05-01 13:44:00,训练集,工况5,0.9985726725747317
2024-05-01 13:45:00,训练集,工况5,0.9987624215690579
2024-05-01 13:46:00,训练集,工况5,0.999820110411201
2024-05-01 13:47:00,训练集,工况5,0.9990469420042848
2024-05-01 13:48:00,训练集,工况5,0.9994401797359227
2024-05-01 13:49:00,训练集,工况5,0.9998103539223658
2024-05-01 13:50:00,训练集,工况5,0.9911278338506274
2024-05-01 13:51:00,训练集,工况5,0.991025064329835
2024-05-01 13:52:00,训练集,工况5,0.9995024291831602
2024-05-01 13:53:00,训练集,工况5,0.9945725388035086
2024-05-01 13:54:00,训练集,工况5,0.9997950219818913
2024-05-01 13:55:00,训练集,工况5,0.9996595204326563
2024-05-01 13:56:00,训练集,工况5,0.9999884008179261
2024-05-01 13:57:00,训练集,工况5,0.9987865769134981
2024-05-01 13:58:00,训练集,工况5,0.9998418793908478
2024-05-01 13:59:00,训练集,工况5,0.9993758079581613
2024-05-01 14:00:00,训练集,工况5,0.9998205625690612
2024-05-01 14:01:00,训练集,工况5,0.9997469604040764
2024-05-01 14:02:00,训练集,工况5,0.91812850140306
2024-05-01 14:03:00,训练集,工况5,0.999830994939693
2024-05-01 14:04:00,训练集,工况5,0.999780618773504
2024-05-01 14:05:00,训练集,工况5,0.9999219843430426
2024-05-01 14:06:00,训练集,工况5,0.99996417701864
2024-05-01 14:07:00,训练集,工况5,0.9980811049661933
2024-05-01 14:08:00,训练集,工况5,0.9997050224730646
2024-05-01 14:09:00,训练集,工况5,0.9998478738505202
2024-05-01 14:10:00,训练集,工况5,0.999237818678218
2024-05-01 14:11:00,训练集,工况5,0.9685528477253431
2024-05-01 14:12:00,训练集,工况5,0.9997184837713331
2024-05-01 14:13:00,训练集,工况5,0.9999717028644735
2024-05-01 14:14:00,训练集,工况5,0.9999875714417384
2024-05-01 14:15:00,训练集,工况5,0.999833895042148
2024-05-01 14:16:00,训练集,工况5,0.9899382181397468
2024-05-01 14:17:00,训练集,工况5,0.9999490988030177
2024-05-01 14:18:00,训练集,工况5,0.993834359336427
2024-05-01 14:19:00,训练集,工况5,0.9999361136573464
2024-05-01 14:20:00,训练集,工况5,0.9997386416070281
2024-05-01 14:21:00,训练集,工况5,0.9992786212471568
2024-05-01 14:22:00,训练集,工况5,0.9999666157036851
2024-05-01 14:23:00,训练集,工况5,0.9999365064304107
2024-05-01 14:24:00,训练集,工况5,0.9895992549967814
2024-05-01 14:25:00,训练集,工况5,0.9933093154223892
2024-05-01 14:26:00,训练集,工况5,0.9999010592313841
2024-05-01 14:27:00,训练集,工况5,0.9994026187939257
2024-05-01 14:28:00,训练集,工况5,0.9998163958995765
2024-05-01 14:29:00,训练集,工况5,0.9999804595318719
2024-05-01 14:30:00,训练集,工况5,0.9998773709762566
2024-05-01 14:31:00,训练集,工况5,0.9837954893128347
2024-05-01 14:32:00,训练集,工况5,0.9789758477379912
2024-05-01 14:33:00,训练集,工况5,0.9960481956779118
2024-05-01 14:34:00,训练集,工况5,0.9999618946141965
2024-05-01 14:35:00,训练集,工况5,0.9999626130102712
2024-05-01 14:36:00,训练集,工况5,0.9977479038526047
2024-05-01 14:37:00,训练集,工况5,0.9997177873037072
2024-05-01 14:38:00,训练集,工况5,0.9992315790291411
2024-05-01 14:39:00,训练集,工况5,0.999956615224919
2024-05-01 14:40:00,训练集,工况5,0.8622902505203665
2024-05-01 14:41:00,训练集,工况5,0.9998056059768381
2024-05-01 14:42:00,训练集,工况5,0.9997324325685589
2024-05-01 14:43:00,训练集,工况5,0.9999161109456672
2024-05-01 14:44:00,训练集,工况5,0.999736327061587
2024-05-01 14:45:00,训练集,工况5,0.9999376077463462
2024-05-01 14:46:00,训练集,工况5,0.9997771751136493
2024-05-01 14:47:00,训练集,工况5,0.9998588183308733
2024-05-01 14:48:00,训练集,工况5,0.9994973153243669
2024-05-01 14:49:00,训练集,工况5,0.9998110184714826
2024-05-01 14:50:00,训练集,工况5,0.9999958746294222
2024-05-01 14:51:00,训练集,工况5,0.9998795692981469
2024-05-01 14:52:00,训练集,工况5,0.9997532005433025
2024-05-01 14:53:00,训练集,工况5,0.9999610563331001
2024-05-01 14:54:00,训练集,工况5,0.9798985624470162
2024-05-01 14:55:00,训练集,工况5,0.9999936058986107
2024-05-01 14:56:00,训练集,工况5,0.9993632317321272
2024-05-01 14:57:00,训练集,工况5,0.9998485327823043
2024-05-01 14:58:00,训练集,工况5,0.9998846015139505
2024-05-01 14:59:00,训练集,工况5,0.9957423415109214
2024-05-01 15:00:00,训练集,工况5,0.9965492218148058
2024-05-01 15:01:00,训练集,工况5,0.9985614948807647
2024-05-01 15:02:00,训练集,工况5,0.9998584383547274
2024-05-01 15:03:00,训练集,工况5,0.999899300859776
2024-05-01 15:04:00,训练集,工况5,0.9993351808787926
2024-05-01 15:05:00,训练集,工况5,0.999950291704954
2024-05-01 15:06:00,训练集,工况5,0.9880248727962208
2024-05-01 15:07:00,训练集,工况5,0.999914448671912
2024-05-01 15:08:00,训练集,工况5,0.9999208774324359
2024-05-01 15:09:00,训练集,工况5,0.9999684066107619
2024-05-01 15:10:00,训练集,工况5,0.9994988464222352
2024-05-01 15:11:00,训练集,工况5,0.9999906895122705
2024-05-01 15:12:00,训练集,工况5,0.9999765523037466
2024-05-01 15:13:00,训练集,工况5,0.9998512011394255
2024-05-01 15:14:00,训练集,工况5,0.9997952025030012
2024-05-01 15:15:00,训练集,工况5,0.9999692765299254
2024-05-01 15:16:00,训练集,工况5,0.9999324977371146
2024-05-01 15:17:00,训练集,工况5,0.9993405278017456
2024-05-01 15:18:00,训练集,工况5,0.9996271100222687
2024-05-01 15:19:00,训练集,工况5,0.9998311161019179
2024-05-01 15:20:00,训练集,工况5,0.9998912193778339
2024-05-01 15:21:00,训练集,工况5,0.9947899380525115
2024-05-01 15:22:00,训练集,工况5,0.9998979492578468
2024-05-01 15:23:00,训练集,工况5,0.9966056020836594
2024-05-01 15:24:00,训练集,工况5,0.9999554865188263
2024-05-01 15:25:00,训练集,工况5,0.9942426356033391
2024-05-01 15:26:00,训练集,工况5,0.9996854181313118
2024-05-01 15:27:00,训练集,工况5,0.9998931940859814
2024-05-01 15:28:00,训练集,工况5,0.9999821264130042
2024-05-01 15:29:00,训练集,工况5,0.9994926254284774
2024-05-01 15:30:00,训练集,工况5,0.9987141805631592
2024-05-01 15:31:00,训练集,工况5,0.9995512377859076
2024-05-01 15:32:00,训练集,工况5,0.9952701672735035
2024-05-01 15:33:00,训练集,工况5,0.9893360358453162
2024-05-01 15:34:00,训练集,工况5,0.9999590394309669
2024-05-01 15:35:00,训练集,工况5,0.9996682832677218
2024-05-01 15:36:00,训练集,工况5,0.9984430167503603
2024-05-01 15:37:00,训练集,工况5,0.9999600624683163
2024-05-01 15:38:00,训练集,工况5,0.9982050388049245
2024-05-01 15:39:00,训练集,工况5,0.9997203754490379
2024-05-01 15:40:00,训练集,工况5,0.9894489046122108
2024-05-01 15:41:00,训练集,工况5,0.9989664401683667
2024-05-01 15:42:00,训练集,工况5,0.9998239870293689
2024-05-01 15:43:00,训练集,工况5,0.9981930568043469
2024-05-01 15:44:00,训练集,工况5,0.9999881258723737
2024-05-01 15:45:00,训练集,工况5,0.9882385796632686
2024-05-01 15:46:00,训练集,工况5,0.9953949687830986
2024-05-01 15:47:00,训练集,工况5,0.9996301950312004
2024-05-01 15:48:00,训练集,工况5,0.9997926039750794
2024-05-01 15:49:00,训练集,工况5,0.999949050201278
2024-05-01 15:50:00,训练集,工况5,0.999928464313981
2024-05-01 15:51:00,训练集,工况5,0.9996409422371433
2024-05-01 15:52:00,训练集,工况5,0.9981385166137171
2024-05-01 15:53:00,训练集,工况5,0.9999742183229742
2024-05-01 15:54:00,训练集,工况5,0.9997873541374751
2024-05-01 15:55:00,训练集,工况5,0.9945744776374661
2024-05-01 15:56:00,训练集,工况5,0.9999735463052463
2024-05-01 15:57:00,训练集,工况5,0.9999978328015997
2024-05-01 15:58:00,训练集,工况5,0.9998616343172492
2024-05-01 15:59:00,训练集,工况5,0.9999200648357806
2024-05-01 16:00:00,训练集,工况5,0.9999709888512137
2024-05-01 16:01:00,训练集,工况5,0.9956131924623289
2024-05-01 16:02:00,训练集,工况5,0.9999100938650737
2024-05-01 16:03:00,训练集,工况5,0.999677321151995
2024-05-01 16:04:00,训练集,工况5,0.9999598189478732
2024-05-01 16:05:00,训练集,工况5,0.9999953856033212
2024-05-01 16:06:00,训练集,工况5,0.994814706316834
2024-05-01 16:07:00,训练集,工况5,0.9984271759082058
2024-05-01 16:08:00,训练集,工况5,0.9998922734769744
2024-05-01 16:09:00,训练集,工况5,0.8996444433439117
2024-05-01 16:10:00,训练集,工况5,0.997848886862596
2024-05-01 16:11:00,训练集,工况5,0.9992846804654294
2024-05-01 16:12:00,训练集,工况5,0.9999820316858717
2024-05-01 16:13:00,训练集,工况5,0.9997012913630763
2024-05-01 16:14:00,训练集,工况5,0.9988962367924439
2024-05-01 16:15:00,训练集,工况5,0.9961318057905858
2024-05-01 16:16:00,训练集,工况5,0.9998874305251179
2024-05-01 16:17:00,训练集,工况5,0.9889310214193934
2024-05-01 16:18:00,训练集,工况5,0.9980234560372248
2024-05-01 16:19:00,训练集,工况5,0.9998825491348668
2024-05-01 16:20:00,训练集,工况5,0.9974899611219891
2024-05-01 16:21:00,训练集,工况5,0.9999394011551274
2024-05-01 16:22:00,训练集,工况5,0.9990006240736147
2024-05-01 16:23:00,训练集,工况5,0.9996205483727247
2024-05-01 16:24:00,训练集,工况5,0.9997685397625118
2024-05-01 16:25:00,训练集,工况5,0.9990478304605485
2024-05-01 16:26:00,训练集,工况5,0.9998219755674631
2024-05-01 16:27:00,训练集,工况5,0.9997174494634329
2024-05-01 16:28:00,训练集,工况5,0.999816369673111
2024-05-01 16:29:00,训练集,工况5,0.999664484750441
2024-05-01 16:30:00,训练集,工况5,0.9998533403786368
2024-05-01 16:31:00,训练集,工况5,0.9935873507534445
2024-05-01 16:32:00,训练集,工况5,0.9998114195333456
2024-05-01 16:33:00,训练集,工况5,0.999360865150387
2024-05-01 16:34:00,训练集,工况5,0.9997492035654276
2024-05-01 16:35:00,训练集,工况5,0.999914023537369
2024-05-01 16:36:00,训练集,工况5,0.9986255472588376
2024-05-01 16:37:00,训练集,工况5,0.9994779655872683
2024-05-01 16:38:00,训练集,工况5,0.9997600605868453
2024-05-01 16:39:00,训练集,工况5,0.999671519752777
2024-05-01 16:40:00,训练集,工况5,0.9997578315707522
2024-05-01 16:41:00,训练集,工况5,0.9997950072451056
2024-05-01 16:42:00,训练集,工况5,0.9999901879733509
2024-05-01 16:43:00,训练集,工况5,0.999790895297179
2024-05-01 16:44:00,训练集,工况5,0.9997547073227907
2024-05-01 16:45:00,训练集,工况5,0.9998172902734832
2024-05-01 16:46:00,训练集,工况5,0.9999796203244132
2024-05-01 16:47:00,训练集,工况5,0.9999847298759997
2024-05-01 16:48:00,训练集,工况5,0.9620148309167912
2024-05-01 16:49:00,训练集,工况5,0.9926138702897763
2024-05-01 16:50:00,训练集,工况5,0.9999776466234479
2024-05-01 16:51:00,训练集,工况5,0.9999899361292626
2024-05-01 16:52:00,训练集,工况5,0.9998126024716321
2024-05-01 16:53:00,训练集,工况5,0.9997438911866005
2024-05-01 16:54:00,训练集,工况5,0.998733596781495
2024-05-01 16:55:00,训练集,工况5,0.9999346592628138
2024-05-01 16:56:00,训练集,工况5,0.9990349909358812
2024-05-01 16:57:00,训练集,工况5,0.9998409260368004
2024-05-01 16:58:00,训练集,工况5,0.9994075417069399
2024-05-01 16:59:00,训练集,工况5,0.9999083148344927
2024-05-01 17:00:00,训练集,工况5,0.9999915962175809
2024-05-01 17:01:00,训练集,工况5,0.9997360612085862
2024-05-01 17:02:00,训练集,工况5,0.9998195254636811
2024-05-01 17:03:00,训练集,工况5,0.9995647761544397
2024-05-01 17:04:00,训练集,工况5,0.999987290930205
2024-05-01 17:05:00,训练集,工况5,0.9961069254475242
2024-05-01 17:06:00,训练集,工况5,0.9999821341882612
2024-05-01 17:07:00,训练集,工况5,0.9999256102803736
2024-05-01 17:08:00,训练集,工况5,0.999898733295691
2024-05-01 17:09:00,训练集,工况5,0.9993181582068461
2024-05-01 17:10:00,训练集,工况5,0.9998450656076221
2024-05-01 17:11:00,训练集,工况5,0.982713330613395
2024-05-01 17:12:00,训练集,工况5,0.9999855160128989
2024-05-01 17:13:00,训练集,工况5,0.9999540018358757
2024-05-01 17:14:00,训练集,工况5,0.9999216100312296
2024-05-01 17:15:00,训练集,工况5,0.9995911264643458
2024-05-01 17:16:00,训练集,工况5,0.9974237533277914
2024-05-01 17:17:00,训练集,工况5,0.9984215063657579
2024-05-01 17:18:00,训练集,工况5,0.9999623761907287
2024-05-01 17:19:00,训练集,工况5,0.9999708475129362
2024-05-01 17:20:00,训练集,工况5,0.999988774179875
2024-05-01 17:21:00,训练集,工况5,0.9997707381444675
2024-05-01 17:22:00,训练集,工况5,0.9998521658920939
2024-05-01 17:23:00,训练集,工况5,0.9998841007696827
2024-05-01 17:24:00,训练集,工况5,0.9993683635675286
2024-05-01 17:25:00,训练集,工况5,0.9999872704866983
2024-05-01 17:26:00,训练集,工况5,0.9993739986655136
2024-05-01 17:27:00,训练集,工况5,0.9994615609515428
2024-05-01 17:28:00,训练集,工况5,0.999757362572806
2024-05-01 17:29:00,训练集,工况5,0.9997676559576857
2024-05-01 17:30:00,训练集,工况5,0.9989596637727638
2024-05-01 17:31:00,训练集,工况5,0.9997885851173829
2024-05-01 17:32:00,训练集,工况5,0.9999731339590686
2024-05-01 17:33:00,训练集,工况5,0.9999090559038181
2024-05-01 17:34:00,训练集,工况5,0.9999702484927446
2024-05-01 17:35:00,训练集,工况5,0.9981717481086065
2024-05-01 17:36:00,训练集,工况5,0.9995303617240457
2024-05-01 17:37:00,训练集,工况5,0.9991323492394137
2024-05-01 17:38:00,训练集,工况5,0.999529904631467
2024-05-01 17:39:00,训练集,工况5,0.9999277359103765
2024-05-01 17:40:00,训练集,工况5,0.9994473034921836
2024-05-01 17:41:00,训练集,工况5,0.6431309670772314
2024-05-01 17:42:00,训练集,工况5,0.9972102426201713
2024-05-01 17:43:00,训练集,工况5,0.9802383786894601
2024-05-01 17:44:00,训练集,工况5,0.9988785809419787
2024-05-01 17:45:00,训练集,工况5,0.9962406012384131
2024-05-01 17:46:00,训练集,工况5,0.9996128288363125
2024-05-01 17:47:00,训练集,工况5,0.9999364122937082
2024-05-01 17:48:00,训练集,工况5,0.9992621953072177
2024-05-01 17:49:00,训练集,工况5,0.9999150754660946
2024-05-01 17:50:00,训练集,工况5,0.9999603389363864
2024-05-01 17:51:00,训练集,工况5,0.9995746159576449
2024-05-01 17:52:00,训练集,工况5,0.9993082605660129
2024-05-01 17:53:00,训练集,工况5,0.9397744618603562
2024-05-01 17:54:00,训练集,工况5,0.9993542430277319
2024-05-01 17:55:00,训练集,工况5,0.999119641861812
2024-05-01 17:56:00,训练集,工况5,0.9991843967970113
2024-05-01 17:57:00,训练集,工况5,0.9999239593358054
2024-05-01 17:58:00,训练集,工况5,0.999983593056719
2024-05-01 17:59:00,训练集,工况5,0.999928534582646
2024-05-01 18:00:00,训练集,工况5,0.9991303877436329
2024-05-01 18:01:00,训练集,工况5,0.999606822582778
2024-05-01 18:02:00,训练集,工况5,0.990882803717792
2024-05-01 18:03:00,训练集,工况5,0.9999703715929816
2024-05-01 18:04:00,训练集,工况5,0.9991114985734862
2024-05-01 18:05:00,训练集,工况5,0.9999237793229483
2024-05-01 18:06:00,训练集,工况5,0.9967512475052895
2024-05-01 18:07:00,训练集,工况5,0.9999556980278818
2024-05-01 18:08:00,训练集,工况5,0.9997929871471883
2024-05-01 18:09:00,训练集,工况5,0.9999375014327927
2024-05-01 18:10:00,训练集,工况5,0.9999536749599455
2024-05-01 18:11:00,训练集,工况5,0.999923466847285
2024-05-01 18:12:00,训练集,工况5,0.9984975887582004
2024-05-01 18:13:00,训练集,工况5,0.9999007660198895
2024-05-01 18:14:00,训练集,工况5,0.9997820026797393
2024-05-01 18:15:00,训练集,工况5,0.9999270519927832
2024-05-01 18:16:00,训练集,工况5,0.9999595975651848
2024-05-01 18:17:00,训练集,工况5,0.9807545259324398
2024-05-01 18:18:00,训练集,工况5,0.9996943161449093
2024-05-01 18:19:00,训练集,工况5,0.9998415409248295
2024-05-01 18:20:00,训练集,工况5,0.7800458857353233
2024-05-01 18:21:00,训练集,工况5,0.9657812279263056
2024-05-01 18:22:00,训练集,工况5,0.9997129707202
2024-05-01 18:23:00,训练集,工况5,0.9997470420072765
2024-05-01 18:24:00,训练集,工况5,0.9990060549195262
2024-05-01 18:25:00,训练集,工况5,0.99778206280354
2024-05-01 18:26:00,训练集,工况5,0.9999962645632104
2024-05-01 18:27:00,训练集,工况5,0.9996143854944354
2024-05-01 18:28:00,训练集,工况5,0.9999230779717888
2024-05-01 18:29:00,训练集,工况5,0.9927354963540139
2024-05-01 18:30:00,训练集,工况5,0.9998995272922576
2024-05-01 18:31:00,训练集,工况5,0.9998557403150007
2024-05-01 18:32:00,训练集,工况5,0.9998139700920511
2024-05-01 18:33:00,训练集,工况5,0.9995991296945752
2024-05-01 18:34:00,训练集,工况5,0.9998480434649605
2024-05-01 18:35:00,训练集,工况5,0.9999711525584444
2024-05-01 18:36:00,训练集,工况5,0.976792100908499
2024-05-01 18:37:00,训练集,工况5,0.9997942389984439
2024-05-01 18:38:00,训练集,工况5,0.9999586944765494
2024-05-01 18:39:00,训练集,工况5,0.9998298540567157
2024-05-01 18:40:00,训练集,工况5,0.9999801808834523
2024-05-01 18:41:00,训练集,工况5,0.9967705953097337
2024-05-01 18:42:00,训练集,工况5,0.9972508884189917
2024-05-01 18:43:00,训练集,工况5,0.9996559991840294
2024-05-01 18:44:00,训练集,工况5,0.999992142512413
2024-05-01 18:45:00,训练集,工况5,0.9996422614297629
2024-05-01 18:46:00,训练集,工况5,0.9999412036686431
2024-05-01 18:47:00,训练集,工况5,0.9995760907449078
2024-05-01 18:48:00,训练集,工况5,0.9999422962634785
2024-05-01 18:49:00,训练集,工况5,0.9999610155230566
2024-05-01 18:50:00,训练集,工况5,0.9998905876854731
2024-05-01 18:51:00,训练集,工况5,0.9998905273772805
2024-05-01 18:52:00,训练集,工况5,0.999913751458569
2024-05-01 18:53:00,训练集,工况5,0.9999762202486178
2024-05-01 18:54:00,训练集,工况5,0.9999490549416906
2024-05-01 18:55:00,训练集,工况5,0.9999864171318098
2024-05-01 18:56:00,训练集,工况5,0.9999364107404731
2024-05-01 18:57:00,训练集,工况5,0.999603140932642
2024-05-01 18:58:00,训练集,工况5,0.9999879382232211
2024-05-01 18:59:00,训练集,工况5,0.9996164198116291
2024-05-01 19:00:00,训练集,工况5,0.9989293913046776
2024-05-01 19:01:00,训练集,工况5,0.9997222882909853
2024-05-01 19:02:00,训练集,工况5,0.9998255418844864
2024-05-01 19:03:00,训练集,工况5,0.9944414834839113
2024-05-01 19:04:00,训练集,工况5,0.9998456028069641
2024-05-01 19:05:00,训练集,工况5,0.9460758486024073
2024-05-01 19:06:00,训练集,工况5,0.9983158586229308
2024-05-01 19:07:00,训练集,工况5,0.9899809374445553
2024-05-01 19:08:00,训练集,工况5,0.999198672963178
2024-05-01 19:09:00,训练集,工况5,0.999796436426864
2024-05-01 19:10:00,训练集,工况5,0.999639688466821
2024-05-01 19:11:00,训练集,工况5,0.9956887503174162
2024-05-01 19:12:00,训练集,工况5,0.9998458412785926
2024-05-01 19:13:00,训练集,工况5,0.9994857887516472
2024-05-01 19:14:00,训练集,工况5,0.9998308045289972
2024-05-01 19:15:00,训练集,工况5,0.9998981078539828
2024-05-01 19:16:00,训练集,工况5,0.988519384833773
2024-05-01 19:17:00,训练集,工况5,0.9995243159045423
2024-05-01 19:18:00,训练集,工况5,0.9998222315538551
2024-05-01 19:19:00,训练集,工况5,0.9998943843457987
2024-05-01 19:20:00,训练集,工况5,0.9875686489318495
2024-05-01 19:21:00,训练集,工况5,0.9998719943301001
2024-05-01 19:22:00,训练集,工况5,0.9992000444252325
2024-05-01 19:23:00,训练集,工况5,0.9985559907258967
2024-05-01 19:24:00,训练集,工况5,0.9999416534871511
2024-05-01 19:25:00,训练集,工况5,0.9966945767255649
2024-05-01 19:26:00,训练集,工况5,0.9995555483316586
2024-05-01 19:27:00,训练集,工况5,0.9991510637501368
2024-05-01 19:28:00,训练集,工况5,0.9996269573535439
2024-05-01 19:29:00,训练集,工况5,0.9988731802077184
2024-05-01 19:30:00,训练集,工况5,0.9999960445043551
2024-05-01 19:31:00,训练集,工况5,0.9997876548653967
2024-05-01 19:32:00,训练集,工况5,0.9976236652025291
2024-05-01 19:33:00,训练集,工况5,0.9996594776571669
2024-05-01 19:34:00,训练集,工况5,0.999647704889532
2024-05-01 19:35:00,训练集,工况5,0.9998433561706874
2024-05-01 19:36:00,训练集,工况3,0.500240091886416
2024-05-01 19:37:00,训练集,工况5,0.9997064924271047
2024-05-01 19:38:00,训练集,工况5,0.9984415338731157
2024-05-01 19:39:00,训练集,工况5,0.985430798396701
2024-05-01 19:40:00,训练集,工况5,0.9993007246310854
2024-05-01 19:41:00,训练集,工况5,0.9989481448896383
2024-05-01 19:42:00,训练集,工况5,0.9997282720091539
2024-05-01 19:43:00,训练集,工况5,0.9720689864451981
2024-05-01 19:44:00,训练集,工况5,0.9997197635491372
2024-05-01 19:45:00,训练集,工况5,0.9998730466745331
2024-05-01 19:46:00,训练集,工况5,0.9997239615652691
2024-05-01 19:47:00,训练集,工况5,0.9999448827596285
2024-05-01 19:48:00,训练集,工况5,0.9999910039612409
2024-05-01 19:49:00,训练集,工况5,0.9987103990420313
2024-05-01 19:50:00,训练集,工况5,0.9998988683890244
2024-05-01 19:51:00,训练集,工况5,0.9992743193951354
2024-05-01 19:52:00,训练集,工况5,0.9981283836670991
2024-05-01 19:53:00,训练集,工况5,0.9999671521797492
2024-05-01 19:54:00,训练集,工况5,0.9984311601246117
2024-05-01 19:55:00,训练集,工况5,0.9999686924262589
2024-05-01 19:56:00,训练集,工况5,0.9999111202340948
2024-05-01 19:57:00,训练集,工况5,0.9997532468167485
2024-05-01 19:58:00,训练集,工况5,0.9999170252367896
2024-05-01 19:59:00,训练集,工况5,0.9860289489664851
2024-05-01 20:00:00,训练集,工况5,0.9992506239186413
2024-05-01 20:01:00,训练集,工况5,0.9993627784635996
2024-05-01 20:02:00,训练集,工况5,0.999421618637056
2024-05-01 20:03:00,训练集,工况5,0.9989842659134032
2024-05-01 20:04:00,训练集,工况5,0.998391988019974
2024-05-01 20:05:00,训练集,工况5,0.9980743148350187
2024-05-01 20:06:00,训练集,工况5,0.9973615773076103
2024-05-01 20:07:00,训练集,工况5,0.982046315381774
2024-05-01 20:08:00,训练集,工况5,0.9871773583345183
2024-05-01 20:09:00,训练集,工况5,0.9999970718757927
2024-05-01 20:10:00,训练集,工况5,0.999832165599389
2024-05-01 20:11:00,训练集,工况5,0.9998398327468845
2024-05-01 20:12:00,训练集,工况5,0.9998075542202899
2024-05-01 20:13:00,训练集,工况5,0.9999972895493283
2024-05-01 20:14:00,训练集,工况5,0.9498944126668968
2024-05-01 20:15:00,训练集,工况5,0.9894888147019703
2024-05-01 20:16:00,训练集,工况5,0.9975400058955873
2024-05-01 20:17:00,训练集,工况5,0.9988988400912945
2024-05-01 20:18:00,训练集,工况5,0.9973016791913583
2024-05-01 20:19:00,训练集,工况5,0.9844393761951628
2024-05-01 20:20:00,训练集,工况5,0.9993852553572641
2024-05-01 20:21:00,训练集,工况5,0.9988973897926409
2024-05-01 20:22:00,训练集,工况5,0.9941174022438136
2024-05-01 20:23:00,训练集,工况5,0.7515896072606965
2024-05-01 20:24:00,训练集,工况5,0.9905165283590658
2024-05-01 20:25:00,训练集,工况5,0.9969161340439492
2024-05-01 20:26:00,训练集,工况5,0.9988767326646619
2024-05-01 20:27:00,训练集,工况5,0.9737533862820752
2024-05-01 20:28:00,训练集,工况5,0.9978976390520754
2024-05-01 20:29:00,训练集,工况5,0.9859638603099159
2024-05-01 20:30:00,训练集,工况5,0.9983071610080625
2024-05-01 20:31:00,训练集,工况5,0.9489453293166963
2024-05-01 20:32:00,训练集,工况5,0.991321443257194
2024-05-01 20:33:00,训练集,工况5,0.8406587970328313
2024-05-01 20:34:00,训练集,工况5,0.9992349968960951
2024-05-01 20:35:00,训练集,工况5,0.993516149236803
2024-05-01 20:36:00,训练集,工况5,0.9964640197359467
2024-05-01 20:37:00,训练集,工况5,0.9995767526728477
2024-05-01 20:38:00,训练集,工况5,0.9988053398199026
2024-05-01 20:39:00,训练集,工况5,0.9946671473377574
2024-05-01 20:40:00,训练集,工况5,0.9997191734903665
2024-05-01 20:41:00,训练集,工况5,0.99988149758321
2024-05-01 20:42:00,训练集,工况5,0.9993171159149837
2024-05-01 20:43:00,训练集,工况5,0.999617476314004
2024-05-01 20:44:00,训练集,工况5,0.9997649284784235
2024-05-01 20:45:00,训练集,工况5,0.9994126937311983
2024-05-01 20:46:00,训练集,工况5,0.999459386260298
2024-05-01 20:47:00,训练集,工况5,0.9997854143566081
2024-05-01 20:48:00,训练集,工况5,0.9874035304025158
2024-05-01 20:49:00,训练集,工况5,0.9919575263194369
2024-05-01 20:50:00,训练集,工况5,0.9996258301427817
2024-05-01 20:51:00,训练集,工况5,0.9997024331105644
2024-05-01 20:52:00,训练集,工况5,0.9974450741698786
2024-05-01 20:53:00,训练集,工况5,0.9998796865750319
2024-05-01 20:54:00,训练集,工况5,0.9567913214412107
2024-05-01 20:55:00,训练集,工况5,0.9818542815941993
2024-05-01 20:56:00,训练集,工况5,0.9990823906177633
2024-05-01 20:57:00,训练集,工况5,0.987137148186839
2024-05-01 20:58:00,训练集,工况5,0.9994884942195407
2024-05-01 20:59:00,训练集,工况5,0.9988600973379885
2024-05-01 21:00:00,训练集,工况5,0.9989171453829507
2024-05-01 21:01:00,训练集,工况5,0.9569297072510371
2024-05-01 21:02:00,训练集,工况5,0.9952216189025328
2024-05-01 21:03:00,训练集,工况5,0.9969431577643649
2024-05-01 21:04:00,训练集,工况5,0.9992938512466532
2024-05-01 21:05:00,训练集,工况5,0.986172902315719
2024-05-01 21:06:00,训练集,工况5,0.9971581961927514
2024-05-01 21:07:00,训练集,工况5,0.9994619069738853
2024-05-01 21:08:00,训练集,工况5,0.9998153351394355
2024-05-01 21:09:00,训练集,工况5,0.9991791065544546
2024-05-01 21:10:00,训练集,工况5,0.9442212126250371
2024-05-01 21:11:00,训练集,工况5,0.9997486762602845
2024-05-01 21:12:00,训练集,工况5,0.9986955753996423
2024-05-01 21:13:00,训练集,工况5,0.9998134965695739
2024-05-01 21:14:00,训练集,工况5,0.9969579133849055
2024-05-01 21:15:00,训练集,工况5,0.9999702962357
2024-05-01 21:16:00,训练集,工况5,0.9905807221169377
2024-05-01 21:17:00,训练集,工况5,0.9997641425810748
2024-05-01 21:18:00,训练集,工况5,0.9784754930275243
2024-05-01 21:19:00,训练集,工况5,0.9994234800398704
2024-05-01 21:20:00,训练集,工况5,0.9999316661123059
2024-05-01 21:21:00,训练集,工况5,0.9912097624705507
2024-05-01 21:22:00,训练集,工况5,0.9873481911957672
2024-05-01 21:23:00,训练集,工况5,0.9982087024103939
2024-05-01 21:24:00,训练集,工况5,0.9891941978848804
2024-05-01 21:25:00,训练集,工况5,0.99879082327931
2024-05-01 21:26:00,训练集,工况5,0.9530835582494855
2024-05-01 21:27:00,训练集,工况5,0.9999678695132111
2024-05-01 21:28:00,训练集,工况5,0.8323013464412035
2024-05-01 21:29:00,训练集,工况5,0.9848596111339919
2024-05-01 21:30:00,训练集,工况5,0.9922178941919761
2024-05-01 21:31:00,训练集,工况5,0.7720004806937749
2024-05-01 21:32:00,训练集,工况5,0.9985636652772389
2024-05-01 21:33:00,训练集,工况5,0.996953096829332
2024-05-01 21:34:00,训练集,工况5,0.9551108155116005
2024-05-01 21:35:00,训练集,工况5,0.9455509167673596
2024-05-01 21:36:00,训练集,工况5,0.9972671117004196
2024-05-01 21:37:00,训练集,工况5,0.9997974095744013
2024-05-01 21:38:00,训练集,工况5,0.9996465995845277
2024-05-01 21:39:00,训练集,工况5,0.9984268277285764
2024-05-01 21:40:00,训练集,工况5,0.9989818204274342
2024-05-01 21:41:00,训练集,工况5,0.9976369668161336
2024-05-01 21:42:00,训练集,工况5,0.9371620457075185
2024-05-01 21:43:00,训练集,工况5,0.948960770751154
2024-05-01 21:44:00,训练集,工况5,0.9965909631475455
2024-05-01 21:45:00,训练集,工况5,0.987431920554006
2024-05-01 21:46:00,训练集,工况5,0.999558212125097
2024-05-01 21:47:00,训练集,工况5,0.9996584331191958
2024-05-01 21:48:00,训练集,工况5,0.9995320232182077
2024-05-01 21:49:00,训练集,工况5,0.9964125395976142
2024-05-01 21:50:00,训练集,工况5,0.7444556528972747
2024-05-01 21:51:00,训练集,工况5,0.9992032279428907
2024-05-01 21:52:00,训练集,工况5,0.9991567322478396
2024-05-01 21:53:00,训练集,工况3,0.5514464494672764
2024-05-01 21:54:00,训练集,工况5,0.9881112447235615
2024-05-01 21:55:00,训练集,工况5,0.8943737383251386
2024-05-01 21:56:00,训练集,工况5,0.9967403079927054
2024-05-01 21:57:00,训练集,工况5,0.9620878147053711
2024-05-01 21:58:00,训练集,工况5,0.9902923209671484
2024-05-01 21:59:00,训练集,工况5,0.9834880488835878
2024-05-01 22:00:00,训练集,工况5,0.9969330255572487
2024-05-01 22:01:00,训练集,工况5,0.9837485637555217
2024-05-01 22:02:00,训练集,工况5,0.9457131303922391
2024-05-01 22:03:00,训练集,工况5,0.9154993197906506
2024-05-01 22:04:00,训练集,工况5,0.9978751238902893
2024-05-01 22:05:00,训练集,工况5,0.9955672341215486
2024-05-01 22:06:00,训练集,工况5,0.9350251846991414
2024-05-01 22:07:00,训练集,工况5,0.9999115230918357
2024-05-01 22:08:00,训练集,工况5,0.9814212826935268
2024-05-01 22:09:00,训练集,工况5,0.9996238247753937
2024-05-01 22:10:00,训练集,工况5,0.9811455350603049
2024-05-01 22:11:00,训练集,工况3,0.6376084125468114
2024-05-01 22:12:00,训练集,工况5,0.9978807874974578
2024-05-01 22:13:00,训练集,工况5,0.9970949111141424
2024-05-01 22:14:00,训练集,工况5,0.9945574125232438
2024-05-01 22:15:00,训练集,工况5,0.9755035305652943
2024-05-01 22:16:00,训练集,工况5,0.9809991356655654
2024-05-01 22:17:00,训练集,工况5,0.961884014697842
2024-05-01 22:18:00,训练集,工况5,0.9666066233268876
2024-05-01 22:19:00,训练集,工况5,0.9995609547245776
2024-05-01 22:20:00,训练集,工况5,0.9936456079816425
2024-05-01 22:21:00,训练集,工况5,0.99795314691751
2024-05-01 22:22:00,训练集,工况5,0.9872374106965848
2024-05-01 22:23:00,训练集,工况5,0.989286790578005
2024-05-01 22:24:00,训练集,工况5,0.9111721425401553
2024-05-01 22:25:00,训练集,工况5,0.904851383400192
2024-05-01 22:26:00,训练集,工况3,0.9974826370645548
2024-05-01 22:27:00,训练集,工况5,0.9633435243491337
2024-05-01 22:28:00,训练集,工况5,0.9520164854681085
2024-05-01 22:29:00,训练集,工况5,0.9986894698147746
2024-05-01 22:30:00,训练集,工况5,0.9801977021937451
2024-05-01 22:31:00,训练集,工况5,0.982976283422848
2024-05-01 22:32:00,训练集,工况3,0.5956419038882492
2024-05-01 22:33:00,训练集,工况5,0.9886886208464926
2024-05-01 22:34:00,训练集,工况5,0.6592214734165094
2024-05-01 22:35:00,训练集,工况3,0.804636462550214
2024-05-01 22:36:00,训练集,工况5,0.9540245365444442
2024-05-01 22:37:00,训练集,工况5,0.999780844326811
2024-05-01 22:38:00,训练集,工况5,0.985705867145816
2024-05-01 22:39:00,训练集,工况5,0.994844680110936
2024-05-01 22:40:00,训练集,工况5,0.9918275522318706
2024-05-01 22:41:00,训练集,工况5,0.9603730435470237
2024-05-01 22:42:00,训练集,工况5,0.9043841131675839
2024-05-01 22:43:00,训练集,工况5,0.9920860127096771
2024-05-01 22:44:00,训练集,工况5,0.8664342347417244
2024-05-01 22:45:00,训练集,工况5,0.9968514096983155
2024-05-01 22:46:00,训练集,工况5,0.9387588519756055
2024-05-01 22:47:00,训练集,工况5,0.9973007897193036
2024-05-01 22:48:00,训练集,工况5,0.9979578695018759
2024-05-01 22:49:00,训练集,工况3,0.7907140031811009
2024-05-01 22:50:00,训练集,工况5,0.9682952545506313
2024-05-01 22:51:00,训练集,工况5,0.9396715348816684
2024-05-01 22:52:00,训练集,工况3,0.8674261067890303
2024-05-01 22:53:00,训练集,工况5,0.7946904388624484
2024-05-01 22:54:00,训练集,工况5,0.9999724227311164
2024-05-01 22:55:00,训练集,工况5,0.9986293749253254
2024-05-01 22:56:00,训练集,工况5,0.9997841625940534
2024-05-01 22:57:00,训练集,工况5,0.9985404938072059
2024-05-01 22:58:00,训练集,工况5,0.7737862302390961
2024-05-01 22:59:00,训练集,工况5,0.9668405672258682
2024-05-01 23:00:00,训练集,工况5,0.9974516758959789
2024-05-01 23:01:00,训练集,工况5,0.9943141982655214
2024-05-01 23:02:00,训练集,工况5,0.8633586543082398
2024-05-01 23:03:00,训练集,工况3,0.5779088774642483
2024-05-01 23:04:00,训练集,工况5,0.9999858575277892
2024-05-01 23:05:00,训练集,工况5,0.9736686425677568
2024-05-01 23:06:00,训练集,工况5,0.9408178269949039
2024-05-01 23:07:00,训练集,工况5,0.988405166603319
2024-05-01 23:08:00,训练集,工况5,0.9369829866830436
2024-05-01 23:09:00,训练集,工况5,0.9920188416652341
2024-05-01 23:10:00,训练集,工况5,0.9995898785293688
2024-05-01 23:11:00,训练集,工况5,0.9749309530713053
2024-05-01 23:12:00,训练集,工况5,0.826499921496665
2024-05-01 23:13:00,训练集,工况5,0.9802441274795048
2024-05-01 23:14:00,训练集,工况5,0.9144958468933204
2024-05-01 23:15:00,训练集,工况5,0.9993692161752836
2024-05-01 23:16:00,训练集,工况5,0.9958132144973314
2024-05-01 23:17:00,训练集,工况5,0.9312705782179705
2024-05-01 23:18:00,训练集,工况5,0.8071272292517754
2024-05-01 23:19:00,训练集,工况3,0.5799259120880995
2024-05-01 23:20:00,训练集,工况5,0.9026021843597305
2024-05-01 23:21:00,训练集,工况5,0.9817284657256004
2024-05-01 23:22:00,训练集,工况5,0.9572188236192013
2024-05-01 23:23:00,训练集,工况5,0.9457111158074601
2024-05-01 23:24:00,训练集,工况5,0.845724775765951
2024-05-01 23:25:00,训练集,工况5,0.9417125634802644
2024-05-01 23:26:00,训练集,工况3,0.9571206760368112
2024-05-01 23:27:00,训练集,工况5,0.7751727189347875
2024-05-01 23:28:00,训练集,工况5,0.8946037515239847
2024-05-01 23:29:00,训练集,工况5,0.9993626032849954
2024-05-01 23:30:00,训练集,工况5,0.8572212788223459
2024-05-01 23:31:00,训练集,工况5,0.9717546796074324
2024-05-01 23:32:00,训练集,工况5,0.9931972361771128
2024-05-01 23:33:00,训练集,工况5,0.9988370445084316
2024-05-01 23:34:00,训练集,工况5,0.9970705883710467
2024-05-01 23:35:00,训练集,工况5,0.971864115342396
2024-05-01 23:36:00,训练集,工况5,0.9653543342375606
2024-05-01 23:37:00,训练集,工况5,0.7632081937842975
2024-05-01 23:38:00,训练集,工况5,0.9631880225448148
2024-05-01 23:39:00,训练集,工况5,0.9082895961372548
2024-05-01 23:40:00,训练集,工况5,0.9948828900396683
2024-05-01 23:41:00,训练集,工况5,0.9912096000529064
2024-05-01 23:42:00,训练集,工况5,0.9816512864393653
2024-05-01 23:43:00,训练集,工况5,0.9957489724345321
2024-05-01 23:44:00,训练集,工况5,0.9988492882320122
2024-05-01 23:45:00,训练集,工况5,0.7391538933773734
2024-05-01 23:46:00,训练集,工况5,0.9980905936645456
2024-05-01 23:47:00,训练集,工况5,0.7276710239727937
2024-05-01 23:48:00,训练集,工况5,0.9971679387301785
2024-05-01 23:49:00,训练集,工况5,0.9983272034448245
2024-05-01 23:50:00,训练集,工况5,0.9962117589407495
2024-05-01 23:51:00,训练集,工况5,0.9737497682638147
2024-05-01 23:52:00,训练集,工况5,0.9074846372654298
2024-05-01 23:53:00,训练集,工况3,0.8188217787118838
2024-05-01 23:54:00,训练集,工况5,0.8556831679568513
2024-05-01 23:55:00,训练集,工况5,0.9986362463710874
2024-05-01 23:56:00,训练集,工况5,0.8511452228060441
2024-05-01 23:57:00,训练集,工况5,0.9956336406379473
2024-05-01 23:58:00,训练集,工况5,0.9907392775836007
2024-05-01 23:59:00,训练集,工况5,0.9653086078060461
2024-05-02 00:00:00,训练集,工况5,0.9983400611507937
2024-05-02 00:01:00,训练集,工况3,0.9316727580323463
2024-05-02 00:02:00,训练集,工况3,0.6045693202616073
2024-05-02 00:03:00,训练集,工况3,0.6897201586207145
2024-05-02 00:04:00,训练集,工况5,0.5422634617392533
2024-05-02 00:05:00,训练集,工况5,0.9194991087332118
2024-05-02 00:06:00,训练集,工况5,0.904613511633743
2024-05-02 00:07:00,训练集,工况5,0.9723701398979744
2024-05-02 00:08:00,训练集,工况5,0.9894964328565503
2024-05-02 00:09:00,训练集,工况3,0.7466067232472697
2024-05-02 00:10:00,训练集,工况5,0.7212707007152541
2024-05-02 00:11:00,训练集,工况5,0.9641915630262922
2024-05-02 00:12:00,训练集,工况5,0.7163514891766914
2024-05-02 00:13:00,训练集,工况3,0.7233353247790403
2024-05-02 00:14:00,训练集,工况5,0.9957523861962511
2024-05-02 00:15:00,训练集,工况5,0.9891719527004613
2024-05-02 00:16:00,训练集,工况5,0.9987806498222037
2024-05-02 00:17:00,训练集,工况5,0.9018134311204103
2024-05-02 00:18:00,训练集,工况5,0.9856862331483804
2024-05-02 00:19:00,训练集,工况5,0.998647648737129
2024-05-02 00:20:00,训练集,工况3,0.5731644492662069
2024-05-02 00:21:00,训练集,工况5,0.9725028951298088
2024-05-02 00:22:00,训练集,工况5,0.8819564826256822
2024-05-02 00:23:00,训练集,工况5,0.9796029194140934
2024-05-02 00:24:00,训练集,工况5,0.9111516864392281
2024-05-02 00:25:00,训练集,工况5,0.9976683505804482
2024-05-02 00:26:00,训练集,工况5,0.9370782405094462
2024-05-02 00:27:00,训练集,工况3,0.6424533838554476
2024-05-02 00:28:00,训练集,工况5,0.9953687819328291
2024-05-02 00:29:00,训练集,工况3,0.6789905998909723
2024-05-02 00:30:00,训练集,工况5,0.9968371924845656
2024-05-02 00:31:00,训练集,工况5,0.8295448454967707
2024-05-02 00:32:00,训练集,工况5,0.996448505840689
2024-05-02 00:33:00,训练集,工况5,0.9852061212063246
2024-05-02 00:34:00,训练集,工况5,0.8729115307404637
2024-05-02 00:35:00,训练集,工况5,0.9888020491088314
2024-05-02 00:36:00,训练集,工况5,0.9764496403561378
2024-05-02 00:37:00,训练集,工况3,0.9391820173134812
2024-05-02 00:38:00,训练集,工况5,0.6733404775179778
2024-05-02 00:39:00,训练集,工况3,0.8856966729943009
2024-05-02 00:40:00,训练集,工况5,0.854089107487243
2024-05-02 00:41:00,训练集,工况3,0.5647176313995235
2024-05-02 00:42:00,训练集,工况3,0.65661256764789
2024-05-02 00:43:00,训练集,工况5,0.9937524925374109
2024-05-02 00:44:00,训练集,工况5,0.9795902757207894
2024-05-02 00:45:00,训练集,工况5,0.8523284992365739
2024-05-02 00:46:00,训练集,工况5,0.5550655222980425
2024-05-02 00:47:00,训练集,工况3,0.7746242367734945
2024-05-02 00:48:00,训练集,工况5,0.7416090567285091
2024-05-02 00:49:00,训练集,工况5,0.5804216827948155
2024-05-02 00:50:00,训练集,工况5,0.9826150239661077
2024-05-02 00:51:00,训练集,工况5,0.7467271465320189
2024-05-02 00:52:00,训练集,工况3,0.6205202913492341
2024-05-02 00:53:00,训练集,工况5,0.8210107470118061
2024-05-02 00:54:00,训练集,工况5,0.7304265275028747
2024-05-02 00:55:00,训练集,工况5,0.9436535161283779
2024-05-02 00:56:00,训练集,工况5,0.7622900573291792
2024-05-02 00:57:00,训练集,工况5,0.9326320804018239
2024-05-02 00:58:00,训练集,工况5,0.9937839311332693
2024-05-02 00:59:00,训练集,工况3,0.575890529092214
2024-05-02 01:00:00,训练集,工况5,0.8986186559103588
2024-05-02 01:01:00,训练集,工况5,0.8475542453801818
2024-05-02 01:02:00,训练集,工况3,0.8071123002925722
2024-05-02 01:03:00,训练集,工况5,0.8865779408468687
2024-05-02 01:04:00,训练集,工况5,0.9736979677223433
2024-05-02 01:05:00,训练集,工况5,0.9880301570639651
2024-05-02 01:06:00,训练集,工况3,0.6513271328458766
2024-05-02 01:07:00,训练集,工况3,0.6437020617213662
2024-05-02 01:08:00,训练集,工况5,0.5338146088695741
2024-05-02 01:09:00,训练集,工况3,0.49034073398056943
2024-05-02 01:10:00,训练集,工况5,0.7270461248969037
2024-05-02 01:11:00,训练集,工况3,0.8830434427348351
2024-05-02 01:12:00,训练集,工况5,0.9984382276090918
2024-05-02 01:13:00,训练集,工况5,0.9406897364196959
2024-05-02 01:14:00,训练集,工况5,0.5257705007904766
2024-05-02 01:15:00,训练集,工况5,0.9535674484217963
2024-05-02 01:16:00,训练集,工况3,0.9483935054766194
2024-05-02 01:17:00,训练集,工况5,0.999740226084131
2024-05-02 01:18:00,训练集,工况3,0.9173269275308802
2024-05-02 01:19:00,训练集,工况5,0.6149427844769979
2024-05-02 01:20:00,训练集,工况3,0.4220550611572724
2024-05-02 01:21:00,训练集,工况5,0.9485371277643618
2024-05-02 01:22:00,训练集,工况3,0.9403575420566439
2024-05-02 01:23:00,训练集,工况5,0.714899315155469
2024-05-02 01:24:00,训练集,工况3,0.7623884062035485
2024-05-02 01:25:00,训练集,工况3,0.8625274068216612
2024-05-02 01:26:00,训练集,工况3,0.5413764163939633
2024-05-02 01:27:00,训练集,工况5,0.8246806274859074
2024-05-02 01:28:00,训练集,工况3,0.9289196021973638
2024-05-02 01:29:00,训练集,工况3,0.5728267235301209
2024-05-02 01:30:00,训练集,工况5,0.8341077774534287
2024-05-02 01:31:00,训练集,工况5,0.9779684298792453
2024-05-02 01:32:00,训练集,工况5,0.7182932651611461
2024-05-02 01:33:00,训练集,工况5,0.5931674136310127
2024-05-02 01:34:00,训练集,工况3,0.8256485444291254
2024-05-02 01:35:00,训练集,工况5,0.5965878938430135
2024-05-02 01:36:00,训练集,工况3,0.7779917870209683
2024-05-02 01:37:00,训练集,工况5,0.8534062258719758
2024-05-02 01:38:00,训练集,工况5,0.567218919062259
2024-05-02 01:39:00,训练集,工况3,0.6642614189794307
2024-05-02 01:40:00,训练集,工况3,0.5683291347112717
2024-05-02 01:41:00,训练集,工况5,0.9889850813795655
2024-05-02 01:42:00,训练集,工况5,0.624161166871923
2024-05-02 01:43:00,训练集,工况3,0.9715913362359041
2024-05-02 01:44:00,训练集,工况5,0.9931786239655065
2024-05-02 01:45:00,训练集,工况3,0.9681322966289682
2024-05-02 01:46:00,训练集,工况3,0.9639179780821432
2024-05-02 01:47:00,训练集,工况3,0.8440216409516323
2024-05-02 01:48:00,训练集,工况5,0.9994771045048617
2024-05-02 01:49:00,训练集,工况5,0.997453210597899
2024-05-02 01:50:00,训练集,工况5,0.9594483414344482
2024-05-02 01:51:00,训练集,工况3,0.8089449512182411
2024-05-02 01:52:00,训练集,工况5,0.9946337580679563
2024-05-02 01:53:00,训练集,工况5,0.5189835607580374
2024-05-02 01:54:00,训练集,工况5,0.923219453714424
2024-05-02 01:55:00,训练集,工况5,0.60539769618552
2024-05-02 01:56:00,训练集,工况5,0.6267413111681732
2024-05-02 01:57:00,训练集,工况3,0.587762579472191
2024-05-02 01:58:00,训练集,工况5,0.7651876395875167
2024-05-02 01:59:00,训练集,工况5,0.6335695420826799
2024-05-02 02:00:00,训练集,工况5,0.685101589146909
2024-05-02 02:01:00,训练集,工况3,0.7717900570174316
2024-05-02 02:02:00,训练集,工况5,0.677452160236279
2024-05-02 02:03:00,训练集,工况3,0.998766197253353
2024-05-02 02:04:00,训练集,工况5,0.6672473147008583
2024-05-02 02:05:00,训练集,工况5,0.8776868299995579
2024-05-02 02:06:00,训练集,工况5,0.8965178647823534
2024-05-02 02:07:00,训练集,工况3,0.7000810953268403
2024-05-02 02:08:00,训练集,工况3,0.876075225320957
2024-05-02 02:09:00,训练集,工况5,0.9331658760870174
2024-05-02 02:10:00,训练集,工况5,0.9769055673231265
2024-05-02 02:11:00,训练集,工况3,0.9568986910343015
2024-05-02 02:12:00,训练集,工况5,0.5722551894272891
2024-05-02 02:13:00,训练集,工况5,0.8991084288129738
2024-05-02 02:14:00,训练集,工况3,0.9970422346041532
2024-05-02 02:15:00,训练集,工况3,0.8153023890642586
2024-05-02 02:16:00,训练集,工况5,0.7669023394492754
2024-05-02 02:17:00,训练集,工况5,0.9267708589502912
2024-05-02 02:18:00,训练集,工况3,0.6126915514132406
2024-05-02 02:19:00,训练集,工况3,0.749717585777453
2024-05-02 02:20:00,训练集,工况3,0.9659608369461063
2024-05-02 02:21:00,训练集,工况3,0.8692361810398961
2024-05-02 02:22:00,训练集,工况5,0.8539497829079022
2024-05-02 02:23:00,训练集,工况3,0.8914605359504938
2024-05-02 02:24:00,训练集,工况5,0.6477279387627181
2024-05-02 02:25:00,训练集,工况3,0.8262137534052298
2024-05-02 02:26:00,训练集,工况5,0.8476707737200957
2024-05-02 02:27:00,训练集,工况3,0.8326017830307018
2024-05-02 02:28:00,训练集,工况3,0.9300673634675246
2024-05-02 02:29:00,训练集,工况3,0.9966305358449637
2024-05-02 02:30:00,训练集,工况3,0.9964321243224448
2024-05-02 02:31:00,训练集,工况3,0.9848857682416897
2024-05-02 02:32:00,训练集,工况3,0.8403281691577198
2024-05-02 02:33:00,训练集,工况5,0.991489205613181
2024-05-02 02:34:00,训练集,工况3,0.9998286222149202
2024-05-02 02:35:00,训练集,工况3,0.9717108710855804
2024-05-02 02:36:00,训练集,工况3,0.639079992013454
2024-05-02 02:37:00,训练集,工况3,0.7487484857632024
2024-05-02 02:38:00,训练集,工况3,0.9912107022479493
2024-05-02 02:39:00,训练集,工况3,0.9871294969458081
2024-05-02 02:40:00,训练集,工况3,0.9809998960688242
2024-05-02 02:41:00,训练集,工况3,0.7545642582889868
2024-05-02 02:42:00,训练集,工况5,0.9859641678562853
2024-05-02 02:43:00,训练集,工况3,0.6627315341226838
2024-05-02 02:44:00,训练集,工况5,0.84882392991339
2024-05-02 02:45:00,训练集,工况3,0.8192779626898239
2024-05-02 02:46:00,训练集,工况5,0.8476527562942275
2024-05-02 02:47:00,训练集,工况3,0.9956182724704563
2024-05-02 02:48:00,训练集,工况3,0.8050315375464597
2024-05-02 02:49:00,训练集,工况5,0.8394144892000589
2024-05-02 02:50:00,训练集,工况3,0.9803407434760589
2024-05-02 02:51:00,训练集,工况5,0.8070191496379863
2024-05-02 02:52:00,训练集,工况5,0.9741422560047227
2024-05-02 02:53:00,训练集,工况3,0.9426184754624803
2024-05-02 02:54:00,训练集,工况3,0.9773732509479853
2024-05-02 02:55:00,训练集,工况3,0.47866512768743325
2024-05-02 02:56:00,训练集,工况3,0.8435349291041581
2024-05-02 02:57:00,训练集,工况3,0.9917786961742826
2024-05-02 02:58:00,训练集,工况3,0.7543530411699078
2024-05-02 02:59:00,训练集,工况3,0.9914547167496577
2024-05-02 03:00:00,训练集,工况3,0.6751151907851223
2024-05-02 03:01:00,训练集,工况3,0.729620938925303
2024-05-02 03:02:00,训练集,工况3,0.9746546454951525
2024-05-02 03:03:00,训练集,工况5,0.8395722295941662
2024-05-02 03:04:00,训练集,工况5,0.5533133715287214
2024-05-02 03:05:00,训练集,工况5,0.897547435072309
2024-05-02 03:06:00,训练集,工况3,0.9713269428616085
2024-05-02 03:07:00,训练集,工况5,0.7771269411710271
2024-05-02 03:08:00,训练集,工况5,0.6141317642674597
2024-05-02 03:09:00,训练集,工况3,0.8674164504380508
2024-05-02 03:10:00,训练集,工况5,0.9586535957970445
2024-05-02 03:11:00,训练集,工况3,0.9623795290201169
2024-05-02 03:12:00,训练集,工况5,0.5943789511429023
2024-05-02 03:13:00,训练集,工况5,0.6903938124140773
2024-05-02 03:14:00,训练集,工况5,0.5291994656455608
2024-05-02 03:15:00,训练集,工况3,0.9839687661811697
2024-05-02 03:16:00,训练集,工况3,0.8607379542926112
2024-05-02 03:17:00,训练集,工况3,0.9553979601698744
2024-05-02 03:18:00,训练集,工况3,0.9659156293214294
2024-05-02 03:19:00,训练集,工况5,0.7632272787166788
2024-05-02 03:20:00,训练集,工况3,0.9053825896016584
2024-05-02 03:21:00,训练集,工况3,0.9621884463969987
2024-05-02 03:22:00,训练集,工况3,0.8925796666485155
2024-05-02 03:23:00,训练集,工况3,0.9958798627688122
2024-05-02 03:24:00,训练集,工况5,0.6795519406267537
2024-05-02 03:25:00,训练集,工况3,0.9104005275800343
2024-05-02 03:26:00,训练集,工况3,0.8392701182013288
2024-05-02 03:27:00,训练集,工况5,0.8134672189171994
2024-05-02 03:28:00,训练集,工况3,0.568392823835348
2024-05-02 03:29:00,训练集,工况3,0.5140947717580576
2024-05-02 03:30:00,训练集,工况3,0.9699295181562331
2024-05-02 03:31:00,训练集,工况5,0.9890057494093403
2024-05-02 03:32:00,训练集,工况3,0.5275927993476429
2024-05-02 03:33:00,训练集,工况3,0.9736657245144359
2024-05-02 03:34:00,训练集,工况3,0.9865699312137605
2024-05-02 03:35:00,训练集,工况3,0.9525871266134868
2024-05-02 03:36:00,训练集,工况3,0.9400013408000714
2024-05-02 03:37:00,训练集,工况5,0.9614608623646175
2024-05-02 03:38:00,训练集,工况3,0.9979318131254995
2024-05-02 03:39:00,训练集,工况3,0.916027540331773
2024-05-02 03:40:00,训练集,工况3,0.8891810739922482
2024-05-02 03:41:00,训练集,工况3,0.8982862619581119
2024-05-02 03:42:00,训练集,工况3,0.9929722179675105
2024-05-02 03:43:00,训练集,工况3,0.9717483642216281
2024-05-02 03:44:00,训练集,工况3,0.583198815662139
2024-05-02 03:45:00,训练集,工况3,0.8749621209383166
2024-05-02 03:46:00,训练集,工况3,0.9248148829851928
2024-05-02 03:47:00,训练集,工况3,0.9997798994155364
2024-05-02 03:48:00,训练集,工况3,0.5650369280134584
2024-05-02 03:49:00,训练集,工况3,0.9977617947987368
2024-05-02 03:50:00,训练集,工况3,0.8977174939095269
2024-05-02 03:51:00,训练集,工况5,0.5350659224998218
2024-05-02 03:52:00,训练集,工况3,0.9751413815400028
2024-05-02 03:53:00,训练集,工况3,0.9794110528722587
2024-05-02 03:54:00,训练集,工况3,0.9023178691110195
2024-05-02 03:55:00,训练集,工况5,0.602782725573965
2024-05-02 03:56:00,训练集,工况3,0.7911119167473718
2024-05-02 03:57:00,训练集,工况5,0.9105348734423596
2024-05-02 03:58:00,训练集,工况3,0.84086758554115
2024-05-02 03:59:00,训练集,工况3,0.9676878370760182
2024-05-02 04:00:00,训练集,工况3,0.9455506063901772
2024-05-02 04:01:00,训练集,工况5,0.7128304157941596
2024-05-02 04:02:00,训练集,工况3,0.9986842844199759
2024-05-02 04:03:00,训练集,工况3,0.9207227635969075
2024-05-02 04:04:00,训练集,工况3,0.9895765589657592
2024-05-02 04:05:00,训练集,工况3,0.7297292646877004
2024-05-02 04:06:00,训练集,工况3,0.9829318402211198
2024-05-02 04:07:00,训练集,工况3,0.9949818469842543
2024-05-02 04:08:00,训练集,工况3,0.9563289817226257
2024-05-02 04:09:00,训练集,工况3,0.9962110089087047
2024-05-02 04:10:00,训练集,工况3,0.998891328686486
2024-05-02 04:11:00,训练集,工况3,0.9251749917067773
2024-05-02 04:12:00,训练集,工况3,0.7420965073645613
2024-05-02 04:13:00,训练集,工况3,0.9743485668794503
2024-05-02 04:14:00,训练集,工况5,0.504179611150744
2024-05-02 04:15:00,训练集,工况3,0.9872189160063713
2024-05-02 04:16:00,训练集,工况3,0.9983091137975861
2024-05-02 04:17:00,训练集,工况3,0.9923251206230218
2024-05-02 04:18:00,训练集,工况3,0.9180963424426319
2024-05-02 04:19:00,训练集,工况3,0.9883669049380605
2024-05-02 04:20:00,训练集,工况3,0.9775664152843563
2024-05-02 04:21:00,训练集,工况3,0.9935613168154945
2024-05-02 04:22:00,训练集,工况3,0.9934570279592829
2024-05-02 04:23:00,训练集,工况3,0.9007425940951302
2024-05-02 04:24:00,训练集,工况3,0.9969861824203136
2024-05-02 04:25:00,训练集,工况3,0.981386813171825
2024-05-02 04:26:00,训练集,工况3,0.9945401649352554
2024-05-02 04:27:00,训练集,工况5,0.7109424390304285
2024-05-02 04:28:00,训练集,工况5,0.9383973707320611
2024-05-02 04:29:00,训练集,工况3,0.9569805934750617
2024-05-02 04:30:00,训练集,工况3,0.998114934677106
2024-05-02 04:31:00,训练集,工况5,0.5335285818340877
2024-05-02 04:32:00,训练集,工况3,0.8811610386831681
2024-05-02 04:33:00,训练集,工况3,0.9523086161008257
2024-05-02 04:34:00,训练集,工况3,0.5864376573136648
2024-05-02 04:35:00,训练集,工况3,0.9972291437567515
2024-05-02 04:36:00,训练集,工况3,0.9997470494277142
2024-05-02 04:37:00,训练集,工况3,0.9965911611778324
2024-05-02 04:38:00,训练集,工况5,0.7336029911963927
2024-05-02 04:39:00,训练集,工况3,0.9987692479354797
2024-05-02 04:40:00,训练集,工况3,0.9642925745702031
2024-05-02 04:41:00,训练集,工况3,0.9913845297929811
2024-05-02 04:42:00,训练集,工况3,0.9927941587809643
2024-05-02 04:43:00,训练集,工况3,0.988025290732685
2024-05-02 04:44:00,训练集,工况3,0.9942575384827099
2024-05-02 04:45:00,训练集,工况3,0.9900855952376324
2024-05-02 04:46:00,训练集,工况3,0.9995498370959709
2024-05-02 04:47:00,训练集,工况3,0.9673039116080909
2024-05-02 04:48:00,训练集,工况3,0.8074828171099483
2024-05-02 04:49:00,训练集,工况3,0.7484982151006687
2024-05-02 04:50:00,训练集,工况3,0.9976450161527047
2024-05-02 04:51:00,训练集,工况3,0.9988359974317305
2024-05-02 04:52:00,训练集,工况3,0.9852042071757766
2024-05-02 04:53:00,训练集,工况3,0.5373346802317323
2024-05-02 04:54:00,训练集,工况3,0.5127924173988619
2024-05-02 04:55:00,训练集,工况3,0.9762352562429053
2024-05-02 04:56:00,训练集,工况3,0.9272303273143236
2024-05-02 04:57:00,训练集,工况3,0.9817700934315464
2024-05-02 04:58:00,训练集,工况3,0.9814298563150505
2024-05-02 04:59:00,训练集,工况3,0.7243993935904331
2024-05-02 05:00:00,训练集,工况3,0.9963880961793189
2024-05-02 05:01:00,训练集,工况3,0.9994553102599987
2024-05-02 05:02:00,训练集,工况3,0.9624690049040422
2024-05-02 05:03:00,训练集,工况5,0.5706559503057241
2024-05-02 05:04:00,训练集,工况3,0.9993863295532864
2024-05-02 05:05:00,训练集,工况3,0.8879115271630562
2024-05-02 05:06:00,训练集,工况3,0.518586991984783
2024-05-02 05:07:00,训练集,工况3,0.9906031827283238
2024-05-02 05:08:00,训练集,工况3,0.998075255498899
2024-05-02 05:09:00,训练集,工况3,0.9818869355405188
2024-05-02 05:10:00,训练集,工况3,0.9998685608176457
2024-05-02 05:11:00,训练集,工况3,0.9925870360118279
2024-05-02 05:12:00,训练集,工况3,0.990808169292276
2024-05-02 05:13:00,训练集,工况3,0.9999563126767783
2024-05-02 05:14:00,训练集,工况3,0.997749464408372
2024-05-02 05:15:00,训练集,工况3,0.9809703154547949
2024-05-02 05:16:00,训练集,工况3,0.9888257011138952
2024-05-02 05:17:00,训练集,工况3,0.9231327920322578
2024-05-02 05:18:00,训练集,工况5,0.6818609083810383
2024-05-02 05:19:00,训练集,工况3,0.9530408328556189
2024-05-02 05:20:00,训练集,工况3,0.8882547041566315
2024-05-02 05:21:00,训练集,工况3,0.9983994056429617
2024-05-02 05:22:00,训练集,工况3,0.8869984006577092
2024-05-02 05:23:00,训练集,工况3,0.9995799259987682
2024-05-02 05:24:00,训练集,工况3,0.9955227637096951
2024-05-02 05:25:00,训练集,工况3,0.9934311946191268
2024-05-02 05:26:00,训练集,工况3,0.6990779316826631
2024-05-02 05:27:00,训练集,工况3,0.9988237654089236
2024-05-02 05:28:00,训练集,工况3,0.9999434813644109
2024-05-02 05:29:00,训练集,工况3,0.9951315511133274
2024-05-02 05:30:00,训练集,工况3,0.966985418157375
2024-05-02 05:31:00,训练集,工况3,0.9861844714018875
2024-05-02 05:32:00,训练集,工况3,0.9574919640384921
2024-05-02 05:33:00,训练集,工况3,0.9830823853476578
2024-05-02 05:34:00,训练集,工况3,0.9992560026407445
2024-05-02 05:35:00,训练集,工况3,0.9999879078242163
2024-05-02 05:36:00,训练集,工况3,0.9941607904777833
2024-05-02 05:37:00,训练集,工况3,0.9380324550154634
2024-05-02 05:38:00,训练集,工况3,0.9983461660955011
2024-05-02 05:39:00,训练集,工况3,0.9950669255941709
2024-05-02 05:40:00,训练集,工况3,0.9971915013159028
2024-05-02 05:41:00,训练集,工况3,0.9996138241583729
2024-05-02 05:42:00,训练集,工况3,0.9938349430038684
2024-05-02 05:43:00,训练集,工况3,0.5923279806864501
2024-05-02 05:44:00,训练集,工况3,0.9886255750386358
2024-05-02 05:45:00,训练集,工况3,0.999310484593112
2024-05-02 05:46:00,训练集,工况3,0.9974280077598444
2024-05-02 05:47:00,训练集,工况3,0.9999585422910722
2024-05-02 05:48:00,训练集,工况3,0.9821800873404678
2024-05-02 05:49:00,训练集,工况3,0.8380748915955396
2024-05-02 05:50:00,训练集,工况3,0.9694131592470305
2024-05-02 05:51:00,训练集,工况3,0.9977174016335875
2024-05-02 05:52:00,训练集,工况3,0.987668556270979
2024-05-02 05:53:00,训练集,工况3,0.9981225137453665
2024-05-02 05:54:00,训练集,工况3,0.9970472284381985
2024-05-02 05:55:00,训练集,工况3,0.9995976550649001
2024-05-02 05:56:00,训练集,工况3,0.9982162980429242
2024-05-02 05:57:00,训练集,工况3,0.9962180758037656
2024-05-02 05:58:00,训练集,工况3,0.9238730478088295
2024-05-02 05:59:00,训练集,工况3,0.9955562023338924
2024-05-02 06:00:00,训练集,工况3,0.9573007837685702
2024-05-02 06:01:00,训练集,工况3,0.9968057489850491
2024-05-02 06:02:00,训练集,工况3,0.9988597729111305
2024-05-02 06:03:00,训练集,工况3,0.998112856030809
2024-05-02 06:04:00,训练集,工况3,0.9996005911977917
2024-05-02 06:05:00,训练集,工况3,0.997346692748724
2024-05-02 06:06:00,训练集,工况3,0.9943020865038485
2024-05-02 06:07:00,训练集,工况3,0.9937494221168999
2024-05-02 06:08:00,训练集,工况3,0.9993126813300591
2024-05-02 06:09:00,训练集,工况3,0.9965009152018915
2024-05-02 06:10:00,训练集,工况3,0.9952707968191463
2024-05-02 06:11:00,训练集,工况5,0.56060157473795
2024-05-02 06:12:00,训练集,工况3,0.9985775718886424
2024-05-02 06:13:00,训练集,工况3,0.9955235003426876
2024-05-02 06:14:00,训练集,工况3,0.999391940012485
2024-05-02 06:15:00,训练集,工况3,0.9989190903079824
2024-05-02 06:16:00,训练集,工况3,0.9998367654349859
2024-05-02 06:17:00,训练集,工况3,0.995735464149851
2024-05-02 06:18:00,训练集,工况3,0.9998505862372189
2024-05-02 06:19:00,训练集,工况3,0.9816862319913777
2024-05-02 06:20:00,训练集,工况3,0.9894290393201033
2024-05-02 06:21:00,训练集,工况3,0.9996683505277597
2024-05-02 06:22:00,训练集,工况3,0.999929032804933
2024-05-02 06:23:00,训练集,工况3,0.9998788493242566
2024-05-02 06:24:00,训练集,工况3,0.9990372627582117
2024-05-02 06:25:00,训练集,工况5,0.5698025927666743
2024-05-02 06:26:00,训练集,工况3,0.997797736533516
2024-05-02 06:27:00,训练集,工况3,0.9998011625482751
2024-05-02 06:28:00,训练集,工况3,0.999716234610158
2024-05-02 06:29:00,训练集,工况3,0.9982007348262049
2024-05-02 06:30:00,训练集,工况3,0.9797419634932096
2024-05-02 06:31:00,训练集,工况3,0.9997798705728907
2024-05-02 06:32:00,训练集,工况3,0.9962514983830503
2024-05-02 06:33:00,训练集,工况3,0.9972303609164681
2024-05-02 06:34:00,训练集,工况3,0.9997780390645582
2024-05-02 06:35:00,训练集,工况3,0.9962806975504733
2024-05-02 06:36:00,训练集,工况3,0.980181220252704
2024-05-02 06:37:00,训练集,工况3,0.937643075017934
2024-05-02 06:38:00,训练集,工况3,0.9895525002713544
2024-05-02 06:39:00,训练集,工况3,0.9993869175652318
2024-05-02 06:40:00,训练集,工况3,0.9605677418726958
2024-05-02 06:41:00,训练集,工况3,0.9995222341521433
2024-05-02 06:42:00,训练集,工况3,0.9990055707357953
2024-05-02 06:43:00,训练集,工况3,0.9991809836834994
2024-05-02 06:44:00,训练集,工况3,0.9994065419003645
2024-05-02 06:45:00,训练集,工况3,0.9986445036984318
2024-05-02 06:46:00,训练集,工况5,0.852679410808391
2024-05-02 06:47:00,训练集,工况3,0.998972384577404
2024-05-02 06:48:00,训练集,工况3,0.9986333194801458
2024-05-02 06:49:00,训练集,工况3,0.9971735035211019
2024-05-02 06:50:00,训练集,工况3,0.9991700095713932
2024-05-02 06:51:00,训练集,工况3,0.5809953069419624
2024-05-02 06:52:00,训练集,工况3,0.9994941243353088
2024-05-02 06:53:00,训练集,工况3,0.978932960856475
2024-05-02 06:54:00,训练集,工况3,0.9952440088195269
2024-05-02 06:55:00,训练集,工况3,0.9983535547676864
2024-05-02 06:56:00,训练集,工况3,0.9632153819157354
2024-05-02 06:57:00,训练集,工况3,0.9939743856961015
2024-05-02 06:58:00,训练集,工况3,0.9958564626529319
2024-05-02 06:59:00,训练集,工况3,0.9084615599544191
2024-05-02 07:00:00,训练集,工况3,0.9748928086855829
2024-05-02 07:01:00,训练集,工况3,0.9875651438416684
2024-05-02 07:02:00,训练集,工况3,0.8707689846555807
2024-05-02 07:03:00,训练集,工况3,0.9996077462621735
2024-05-02 07:04:00,训练集,工况5,0.7585152839664688
2024-05-02 07:05:00,训练集,工况3,0.9997030313103388
2024-05-02 07:06:00,训练集,工况3,0.9454912949973003
2024-05-02 07:07:00,训练集,工况3,0.9999082842696385
2024-05-02 07:08:00,训练集,工况3,0.9996668903689052
2024-05-02 07:09:00,训练集,工况3,0.999882822669609
2024-05-02 07:10:00,训练集,工况3,0.9703711779302442
2024-05-02 07:11:00,训练集,工况3,0.9999951315337371
2024-05-02 07:12:00,训练集,工况3,0.9996063640960844
2024-05-02 07:13:00,训练集,工况3,0.9999819550589909
2024-05-02 07:14:00,训练集,工况3,0.9996061907194437
2024-05-02 07:15:00,训练集,工况3,0.997722542974712
2024-05-02 07:16:00,训练集,工况3,0.9864644580846808
2024-05-02 07:17:00,训练集,工况3,0.9975339367104722
2024-05-02 07:18:00,训练集,工况3,0.9999746204574561
2024-05-02 07:19:00,训练集,工况3,0.9927800070012854
2024-05-02 07:20:00,训练集,工况3,0.9946827574647936
2024-05-02 07:21:00,训练集,工况3,0.9959091206054052
2024-05-02 07:22:00,训练集,工况3,0.9999743029961863
2024-05-02 07:23:00,训练集,工况3,0.9998856050022693
2024-05-02 07:24:00,训练集,工况3,0.9987379274709652
2024-05-02 07:25:00,训练集,工况3,0.9991447721608334
2024-05-02 07:26:00,训练集,工况3,0.9990288223926466
2024-05-02 07:27:00,训练集,工况3,0.9668239085735651
2024-05-02 07:28:00,训练集,工况3,0.998559664256309
2024-05-02 07:29:00,训练集,工况3,0.9999447880106901
2024-05-02 07:30:00,训练集,工况3,0.9982141082623576
2024-05-02 07:31:00,训练集,工况3,0.999930491519333
2024-05-02 07:32:00,训练集,工况3,0.9999469579269302
2024-05-02 07:33:00,训练集,工况3,0.9997397967201024
2024-05-02 07:34:00,训练集,工况3,0.9998211808765718
2024-05-02 07:35:00,训练集,工况3,0.9995550934653163
2024-05-02 07:36:00,训练集,工况3,0.9980473911263481
2024-05-02 07:37:00,训练集,工况3,0.9972985043597745
2024-05-02 07:38:00,训练集,工况3,0.9938099899293152
2024-05-02 07:39:00,训练集,工况3,0.9225929984945903
2024-05-02 07:40:00,训练集,工况3,0.99960414476026
2024-05-02 07:41:00,训练集,工况3,0.9997632214417902
2024-05-02 07:42:00,训练集,工况3,0.9998589777392571
2024-05-02 07:43:00,训练集,工况3,0.9995264310805224
2024-05-02 07:44:00,训练集,工况3,0.9983493200151524
2024-05-02 07:45:00,训练集,工况3,0.9960671877619369
2024-05-02 07:46:00,训练集,工况3,0.9998229521480552
2024-05-02 07:47:00,训练集,工况3,0.98881404069028
2024-05-02 07:48:00,训练集,工况3,0.9543851600872605
2024-05-02 07:49:00,训练集,工况3,0.9519187183117012
2024-05-02 07:50:00,训练集,工况3,0.9922638142549672
2024-05-02 07:51:00,训练集,工况3,0.9985651393092344
2024-05-02 07:52:00,训练集,工况3,0.9996707370897792
2024-05-02 07:53:00,训练集,工况3,0.9990242434119013
2024-05-02 07:54:00,训练集,工况3,0.9998505578495868
2024-05-02 07:55:00,训练集,工况3,0.9999578850162529
2024-05-02 07:56:00,训练集,工况3,0.999631034576629
2024-05-02 07:57:00,训练集,工况3,0.9985004528976992
2024-05-02 07:58:00,训练集,工况3,0.9997625005472193
2024-05-02 07:59:00,训练集,工况3,0.9998978803505046
2024-05-02 08:00:00,训练集,工况3,0.9993274289245344
2024-05-02 08:01:00,训练集,工况3,0.999963748513645
2024-05-02 08:02:00,训练集,工况3,0.9999367485923478
2024-05-02 08:03:00,训练集,工况3,0.9988784282711641
2024-05-02 08:04:00,训练集,工况3,0.9898871540225905
2024-05-02 08:05:00,训练集,工况3,0.9965061993497638
2024-05-02 08:06:00,训练集,工况3,0.999886567092669
2024-05-02 08:07:00,训练集,工况3,0.9984935397051722
2024-05-02 08:08:00,训练集,工况3,0.9992878799137924
2024-05-02 08:09:00,训练集,工况3,0.9962690911763017
2024-05-02 08:10:00,训练集,工况3,0.9999466725735481
2024-05-02 08:11:00,训练集,工况3,0.9935616385073385
2024-05-02 08:12:00,训练集,工况3,0.9997402872804655
2024-05-02 08:13:00,训练集,工况3,0.9984309438346888
2024-05-02 08:14:00,训练集,工况3,0.9969039131865103
2024-05-02 08:15:00,训练集,工况3,0.9999827790011561
2024-05-02 08:16:00,训练集,工况3,0.9980516336048252
2024-05-02 08:17:00,训练集,工况3,0.9996935991389264
2024-05-02 08:18:00,训练集,工况3,0.997138202974429
2024-05-02 08:19:00,训练集,工况3,0.9978455096127474
2024-05-02 08:20:00,训练集,工况3,0.9992198196054228
2024-05-02 08:21:00,训练集,工况3,0.9981436752001259
2024-05-02 08:22:00,训练集,工况3,0.9982379484526255
2024-05-02 08:23:00,训练集,工况3,0.9920896981094768
2024-05-02 08:24:00,训练集,工况3,0.9894458894847281
2024-05-02 08:25:00,训练集,工况3,0.9948727432870144
2024-05-02 08:26:00,训练集,工况3,0.9999214057272356
2024-05-02 08:27:00,训练集,工况3,0.66750660229505
2024-05-02 08:28:00,训练集,工况3,0.9994683943592226
2024-05-02 08:29:00,训练集,工况3,0.9981644514185125
2024-05-02 08:30:00,训练集,工况3,0.999929587913175
2024-05-02 08:31:00,训练集,工况3,0.9998058958960172
2024-05-02 08:32:00,训练集,工况3,0.9998952087547208
2024-05-02 08:33:00,训练集,工况3,0.9996993441674786
2024-05-02 08:34:00,训练集,工况3,0.9934292630955134
2024-05-02 08:35:00,训练集,工况3,0.9989561164926977
2024-05-02 08:36:00,训练集,工况3,0.9999485347727394
2024-05-02 08:37:00,训练集,工况3,0.9998163384722314
2024-05-02 08:38:00,训练集,工况3,0.9352502862360638
2024-05-02 08:39:00,训练集,工况3,0.9997498204344539
2024-05-02 08:40:00,训练集,工况3,0.9996329198672996
2024-05-02 08:41:00,训练集,工况3,0.9996500525572641
2024-05-02 08:42:00,训练集,工况3,0.9995673309931047
2024-05-02 08:43:00,训练集,工况3,0.991400765794835
2024-05-02 08:44:00,训练集,工况3,0.9691735788545384
2024-05-02 08:45:00,训练集,工况3,0.9994730119763943
2024-05-02 08:46:00,训练集,工况3,0.9988249058067827
2024-05-02 08:47:00,训练集,工况3,0.9997008957131899
2024-05-02 08:48:00,训练集,工况3,0.9968462182950212
2024-05-02 08:49:00,训练集,工况3,0.9986898556369807
2024-05-02 08:50:00,训练集,工况3,0.9950681284541988
2024-05-02 08:51:00,训练集,工况3,0.9996941311887114
2024-05-02 08:52:00,训练集,工况3,0.9955315969794222
2024-05-02 08:53:00,训练集,工况3,0.999281058739716
2024-05-02 08:54:00,训练集,工况3,0.9998147219469581
2024-05-02 08:55:00,训练集,工况3,0.9993102985181751
2024-05-02 08:56:00,训练集,工况3,0.9999176007696661
2024-05-02 08:57:00,训练集,工况3,0.9815791989388214
2024-05-02 08:58:00,训练集,工况3,0.9998821881229656
2024-05-02 08:59:00,训练集,工况3,0.9959285182826295
2024-05-02 09:00:00,训练集,工况3,0.9999223946595195
2024-05-02 09:01:00,训练集,工况3,0.9999905225123822
2024-05-02 09:02:00,训练集,工况3,0.9995574734210576
2024-05-02 09:03:00,训练集,工况3,0.9992858544348051
2024-05-02 09:04:00,训练集,工况3,0.9958703483273855
2024-05-02 09:05:00,训练集,工况3,0.9965809978325436
2024-05-02 09:06:00,训练集,工况3,0.9993474849832503
2024-05-02 09:07:00,训练集,工况3,0.9992531811756894
2024-05-02 09:08:00,训练集,工况3,0.9996866611858567
2024-05-02 09:09:00,训练集,工况3,0.973229181519763
2024-05-02 09:10:00,训练集,工况3,0.9544976610959912
2024-05-02 09:11:00,训练集,工况3,0.98037414115141
2024-05-02 09:12:00,训练集,工况3,0.9957816230937564
2024-05-02 09:13:00,训练集,工况3,0.9999738458205153
2024-05-02 09:14:00,训练集,工况3,0.9999426628227143
2024-05-02 09:15:00,训练集,工况3,0.9974048177253175
2024-05-02 09:16:00,训练集,工况3,0.9968078240783158
2024-05-02 09:17:00,训练集,工况3,0.9998891987633896
2024-05-02 09:18:00,训练集,工况3,0.9933983522211367
2024-05-02 09:19:00,训练集,工况3,0.9995234662208933
2024-05-02 09:20:00,训练集,工况3,0.9991757258875545
2024-05-02 09:21:00,训练集,工况3,0.9998634239231056
2024-05-02 09:22:00,训练集,工况3,0.9999888410467801
2024-05-02 09:23:00,训练集,工况3,0.9997915536135604
2024-05-02 09:24:00,训练集,工况3,0.9999894795214614
2024-05-02 09:25:00,训练集,工况3,0.9950577339503607
2024-05-02 09:26:00,训练集,工况3,0.994558183422108
2024-05-02 09:27:00,训练集,工况3,0.9998886929894054
2024-05-02 09:28:00,训练集,工况3,0.9924928742459203
2024-05-02 09:29:00,训练集,工况3,0.99988268458444
2024-05-02 09:30:00,训练集,工况3,0.9998006775370192
2024-05-02 09:31:00,训练集,工况3,0.9999648327619122
2024-05-02 09:32:00,训练集,工况3,0.9999215535767426
2024-05-02 09:33:00,训练集,工况3,0.9999623871604639
2024-05-02 09:34:00,训练集,工况3,0.9883348187894614
2024-05-02 09:35:00,训练集,工况3,0.9995766720495269
2024-05-02 09:36:00,训练集,工况3,0.9900885260503371
2024-05-02 09:37:00,训练集,工况3,0.9999954081700311
2024-05-02 09:38:00,训练集,工况3,0.9976111691341857
2024-05-02 09:39:00,训练集,工况3,0.9999303219297263
2024-05-02 09:40:00,训练集,工况3,0.9999243992491269
2024-05-02 09:41:00,训练集,工况3,0.9999086635080887
2024-05-02 09:42:00,训练集,工况3,0.9983715716796433
2024-05-02 09:43:00,训练集,工况3,0.9997509822947929
2024-05-02 09:44:00,训练集,工况3,0.9996514995519683
2024-05-02 09:45:00,训练集,工况3,0.9999802739549575
2024-05-02 09:46:00,训练集,工况3,0.9971216414478395
2024-05-02 09:47:00,训练集,工况3,0.5691206587271864
2024-05-02 09:48:00,训练集,工况3,0.9998222434487063
2024-05-02 09:49:00,训练集,工况3,0.9998502124228279
2024-05-02 09:50:00,训练集,工况3,0.9940543471082922
2024-05-02 09:51:00,训练集,工况3,0.9997703820970701
2024-05-02 09:52:00,训练集,工况3,0.9998628215045305
2024-05-02 09:53:00,训练集,工况3,0.9981586201700071
2024-05-02 09:54:00,训练集,工况3,0.9991855528973019
2024-05-02 09:55:00,训练集,工况3,0.965265262471171
2024-05-02 09:56:00,训练集,工况3,0.9998160654122389
2024-05-02 09:57:00,训练集,工况3,0.9997646364052049
2024-05-02 09:58:00,训练集,工况3,0.999857913450145
2024-05-02 09:59:00,训练集,工况3,0.9999913637593446
2024-05-02 10:00:00,训练集,工况3,0.9994800374167616
2024-05-02 10:01:00,训练集,工况3,0.9999235774933274
2024-05-02 10:02:00,训练集,工况3,0.9998937163958045
2024-05-02 10:03:00,训练集,工况3,0.9998790802911156
2024-05-02 10:04:00,训练集,工况3,0.9993785111653286
2024-05-02 10:05:00,训练集,工况3,0.9995652660503499
2024-05-02 10:06:00,训练集,工况3,0.9999176990390803
2024-05-02 10:07:00,训练集,工况3,0.9973931313908273
2024-05-02 10:08:00,训练集,工况3,0.9983615533418055
2024-05-02 10:09:00,训练集,工况3,0.9999478397621895
2024-05-02 10:10:00,训练集,工况3,0.9840306853876437
2024-05-02 10:11:00,训练集,工况3,0.9999019281510999
2024-05-02 10:12:00,训练集,工况3,0.9999847630070221
2024-05-02 10:13:00,训练集,工况3,0.9991372886577363
2024-05-02 10:14:00,训练集,工况3,0.9999921997970745
2024-05-02 10:15:00,训练集,工况3,0.9999441567711485
2024-05-02 10:16:00,训练集,工况3,0.9999718929305111
2024-05-02 10:17:00,训练集,工况3,0.9995584915927423
2024-05-02 10:18:00,训练集,工况3,0.9999510346401963
2024-05-02 10:19:00,训练集,工况3,0.9964579290886798
2024-05-02 10:20:00,训练集,工况3,0.9990468459430594
2024-05-02 10:21:00,训练集,工况3,0.9999839444616225
2024-05-02 10:22:00,训练集,工况3,0.9998395324789858
2024-05-02 10:23:00,训练集,工况3,0.9983843619228123
2024-05-02 10:24:00,训练集,工况3,0.9999493779232671
2024-05-02 10:25:00,训练集,工况3,0.999803034008876
2024-05-02 10:26:00,训练集,工况3,0.9996361499616411
2024-05-02 10:27:00,训练集,工况3,0.9891638584415282
2024-05-02 10:28:00,训练集,工况3,0.9997292291166728
2024-05-02 10:29:00,训练集,工况3,0.9998434129586057
2024-05-02 10:30:00,训练集,工况3,0.9999631158060694
2024-05-02 10:31:00,训练集,工况3,0.9993233326398386
2024-05-02 10:32:00,训练集,工况3,0.9977591392538593
2024-05-02 10:33:00,训练集,工况3,0.9999414887919049
2024-05-02 10:34:00,训练集,工况3,0.9998007979073281
2024-05-02 10:35:00,训练集,工况3,0.9999706998045432
2024-05-02 10:36:00,训练集,工况3,0.9996395309039294
2024-05-02 10:37:00,训练集,工况3,0.9821689777575313
2024-05-02 10:38:00,训练集,工况3,0.999957880554852
2024-05-02 10:39:00,训练集,工况3,0.9997276255288482
2024-05-02 10:40:00,训练集,工况3,0.9998827872225382
2024-05-02 10:41:00,训练集,工况3,0.9989441399331327
2024-05-02 10:42:00,训练集,工况3,0.9998985681088386
2024-05-02 10:43:00,训练集,工况3,0.9999303358503144
2024-05-02 10:44:00,训练集,工况3,0.9991912882035384
2024-05-02 10:45:00,训练集,工况3,0.9997685531810611
2024-05-02 10:46:00,训练集,工况3,0.9999938201401295
2024-05-02 10:47:00,训练集,工况3,0.9999628697502227
2024-05-02 10:48:00,训练集,工况3,0.999914072151702
2024-05-02 10:49:00,训练集,工况3,0.9973524690212515
2024-05-02 10:50:00,训练集,工况3,0.9701962354882201
2024-05-02 10:51:00,训练集,工况3,0.9980516557899425
2024-05-02 10:52:00,训练集,工况3,0.9998207798372054
2024-05-02 10:53:00,训练集,工况3,0.999988705399272
2024-05-02 10:54:00,训练集,工况3,0.99997516447334
2024-05-02 10:55:00,训练集,工况3,0.9999487218300607
2024-05-02 10:56:00,训练集,工况3,0.9999754060199063
2024-05-02 10:57:00,训练集,工况3,0.9999976245546499
2024-05-02 10:58:00,训练集,工况3,0.9999942602367374
2024-05-02 10:59:00,训练集,工况3,0.9971840675767752
2024-05-02 11:00:00,训练集,工况3,0.9998729770154563
2024-05-02 11:01:00,训练集,工况3,0.9998660802251721
2024-05-02 11:02:00,训练集,工况3,0.9999255716785378
2024-05-02 11:03:00,训练集,工况3,0.9999581147523745
2024-05-02 11:04:00,训练集,工况3,0.9998932345971938
2024-05-02 11:05:00,训练集,工况3,0.9462087081406217
2024-05-02 11:06:00,训练集,工况3,0.9999011597475628
2024-05-02 11:07:00,训练集,工况3,0.9996725942634741
2024-05-02 11:08:00,训练集,工况3,0.9999107775806483
2024-05-02 11:09:00,训练集,工况3,0.9999570557364001
2024-05-02 11:10:00,训练集,工况3,0.9996580665307432
2024-05-02 11:11:00,训练集,工况3,0.999316218334269
2024-05-02 11:12:00,训练集,工况3,0.9997263633767562
2024-05-02 11:13:00,训练集,工况3,0.9998966588159496
2024-05-02 11:14:00,训练集,工况3,0.9987307486979536
2024-05-02 11:15:00,训练集,工况3,0.9999061250104467
2024-05-02 11:16:00,训练集,工况3,0.9999540430943666
2024-05-02 11:17:00,训练集,工况3,0.9999863066149279
2024-05-02 11:18:00,训练集,工况3,0.9998917547045297
2024-05-02 11:19:00,训练集,工况3,0.999915338824301
2024-05-02 11:20:00,训练集,工况3,0.9982870789011254
2024-05-02 11:21:00,训练集,工况3,0.9945659677261701
2024-05-02 11:22:00,训练集,工况3,0.9999694587360678
2024-05-02 11:23:00,训练集,工况3,0.9996921599504308
2024-05-02 11:24:00,训练集,工况3,0.99570605711388
2024-05-02 11:25:00,训练集,工况3,0.9995035092413382
2024-05-02 11:26:00,训练集,工况3,0.9998864994531258
2024-05-02 11:27:00,训练集,工况3,0.9989422597363941
2024-05-02 11:28:00,训练集,工况3,0.9974907907154604
2024-05-02 11:29:00,训练集,工况3,0.9999922064664191
2024-05-02 11:30:00,训练集,工况3,0.9999881520854267
2024-05-02 11:31:00,训练集,工况3,0.9997980621196706
2024-05-02 11:32:00,训练集,工况3,0.9999433613871865
2024-05-02 11:33:00,训练集,工况3,0.9971700396204098
2024-05-02 11:34:00,训练集,工况3,0.9994684671951315
2024-05-02 11:35:00,训练集,工况3,0.9997663577175799
2024-05-02 11:36:00,训练集,工况3,0.9998922925190018
2024-05-02 11:37:00,训练集,工况3,0.9995151970123803
2024-05-02 11:38:00,训练集,工况3,0.9999769312070821
2024-05-02 11:39:00,训练集,工况3,0.9999844727366186
2024-05-02 11:40:00,训练集,工况3,0.9981860722572464
2024-05-02 11:41:00,训练集,工况3,0.9999649849796158
2024-05-02 11:42:00,训练集,工况3,0.9996910434432046
2024-05-02 11:43:00,训练集,工况3,0.9998790616582588
2024-05-02 11:44:00,训练集,工况3,0.9998798739216889
2024-05-02 11:45:00,训练集,工况3,0.9934312125494232
2024-05-02 11:46:00,训练集,工况3,0.9999927856917413
2024-05-02 11:47:00,训练集,工况3,0.9999249344858664
2024-05-02 11:48:00,训练集,工况3,0.9994397450097389
2024-05-02 11:49:00,训练集,工况3,0.9999812159264376
2024-05-02 11:50:00,训练集,工况3,0.9999513803499055
2024-05-02 11:51:00,训练集,工况3,0.9987050634154033
2024-05-02 11:52:00,训练集,工况3,0.9999361121566761
2024-05-02 11:53:00,训练集,工况3,0.9998035143042864
2024-05-02 11:54:00,训练集,工况3,0.9999837281051254
2024-05-02 11:55:00,训练集,工况3,0.9999894883485192
2024-05-02 11:56:00,训练集,工况3,0.9971233709562284
2024-05-02 11:57:00,训练集,工况3,0.9999936551713879
2024-05-02 11:58:00,训练集,工况3,0.9969176757876261
2024-05-02 11:59:00,训练集,工况3,0.999896128360826
2024-05-02 12:00:00,训练集,工况3,0.9999817327514732
2024-05-02 12:01:00,训练集,工况3,0.9999546326807113
2024-05-02 12:02:00,训练集,工况3,0.9992549317515659
2024-05-02 12:03:00,训练集,工况3,0.9993612435866092
2024-05-02 12:04:00,训练集,工况3,0.9879127638659647
2024-05-02 12:05:00,训练集,工况3,0.6845773503548856
2024-05-02 12:06:00,训练集,工况3,0.9999815808847233
2024-05-02 12:07:00,训练集,工况3,0.9999779024251844
2024-05-02 12:08:00,训练集,工况3,0.9998247185883504
2024-05-02 12:09:00,训练集,工况3,0.9998992532570594
2024-05-02 12:10:00,训练集,工况3,0.9955831048724428
2024-05-02 12:11:00,训练集,工况3,0.9999903354043184
2024-05-02 12:12:00,训练集,工况3,0.9841737709362411
2024-05-02 12:13:00,训练集,工况3,0.9996233463017977
2024-05-02 12:14:00,训练集,工况3,0.9999986250324941
2024-05-02 12:15:00,训练集,工况3,0.9985224028376833
2024-05-02 12:16:00,训练集,工况3,0.9992160527501803
2024-05-02 12:17:00,训练集,工况3,0.9992830707452899
2024-05-02 12:18:00,训练集,工况3,0.9995636509635728
2024-05-02 12:19:00,训练集,工况3,0.9985431288635866
2024-05-02 12:20:00,训练集,工况3,0.9999981212944054
2024-05-02 12:21:00,训练集,工况3,0.9999643509528244
2024-05-02 12:22:00,训练集,工况3,0.9998031655616624
2024-05-02 12:23:00,训练集,工况3,0.9997906395349052
2024-05-02 12:24:00,训练集,工况3,0.9999470924386624
2024-05-02 12:25:00,训练集,工况3,0.9998185528723305
2024-05-02 12:26:00,训练集,工况3,0.9999824257741068
2024-05-02 12:27:00,训练集,工况3,0.99985878016398
2024-05-02 12:28:00,训练集,工况3,0.9999944617457706
2024-05-02 12:29:00,训练集,工况3,0.999976904289521
2024-05-02 12:30:00,训练集,工况3,0.9999912433968873
2024-05-02 12:31:00,训练集,工况3,0.9998681728283906
2024-05-02 12:32:00,训练集,工况3,0.9985469764017477
2024-05-02 12:33:00,训练集,工况3,0.9999900536440931
2024-05-02 12:34:00,训练集,工况3,0.9997675046379803
2024-05-02 12:35:00,训练集,工况3,0.9997913881472321
2024-05-02 12:36:00,训练集,工况3,0.9999788675341453
2024-05-02 12:37:00,训练集,工况3,0.9999648854697264
2024-05-02 12:38:00,训练集,工况3,0.9970316788486441
2024-05-02 12:39:00,训练集,工况3,0.9999944447478414
2024-05-02 12:40:00,训练集,工况3,0.9490700467604104
2024-05-02 12:41:00,训练集,工况3,0.9999641574717401
2024-05-02 12:42:00,训练集,工况3,0.9982791497160313
2024-05-02 12:43:00,训练集,工况3,0.9998316680729957
2024-05-02 12:44:00,训练集,工况3,0.9999743361436226
2024-05-02 12:45:00,训练集,工况3,0.9988161514340355
2024-05-02 12:46:00,训练集,工况3,0.9949170762170737
2024-05-02 12:47:00,训练集,工况3,0.9999682291307384
2024-05-02 12:48:00,训练集,工况3,0.9999872977597826
2024-05-02 12:49:00,训练集,工况3,0.9999837464923094
2024-05-02 12:50:00,训练集,工况3,0.9999801315943792
2024-05-02 12:51:00,训练集,工况3,0.9999836893645497
2024-05-02 12:52:00,训练集,工况3,0.992071881966088
2024-05-02 12:53:00,训练集,工况3,0.9996385598648084
2024-05-02 12:54:00,训练集,工况3,0.9996407444280211
2024-05-02 12:55:00,训练集,工况3,0.9995269543022247
2024-05-02 12:56:00,训练集,工况3,0.9999544311764388
2024-05-02 12:57:00,训练集,工况3,0.9999711060772041
2024-05-02 12:58:00,训练集,工况3,0.9995008763745744
2024-05-02 12:59:00,训练集,工况3,0.9999423655024434
2024-05-02 13:00:00,训练集,工况3,0.9999668841640452
2024-05-02 13:01:00,训练集,工况3,0.9999831906919193
2024-05-02 13:02:00,训练集,工况3,0.9994777702373498
2024-05-02 13:03:00,训练集,工况3,0.9993610578064853
2024-05-02 13:04:00,训练集,工况3,0.9999844455226299
2024-05-02 13:05:00,训练集,工况3,0.9994971590588186
2024-05-02 13:06:00,训练集,工况3,0.9824527565552612
2024-05-02 13:07:00,训练集,工况3,0.9997614934169907
2024-05-02 13:08:00,训练集,工况3,0.9992381172371974
2024-05-02 13:09:00,训练集,工况3,0.9822365293704157
2024-05-02 13:10:00,训练集,工况3,0.999555969390221
2024-05-02 13:11:00,训练集,工况3,0.9964595188497473
2024-05-02 13:12:00,训练集,工况3,0.9998349638991977
2024-05-02 13:13:00,训练集,工况3,0.9999629504480041
2024-05-02 13:14:00,训练集,工况3,0.9999664994545319
2024-05-02 13:15:00,训练集,工况3,0.995234421041121
2024-05-02 13:16:00,训练集,工况3,0.9977998560894268
2024-05-02 13:17:00,训练集,工况3,0.9999615861884212
2024-05-02 13:18:00,训练集,工况3,0.9997232457433833
2024-05-02 13:19:00,训练集,工况3,0.9983266943424263
2024-05-02 13:20:00,训练集,工况3,0.9999405995237988
2024-05-02 13:21:00,训练集,工况3,0.9997331721401418
2024-05-02 13:22:00,训练集,工况3,0.9999865417455842
2024-05-02 13:23:00,训练集,工况3,0.9997962852333524
2024-05-02 13:24:00,训练集,工况3,0.9991332080595522
2024-05-02 13:25:00,训练集,工况3,0.9998127899638332
2024-05-02 13:26:00,训练集,工况3,0.9999896187746171
2024-05-02 13:27:00,训练集,工况3,0.9999929900181449
2024-05-02 13:28:00,训练集,工况3,0.9999923520825131
2024-05-02 13:29:00,训练集,工况3,0.9998036120224987
2024-05-02 13:30:00,训练集,工况3,0.9999950223889238
2024-05-02 13:31:00,训练集,工况3,0.9994709076506917
2024-05-02 13:32:00,训练集,工况3,0.9996837301093149
2024-05-02 13:33:00,训练集,工况3,0.9996334500983145
2024-05-02 13:34:00,训练集,工况3,0.9999753297053823
2024-05-02 13:35:00,训练集,工况3,0.9999384475875457
2024-05-02 13:36:00,训练集,工况3,0.9999383799653455
2024-05-02 13:37:00,训练集,工况3,0.9999555347381593
2024-05-02 13:38:00,训练集,工况3,0.9774389318525157
2024-05-02 13:39:00,训练集,工况3,0.9999559024158867
2024-05-02 13:40:00,训练集,工况3,0.9999535874384159
2024-05-02 13:41:00,训练集,工况3,0.9999751735759854
2024-05-02 13:42:00,训练集,工况3,0.9999825823981714
2024-05-02 13:43:00,训练集,工况3,0.9998119568566871
2024-05-02 13:44:00,训练集,工况3,0.9999033350516879
2024-05-02 13:45:00,训练集,工况3,0.9979859831374257
2024-05-02 13:46:00,训练集,工况3,0.999062023911056
2024-05-02 13:47:00,训练集,工况3,0.9999594728346242
2024-05-02 13:48:00,训练集,工况3,0.9999935296849998
2024-05-02 13:49:00,训练集,工况3,0.999995537189924
2024-05-02 13:50:00,训练集,工况3,0.9998107665797661
2024-05-02 13:51:00,训练集,工况3,0.999990483746402
2024-05-02 13:52:00,训练集,工况3,0.9999933752985816
2024-05-02 13:53:00,训练集,工况3,0.9998097915992897
2024-05-02 13:54:00,训练集,工况3,0.9996658734375407
2024-05-02 13:55:00,训练集,工况3,0.999818464839794
2024-05-02 13:56:00,训练集,工况3,0.9999689918324941
2024-05-02 13:57:00,训练集,工况3,0.9998644448154206
2024-05-02 13:58:00,训练集,工况3,0.999989983640601
2024-05-02 13:59:00,训练集,工况3,0.9999090670986451
2024-05-02 14:00:00,训练集,工况6,0.7274184610799597
2024-05-02 14:01:00,训练集,工况6,0.9994049425371572
2024-05-02 14:02:00,训练集,工况6,0.9999999998781384
2024-05-02 14:03:00,训练集,工况6,0.9999500840303099
2024-05-02 14:04:00,训练集,工况6,0.9792736840865408
2024-05-02 14:05:00,训练集,工况6,0.9999999989102193
2024-05-02 14:06:00,训练集,工况6,0.9999999993584705
2024-05-02 14:07:00,训练集,工况6,0.99999126917012
2024-05-02 14:08:00,训练集,工况6,0.999988633224169
2024-05-02 14:09:00,训练集,工况6,0.9999999997896492
2024-05-02 14:10:00,训练集,工况6,0.9999999999665725
2024-05-02 14:11:00,训练集,工况6,0.9999988082232646
2024-05-02 14:12:00,训练集,工况6,0.9999993270326284
2024-05-02 14:13:00,训练集,工况6,0.9999998070493232
2024-05-02 14:14:00,训练集,工况6,0.9999998506800467
2024-05-02 14:15:00,训练集,工况6,0.9996745434973617
2024-05-02 14:16:00,训练集,工况6,0.9999999500668014
2024-05-02 14:17:00,训练集,工况6,0.9999999993905657
2024-05-02 14:18:00,训练集,工况6,0.9999999918460567
2024-05-02 14:19:00,训练集,工况6,0.9860772188579761
2024-05-02 14:20:00,训练集,工况6,0.9999988050640328
2024-05-02 14:21:00,训练集,工况6,0.9979133339196549
2024-05-02 14:22:00,训练集,工况6,0.9999701604126009
2024-05-02 14:23:00,训练集,工况6,0.9999999978221101
2024-05-02 14:24:00,训练集,工况6,0.9999998563158489
2024-05-02 14:25:00,训练集,工况6,0.9999999999992717
2024-05-02 14:26:00,训练集,工况6,0.9999999939390802
2024-05-02 14:27:00,训练集,工况6,0.9999997782528537
2024-05-02 14:28:00,训练集,工况6,0.9999999956906667
2024-05-02 14:29:00,训练集,工况6,0.9999999980354328
2024-05-02 14:30:00,训练集,工况6,0.9999997392166533
2024-05-02 14:31:00,训练集,工况6,0.9999999708069223
2024-05-02 14:32:00,训练集,工况6,0.9999969215358311
2024-05-02 14:33:00,训练集,工况6,0.9999996886687802
2024-05-02 14:34:00,训练集,工况6,0.9999999983415906
2024-05-02 14:35:00,训练集,工况6,0.999999989619254
2024-05-02 14:36:00,训练集,工况6,0.9999991224710683
2024-05-02 14:37:00,训练集,工况6,0.9999997105055788
2024-05-02 14:38:00,训练集,工况6,0.9999764072277659
2024-05-02 14:39:00,训练集,工况6,0.9999990248234759
2024-05-02 14:40:00,训练集,工况6,0.9999854599829116
2024-05-02 14:41:00,训练集,工况6,0.9999994367479502
2024-05-02 14:42:00,训练集,工况6,0.9999999936678385
2024-05-02 14:43:00,训练集,工况6,0.9999999919185445
2024-05-02 14:44:00,训练集,工况6,0.9999994901591304
2024-05-02 14:45:00,训练集,工况6,0.9999999962551547
2024-05-02 14:46:00,训练集,工况6,0.9999871816248627
2024-05-02 14:47:00,训练集,工况6,0.9999748916768498
2024-05-02 14:48:00,训练集,工况6,0.9999999993398596
2024-05-02 14:49:00,训练集,工况6,0.9999994223035776
2024-05-02 14:50:00,训练集,工况6,0.9998588138883763
2024-05-02 14:51:00,训练集,工况6,0.9999998997644047
2024-05-02 14:52:00,训练集,工况3,0.8489819741092853
2024-05-02 14:53:00,训练集,工况6,0.9998357516591211
2024-05-02 14:54:00,训练集,工况6,0.9999999994864446
2024-05-02 14:55:00,训练集,工况6,0.9999999846000139
2024-05-02 14:56:00,训练集,工况6,0.9999999988872057
2024-05-02 14:57:00,训练集,工况6,0.9999997328480169
2024-05-02 14:58:00,训练集,工况6,0.9999839654234306
2024-05-02 14:59:00,训练集,工况6,0.999750727105514
2024-05-02 15:00:00,训练集,工况6,0.9999999559515259
2024-05-02 15:01:00,训练集,工况6,0.9999911010411441
2024-05-02 15:02:00,训练集,工况6,0.9999991906375241
2024-05-02 15:03:00,训练集,工况6,0.9993662188252376
2024-05-02 15:04:00,训练集,工况3,0.5137927663376423
2024-05-02 15:05:00,训练集,工况6,0.9999993353335606
2024-05-02 15:06:00,训练集,工况6,0.9999951693577516
2024-05-02 15:07:00,训练集,工况6,0.9998718772149725
2024-05-02 15:08:00,训练集,工况6,0.999999999614614
2024-05-02 15:09:00,训练集,工况6,0.998889385514537
2024-05-02 15:10:00,训练集,工况6,0.9999997459770359
2024-05-02 15:11:00,训练集,工况6,0.9945605735598814
2024-05-02 15:12:00,训练集,工况6,0.9999999984013419
2024-05-02 15:13:00,训练集,工况6,0.9911109210151531
2024-05-02 15:14:00,训练集,工况6,0.9999999820362976
2024-05-02 15:15:00,训练集,工况6,0.999999971186035
2024-05-02 15:16:00,训练集,工况6,0.9998901927782632
2024-05-02 15:17:00,训练集,工况6,0.9999986331343373
2024-05-02 15:18:00,训练集,工况6,0.9744951435023504
2024-05-02 15:19:00,训练集,工况6,0.9999588018557163
2024-05-02 15:20:00,训练集,工况6,0.9999031878723038
2024-05-02 15:21:00,训练集,工况6,0.9840643649062804
2024-05-02 15:22:00,训练集,工况3,0.8654085193578858
2024-05-02 15:23:00,训练集,工况6,0.9999999999263371
2024-05-02 15:24:00,训练集,工况6,0.9999829016778008
2024-05-02 15:25:00,训练集,工况6,0.9999683977022816
2024-05-02 15:26:00,训练集,工况6,0.9996981992250422
2024-05-02 15:27:00,训练集,工况6,0.9933899262729641
2024-05-02 15:28:00,训练集,工况6,0.9692544429270294
2024-05-02 15:29:00,训练集,工况6,0.9999999985826218
2024-05-02 15:30:00,训练集,工况6,0.9999998548374415
2024-05-02 15:31:00,训练集,工况6,0.9782225961594104
2024-05-02 15:32:00,训练集,工况6,0.9999994479608243
2024-05-02 15:33:00,训练集,工况6,0.9968479096302867
2024-05-02 15:34:00,训练集,工况6,0.999999998210428
2024-05-02 15:35:00,训练集,工况6,0.9999924923879909
2024-05-02 15:36:00,训练集,工况6,0.9999923580466815
2024-05-02 15:37:00,训练集,工况6,0.7264253987182205
2024-05-02 15:38:00,训练集,工况6,0.9998440169993961
2024-05-02 15:39:00,训练集,工况6,0.9999787411141877
2024-05-02 15:40:00,训练集,工况6,0.9530450336731467
2024-05-02 15:41:00,训练集,工况6,0.9878075609401447
2024-05-02 15:42:00,训练集,工况6,0.9999999949476486
2024-05-02 15:43:00,训练集,工况6,0.999994820435347
2024-05-02 15:44:00,训练集,工况6,0.9999824530594058
2024-05-02 15:45:00,训练集,工况6,0.9999374885763216
2024-05-02 15:46:00,训练集,工况6,0.9999609878184864
2024-05-02 15:47:00,训练集,工况6,0.9958823714207624
2024-05-02 15:48:00,训练集,工况6,0.9999994666702384
2024-05-02 15:49:00,训练集,工况6,0.9999994384198492
2024-05-02 15:50:00,训练集,工况6,0.7632711171180102
2024-05-02 15:51:00,训练集,工况6,0.9999637600203094
2024-05-02 15:52:00,训练集,工况6,0.6990325050028584
2024-05-02 15:53:00,训练集,工况6,0.999957091052425
2024-05-02 15:54:00,训练集,工况6,0.9999909337041637
2024-05-02 15:55:00,训练集,工况6,0.9077928188834173
2024-05-02 15:56:00,训练集,工况6,0.8431330371507351
2024-05-02 15:57:00,训练集,工况6,0.9971645151360146
2024-05-02 15:58:00,训练集,工况6,0.9999658815155984
2024-05-02 15:59:00,训练集,工况6,0.9999996810605645
2024-05-02 16:00:00,训练集,工况3,0.9994797285025792
2024-05-02 16:01:00,训练集,工况3,0.9999163319274547
2024-05-02 16:02:00,训练集,工况3,0.9998625129850435
2024-05-02 16:03:00,训练集,工况3,0.9986441337250422
2024-05-02 16:04:00,训练集,工况3,0.9999787999176959
2024-05-02 16:05:00,训练集,工况3,0.999584222861641
2024-05-02 16:06:00,训练集,工况3,0.9922087793815659
2024-05-02 16:07:00,训练集,工况3,0.9980490165557879
2024-05-02 16:08:00,训练集,工况3,0.9997997256772766
2024-05-02 16:09:00,训练集,工况3,0.9878946188390549
2024-05-02 16:10:00,训练集,工况3,0.9998531559584536
2024-05-02 16:11:00,训练集,工况3,0.9997853372073771
2024-05-02 16:12:00,训练集,工况3,0.9994911033631643
2024-05-02 16:13:00,训练集,工况3,0.9997712392785089
2024-05-02 16:14:00,训练集,工况3,0.9986623447363285
2024-05-02 16:15:00,训练集,工况3,0.9999797971933679
2024-05-02 16:16:00,训练集,工况3,0.9985150016795977
2024-05-02 16:17:00,训练集,工况3,0.9995438140895541
2024-05-02 16:18:00,训练集,工况3,0.9999261445375516
2024-05-02 16:19:00,训练集,工况3,0.9991974583401444
2024-05-02 16:20:00,训练集,工况3,0.9988554096997244
2024-05-02 16:21:00,训练集,工况3,0.9999895216320309
2024-05-02 16:22:00,训练集,工况3,0.999897089004059
2024-05-02 16:23:00,训练集,工况3,0.9999443973356559
2024-05-02 16:24:00,训练集,工况3,0.9944944245082447
2024-05-02 16:25:00,训练集,工况3,0.999587958648209
2024-05-02 16:26:00,训练集,工况3,0.9997988670996415
2024-05-02 16:27:00,训练集,工况3,0.9999062517475995
2024-05-02 16:28:00,训练集,工况3,0.9999839884223486
2024-05-02 16:29:00,训练集,工况3,0.9991882832251086
2024-05-02 16:30:00,训练集,工况3,0.9999579787826841
2024-05-02 16:31:00,训练集,工况3,0.9966506748928904
2024-05-02 16:32:00,训练集,工况3,0.9998936710577033
2024-05-02 16:33:00,训练集,工况3,0.9969863515287012
2024-05-02 16:34:00,训练集,工况3,0.999938923336002
2024-05-02 16:35:00,训练集,工况3,0.9995073007722585
2024-05-02 16:36:00,训练集,工况3,0.9994564278570012
2024-05-02 16:37:00,训练集,工况3,0.9837308014179857
2024-05-02 16:38:00,训练集,工况3,0.9974263381110356
2024-05-02 16:39:00,训练集,工况3,0.9916312979250103
2024-05-02 16:40:00,训练集,工况3,0.999539192290848
2024-05-02 16:41:00,训练集,工况3,0.9999074429914
2024-05-02 16:42:00,训练集,工况3,0.9983419432141357
2024-05-02 16:43:00,训练集,工况3,0.9999401881891458
2024-05-02 16:44:00,训练集,工况3,0.9996214583662452
2024-05-02 16:45:00,训练集,工况3,0.9994006417648832
2024-05-02 16:46:00,训练集,工况3,0.9999628048817346
2024-05-02 16:47:00,训练集,工况3,0.9816452859181279
2024-05-02 16:48:00,训练集,工况3,0.9895653753136332
2024-05-02 16:49:00,训练集,工况3,0.9980088416508829
2024-05-02 16:50:00,训练集,工况3,0.9965873298811927
2024-05-02 16:51:00,训练集,工况3,0.9987003810936846
2024-05-02 16:52:00,训练集,工况3,0.9988780261804132
2024-05-02 16:53:00,训练集,工况3,0.9884300523333144
2024-05-02 16:54:00,训练集,工况3,0.9981410832939879
2024-05-02 16:55:00,训练集,工况3,0.9999862017410052
2024-05-02 16:56:00,训练集,工况3,0.9931607537978439
2024-05-02 16:57:00,训练集,工况3,0.9985628578583762
2024-05-02 16:58:00,训练集,工况3,0.9998894943809973
2024-05-02 16:59:00,训练集,工况3,0.9999491959541815
2024-05-02 17:00:00,训练集,工况3,0.9999079708521422
2024-05-02 17:01:00,训练集,工况3,0.9999387470886272
2024-05-02 17:02:00,训练集,工况3,0.9994294137789528
2024-05-02 17:03:00,训练集,工况3,0.9944316258947212
2024-05-02 17:04:00,训练集,工况3,0.9997242127016966
2024-05-02 17:05:00,训练集,工况3,0.9998550494425618
2024-05-02 17:06:00,训练集,工况3,0.9973754428565528
2024-05-02 17:07:00,训练集,工况3,0.9983416676683582
2024-05-02 17:08:00,训练集,工况3,0.9996687389092459
2024-05-02 17:09:00,训练集,工况3,0.9945272598092294
2024-05-02 17:10:00,训练集,工况3,0.999492852312628
2024-05-02 17:11:00,训练集,工况3,0.9978094675532294
2024-05-02 17:12:00,训练集,工况3,0.9915178190295649
2024-05-02 17:13:00,训练集,工况3,0.9654772755007929
2024-05-02 17:14:00,训练集,工况3,0.9998685024563666
2024-05-02 17:15:00,训练集,工况3,0.9999861794512432
2024-05-02 17:16:00,训练集,工况3,0.9981325263220631
2024-05-02 17:17:00,训练集,工况3,0.9997529243422857
2024-05-02 17:18:00,训练集,工况3,0.998091916003815
2024-05-02 17:19:00,训练集,工况3,0.9999872529627829
2024-05-02 17:20:00,训练集,工况3,0.9960037052545393
2024-05-02 17:21:00,训练集,工况3,0.9996457162256773
2024-05-02 17:22:00,训练集,工况3,0.9991398322442794
2024-05-02 17:23:00,训练集,工况3,0.9937609079205245
2024-05-02 17:24:00,训练集,工况3,0.9992863372969288
2024-05-02 17:25:00,训练集,工况3,0.9997101320546216
2024-05-02 17:26:00,训练集,工况3,0.9791402976985554
2024-05-02 17:27:00,训练集,工况3,0.9849261195240748
2024-05-02 17:28:00,训练集,工况3,0.9998545673500071
2024-05-02 17:29:00,训练集,工况3,0.9320058994621384
2024-05-02 17:30:00,训练集,工况3,0.9997970549158847
2024-05-02 17:31:00,训练集,工况3,0.9897973134686824
2024-05-02 17:32:00,训练集,工况3,0.9932402686271665
2024-05-02 17:33:00,训练集,工况3,0.9999325415799712
2024-05-02 17:34:00,训练集,工况3,0.9281564170385045
2024-05-02 17:35:00,训练集,工况3,0.9998091532087185
2024-05-02 17:36:00,训练集,工况3,0.9794669755239438
2024-05-02 17:37:00,训练集,工况3,0.9980701090720233
2024-05-02 17:38:00,训练集,工况3,0.9999587258444654
2024-05-02 17:39:00,训练集,工况3,0.9995630774015669
2024-05-02 17:40:00,训练集,工况3,0.9993438234970343
2024-05-02 17:41:00,训练集,工况3,0.9931342529928003
2024-05-02 17:42:00,训练集,工况3,0.9977929257991528
2024-05-02 17:43:00,训练集,工况3,0.9379985590455868
2024-05-02 17:44:00,训练集,工况3,0.9950310072132138
2024-05-02 17:45:00,训练集,工况3,0.9863562424094382
2024-05-02 17:46:00,训练集,工况5,0.7754468699818153
2024-05-02 17:47:00,训练集,工况3,0.9996239348993723
2024-05-02 17:48:00,训练集,工况3,0.9972952049113515
2024-05-02 17:49:00,训练集,工况3,0.9387075007527725
2024-05-02 17:50:00,训练集,工况3,0.9998724313514107
2024-05-02 17:51:00,训练集,工况3,0.9414312893533265
2024-05-02 17:52:00,训练集,工况3,0.9912530226207928
2024-05-02 17:53:00,训练集,工况4,0.6059650318019054
2024-05-02 17:54:00,训练集,工况3,0.9550630156267061
2024-05-02 17:55:00,训练集,工况3,0.9997745472975226
2024-05-02 17:56:00,训练集,工况3,0.9982429571943666
2024-05-02 17:57:00,训练集,工况3,0.7084415937752987
2024-05-02 17:58:00,训练集,工况3,0.9727819400366766
2024-05-02 17:59:00,训练集,工况3,0.9705645063251196
2024-05-02 18:00:00,训练集,工况3,0.9692776774565073
2024-05-02 18:01:00,训练集,工况3,0.9269884547442984
2024-05-02 18:02:00,训练集,工况3,0.9989120968161705
2024-05-02 18:03:00,训练集,工况3,0.9971560056672651
2024-05-02 18:04:00,训练集,工况3,0.9955718180819146
2024-05-02 18:05:00,训练集,工况3,0.9975829322784057
2024-05-02 18:06:00,训练集,工况3,0.9990251911067338
2024-05-02 18:07:00,训练集,工况3,0.9951447054566546
2024-05-02 18:08:00,训练集,工况3,0.9992903139354643
2024-05-02 18:09:00,训练集,工况3,0.9557363832657512
2024-05-02 18:10:00,训练集,工况3,0.9987914356050577
2024-05-02 18:11:00,训练集,工况3,0.7773981029532384
2024-05-02 18:12:00,训练集,工况3,0.9999220719345547
2024-05-02 18:13:00,训练集,工况3,0.8054123659274154
2024-05-02 18:14:00,训练集,工况3,0.9912870233073702
2024-05-02 18:15:00,训练集,工况3,0.9739176318720766
2024-05-02 18:16:00,训练集,工况3,0.920237952760309
2024-05-02 18:17:00,训练集,工况3,0.9962587888104875
2024-05-02 18:18:00,训练集,工况3,0.9131600840875661
2024-05-02 18:19:00,训练集,工况3,0.995449119935216
2024-05-02 18:20:00,训练集,工况3,0.9925743555183789
2024-05-02 18:21:00,训练集,工况3,0.962958581171177
2024-05-02 18:22:00,训练集,工况3,0.9980844868181724
2024-05-02 18:23:00,训练集,工况3,0.9872677828402991
2024-05-02 18:24:00,训练集,工况3,0.9999849600932088
2024-05-02 18:25:00,训练集,工况3,0.9984541125441717
2024-05-02 18:26:00,训练集,工况3,0.9627482180301591
2024-05-02 18:27:00,训练集,工况3,0.9923059129291957
2024-05-02 18:28:00,训练集,工况3,0.9988900656604062
2024-05-02 18:29:00,训练集,工况3,0.9994149376143159
2024-05-02 18:30:00,训练集,工况4,0.8299346700268271
2024-05-02 18:31:00,训练集,工况3,0.94346664769082
2024-05-02 18:32:00,训练集,工况3,0.9994591193269201
2024-05-02 18:33:00,训练集,工况3,0.9996217857967973
2024-05-02 18:34:00,训练集,工况3,0.9719380383157165
2024-05-02 18:35:00,训练集,工况3,0.9911528024974794
2024-05-02 18:36:00,训练集,工况4,0.8224418520646793
2024-05-02 18:37:00,训练集,工况3,0.979345699917707
2024-05-02 18:38:00,训练集,工况3,0.984673372481202
2024-05-02 18:39:00,训练集,工况3,0.999614770140008
2024-05-02 18:40:00,训练集,工况3,0.9958335858175087
2024-05-02 18:41:00,训练集,工况3,0.9970367732951958
2024-05-02 18:42:00,训练集,工况3,0.9731881637696098
2024-05-02 18:43:00,训练集,工况3,0.896922817450226
2024-05-02 18:44:00,训练集,工况3,0.9381236060850809
2024-05-02 18:45:00,训练集,工况4,0.6383314312597214
2024-05-02 18:46:00,训练集,工况3,0.7522625009219136
2024-05-02 18:47:00,训练集,工况3,0.9987695138777353
2024-05-02 18:48:00,训练集,工况3,0.9999258850541907
2024-05-02 18:49:00,训练集,工况3,0.6265821613362634
2024-05-02 18:50:00,训练集,工况3,0.9499240986703257
2024-05-02 18:51:00,训练集,工况3,0.9950467769016504
2024-05-02 18:52:00,训练集,工况3,0.8825168781217171
2024-05-02 18:53:00,训练集,工况3,0.9831872159525035
2024-05-02 18:54:00,训练集,工况3,0.9824298493978001
2024-05-02 18:55:00,训练集,工况4,0.5441128521389669
2024-05-02 18:56:00,训练集,工况3,0.9565524839298666
2024-05-02 18:57:00,训练集,工况3,0.9987009526500974
2024-05-02 18:58:00,训练集,工况3,0.9876161896142354
2024-05-02 18:59:00,训练集,工况3,0.9543946956083081
2024-05-02 19:00:00,训练集,工况3,0.9962946981801101
2024-05-02 19:01:00,训练集,工况3,0.9958828222190093
2024-05-02 19:02:00,训练集,工况3,0.9976407458271982
2024-05-02 19:03:00,训练集,工况3,0.9980408193929879
2024-05-02 19:04:00,训练集,工况3,0.9981633872383283
2024-05-02 19:05:00,训练集,工况3,0.9883229527767031
2024-05-02 19:06:00,训练集,工况3,0.8555885993179522
2024-05-02 19:07:00,训练集,工况3,0.9758641794910828
2024-05-02 19:08:00,训练集,工况3,0.8983033042500804
2024-05-02 19:09:00,训练集,工况3,0.9987991615651853
2024-05-02 19:10:00,训练集,工况3,0.9979111406301621
2024-05-02 19:11:00,训练集,工况3,0.9550559092566734
2024-05-02 19:12:00,训练集,工况3,0.9900343999805298
2024-05-02 19:13:00,训练集,工况3,0.9929979574506528
2024-05-02 19:14:00,训练集,工况3,0.9998404968043145
2024-05-02 19:15:00,训练集,工况3,0.7562310742277625
2024-05-02 19:16:00,训练集,工况3,0.6805168548379258
2024-05-02 19:17:00,训练集,工况3,0.9859510465047324
2024-05-02 19:18:00,训练集,工况3,0.9346932378203326
2024-05-02 19:19:00,训练集,工况3,0.8639221520025374
2024-05-02 19:20:00,训练集,工况4,0.5221323468368396
2024-05-02 19:21:00,训练集,工况3,0.9770979256731702
2024-05-02 19:22:00,训练集,工况3,0.7952327756127038
2024-05-02 19:23:00,训练集,工况3,0.9671739178718562
2024-05-02 19:24:00,训练集,工况3,0.9820387754498265
2024-05-02 19:25:00,训练集,工况4,0.6114508853071257
2024-05-02 19:26:00,训练集,工况3,0.9992894051140275
2024-05-02 19:27:00,训练集,工况3,0.8254696278648629
2024-05-02 19:28:00,训练集,工况3,0.9006596043511922
2024-05-02 19:29:00,训练集,工况3,0.9876632597611069
2024-05-02 19:30:00,训练集,工况3,0.9986646174121686
2024-05-02 19:31:00,训练集,工况3,0.8612309502942906
2024-05-02 19:32:00,训练集,工况3,0.9852043688391608
2024-05-02 19:33:00,训练集,工况3,0.9731481541348909
2024-05-02 19:34:00,训练集,工况3,0.9978152994336811
2024-05-02 19:35:00,训练集,工况3,0.9810967476339422
2024-05-02 19:36:00,训练集,工况4,0.6674807871100844
2024-05-02 19:37:00,训练集,工况3,0.9847796502720013
2024-05-02 19:38:00,训练集,工况3,0.9990963345429178
2024-05-02 19:39:00,训练集,工况3,0.9998013992993453
2024-05-02 19:40:00,训练集,工况3,0.9980840237067188
2024-05-02 19:41:00,训练集,工况3,0.9849533072077017
2024-05-02 19:42:00,训练集,工况3,0.9963947092448083
2024-05-02 19:43:00,训练集,工况3,0.9004144832136713
2024-05-02 19:44:00,训练集,工况3,0.9854096528623099
2024-05-02 19:45:00,训练集,工况3,0.5349368821257955
2024-05-02 19:46:00,训练集,工况3,0.9983407550944485
2024-05-02 19:47:00,训练集,工况3,0.9991600440332046
2024-05-02 19:48:00,训练集,工况4,0.9672496339950569
2024-05-02 19:49:00,训练集,工况3,0.7810757747275533
2024-05-02 19:50:00,训练集,工况3,0.9928956720099134
2024-05-02 19:51:00,训练集,工况3,0.8991979395812881
2024-05-02 19:52:00,训练集,工况3,0.9453635112716582
2024-05-02 19:53:00,训练集,工况3,0.9491207165822401
2024-05-02 19:54:00,训练集,工况3,0.9975192876540687
2024-05-02 19:55:00,训练集,工况3,0.9983927739059527
2024-05-02 19:56:00,训练集,工况3,0.9842867184566113
2024-05-02 19:57:00,训练集,工况3,0.9964661362456411
2024-05-02 19:58:00,训练集,工况4,0.8584066140327827
2024-05-02 19:59:00,训练集,工况3,0.9896607421844426
2024-05-02 20:00:00,训练集,工况3,0.9995747542349079
2024-05-02 20:01:00,训练集,工况3,0.9549291102056524
2024-05-02 20:02:00,训练集,工况3,0.9673381225643827
2024-05-02 20:03:00,训练集,工况3,0.8698982924696742
2024-05-02 20:04:00,训练集,工况4,0.5277102450271588
2024-05-02 20:05:00,训练集,工况3,0.509197915048694
2024-05-02 20:06:00,训练集,工况3,0.6894148054684321
2024-05-02 20:07:00,训练集,工况3,0.6349374446674954
2024-05-02 20:08:00,训练集,工况3,0.9272914482996087
2024-05-02 20:09:00,训练集,工况3,0.973968497007574
2024-05-02 20:10:00,训练集,工况3,0.9874631548462693
2024-05-02 20:11:00,训练集,工况3,0.9724603082037142
2024-05-02 20:12:00,训练集,工况3,0.9960052472608084
2024-05-02 20:13:00,训练集,工况4,0.9229133906914199
2024-05-02 20:14:00,训练集,工况3,0.9111939406223357
2024-05-02 20:15:00,训练集,工况3,0.9622413605071729
2024-05-02 20:16:00,训练集,工况3,0.9393131375779625
2024-05-02 20:17:00,训练集,工况3,0.9891393528047374
2024-05-02 20:18:00,训练集,工况1,0.9257520271446348
2024-05-02 20:19:00,训练集,工况3,0.6007433269133083
2024-05-02 20:20:00,训练集,工况3,0.958009028177633
2024-05-02 20:21:00,训练集,工况4,0.8125685697969013
2024-05-02 20:22:00,训练集,工况3,0.901526276779238
2024-05-02 20:23:00,训练集,工况3,0.8488305721431391
2024-05-02 20:24:00,训练集,工况4,0.5868532620147002
2024-05-02 20:25:00,训练集,工况3,0.7161280350194761
2024-05-02 20:26:00,训练集,工况4,0.49288661940028117
2024-05-02 20:27:00,训练集,工况3,0.9358470041612927
2024-05-02 20:28:00,训练集,工况3,0.9677584858506361
2024-05-02 20:29:00,训练集,工况3,0.9939124224873551
2024-05-02 20:30:00,训练集,工况3,0.9623183869368106
2024-05-02 20:31:00,训练集,工况4,0.8194763365658511
2024-05-02 20:32:00,训练集,工况3,0.9792679133579392
2024-05-02 20:33:00,训练集,工况3,0.7633150577836285
2024-05-02 20:34:00,训练集,工况3,0.9892049602759074
2024-05-02 20:35:00,训练集,工况3,0.8153726724269604
2024-05-02 20:36:00,训练集,工况3,0.9238974641724165
2024-05-02 20:37:00,训练集,工况3,0.6964187883295238
2024-05-02 20:38:00,训练集,工况3,0.6764691081293992
2024-05-02 20:39:00,训练集,工况3,0.868847365476758
2024-05-02 20:40:00,训练集,工况4,0.8567289477299816
2024-05-02 20:41:00,训练集,工况4,0.6431178817652153
2024-05-02 20:42:00,训练集,工况3,0.9376402662882909
2024-05-02 20:43:00,训练集,工况3,0.9770765540775004
2024-05-02 20:44:00,训练集,工况3,0.9533504149477537
2024-05-02 20:45:00,训练集,工况3,0.7387161126662567
2024-05-02 20:46:00,训练集,工况3,0.8836806738609773
2024-05-02 20:47:00,训练集,工况4,0.5113977397802131
2024-05-02 20:48:00,训练集,工况3,0.9588884080491503
2024-05-02 20:49:00,训练集,工况3,0.958913429814364
2024-05-02 20:50:00,训练集,工况4,0.8582736995520748
2024-05-02 20:51:00,训练集,工况3,0.667295318187241
2024-05-02 20:52:00,训练集,工况3,0.6797399180822298
2024-05-02 20:53:00,训练集,工况3,0.5951404250775897
2024-05-02 20:54:00,训练集,工况3,0.9536456618234429
2024-05-02 20:55:00,训练集,工况4,0.5095746372842673
2024-05-02 20:56:00,训练集,工况3,0.9957914980784925
2024-05-02 20:57:00,训练集,工况4,0.9078355063713129
2024-05-02 20:58:00,训练集,工况3,0.9994637885289616
2024-05-02 20:59:00,训练集,工况3,0.9751047052976269
2024-05-02 21:00:00,训练集,工况3,0.6078770465346273
2024-05-02 21:01:00,训练集,工况3,0.993176783658781
2024-05-02 21:02:00,训练集,工况3,0.9920831145101923
2024-05-02 21:03:00,训练集,工况3,0.991243186946613
2024-05-02 21:04:00,训练集,工况3,0.935126983125703
2024-05-02 21:05:00,训练集,工况3,0.5615612119277203
2024-05-02 21:06:00,训练集,工况3,0.8540761997942199
2024-05-02 21:07:00,训练集,工况3,0.9951150655962786
2024-05-02 21:08:00,训练集,工况3,0.935283499207985
2024-05-02 21:09:00,训练集,工况3,0.8615519198490231
2024-05-02 21:10:00,训练集,工况4,0.5862868643254612
2024-05-02 21:11:00,训练集,工况3,0.768267199208667
2024-05-02 21:12:00,训练集,工况4,0.643212789451042
2024-05-02 21:13:00,训练集,工况3,0.6679200735493891
2024-05-02 21:14:00,训练集,工况4,0.6687925435958461
2024-05-02 21:15:00,训练集,工况4,0.8168162591470244
2024-05-02 21:16:00,训练集,工况3,0.987073394522711
2024-05-02 21:17:00,训练集,工况3,0.9475713372746731
2024-05-02 21:18:00,训练集,工况3,0.9933710107760718
2024-05-02 21:19:00,训练集,工况4,0.9207915978146697
2024-05-02 21:20:00,训练集,工况3,0.7169373757791233
2024-05-02 21:21:00,训练集,工况3,0.9305621362564341
2024-05-02 21:22:00,训练集,工况4,0.5992367610927569
2024-05-02 21:23:00,训练集,工况3,0.945558297635611
2024-05-02 21:24:00,训练集,工况3,0.9927498467886062
2024-05-02 21:25:00,训练集,工况3,0.987326746201729
2024-05-02 21:26:00,训练集,工况3,0.9346470672420841
2024-05-02 21:27:00,训练集,工况3,0.9083497363078679
2024-05-02 21:28:00,训练集,工况3,0.6575126861610521
2024-05-02 21:29:00,训练集,工况3,0.526383994607963
2024-05-02 21:30:00,训练集,工况3,0.7963821350676423
2024-05-02 21:31:00,训练集,工况3,0.9975201867093375
2024-05-02 21:32:00,训练集,工况3,0.6726474688887819
2024-05-02 21:33:00,训练集,工况4,0.8408027176940309
2024-05-02 21:34:00,训练集,工况3,0.6839465952408941
2024-05-02 21:35:00,训练集,工况3,0.8114771267906562
2024-05-02 21:36:00,训练集,工况3,0.6106077901964722
2024-05-02 21:37:00,训练集,工况4,0.722131005035064
2024-05-02 21:38:00,训练集,工况3,0.9705764976651859
2024-05-02 21:39:00,训练集,工况3,0.6364184359516443
2024-05-02 21:40:00,训练集,工况4,0.7732607259614493
2024-05-02 21:41:00,训练集,工况3,0.9542827077794807
2024-05-02 21:42:00,训练集,工况4,0.6213263996762115
2024-05-02 21:43:00,训练集,工况4,0.9362517103047324
2024-05-02 21:44:00,训练集,工况3,0.7746539721935995
2024-05-02 21:45:00,训练集,工况4,0.6129700454353776
2024-05-02 21:46:00,训练集,工况3,0.7852198214225979
2024-05-02 21:47:00,训练集,工况3,0.9411018364707376
2024-05-02 21:48:00,训练集,工况3,0.7069281211734987
2024-05-02 21:49:00,训练集,工况3,0.9275408432186201
2024-05-02 21:50:00,训练集,工况4,0.7644483818679674
2024-05-02 21:51:00,训练集,工况3,0.9817667325238049
2024-05-02 21:52:00,训练集,工况3,0.5986849531672367
2024-05-02 21:53:00,训练集,工况4,0.9966350317406975
2024-05-02 21:54:00,训练集,工况4,0.5942315090205267
2024-05-02 21:55:00,训练集,工况3,0.8817227275565002
2024-05-02 21:56:00,训练集,工况3,0.9356906305508459
2024-05-02 21:57:00,训练集,工况3,0.6986971353089662
2024-05-02 21:58:00,训练集,工况4,0.8231288635936932
2024-05-02 21:59:00,训练集,工况4,0.5186757109061972
2024-05-02 22:00:00,训练集,工况3,0.7779609642434054
2024-05-02 22:01:00,训练集,工况3,0.8700254094209325
2024-05-02 22:02:00,训练集,工况3,0.5170726000475325
2024-05-02 22:03:00,训练集,工况4,0.511744455659808
2024-05-02 22:04:00,训练集,工况4,0.9917442666610333
2024-05-02 22:05:00,训练集,工况4,0.5576957193125051
2024-05-02 22:06:00,训练集,工况4,0.9548557760973516
2024-05-02 22:07:00,训练集,工况3,0.9525236869663138
2024-05-02 22:08:00,训练集,工况3,0.938956776208831
2024-05-02 22:09:00,训练集,工况3,0.8968575778183775
2024-05-02 22:10:00,训练集,工况4,0.9596682829196718
2024-05-02 22:11:00,训练集,工况4,0.989335632374798
2024-05-02 22:12:00,训练集,工况3,0.8227283014050386
2024-05-02 22:13:00,训练集,工况3,0.5244834487176024
2024-05-02 22:14:00,训练集,工况3,0.813983281519086
2024-05-02 22:15:00,训练集,工况3,0.9627950347307102
2024-05-02 22:16:00,训练集,工况4,0.9610834491168265
2024-05-02 22:17:00,训练集,工况4,0.751724082675937
2024-05-02 22:18:00,训练集,工况4,0.6320713154491443
2024-05-02 22:19:00,训练集,工况3,0.5501812238772602
2024-05-02 22:20:00,训练集,工况4,0.8527042314094994
2024-05-02 22:21:00,训练集,工况3,0.5467003905849029
2024-05-02 22:22:00,训练集,工况4,0.9258899956418402
2024-05-02 22:23:00,训练集,工况3,0.8794737854633274
2024-05-02 22:24:00,训练集,工况4,0.563379463358187
2024-05-02 22:25:00,训练集,工况4,0.7275769649628344
2024-05-02 22:26:00,训练集,工况4,0.8581870670092117
2024-05-02 22:27:00,训练集,工况4,0.836481426320162
2024-05-02 22:28:00,训练集,工况4,0.9625934378096929
2024-05-02 22:29:00,训练集,工况3,0.9128440026630061
2024-05-02 22:30:00,训练集,工况4,0.6263668661136629
2024-05-02 22:31:00,训练集,工况4,0.8596452889870246
2024-05-02 22:32:00,训练集,工况4,0.7648113695269033
2024-05-02 22:33:00,训练集,工况4,0.9297064340830509
2024-05-02 22:34:00,训练集,工况3,0.8504459827433822
2024-05-02 22:35:00,训练集,工况3,0.7971697221444718
2024-05-02 22:36:00,训练集,工况3,0.9813116825396552
2024-05-02 22:37:00,训练集,工况4,0.967957174895257
2024-05-02 22:38:00,训练集,工况4,0.9591079341677247
2024-05-02 22:39:00,训练集,工况4,0.9938694952895066
2024-05-02 22:40:00,训练集,工况4,0.6798810376109454
2024-05-02 22:41:00,训练集,工况3,0.993760379960804
2024-05-02 22:42:00,训练集,工况3,0.7965105053136742
2024-05-02 22:43:00,训练集,工况4,0.8724523899025967
2024-05-02 22:44:00,训练集,工况4,0.7811700283955147
2024-05-02 22:45:00,训练集,工况4,0.818489654189705
2024-05-02 22:46:00,训练集,工况4,0.864289027117555
2024-05-02 22:47:00,训练集,工况4,0.8953699695533086
2024-05-02 22:48:00,训练集,工况3,0.5867225970567833
2024-05-02 22:49:00,训练集,工况3,0.5158468068077962
2024-05-02 22:50:00,训练集,工况4,0.9584355561767202
2024-05-02 22:51:00,训练集,工况4,0.6230668217101388
2024-05-02 22:52:00,训练集,工况3,0.9672424319394286
2024-05-02 22:53:00,训练集,工况3,0.6176304942050449
2024-05-02 22:54:00,训练集,工况3,0.9759810799554918
2024-05-02 22:55:00,训练集,工况4,0.8486327906725883
2024-05-02 22:56:00,训练集,工况4,0.8326713829521659
2024-05-02 22:57:00,训练集,工况4,0.6537022519955547
2024-05-02 22:58:00,训练集,工况3,0.9055475183298876
2024-05-02 22:59:00,训练集,工况4,0.977579806903232
2024-05-02 23:00:00,训练集,工况4,0.5725675734878872
2024-05-02 23:01:00,训练集,工况4,0.6890470824061491
2024-05-02 23:02:00,训练集,工况4,0.996581520238597
2024-05-02 23:03:00,训练集,工况4,0.9655919748782601
2024-05-02 23:04:00,训练集,工况3,0.8954313747500827
2024-05-02 23:05:00,训练集,工况3,0.9350216604840885
2024-05-02 23:06:00,训练集,工况3,0.6798960372111732
2024-05-02 23:07:00,训练集,工况3,0.7304935062700737
2024-05-02 23:08:00,训练集,工况4,0.9671668211529465
2024-05-02 23:09:00,训练集,工况4,0.9106223221181148
2024-05-02 23:10:00,训练集,工况4,0.9350274160744801
2024-05-02 23:11:00,训练集,工况4,0.6357162062356407
2024-05-02 23:12:00,训练集,工况4,0.9584968826678295
2024-05-02 23:13:00,训练集,工况4,0.998982491996186
2024-05-02 23:14:00,训练集,工况4,0.6879345308292402
2024-05-02 23:15:00,训练集,工况4,0.9774058120009971
2024-05-02 23:16:00,训练集,工况3,0.6750915004859263
2024-05-02 23:17:00,训练集,工况3,0.8458085835597692
2024-05-02 23:18:00,训练集,工况3,0.8733700010988066
2024-05-02 23:19:00,训练集,工况3,0.6789494265758864
2024-05-02 23:20:00,训练集,工况3,0.8176249308994905
2024-05-02 23:21:00,训练集,工况4,0.9661860570358803
2024-05-02 23:22:00,训练集,工况3,0.5624683474662625
2024-05-02 23:23:00,训练集,工况3,0.9480854673087866
2024-05-02 23:24:00,训练集,工况4,0.8823857592723466
2024-05-02 23:25:00,训练集,工况4,0.9747157193083653
2024-05-02 23:26:00,训练集,工况4,0.995442654658946
2024-05-02 23:27:00,训练集,工况4,0.9673843027981521
2024-05-02 23:28:00,训练集,工况3,0.7385858032479686
2024-05-02 23:29:00,训练集,工况3,0.936109002124968
2024-05-02 23:30:00,训练集,工况4,0.6746221738545057
2024-05-02 23:31:00,训练集,工况4,0.7686157068871469
2024-05-02 23:32:00,训练集,工况4,0.9904569701143163
2024-05-02 23:33:00,训练集,工况4,0.7204367187057179
2024-05-02 23:34:00,训练集,工况4,0.9891177060001115
2024-05-02 23:35:00,训练集,工况4,0.5124283131524348
2024-05-02 23:36:00,训练集,工况4,0.9918103692515635
2024-05-02 23:37:00,训练集,工况4,0.9822165091804809
2024-05-02 23:38:00,训练集,工况3,0.9795456622572191
2024-05-02 23:39:00,训练集,工况4,0.9988916059267658
2024-05-02 23:40:00,训练集,工况4,0.9557467254356002
2024-05-02 23:41:00,训练集,工况4,0.9976436744952477
2024-05-02 23:42:00,训练集,工况4,0.750491682826714
2024-05-02 23:43:00,训练集,工况4,0.9867621074349109
2024-05-02 23:44:00,训练集,工况4,0.5020143855044563
2024-05-02 23:45:00,训练集,工况4,0.9972859028880315
2024-05-02 23:46:00,训练集,工况4,0.9961235486738282
2024-05-02 23:47:00,训练集,工况4,0.6269205503985709
2024-05-02 23:48:00,训练集,工况4,0.9994726656624278
2024-05-02 23:49:00,训练集,工况4,0.870085495088412
2024-05-02 23:50:00,训练集,工况4,0.9717005842940318
2024-05-02 23:51:00,训练集,工况3,0.6807316341812858
2024-05-02 23:52:00,训练集,工况4,0.9997646006695666
2024-05-02 23:53:00,训练集,工况3,0.5039055546569032
2024-05-02 23:54:00,训练集,工况4,0.9985502222268299
2024-05-02 23:55:00,训练集,工况4,0.744974327562374
2024-05-02 23:56:00,训练集,工况4,0.8476044239108909
2024-05-02 23:57:00,训练集,工况4,0.9929748841612717
2024-05-02 23:58:00,训练集,工况4,0.9977361298913572
2024-05-02 23:59:00,训练集,工况4,0.5463910236710975
2024-05-03 00:00:00,训练集,工况4,0.9961326997011155
2024-05-03 00:01:00,训练集,工况4,0.9966720471185816
2024-05-03 00:02:00,训练集,工况4,0.6915796620205371
2024-05-03 00:03:00,训练集,工况4,0.9994354901203405
2024-05-03 00:04:00,训练集,工况4,0.543257217425171
2024-05-03 00:05:00,训练集,工况4,0.8151035330361796
2024-05-03 00:06:00,训练集,工况4,0.9904654903168589
2024-05-03 00:07:00,训练集,工况4,0.8754028127899218
2024-05-03 00:08:00,训练集,工况4,0.9762287855045108
2024-05-03 00:09:00,训练集,工况4,0.9918041073291671
2024-05-03 00:10:00,训练集,工况4,0.8665710385658414
2024-05-03 00:11:00,训练集,工况4,0.9938654101433201
2024-05-03 00:12:00,训练集,工况4,0.8199756220109746
2024-05-03 00:13:00,训练集,工况4,0.9742691190143096
2024-05-03 00:14:00,训练集,工况4,0.9980941635818794
2024-05-03 00:15:00,训练集,工况5,0.9899350754900694
2024-05-03 00:16:00,训练集,工况4,0.9966134587436273
2024-05-03 00:17:00,训练集,工况4,0.8294294065956151
2024-05-03 00:18:00,训练集,工况4,0.9932641864271374
2024-05-03 00:19:00,训练集,工况4,0.8713958175355623
2024-05-03 00:20:00,训练集,工况4,0.5983902300549878
2024-05-03 00:21:00,训练集,工况4,0.9779308502970895
2024-05-03 00:22:00,训练集,工况4,0.9222610869713382
2024-05-03 00:23:00,训练集,工况4,0.9985142467756913
2024-05-03 00:24:00,训练集,工况4,0.9968760017623288
2024-05-03 00:25:00,训练集,工况3,0.7926961739232198
2024-05-03 00:26:00,训练集,工况4,0.8241817742382542
2024-05-03 00:27:00,训练集,工况4,0.5107418078440106
2024-05-03 00:28:00,训练集,工况4,0.9286019517299262
2024-05-03 00:29:00,训练集,工况4,0.9866218648346781
2024-05-03 00:30:00,训练集,工况4,0.9489461058051176
2024-05-03 00:31:00,训练集,工况4,0.8792825777997157
2024-05-03 00:32:00,训练集,工况4,0.9996749144881057
2024-05-03 00:33:00,训练集,工况3,0.8848339124575358
2024-05-03 00:34:00,训练集,工况4,0.999202888084029
2024-05-03 00:35:00,训练集,工况4,0.591459914036027
2024-05-03 00:36:00,训练集,工况4,0.9933729938997058
2024-05-03 00:37:00,训练集,工况4,0.9150779285169693
2024-05-03 00:38:00,训练集,工况4,0.9998490095929761
2024-05-03 00:39:00,训练集,工况4,0.5707611463071202
2024-05-03 00:40:00,训练集,工况4,0.9777642072945265
2024-05-03 00:41:00,训练集,工况4,0.9442710590477259
2024-05-03 00:42:00,训练集,工况4,0.7775962198174304
2024-05-03 00:43:00,训练集,工况4,0.7817758610711184
2024-05-03 00:44:00,训练集,工况4,0.9691106489272285
2024-05-03 00:45:00,训练集,工况4,0.9054751909718041
2024-05-03 00:46:00,训练集,工况4,0.8444093339871253
2024-05-03 00:47:00,训练集,工况4,0.9671206928796662
2024-05-03 00:48:00,训练集,工况4,0.9436998161408902
2024-05-03 00:49:00,训练集,工况4,0.986774405224941
2024-05-03 00:50:00,训练集,工况4,0.9987867126193959
2024-05-03 00:51:00,训练集,工况4,0.8232811890468853
2024-05-03 00:52:00,训练集,工况4,0.7971181248529965
2024-05-03 00:53:00,训练集,工况4,0.9987383024432857
2024-05-03 00:54:00,训练集,工况4,0.9936916566214983
2024-05-03 00:55:00,训练集,工况4,0.6916825805815178
2024-05-03 00:56:00,训练集,工况4,0.5168071328272867
2024-05-03 00:57:00,训练集,工况4,0.9992241155592837
2024-05-03 00:58:00,训练集,工况4,0.9644875794702814
2024-05-03 00:59:00,训练集,工况4,0.9836162829975907
2024-05-03 01:00:00,训练集,工况4,0.9161260587313819
2024-05-03 01:01:00,训练集,工况4,0.9997274546986942
2024-05-03 01:02:00,训练集,工况4,0.9175203873757863
2024-05-03 01:03:00,训练集,工况4,0.9971944313352473
2024-05-03 01:04:00,训练集,工况4,0.9970812388448413
2024-05-03 01:05:00,训练集,工况4,0.9995691971581075
2024-05-03 01:06:00,训练集,工况4,0.9975379020241302
2024-05-03 01:07:00,训练集,工况4,0.9621890612015855
2024-05-03 01:08:00,训练集,工况4,0.9716296361763901
2024-05-03 01:09:00,训练集,工况4,0.995494590223236
2024-05-03 01:10:00,训练集,工况4,0.9794256360129392
2024-05-03 01:11:00,训练集,工况4,0.7528703967025073
2024-05-03 01:12:00,训练集,工况4,0.9910757479275537
2024-05-03 01:13:00,训练集,工况4,0.9957929626135533
2024-05-03 01:14:00,训练集,工况4,0.9999562408272584
2024-05-03 01:15:00,训练集,工况4,0.9868403612785883
2024-05-03 01:16:00,训练集,工况4,0.9992411105123808
2024-05-03 01:17:00,训练集,工况4,0.9638626431739619
2024-05-03 01:18:00,训练集,工况4,0.9986838109117692
2024-05-03 01:19:00,训练集,工况4,0.9997036406707878
2024-05-03 01:20:00,训练集,工况4,0.9653530956992016
2024-05-03 01:21:00,训练集,工况4,0.9844527220420514
2024-05-03 01:22:00,训练集,工况4,0.9999228896227275
2024-05-03 01:23:00,训练集,工况4,0.9721169178001116
2024-05-03 01:24:00,训练集,工况4,0.5977331014593962
2024-05-03 01:25:00,训练集,工况4,0.9999348045316611
2024-05-03 01:26:00,训练集,工况4,0.9989321140755097
2024-05-03 01:27:00,训练集,工况4,0.9993873741066125
2024-05-03 01:28:00,训练集,工况4,0.9883040401877361
2024-05-03 01:29:00,训练集,工况4,0.9700099659572505
2024-05-03 01:30:00,训练集,工况4,0.9980267146709664
2024-05-03 01:31:00,训练集,工况4,0.9998567334412682
2024-05-03 01:32:00,训练集,工况4,0.9987682524841766
2024-05-03 01:33:00,训练集,工况4,0.8953911438620833
2024-05-03 01:34:00,训练集,工况4,0.9602286551245308
2024-05-03 01:35:00,训练集,工况4,0.9939286474844795
2024-05-03 01:36:00,训练集,工况4,0.9522597486307057
2024-05-03 01:37:00,训练集,工况4,0.9808353936767208
2024-05-03 01:38:00,训练集,工况4,0.991680010922978
2024-05-03 01:39:00,训练集,工况4,0.9989711239472104
2024-05-03 01:40:00,训练集,工况4,0.9948832810936102
2024-05-03 01:41:00,训练集,工况4,0.9959176608475918
2024-05-03 01:42:00,训练集,工况4,0.9996581304939571
2024-05-03 01:43:00,训练集,工况4,0.9985401565603472
2024-05-03 01:44:00,训练集,工况4,0.9946192903732224
2024-05-03 01:45:00,训练集,工况4,0.9999855173172109
2024-05-03 01:46:00,训练集,工况4,0.9999772390526781
2024-05-03 01:47:00,训练集,工况4,0.9970705091872271
2024-05-03 01:48:00,训练集,工况4,0.9613498531176905
2024-05-03 01:49:00,训练集,工况4,0.4633392668113676
2024-05-03 01:50:00,训练集,工况4,0.9978370646081239
2024-05-03 01:51:00,训练集,工况4,0.9995423153135619
2024-05-03 01:52:00,训练集,工况4,0.9998205885430139
2024-05-03 01:53:00,训练集,工况4,0.9970090458594105
2024-05-03 01:54:00,训练集,工况4,0.9971770478786786
2024-05-03 01:55:00,训练集,工况4,0.9959357559557405
2024-05-03 01:56:00,训练集,工况4,0.9979475128803718
2024-05-03 01:57:00,训练集,工况4,0.9999616036226412
2024-05-03 01:58:00,训练集,工况4,0.9993587057430384
2024-05-03 01:59:00,训练集,工况4,0.9994479107999524
2024-05-03 02:00:00,训练集,工况4,0.9996620716726707
2024-05-03 02:01:00,训练集,工况4,0.9943276919786272
2024-05-03 02:02:00,训练集,工况4,0.980965917900903
2024-05-03 02:03:00,训练集,工况4,0.7897937220457749
2024-05-03 02:04:00,训练集,工况4,0.987327494030175
2024-05-03 02:05:00,训练集,工况4,0.9889332944196726
2024-05-03 02:06:00,训练集,工况4,0.999644115268197
2024-05-03 02:07:00,训练集,工况4,0.9897570711337327
2024-05-03 02:08:00,训练集,工况4,0.9542475285523775
2024-05-03 02:09:00,训练集,工况4,0.9999821134607665
2024-05-03 02:10:00,训练集,工况4,0.9838438751826575
2024-05-03 02:11:00,训练集,工况4,0.9895328402230238
2024-05-03 02:12:00,训练集,工况4,0.9989788822519606
2024-05-03 02:13:00,训练集,工况4,0.9609593022660621
2024-05-03 02:14:00,训练集,工况4,0.9999267534811977
2024-05-03 02:15:00,训练集,工况4,0.9994226020770653
2024-05-03 02:16:00,训练集,工况4,0.9999535487490576
2024-05-03 02:17:00,训练集,工况4,0.9556094241085181
2024-05-03 02:18:00,训练集,工况4,0.99889875480217
2024-05-03 02:19:00,训练集,工况4,0.9969377659733772
2024-05-03 02:20:00,训练集,工况4,0.9988415590266129
2024-05-03 02:21:00,训练集,工况4,0.9269736757573743
2024-05-03 02:22:00,训练集,工况4,0.9997734786210026
2024-05-03 02:23:00,训练集,工况4,0.9853768100076274
2024-05-03 02:24:00,训练集,工况4,0.9987577457305586
2024-05-03 02:25:00,训练集,工况4,0.860921156170533
2024-05-03 02:26:00,训练集,工况4,0.7631720467167027
2024-05-03 02:27:00,训练集,工况4,0.9992513538886013
2024-05-03 02:28:00,训练集,工况4,0.9950908155422852
2024-05-03 02:29:00,训练集,工况4,0.9389430119477834
2024-05-03 02:30:00,训练集,工况4,0.9999099837008193
2024-05-03 02:31:00,训练集,工况4,0.9997575929431775
2024-05-03 02:32:00,训练集,工况4,0.9995539801760056
2024-05-03 02:33:00,训练集,工况4,0.9974556200877001
2024-05-03 02:34:00,训练集,工况4,0.9999841590471401
2024-05-03 02:35:00,训练集,工况4,0.9989432180919723
2024-05-03 02:36:00,训练集,工况4,0.9999605469056568
2024-05-03 02:37:00,训练集,工况4,0.9994608063341899
2024-05-03 02:38:00,训练集,工况4,0.8979569672053884
2024-05-03 02:39:00,训练集,工况4,0.9999069520170156
2024-05-03 02:40:00,训练集,工况4,0.9997831688439134
2024-05-03 02:41:00,训练集,工况4,0.9884454192104386
2024-05-03 02:42:00,训练集,工况4,0.9851264607379463
2024-05-03 02:43:00,训练集,工况4,0.9965533417890173
2024-05-03 02:44:00,训练集,工况4,0.9995040942078275
2024-05-03 02:45:00,训练集,工况3,0.8101634285998933
2024-05-03 02:46:00,训练集,工况4,0.9973735340490697
2024-05-03 02:47:00,训练集,工况4,0.9838645086290875
2024-05-03 02:48:00,训练集,工况4,0.9860597986448293
2024-05-03 02:49:00,训练集,工况4,0.9987520292459255
2024-05-03 02:50:00,训练集,工况4,0.9984781354846615
2024-05-03 02:51:00,训练集,工况4,0.9999731254582968
2024-05-03 02:52:00,训练集,工况4,0.998746984778615
2024-05-03 02:53:00,训练集,工况4,0.9982402025884382
2024-05-03 02:54:00,训练集,工况4,0.9865690427784398
2024-05-03 02:55:00,训练集,工况4,0.9998606638929195
2024-05-03 02:56:00,训练集,工况4,0.9965290292811972
2024-05-03 02:57:00,训练集,工况4,0.9926760674884075
2024-05-03 02:58:00,训练集,工况4,0.9997908800330157
2024-05-03 02:59:00,训练集,工况4,0.9998294995416266
2024-05-03 03:00:00,训练集,工况4,0.9982024392676656
2024-05-03 03:01:00,训练集,工况4,0.9999603817113929
2024-05-03 03:02:00,训练集,工况4,0.9993245470795422
2024-05-03 03:03:00,训练集,工况4,0.9996781674496659
2024-05-03 03:04:00,训练集,工况4,0.9951461340365537
2024-05-03 03:05:00,训练集,工况4,0.9997222365062389
2024-05-03 03:06:00,训练集,工况4,0.9950332274252259
2024-05-03 03:07:00,训练集,工况4,0.9998698324977086
2024-05-03 03:08:00,训练集,工况4,0.9995130404737995
2024-05-03 03:09:00,训练集,工况4,0.9982891099486185
2024-05-03 03:10:00,训练集,工况4,0.9998379300179031
2024-05-03 03:11:00,训练集,工况4,0.9980360704483233
2024-05-03 03:12:00,训练集,工况4,0.9982584544763559
2024-05-03 03:13:00,训练集,工况4,0.9937575246211164
2024-05-03 03:14:00,训练集,工况4,0.9413337631914918
2024-05-03 03:15:00,训练集,工况4,0.9964757251769999
2024-05-03 03:16:00,训练集,工况4,0.9978864241094765
2024-05-03 03:17:00,训练集,工况4,0.9999413409773288
2024-05-03 03:18:00,训练集,工况4,0.9583248423728354
2024-05-03 03:19:00,训练集,工况4,0.9998802898490814
2024-05-03 03:20:00,训练集,工况4,0.9994594691237549
2024-05-03 03:21:00,训练集,工况4,0.9964905280292851
2024-05-03 03:22:00,训练集,工况4,0.9993820029946539
2024-05-03 03:23:00,训练集,工况4,0.9998894950309095
2024-05-03 03:24:00,训练集,工况4,0.9992138268946903
2024-05-03 03:25:00,训练集,工况4,0.998082744235166
2024-05-03 03:26:00,训练集,工况4,0.9999510355682414
2024-05-03 03:27:00,训练集,工况4,0.9887609841387596
2024-05-03 03:28:00,训练集,工况4,0.9943561803860667
2024-05-03 03:29:00,训练集,工况4,0.9999480643460629
2024-05-03 03:30:00,训练集,工况4,0.9868099364660295
2024-05-03 03:31:00,训练集,工况4,0.9998540429196933
2024-05-03 03:32:00,训练集,工况4,0.9961354163909334
2024-05-03 03:33:00,训练集,工况4,0.9999118523016383
2024-05-03 03:34:00,训练集,工况4,0.9999169176947162
2024-05-03 03:35:00,训练集,工况4,0.9990238399432985
2024-05-03 03:36:00,训练集,工况4,0.99824055912505
2024-05-03 03:37:00,训练集,工况4,0.9999188721045758
2024-05-03 03:38:00,训练集,工况4,0.999603941454401
2024-05-03 03:39:00,训练集,工况4,0.9999067594146215
2024-05-03 03:40:00,训练集,工况4,0.9995554792418267
2024-05-03 03:41:00,训练集,工况4,0.9936674867022617
2024-05-03 03:42:00,训练集,工况4,0.9966197734647013
2024-05-03 03:43:00,训练集,工况4,0.9994912742728076
2024-05-03 03:44:00,训练集,工况4,0.9997673216274252
2024-05-03 03:45:00,训练集,工况4,0.9991941240667709
2024-05-03 03:46:00,训练集,工况4,0.995339505436681
2024-05-03 03:47:00,训练集,工况4,0.9999152539311447
2024-05-03 03:48:00,训练集,工况4,0.9989889596021175
2024-05-03 03:49:00,训练集,工况4,0.9993126460230262
2024-05-03 03:50:00,训练集,工况4,0.9970176086483468
2024-05-03 03:51:00,训练集,工况4,0.9997104959109149
2024-05-03 03:52:00,训练集,工况4,0.9997741337209128
2024-05-03 03:53:00,训练集,工况4,0.9740631768212884
2024-05-03 03:54:00,训练集,工况4,0.9996377423267615
2024-05-03 03:55:00,训练集,工况4,0.9931076652428931
2024-05-03 03:56:00,训练集,工况4,0.9999924852300368
2024-05-03 03:57:00,训练集,工况4,0.9999539659179906
2024-05-03 03:58:00,训练集,工况4,0.9989937630451508
2024-05-03 03:59:00,训练集,工况4,0.9984709048060398
2024-05-03 04:00:00,训练集,工况4,0.9983424127933622
2024-05-03 04:01:00,训练集,工况4,0.9999965482584756
2024-05-03 04:02:00,训练集,工况4,0.9976207860411157
2024-05-03 04:03:00,训练集,工况4,0.9999117947880127
2024-05-03 04:04:00,训练集,工况4,0.9999074447389642
2024-05-03 04:05:00,训练集,工况4,0.9945182801508811
2024-05-03 04:06:00,训练集,工况4,0.9978485029242937
2024-05-03 04:07:00,训练集,工况4,0.9993592622378863
2024-05-03 04:08:00,训练集,工况4,0.9998980899534076
2024-05-03 04:09:00,训练集,工况4,0.9999860251889392
2024-05-03 04:10:00,训练集,工况4,0.9999032538975579
2024-05-03 04:11:00,训练集,工况4,0.9997583311453448
2024-05-03 04:12:00,训练集,工况4,0.9997429961667559
2024-05-03 04:13:00,训练集,工况4,0.9879533914762021
2024-05-03 04:14:00,训练集,工况4,0.9996938813401063
2024-05-03 04:15:00,训练集,工况4,0.9994450813840083
2024-05-03 04:16:00,训练集,工况4,0.9998220244477928
2024-05-03 04:17:00,训练集,工况4,0.9999940591081158
2024-05-03 04:18:00,训练集,工况4,0.9998053697700767
2024-05-03 04:19:00,训练集,工况4,0.9903518752369014
2024-05-03 04:20:00,训练集,工况4,0.9998166616178679
2024-05-03 04:21:00,训练集,工况4,0.9999376059916962
2024-05-03 04:22:00,训练集,工况4,0.9999612149058017
2024-05-03 04:23:00,训练集,工况4,0.9998956286252768
2024-05-03 04:24:00,训练集,工况4,0.9999407440859392
2024-05-03 04:25:00,训练集,工况4,0.9998965826259908
2024-05-03 04:26:00,训练集,工况4,0.9999401354164352
2024-05-03 04:27:00,训练集,工况4,0.9925638383328949
2024-05-03 04:28:00,训练集,工况4,0.9998906851690545
2024-05-03 04:29:00,训练集,工况4,0.9995835055532127
2024-05-03 04:30:00,训练集,工况4,0.9979873504685508
2024-05-03 04:31:00,训练集,工况4,0.999903337763495
2024-05-03 04:32:00,训练集,工况4,0.9999295996364965
2024-05-03 04:33:00,训练集,工况4,0.9997474697950652
2024-05-03 04:34:00,训练集,工况4,0.999997045693639
2024-05-03 04:35:00,训练集,工况4,0.9998813991043589
2024-05-03 04:36:00,训练集,工况4,0.939720979913133
2024-05-03 04:37:00,训练集,工况4,0.9999843006179204
2024-05-03 04:38:00,训练集,工况4,0.9993843112463184
2024-05-03 04:39:00,训练集,工况4,0.999444639216668
2024-05-03 04:40:00,训练集,工况4,0.9850650787370114
2024-05-03 04:41:00,训练集,工况4,0.999763382127668
2024-05-03 04:42:00,训练集,工况4,0.9975010745474965
2024-05-03 04:43:00,训练集,工况4,0.9727318926199647
2024-05-03 04:44:00,训练集,工况4,0.9999477093938437
2024-05-03 04:45:00,训练集,工况4,0.9979778465989111
2024-05-03 04:46:00,训练集,工况4,0.9989487801891036
2024-05-03 04:47:00,训练集,工况4,0.9996176809775271
2024-05-03 04:48:00,训练集,工况4,0.9999596826265611
2024-05-03 04:49:00,训练集,工况4,0.9923961987328977
2024-05-03 04:50:00,训练集,工况4,0.9992778329557842
2024-05-03 04:51:00,训练集,工况4,0.9999336106680264
2024-05-03 04:52:00,训练集,工况4,0.9986932584194692
2024-05-03 04:53:00,训练集,工况4,0.9997366237343185
2024-05-03 04:54:00,训练集,工况4,0.9998873593054174
2024-05-03 04:55:00,训练集,工况4,0.999954513063447
2024-05-03 04:56:00,训练集,工况4,0.9999475473650068
2024-05-03 04:57:00,训练集,工况4,0.9999826800283436
2024-05-03 04:58:00,训练集,工况4,0.9992301651162298
2024-05-03 04:59:00,训练集,工况4,0.9996187351902492
2024-05-03 05:00:00,训练集,工况4,0.9998404326660788
2024-05-03 05:01:00,训练集,工况4,0.999940955335478
2024-05-03 05:02:00,训练集,工况4,0.9997499612572572
2024-05-03 05:03:00,训练集,工况4,0.9999834831587141
2024-05-03 05:04:00,训练集,工况4,0.9999852690696129
2024-05-03 05:05:00,训练集,工况4,0.9994869413549748
2024-05-03 05:06:00,训练集,工况4,0.9999395975167041
2024-05-03 05:07:00,训练集,工况4,0.9998077081301864
2024-05-03 05:08:00,训练集,工况4,0.9998011782312785
2024-05-03 05:09:00,训练集,工况4,0.9982983051704484
2024-05-03 05:10:00,训练集,工况4,0.9995454602592
2024-05-03 05:11:00,训练集,工况4,0.9984351402792754
2024-05-03 05:12:00,训练集,工况4,0.9532498353992875
2024-05-03 05:13:00,训练集,工况4,0.9999561089901456
2024-05-03 05:14:00,训练集,工况4,0.9999179216467183
2024-05-03 05:15:00,训练集,工况4,0.997716988671882
2024-05-03 05:16:00,训练集,工况4,0.9996451331216161
2024-05-03 05:17:00,训练集,工况4,0.9997374129982408
2024-05-03 05:18:00,训练集,工况4,0.9997536995991017
2024-05-03 05:19:00,训练集,工况4,0.9993539844808672
2024-05-03 05:20:00,训练集,工况4,0.9999142173710566
2024-05-03 05:21:00,训练集,工况4,0.9954644706606897
2024-05-03 05:22:00,训练集,工况4,0.9999633425604113
2024-05-03 05:23:00,训练集,工况4,0.9325143067551273
2024-05-03 05:24:00,训练集,工况4,0.999788691249174
2024-05-03 05:25:00,训练集,工况4,0.9999849593670606
2024-05-03 05:26:00,训练集,工况4,0.9999978605864343
2024-05-03 05:27:00,训练集,工况4,0.9997040883380208
2024-05-03 05:28:00,训练集,工况4,0.9800941621438808
2024-05-03 05:29:00,训练集,工况4,0.9999470844718265
2024-05-03 05:30:00,训练集,工况4,0.9993107799169322
2024-05-03 05:31:00,训练集,工况4,0.999992588027555
2024-05-03 05:32:00,训练集,工况4,0.9983308832399894
2024-05-03 05:33:00,训练集,工况4,0.9993692611016372
2024-05-03 05:34:00,训练集,工况4,0.9999367449764389
2024-05-03 05:35:00,训练集,工况4,0.9970128355017348
2024-05-03 05:36:00,训练集,工况4,0.9999877683743185
2024-05-03 05:37:00,训练集,工况4,0.9999957058984851
2024-05-03 05:38:00,训练集,工况4,0.9993954581615423
2024-05-03 05:39:00,训练集,工况4,0.9995412345613235
2024-05-03 05:40:00,训练集,工况4,0.9999703034430885
2024-05-03 05:41:00,训练集,工况4,0.9998588937258376
2024-05-03 05:42:00,训练集,工况4,0.9993121296040125
2024-05-03 05:43:00,训练集,工况4,0.9944470916051196
2024-05-03 05:44:00,训练集,工况4,0.9954265914774908
2024-05-03 05:45:00,训练集,工况4,0.9999343384717024
2024-05-03 05:46:00,训练集,工况4,0.9999428535810156
2024-05-03 05:47:00,训练集,工况4,0.9967785627152669
2024-05-03 05:48:00,训练集,工况4,0.9999168221771901
2024-05-03 05:49:00,训练集,工况4,0.9996694760346175
2024-05-03 05:50:00,训练集,工况4,0.9997510510841231
2024-05-03 05:51:00,训练集,工况4,0.9996173672030277
2024-05-03 05:52:00,训练集,工况4,0.9999697307525293
2024-05-03 05:53:00,训练集,工况4,0.9975553806685087
2024-05-03 05:54:00,训练集,工况4,0.9999522909868921
2024-05-03 05:55:00,训练集,工况4,0.999980614477693
2024-05-03 05:56:00,训练集,工况4,0.9998389959640067
2024-05-03 05:57:00,训练集,工况4,0.9999916114777445
2024-05-03 05:58:00,训练集,工况4,0.9999228320234923
2024-05-03 05:59:00,训练集,工况4,0.9955747223769509
2024-05-03 06:00:00,训练集,工况4,0.9999253698454921
2024-05-03 06:01:00,训练集,工况4,0.9613300338079392
2024-05-03 06:02:00,训练集,工况4,0.9999991696357818
2024-05-03 06:03:00,训练集,工况4,0.9998219383035886
2024-05-03 06:04:00,训练集,工况4,0.9994714597084202
2024-05-03 06:05:00,训练集,工况4,0.9986470328015418
2024-05-03 06:06:00,训练集,工况4,0.9948710132281576
2024-05-03 06:07:00,训练集,工况4,0.9999932365487355
2024-05-03 06:08:00,训练集,工况4,0.9999566191932341
2024-05-03 06:09:00,训练集,工况4,0.9999879022678144
2024-05-03 06:10:00,训练集,工况4,0.9998467893318287
2024-05-03 06:11:00,训练集,工况4,0.9998926201689283
2024-05-03 06:12:00,训练集,工况4,0.9992073082923296
2024-05-03 06:13:00,训练集,工况4,0.9942542051113774
2024-05-03 06:14:00,训练集,工况4,0.9999680300076482
2024-05-03 06:15:00,训练集,工况4,0.9951259084994957
2024-05-03 06:16:00,训练集,工况4,0.9999832454097763
2024-05-03 06:17:00,训练集,工况4,0.9998801314014162
2024-05-03 06:18:00,训练集,工况4,0.9995655558699654
2024-05-03 06:19:00,训练集,工况4,0.9988328893635189
2024-05-03 06:20:00,训练集,工况4,0.9922832265299677
2024-05-03 06:21:00,训练集,工况4,0.9998159073960765
2024-05-03 06:22:00,训练集,工况4,0.999921955554121
2024-05-03 06:23:00,训练集,工况4,0.9997650927020589
2024-05-03 06:24:00,训练集,工况4,0.9999458345886211
2024-05-03 06:25:00,训练集,工况4,0.9977923210640175
2024-05-03 06:26:00,训练集,工况4,0.9999675268577873
2024-05-03 06:27:00,训练集,工况4,0.999972602198085
2024-05-03 06:28:00,训练集,工况4,0.9991548884416708
2024-05-03 06:29:00,训练集,工况4,0.9999193324958688
2024-05-03 06:30:00,训练集,工况4,0.9997829488317724
2024-05-03 06:31:00,训练集,工况4,0.999995754632487
2024-05-03 06:32:00,训练集,工况4,0.9999030086331009
2024-05-03 06:33:00,训练集,工况4,0.9842968218539334
2024-05-03 06:34:00,训练集,工况4,0.9999153251186419
2024-05-03 06:35:00,训练集,工况4,0.9995028255652668
2024-05-03 06:36:00,训练集,工况4,0.9997508826176983
2024-05-03 06:37:00,训练集,工况4,0.9999317619105886
2024-05-03 06:38:00,训练集,工况4,0.9985456820061354
2024-05-03 06:39:00,训练集,工况4,0.9958422301184883
2024-05-03 06:40:00,训练集,工况4,0.9999763616054765
2024-05-03 06:41:00,训练集,工况4,0.9999100252686167
2024-05-03 06:42:00,训练集,工况4,0.9996166150556385
2024-05-03 06:43:00,训练集,工况4,0.9998284409333731
2024-05-03 06:44:00,训练集,工况4,0.9999739815934789
2024-05-03 06:45:00,训练集,工况4,0.9994333186703267
2024-05-03 06:46:00,训练集,工况4,0.9998205218702007
2024-05-03 06:47:00,训练集,工况4,0.9977861234891298
2024-05-03 06:48:00,训练集,工况4,0.9999902256742207
2024-05-03 06:49:00,训练集,工况4,0.999981922153887
2024-05-03 06:50:00,训练集,工况4,0.9995044886006774
2024-05-03 06:51:00,训练集,工况4,0.9998415623602304
2024-05-03 06:52:00,训练集,工况4,0.9995750927009586
2024-05-03 06:53:00,训练集,工况4,0.9999304992266058
2024-05-03 06:54:00,训练集,工况4,0.9999113390472673
2024-05-03 06:55:00,训练集,工况4,0.9999920404823401
2024-05-03 06:56:00,训练集,工况4,0.9989670173804079
2024-05-03 06:57:00,训练集,工况4,0.9999794985443526
2024-05-03 06:58:00,训练集,工况4,0.9999831657559294
2024-05-03 06:59:00,训练集,工况4,0.9984249760302883
2024-05-03 07:00:00,训练集,工况4,0.9977745247415619
2024-05-03 07:01:00,训练集,工况4,0.9998593708622268
2024-05-03 07:02:00,训练集,工况4,0.9999845404212039
2024-05-03 07:03:00,训练集,工况4,0.9999988552509536
2024-05-03 07:04:00,训练集,工况4,0.9995670852301994
2024-05-03 07:05:00,训练集,工况4,0.9944717671460187
2024-05-03 07:06:00,训练集,工况4,0.9998814276384149
2024-05-03 07:07:00,训练集,工况4,0.9999524562792144
2024-05-03 07:08:00,训练集,工况4,0.9974957072103996
2024-05-03 07:09:00,训练集,工况4,0.9999765988483582
2024-05-03 07:10:00,训练集,工况4,0.9999969801449321
2024-05-03 07:11:00,训练集,工况4,0.999960961300835
2024-05-03 07:12:00,训练集,工况4,0.962054609337269
2024-05-03 07:13:00,训练集,工况4,0.9999383082033714
2024-05-03 07:14:00,训练集,工况4,0.9997106585596145
2024-05-03 07:15:00,训练集,工况4,0.9999683321891729
2024-05-03 07:16:00,训练集,工况4,0.9999734804529803
2024-05-03 07:17:00,训练集,工况4,0.9999552544450593
2024-05-03 07:18:00,训练集,工况4,0.9984256224311598
2024-05-03 07:19:00,训练集,工况4,0.964570373682623
2024-05-03 07:20:00,训练集,工况4,0.9999214326016663
2024-05-03 07:21:00,训练集,工况4,0.9999273731776601
2024-05-03 07:22:00,训练集,工况4,0.9999871018353851
2024-05-03 07:23:00,训练集,工况4,0.9999481117350831
2024-05-03 07:24:00,训练集,工况4,0.9997560975783242
2024-05-03 07:25:00,训练集,工况4,0.9999672411159731
2024-05-03 07:26:00,训练集,工况4,0.9994625075424589
2024-05-03 07:27:00,训练集,工况4,0.9999553657525115
2024-05-03 07:28:00,训练集,工况4,0.9976033309684493
2024-05-03 07:29:00,训练集,工况4,0.9999078852810231
2024-05-03 07:30:00,训练集,工况4,0.9997012752730511
2024-05-03 07:31:00,训练集,工况4,0.9126429786999398
2024-05-03 07:32:00,训练集,工况4,0.9991861451860438
2024-05-03 07:33:00,训练集,工况4,0.9998632423576308
2024-05-03 07:34:00,训练集,工况4,0.9993414423150578
2024-05-03 07:35:00,训练集,工况4,0.9990294543392223
2024-05-03 07:36:00,训练集,工况4,0.9981780244887248
2024-05-03 07:37:00,训练集,工况4,0.9999616808392988
2024-05-03 07:38:00,训练集,工况4,0.999940706672816
2024-05-03 07:39:00,训练集,工况4,0.99838436464092
2024-05-03 07:40:00,训练集,工况4,0.9997990274515177
2024-05-03 07:41:00,训练集,工况4,0.995072055412182
2024-05-03 07:42:00,训练集,工况4,0.9999612100654881
2024-05-03 07:43:00,训练集,工况4,0.9980704559667128
2024-05-03 07:44:00,训练集,工况4,0.9999990229822328
2024-05-03 07:45:00,训练集,工况4,0.999077309568721
2024-05-03 07:46:00,训练集,工况4,0.9998699585078171
2024-05-03 07:47:00,训练集,工况4,0.9981639239022231
2024-05-03 07:48:00,训练集,工况4,0.9993415279530481
2024-05-03 07:49:00,训练集,工况4,0.9999872258077649
2024-05-03 07:50:00,训练集,工况4,0.9999133350512713
2024-05-03 07:51:00,训练集,工况4,0.999996835553038
2024-05-03 07:52:00,训练集,工况4,0.9998400853507268
2024-05-03 07:53:00,训练集,工况4,0.9998949631274776
2024-05-03 07:54:00,训练集,工况4,0.9999283832639775
2024-05-03 07:55:00,训练集,工况4,0.9999091036763185
2024-05-03 07:56:00,训练集,工况4,0.9947920842090178
2024-05-03 07:57:00,训练集,工况4,0.9999987790932964
2024-05-03 07:58:00,训练集,工况4,0.9997476427069305
2024-05-03 07:59:00,训练集,工况4,0.9999791638380554
2024-05-03 08:00:00,训练集,工况4,0.9999977335838542
2024-05-03 08:01:00,训练集,工况4,0.9998082728188104
2024-05-03 08:02:00,训练集,工况4,0.9926087740374767
2024-05-03 08:03:00,训练集,工况4,0.9997284797307343
2024-05-03 08:04:00,训练集,工况4,0.9998771184749248
2024-05-03 08:05:00,训练集,工况4,0.9968138212436567
2024-05-03 08:06:00,训练集,工况4,0.9999978296040041
2024-05-03 08:07:00,训练集,工况4,0.9913785416008497
2024-05-03 08:08:00,训练集,工况4,0.9985614113239074
2024-05-03 08:09:00,训练集,工况4,0.9896459373659086
2024-05-03 08:10:00,训练集,工况4,0.9779381033013234
2024-05-03 08:11:00,训练集,工况4,0.9992242142358939
2024-05-03 08:12:00,训练集,工况4,0.9992005282983963
2024-05-03 08:13:00,训练集,工况4,0.9980000010062126
2024-05-03 08:14:00,训练集,工况4,0.9991656050660377
2024-05-03 08:15:00,训练集,工况4,0.9981079762833976
2024-05-03 08:16:00,训练集,工况4,0.9543844175441671
2024-05-03 08:17:00,训练集,工况4,0.9999706805508205
2024-05-03 08:18:00,训练集,工况4,0.9945618728758706
2024-05-03 08:19:00,训练集,工况4,0.9999949273868576
2024-05-03 08:20:00,训练集,工况4,0.9949684058413469
2024-05-03 08:21:00,训练集,工况4,0.9981193930479391
2024-05-03 08:22:00,训练集,工况4,0.996437778816409
2024-05-03 08:23:00,训练集,工况4,0.9079571701487835
2024-05-03 08:24:00,训练集,工况4,0.9461801061857174
2024-05-03 08:25:00,训练集,工况4,0.9969427363106541
2024-05-03 08:26:00,训练集,工况4,0.9977008291368503
2024-05-03 08:27:00,训练集,工况4,0.989991637638854
2024-05-03 08:28:00,训练集,工况4,0.9997707038141939
2024-05-03 08:29:00,训练集,工况4,0.9999526170757178
2024-05-03 08:30:00,训练集,工况4,0.9990872839475242
2024-05-03 08:31:00,训练集,工况4,0.9988860184107546
2024-05-03 08:32:00,训练集,工况4,0.9404223754377743
2024-05-03 08:33:00,训练集,工况4,0.9996158009164317
2024-05-03 08:34:00,训练集,工况4,0.9842478970047049
2024-05-03 08:35:00,训练集,工况4,0.998768962361655
2024-05-03 08:36:00,训练集,工况4,0.9937881565085942
2024-05-03 08:37:00,训练集,工况4,0.9970764539509894
2024-05-03 08:38:00,训练集,工况4,0.9871377436319639
2024-05-03 08:39:00,训练集,工况4,0.9987685899403487
2024-05-03 08:40:00,训练集,工况4,0.9692691646787953
2024-05-03 08:41:00,训练集,工况4,0.915176279787304
2024-05-03 08:42:00,训练集,工况4,0.9982164298209129
2024-05-03 08:43:00,训练集,工况4,0.9983069144245048
2024-05-03 08:44:00,训练集,工况4,0.9989181385156899
2024-05-03 08:45:00,训练集,工况4,0.9997172363711365
2024-05-03 08:46:00,训练集,工况4,0.9948086968995667
2024-05-03 08:47:00,训练集,工况4,0.9988387429971428
2024-05-03 08:48:00,训练集,工况4,0.9927549380638595
2024-05-03 08:49:00,训练集,工况4,0.9915348326679616
2024-05-03 08:50:00,训练集,工况4,0.9968345287136341
2024-05-03 08:51:00,训练集,工况4,0.998332845879733
2024-05-03 08:52:00,训练集,工况4,0.9469542186549844
2024-05-03 08:53:00,训练集,工况4,0.9966312455499042
2024-05-03 08:54:00,训练集,工况4,0.9996690875584953
2024-05-03 08:55:00,训练集,工况4,0.999220414942313
2024-05-03 08:56:00,训练集,工况4,0.993784472498248
2024-05-03 08:57:00,训练集,工况4,0.9972376808649809
2024-05-03 08:58:00,训练集,工况4,0.9970197015183341
2024-05-03 08:59:00,训练集,工况4,0.9999526316755025
2024-05-03 09:00:00,训练集,工况4,0.9999974990529871
2024-05-03 09:01:00,训练集,工况4,0.9878906536005184
2024-05-03 09:02:00,训练集,工况4,0.9997257429905777
2024-05-03 09:03:00,训练集,工况4,0.9991206408163045
2024-05-03 09:04:00,训练集,工况4,0.9999851270523855
2024-05-03 09:05:00,训练集,工况4,0.9996901921966872
2024-05-03 09:06:00,训练集,工况4,0.9994884873279941
2024-05-03 09:07:00,训练集,工况4,0.99573104963039
2024-05-03 09:08:00,训练集,工况4,0.9954326143167581
2024-05-03 09:09:00,训练集,工况4,0.9827396772232349
2024-05-03 09:10:00,训练集,工况4,0.9983274770347212
2024-05-03 09:11:00,训练集,工况4,0.8712676892451698
2024-05-03 09:12:00,训练集,工况4,0.9923765435115413
2024-05-03 09:13:00,训练集,工况4,0.9999860596546338
2024-05-03 09:14:00,训练集,工况4,0.9886422329994805
2024-05-03 09:15:00,训练集,工况4,0.9997754443821465
2024-05-03 09:16:00,训练集,工况4,0.9999308208105753
2024-05-03 09:17:00,训练集,工况4,0.9996712122453446
2024-05-03 09:18:00,训练集,工况4,0.998761288620314
2024-05-03 09:19:00,训练集,工况4,0.9973265016239738
2024-05-03 09:20:00,训练集,工况4,0.9867535506413454
2024-05-03 09:21:00,训练集,工况4,0.9911936235806252
2024-05-03 09:22:00,训练集,工况4,0.9999399129097214
2024-05-03 09:23:00,训练集,工况4,0.9965236062425163
2024-05-03 09:24:00,训练集,工况4,0.9998702333888906
2024-05-03 09:25:00,训练集,工况4,0.9999905236216862
2024-05-03 09:26:00,训练集,工况4,0.9932453812636801
2024-05-03 09:27:00,训练集,工况4,0.9999781414605744
2024-05-03 09:28:00,训练集,工况4,0.9956841105102688
2024-05-03 09:29:00,训练集,工况4,0.9999926308113453
2024-05-03 09:30:00,训练集,工况4,0.9948513214768397
2024-05-03 09:31:00,训练集,工况4,0.9762741577029505
2024-05-03 09:32:00,训练集,工况4,0.980476859531033
2024-05-03 09:33:00,训练集,工况4,0.9859922349886524
2024-05-03 09:34:00,训练集,工况4,0.9893189133920597
2024-05-03 09:35:00,训练集,工况4,0.9640605275389655
2024-05-03 09:36:00,训练集,工况4,0.9996035284425436
2024-05-03 09:37:00,训练集,工况4,0.9999953888724284
2024-05-03 09:38:00,训练集,工况4,0.942152292536703
2024-05-03 09:39:00,训练集,工况4,0.9999961329805689
2024-05-03 09:40:00,训练集,工况4,0.9049538042677303
2024-05-03 09:41:00,训练集,工况4,0.9955678571730834
2024-05-03 09:42:00,训练集,工况4,0.8704207210337813
2024-05-03 09:43:00,训练集,工况4,0.9992391188167299
2024-05-03 09:44:00,训练集,工况4,0.7912431934600819
2024-05-03 09:45:00,训练集,工况4,0.9996467259010017
2024-05-03 09:46:00,训练集,工况4,0.999782913995457
2024-05-03 09:47:00,训练集,工况4,0.9988954160244202
2024-05-03 09:48:00,训练集,工况4,0.9780037797412026
2024-05-03 09:49:00,训练集,工况4,0.9997741625326186
2024-05-03 09:50:00,训练集,工况4,0.9995755283550715
2024-05-03 09:51:00,训练集,工况4,0.996961906523343
2024-05-03 09:52:00,训练集,工况4,0.9998907407374344
2024-05-03 09:53:00,训练集,工况4,0.9981719814459669
2024-05-03 09:54:00,训练集,工况4,0.9999494374760952
2024-05-03 09:55:00,训练集,工况4,0.9993112083340842
2024-05-03 09:56:00,训练集,工况4,0.9975489651759043
2024-05-03 09:57:00,训练集,工况4,0.9999764979588779
2024-05-03 09:58:00,训练集,工况4,0.9825919106630593
2024-05-03 09:59:00,训练集,工况4,0.8867017628608264
2024-05-03 10:00:00,训练集,工况4,0.9994164308472856
2024-05-03 10:01:00,训练集,工况4,0.9999970457928457
2024-05-03 10:02:00,训练集,工况4,0.9998147320406493
2024-05-03 10:03:00,训练集,工况4,0.9995099539837434
2024-05-03 10:04:00,训练集,工况4,0.9992564052547276
2024-05-03 10:05:00,训练集,工况4,0.9999507874167834
2024-05-03 10:06:00,训练集,工况4,0.9855117367552686
2024-05-03 10:07:00,训练集,工况4,0.9828629008896039
2024-05-03 10:08:00,训练集,工况4,0.9999909802175634
2024-05-03 10:09:00,训练集,工况4,0.9990738473866115
2024-05-03 10:10:00,训练集,工况4,0.9999551469139749
2024-05-03 10:11:00,训练集,工况4,0.9999741968610266
2024-05-03 10:12:00,训练集,工况4,0.9994804813364526
2024-05-03 10:13:00,训练集,工况4,0.9528268674872185
2024-05-03 10:14:00,训练集,工况4,0.9965955835767492
2024-05-03 10:15:00,训练集,工况4,0.9617504289312144
2024-05-03 10:16:00,训练集,工况4,0.9840751825862281
2024-05-03 10:17:00,训练集,工况4,0.9981726627845517
2024-05-03 10:18:00,训练集,工况4,0.9999232610242629
2024-05-03 10:19:00,训练集,工况4,0.9937580702638503
2024-05-03 10:20:00,训练集,工况4,0.9848367827800152
2024-05-03 10:21:00,训练集,工况4,0.9973026265440974
2024-05-03 10:22:00,训练集,工况4,0.9992156944698467
2024-05-03 10:23:00,训练集,工况4,0.9919403006361905
2024-05-03 10:24:00,训练集,工况4,0.923929231355598
2024-05-03 10:25:00,训练集,工况4,0.8639958499766388
2024-05-03 10:26:00,训练集,工况4,0.9989614742203528
2024-05-03 10:27:00,训练集,工况4,0.97059676191968
2024-05-03 10:28:00,训练集,工况4,0.9994996591969127
2024-05-03 10:29:00,训练集,工况4,0.907998474399612
2024-05-03 10:30:00,训练集,工况4,0.9372918745520562
2024-05-03 10:31:00,训练集,工况4,0.8841845866625894
2024-05-03 10:32:00,训练集,工况4,0.9903425892307658
2024-05-03 10:33:00,训练集,工况4,0.9997748213070823
2024-05-03 10:34:00,训练集,工况4,0.9983149825451675
2024-05-03 10:35:00,训练集,工况4,0.9091226424897588
2024-05-03 10:36:00,训练集,工况4,0.9791523723290412
2024-05-03 10:37:00,训练集,工况4,0.997229912599661
2024-05-03 10:38:00,训练集,工况4,0.8524767931881342
2024-05-03 10:39:00,训练集,工况4,0.9966017690011797
2024-05-03 10:40:00,训练集,工况4,0.9998961381672746
2024-05-03 10:41:00,训练集,工况4,0.998061626465359
2024-05-03 10:42:00,训练集,工况4,0.8287318400965841
2024-05-03 10:43:00,训练集,工况4,0.9584036928410307
2024-05-03 10:44:00,训练集,工况4,0.9765630386940959
2024-05-03 10:45:00,训练集,工况4,0.9999991094833617
2024-05-03 10:46:00,训练集,工况4,0.999984098643271
2024-05-03 10:47:00,训练集,工况4,0.9926701144599207
2024-05-03 10:48:00,训练集,工况4,0.9968360335677999
2024-05-03 10:49:00,训练集,工况4,0.9999789255882647
2024-05-03 10:50:00,训练集,工况4,0.810650388131557
2024-05-03 10:51:00,训练集,工况4,0.9946629095000328
2024-05-03 10:52:00,训练集,工况4,0.9999030131384454
2024-05-03 10:53:00,训练集,工况4,0.997562412350875
2024-05-03 10:54:00,训练集,工况4,0.9810643842072243
2024-05-03 10:55:00,训练集,工况4,0.9370635355496475
2024-05-03 10:56:00,训练集,工况4,0.8661758234526054
2024-05-03 10:57:00,训练集,工况4,0.9999660529389794
2024-05-03 10:58:00,训练集,工况4,0.9952253374919642
2024-05-03 10:59:00,训练集,工况4,0.9995371703170322
2024-05-03 11:00:00,训练集,工况4,0.9999156675431169
2024-05-03 11:01:00,训练集,工况4,0.9029948231796825
2024-05-03 11:02:00,训练集,工况4,0.9840983904263594
2024-05-03 11:03:00,训练集,工况4,0.9999938908432603
2024-05-03 11:04:00,训练集,工况4,0.9962233976939578
2024-05-03 11:05:00,训练集,工况4,0.9573916043880014
2024-05-03 11:06:00,训练集,工况4,0.8826921652802924
2024-05-03 11:07:00,训练集,工况4,0.9618934835112646
2024-05-03 11:08:00,训练集,工况4,0.9685920188345645
2024-05-03 11:09:00,训练集,工况4,0.9980082590896024
2024-05-03 11:10:00,训练集,工况4,0.9976313883074673
2024-05-03 11:11:00,训练集,工况4,0.9997982020440184
2024-05-03 11:12:00,训练集,工况4,0.9425007102515353
2024-05-03 11:13:00,训练集,工况4,0.8891350283356445
2024-05-03 11:14:00,训练集,工况4,0.8422787459267027
2024-05-03 11:15:00,训练集,工况4,0.9950460292965243
2024-05-03 11:16:00,训练集,工况4,0.9996930900402476
2024-05-03 11:17:00,训练集,工况4,0.7746417865238133
2024-05-03 11:18:00,训练集,工况4,0.9979308446944407
2024-05-03 11:19:00,训练集,工况4,0.9781324414053936
2024-05-03 11:20:00,训练集,工况4,0.9994222685315703
2024-05-03 11:21:00,训练集,工况4,0.9976907837268082
2024-05-03 11:22:00,训练集,工况4,0.9998713343352307
2024-05-03 11:23:00,训练集,工况4,0.9719553284927251
2024-05-03 11:24:00,训练集,工况4,0.9994331746970458
2024-05-03 11:25:00,训练集,工况4,0.9975202076409379
2024-05-03 11:26:00,训练集,工况4,0.9405546562437103
2024-05-03 11:27:00,训练集,工况4,0.971448423883574
2024-05-03 11:28:00,训练集,工况4,0.9709557135896117
2024-05-03 11:29:00,训练集,工况4,0.9900029875507366
2024-05-03 11:30:00,训练集,工况4,0.9755952632225191
2024-05-03 11:31:00,训练集,工况4,0.9532258019426225
2024-05-03 11:32:00,训练集,工况4,0.9935593741601623
2024-05-03 11:33:00,训练集,工况4,0.9910776125791237
2024-05-03 11:34:00,训练集,工况4,0.9999093420883784
2024-05-03 11:35:00,训练集,工况4,0.9644893693133965
2024-05-03 11:36:00,训练集,工况4,0.7021936429515937
2024-05-03 11:37:00,训练集,工况4,0.9746711227220789
2024-05-03 11:38:00,训练集,工况4,0.7708845051466682
2024-05-03 11:39:00,训练集,工况4,0.9987246808153096
2024-05-03 11:40:00,训练集,工况4,0.8413594596831974
2024-05-03 11:41:00,训练集,工况4,0.848754312261478
2024-05-03 11:42:00,训练集,工况4,0.9574822068649861
2024-05-03 11:43:00,训练集,工况4,0.9998012675766786
2024-05-03 11:44:00,训练集,工况4,0.8759854530136082
2024-05-03 11:45:00,训练集,工况4,0.9969237170389199
2024-05-03 11:46:00,训练集,工况4,0.9980571053883155
2024-05-03 11:47:00,训练集,工况4,0.9999419420238258
2024-05-03 11:48:00,训练集,工况4,0.9961193149688241
2024-05-03 11:49:00,训练集,工况4,0.9997155453435483
2024-05-03 11:50:00,训练集,工况4,0.9982012303827336
2024-05-03 11:51:00,训练集,工况4,0.8022198571678031
2024-05-03 11:52:00,训练集,工况4,0.9863088224187826
2024-05-03 11:53:00,训练集,工况4,0.9998267989440515
2024-05-03 11:54:00,训练集,工况4,0.7524395792516991
2024-05-03 11:55:00,训练集,工况4,0.9250656927201675
2024-05-03 11:56:00,训练集,工况4,0.9483632229047392
2024-05-03 11:57:00,训练集,工况4,0.9964970113265671
2024-05-03 11:58:00,训练集,工况4,0.9815246466348404
2024-05-03 11:59:00,训练集,工况4,0.9741472559900486
2024-05-03 12:00:00,训练集,工况4,0.8630322705565084
2024-05-03 12:01:00,训练集,工况4,0.9876900564644933
2024-05-03 12:02:00,训练集,工况4,0.637538748199884
2024-05-03 12:03:00,训练集,工况4,0.9928902712913792
2024-05-03 12:04:00,训练集,工况4,0.8353476590124818
2024-05-03 12:05:00,训练集,工况4,0.9923036006809866
2024-05-03 12:06:00,训练集,工况4,0.9610359938138212
2024-05-03 12:07:00,训练集,工况4,0.8392534024501824
2024-05-03 12:08:00,训练集,工况4,0.856781204931067
2024-05-03 12:09:00,训练集,工况4,0.8500640313337878
2024-05-03 12:10:00,训练集,工况4,0.9774593160462273
2024-05-03 12:11:00,训练集,工况4,0.9886245156461191
2024-05-03 12:12:00,训练集,工况4,0.992848017213468
2024-05-03 12:13:00,训练集,工况4,0.9895692871420968
2024-05-03 12:14:00,训练集,工况4,0.8102442529092599
2024-05-03 12:15:00,训练集,工况4,0.998576302662637
2024-05-03 12:16:00,训练集,工况4,0.9633861829911153
2024-05-03 12:17:00,训练集,工况4,0.9957364199082256
2024-05-03 12:18:00,训练集,工况4,0.8939491877405118
2024-05-03 12:19:00,训练集,工况4,0.9879850215077587
2024-05-03 12:20:00,训练集,工况4,0.9892504957904232
2024-05-03 12:21:00,训练集,工况4,0.9912586482634141
2024-05-03 12:22:00,训练集,工况4,0.9968814199458454
2024-05-03 12:23:00,训练集,工况4,0.9985218629027239
2024-05-03 12:24:00,训练集,工况4,0.7763377500874187
2024-05-03 12:25:00,训练集,工况4,0.6950249277038679
2024-05-03 12:26:00,训练集,工况4,0.8985613753895233
2024-05-03 12:27:00,训练集,工况4,0.9984412616592978
2024-05-03 12:28:00,训练集,工况4,0.9925732668746474
2024-05-03 12:29:00,训练集,工况4,0.9883098306387288
2024-05-03 12:30:00,训练集,工况4,0.7290362012872939
2024-05-03 12:31:00,训练集,工况4,0.992026011901621
2024-05-03 12:32:00,训练集,工况4,0.8615269432389137
2024-05-03 12:33:00,训练集,工况4,0.7488996876579095
2024-05-03 12:34:00,训练集,工况4,0.9152316423213531
2024-05-03 12:35:00,训练集,工况4,0.9915780340849257
2024-05-03 12:36:00,训练集,工况4,0.9965019469557782
2024-05-03 12:37:00,训练集,工况4,0.9947087366176365
2024-05-03 12:38:00,训练集,工况4,0.6906266489934035
2024-05-03 12:39:00,训练集,工况4,0.9537576583898959
2024-05-03 12:40:00,训练集,工况4,0.9691028936046112
2024-05-03 12:41:00,训练集,工况4,0.6643164782626266
2024-05-03 12:42:00,训练集,工况4,0.9891508948677163
2024-05-03 12:43:00,训练集,工况4,0.9682145599002604
2024-05-03 12:44:00,训练集,工况4,0.9974670209546866
2024-05-03 12:45:00,训练集,工况4,0.9873057259715293
2024-05-03 12:46:00,训练集,工况4,0.9100711371173733
2024-05-03 12:47:00,训练集,工况4,0.9978620503922442
2024-05-03 12:48:00,训练集,工况4,0.6069999981794456
2024-05-03 12:49:00,训练集,工况4,0.9780010440629595
2024-05-03 12:50:00,训练集,工况4,0.6542037374432976
2024-05-03 12:51:00,训练集,工况4,0.7922550597664372
2024-05-03 12:52:00,训练集,工况4,0.9925851703050147
2024-05-03 12:53:00,训练集,工况4,0.7795641928437552
2024-05-03 12:54:00,训练集,工况4,0.7897598376953218
2024-05-03 12:55:00,训练集,工况4,0.9996794661017845
2024-05-03 12:56:00,训练集,工况4,0.7761706709361971
2024-05-03 12:57:00,训练集,工况4,0.999963939289335
2024-05-03 12:58:00,训练集,工况4,0.9460579372061252
2024-05-03 12:59:00,训练集,工况2,0.8198161752513533
2024-05-03 13:00:00,训练集,工况4,0.9952070079283503
2024-05-03 13:01:00,训练集,工况4,0.9998759776947609
2024-05-03 13:02:00,训练集,工况4,0.6671597755273386
2024-05-03 13:03:00,训练集,工况4,0.8385954849418702
2024-05-03 13:04:00,训练集,工况4,0.9861606743349689
2024-05-03 13:05:00,训练集,工况4,0.9953047073183788
2024-05-03 13:06:00,训练集,工况4,0.9955774453843124
2024-05-03 13:07:00,训练集,工况4,0.9877991009490082
2024-05-03 13:08:00,训练集,工况4,0.9998407274775346
2024-05-03 13:09:00,训练集,工况4,0.9752513746334943
2024-05-03 13:10:00,训练集,工况4,0.9493782966233695
2024-05-03 13:11:00,训练集,工况4,0.9654767631535714
2024-05-03 13:12:00,训练集,工况4,0.9770911527870303
2024-05-03 13:13:00,训练集,工况4,0.9927167275600636
2024-05-03 13:14:00,训练集,工况4,0.9825083806931366
2024-05-03 13:15:00,训练集,工况4,0.99597620207511
2024-05-03 13:16:00,训练集,工况4,0.9974693958469057
2024-05-03 13:17:00,训练集,工况4,0.9889597130752766
2024-05-03 13:18:00,训练集,工况4,0.9757551747016499
2024-05-03 13:19:00,训练集,工况4,0.7826640452775335
2024-05-03 13:20:00,训练集,工况4,0.9018269013970602
2024-05-03 13:21:00,训练集,工况4,0.9972515568336475
2024-05-03 13:22:00,训练集,工况4,0.9993648614578872
2024-05-03 13:23:00,训练集,工况2,0.5710495800437771
2024-05-03 13:24:00,训练集,工况4,0.8271981257301592
2024-05-03 13:25:00,训练集,工况4,0.9826215228616599
2024-05-03 13:26:00,训练集,工况2,0.8135999291963144
2024-05-03 13:27:00,训练集,工况4,0.6380766393774422
2024-05-03 13:28:00,训练集,工况4,0.9215205439230465
2024-05-03 13:29:00,训练集,工况4,0.999730516084162
2024-05-03 13:30:00,训练集,工况4,0.6038208649292638
2024-05-03 13:31:00,训练集,工况4,0.7415167406958143
2024-05-03 13:32:00,训练集,工况4,0.9505488939949768
2024-05-03 13:33:00,训练集,工况4,0.9871987313629241
2024-05-03 13:34:00,训练集,工况4,0.9523920861827044
2024-05-03 13:35:00,训练集,工况4,0.9998711137311159
2024-05-03 13:36:00,训练集,工况4,0.9692803210707023
2024-05-03 13:37:00,训练集,工况4,0.9982938452451061
2024-05-03 13:38:00,训练集,工况4,0.6449450654017336
2024-05-03 13:39:00,训练集,工况4,0.9669206889692447
2024-05-03 13:40:00,训练集,工况4,0.9182665818702975
2024-05-03 13:41:00,训练集,工况4,0.9632694963382706
2024-05-03 13:42:00,训练集,工况4,0.9654139537546256
2024-05-03 13:43:00,训练集,工况4,0.9894093449010581
2024-05-03 13:44:00,训练集,工况4,0.9011497790015458
2024-05-03 13:45:00,训练集,工况4,0.9877643586974137
2024-05-03 13:46:00,训练集,工况4,0.9893537624722801
2024-05-03 13:47:00,训练集,工况2,0.5720340773135298
2024-05-03 13:48:00,训练集,工况4,0.7994645389315548
2024-05-03 13:49:00,训练集,工况4,0.9385736647926602
2024-05-03 13:50:00,训练集,工况4,0.9979389837270658
2024-05-03 13:51:00,训练集,工况4,0.9999614769056259
2024-05-03 13:52:00,训练集,工况4,0.9708934791875711
2024-05-03 13:53:00,训练集,工况4,0.9993303891479874
2024-05-03 13:54:00,训练集,工况2,0.6804876483847024
2024-05-03 13:55:00,训练集,工况4,0.9998574014007443
2024-05-03 13:56:00,训练集,工况2,0.5020500213706133
2024-05-03 13:57:00,训练集,工况4,0.7750897247636354
2024-05-03 13:58:00,训练集,工况4,0.9446144950987931
2024-05-03 13:59:00,训练集,工况2,0.5425284866352468
2024-05-03 14:00:00,训练集,工况4,0.6549203377958577
2024-05-03 14:01:00,训练集,工况4,0.9686721966324816
2024-05-03 14:02:00,训练集,工况4,0.7581897619280337
2024-05-03 14:03:00,训练集,工况4,0.8181327903681191
2024-05-03 14:04:00,训练集,工况4,0.8573394555986035
2024-05-03 14:05:00,训练集,工况4,0.589910076376799
2024-05-03 14:06:00,训练集,工况4,0.8623290388202209
2024-05-03 14:07:00,训练集,工况4,0.9779874607131942
2024-05-03 14:08:00,训练集,工况4,0.8739519900782606
2024-05-03 14:09:00,训练集,工况4,0.6053714109299938
2024-05-03 14:10:00,训练集,工况4,0.9727478501369295
2024-05-03 14:11:00,训练集,工况4,0.9525202656683248
2024-05-03 14:12:00,训练集,工况4,0.999002452818667
2024-05-03 14:13:00,训练集,工况4,0.8078850321737725
2024-05-03 14:14:00,训练集,工况4,0.7699907892591836
2024-05-03 14:15:00,训练集,工况4,0.8758167729602746
2024-05-03 14:16:00,训练集,工况4,0.9558772720808149
2024-05-03 14:17:00,训练集,工况4,0.8343526130546857
2024-05-03 14:18:00,训练集,工况4,0.8507544790350983
2024-05-03 14:19:00,训练集,工况4,0.5814806917711949
2024-05-03 14:20:00,训练集,工况4,0.8612942893248082
2024-05-03 14:21:00,训练集,工况4,0.9874589081791229
2024-05-03 14:22:00,训练集,工况4,0.9864220949053832
2024-05-03 14:23:00,训练集,工况4,0.8528742276442464
2024-05-03 14:24:00,训练集,工况4,0.9986482419665135
2024-05-03 14:25:00,训练集,工况4,0.9466655906821717
2024-05-03 14:26:00,训练集,工况4,0.6216474813953985
2024-05-03 14:27:00,训练集,工况2,0.5193247016014535
2024-05-03 14:28:00,训练集,工况4,0.9770038977309511
2024-05-03 14:29:00,训练集,工况4,0.9315351771924902
2024-05-03 14:30:00,训练集,工况4,0.7129972453234924
2024-05-03 14:31:00,训练集,工况4,0.5798736198038901
2024-05-03 14:32:00,训练集,工况4,0.6423670575723948
2024-05-03 14:33:00,训练集,工况4,0.9775844926036598
2024-05-03 14:34:00,训练集,工况4,0.7607125021632517
2024-05-03 14:35:00,训练集,工况4,0.7062828574723649
2024-05-03 14:36:00,训练集,工况4,0.8363307140469911
2024-05-03 14:37:00,训练集,工况4,0.9082466185000875
2024-05-03 14:38:00,训练集,工况4,0.5234808689656868
2024-05-03 14:39:00,训练集,工况4,0.7957008892145727
2024-05-03 14:40:00,训练集,工况4,0.9961769243363211
2024-05-03 14:41:00,训练集,工况4,0.9693224898319122
2024-05-03 14:42:00,训练集,工况4,0.9619051931242177
2024-05-03 14:43:00,训练集,工况4,0.6300319285403465
2024-05-03 14:44:00,训练集,工况4,0.9501059131511544
2024-05-03 14:45:00,训练集,工况4,0.7303447561353531
2024-05-03 14:46:00,训练集,工况4,0.7617143740365149
2024-05-03 14:47:00,训练集,工况4,0.7978139773739715
2024-05-03 14:48:00,训练集,工况4,0.9686045932200806
2024-05-03 14:49:00,训练集,工况4,0.9320227175545399
2024-05-03 14:50:00,训练集,工况4,0.7711519607088531
2024-05-03 14:51:00,训练集,工况4,0.9409834118790972
2024-05-03 14:52:00,训练集,工况4,0.976297398429797
2024-05-03 14:53:00,训练集,工况4,0.8818520213003097
2024-05-03 14:54:00,训练集,工况4,0.8981584057616194
2024-05-03 14:55:00,训练集,工况4,0.6450915154773503
2024-05-03 14:56:00,训练集,工况4,0.6409594079067576
2024-05-03 14:57:00,训练集,工况4,0.6895208331099391
2024-05-03 14:58:00,训练集,工况4,0.9125163770280076
2024-05-03 14:59:00,训练集,工况4,0.5314865159354684
2024-05-03 15:00:00,训练集,工况4,0.7479566284893161
2024-05-03 15:01:00,训练集,工况4,0.9941196690868427
2024-05-03 15:02:00,训练集,工况4,0.966997074583856
2024-05-03 15:03:00,训练集,工况4,0.8692258153657849
2024-05-03 15:04:00,训练集,工况4,0.9982958225931984
2024-05-03 15:05:00,训练集,工况4,0.7398334424783573
2024-05-03 15:06:00,训练集,工况4,0.9862255344945928
2024-05-03 15:07:00,训练集,工况4,0.908479277538434
2024-05-03 15:08:00,训练集,工况4,0.9787722489808384
2024-05-03 15:09:00,训练集,工况4,0.8121655697730626
2024-05-03 15:10:00,训练集,工况2,0.7672979863615825
2024-05-03 15:11:00,训练集,工况4,0.9163950247459377
2024-05-03 15:12:00,训练集,工况4,0.9548432386185832
2024-05-03 15:13:00,训练集,工况2,0.5347056349104343
2024-05-03 15:14:00,训练集,工况4,0.999195989888154
2024-05-03 15:15:00,训练集,工况4,0.933787251121692
2024-05-03 15:16:00,训练集,工况4,0.956548185528892
2024-05-03 15:17:00,训练集,工况4,0.5278740470591073
2024-05-03 15:18:00,训练集,工况4,0.9867280928763726
2024-05-03 15:19:00,训练集,工况4,0.9966862674631629
2024-05-03 15:20:00,训练集,工况4,0.97100064315044
2024-05-03 15:21:00,训练集,工况4,0.9499628740210766
2024-05-03 15:22:00,训练集,工况4,0.7534182646665653
2024-05-03 15:23:00,训练集,工况4,0.9155974207220872
2024-05-03 15:24:00,训练集,工况4,0.8554455894329864
2024-05-03 15:25:00,训练集,工况4,0.8470330822076778
2024-05-03 15:26:00,训练集,工况4,0.7226131861068994
2024-05-03 15:27:00,训练集,工况4,0.992809433906244
2024-05-03 15:28:00,训练集,工况2,0.6271851260816091
2024-05-03 15:29:00,训练集,工况4,0.5179623560991143
2024-05-03 15:30:00,训练集,工况4,0.9798177947156421
2024-05-03 15:31:00,训练集,工况4,0.7322460251203632
2024-05-03 15:32:00,训练集,工况4,0.9812403081453197
2024-05-03 15:33:00,训练集,工况4,0.9328426697569268
2024-05-03 15:34:00,训练集,工况4,0.8817578530905105
2024-05-03 15:35:00,训练集,工况4,0.9975877342697624
2024-05-03 15:36:00,训练集,工况4,0.9214731110701577
2024-05-03 15:37:00,训练集,工况4,0.9830386724395695
2024-05-03 15:38:00,训练集,工况4,0.9991316637370051
2024-05-03 15:39:00,训练集,工况4,0.8642191873597896
2024-05-03 15:40:00,训练集,工况4,0.9639427238036806
2024-05-03 15:41:00,训练集,工况4,0.5414659859596903
2024-05-03 15:42:00,训练集,工况4,0.5287392234942264
2024-05-03 15:43:00,训练集,工况4,0.6334276495356663
2024-05-03 15:44:00,训练集,工况2,0.6411434288270047
2024-05-03 15:45:00,训练集,工况2,0.955103522244213
2024-05-03 15:46:00,训练集,工况4,0.9782212575736938
2024-05-03 15:47:00,训练集,工况2,0.520029648129809
2024-05-03 15:48:00,训练集,工况4,0.7235401331854723
2024-05-03 15:49:00,训练集,工况4,0.9194531708921474
2024-05-03 15:50:00,训练集,工况4,0.9985589869286138
2024-05-03 15:51:00,训练集,工况4,0.9663474014323007
2024-05-03 15:52:00,训练集,工况4,0.9769806384455456
2024-05-03 15:53:00,训练集,工况4,0.9756317635112314
2024-05-03 15:54:00,训练集,工况4,0.9479346933304251
2024-05-03 15:55:00,训练集,工况4,0.9886630079216078
2024-05-03 15:56:00,训练集,工况2,0.766843565503699
2024-05-03 15:57:00,训练集,工况4,0.6005167936306204
2024-05-03 15:58:00,训练集,工况4,0.9350224096402823
2024-05-03 15:59:00,训练集,工况4,0.9696084647660359
2024-05-03 16:00:00,训练集,工况4,0.7608255768777845
2024-05-03 16:01:00,训练集,工况4,0.6988070879374672
2024-05-03 16:02:00,训练集,工况4,0.9623105761263608
2024-05-03 16:03:00,训练集,工况4,0.9995527195488555
2024-05-03 16:04:00,训练集,工况4,0.8586656955142771
2024-05-03 16:05:00,训练集,工况2,0.7403166985338961
2024-05-03 16:06:00,训练集,工况4,0.7211476194960047
2024-05-03 16:07:00,训练集,工况4,0.8958889196933602
2024-05-03 16:08:00,训练集,工况4,0.9666304564746948
2024-05-03 16:09:00,训练集,工况4,0.9911915925673115
2024-05-03 16:10:00,训练集,工况4,0.7853582286758627
2024-05-03 16:11:00,训练集,工况2,0.5051152859573352
2024-05-03 16:12:00,训练集,工况2,0.6609492907502572
2024-05-03 16:13:00,训练集,工况4,0.6243090525229369
2024-05-03 16:14:00,训练集,工况4,0.8968762509514068
2024-05-03 16:15:00,训练集,工况4,0.9845891151919278
2024-05-03 16:16:00,训练集,工况4,0.8072561500851988
2024-05-03 16:17:00,训练集,工况4,0.5128091886642596
2024-05-03 16:18:00,训练集,工况4,0.9212005818450723
2024-05-03 16:19:00,训练集,工况4,0.7176164072424706
2024-05-03 16:20:00,训练集,工况4,0.9569814671213752
2024-05-03 16:21:00,训练集,工况4,0.5663816984044603
2024-05-03 16:22:00,训练集,工况4,0.9654396545588666
2024-05-03 16:23:00,训练集,工况4,0.9060565977933224
2024-05-03 16:24:00,训练集,工况2,0.6169375783216201
2024-05-03 16:25:00,训练集,工况4,0.9981035564905114
2024-05-03 16:26:00,训练集,工况4,0.9688758854182855
2024-05-03 16:27:00,训练集,工况2,0.6288855967446759
2024-05-03 16:28:00,训练集,工况4,0.9896099081964188
2024-05-03 16:29:00,训练集,工况4,0.7644746192721741
2024-05-03 16:30:00,训练集,工况2,0.5808192627158022
2024-05-03 16:31:00,训练集,工况4,0.5807380303140888
2024-05-03 16:32:00,训练集,工况4,0.9427743792218681
2024-05-03 16:33:00,训练集,工况4,0.7129250804730939
2024-05-03 16:34:00,训练集,工况4,0.825069376166233
2024-05-03 16:35:00,训练集,工况4,0.5089083549363237
2024-05-03 16:36:00,训练集,工况2,0.9480279317744045
2024-05-03 16:37:00,训练集,工况4,0.828750669149803
2024-05-03 16:38:00,训练集,工况4,0.8989088409759036
2024-05-03 16:39:00,训练集,工况2,0.5766033224750112
2024-05-03 16:40:00,训练集,工况4,0.8754006474265319
2024-05-03 16:41:00,训练集,工况4,0.9260559183055761
2024-05-03 16:42:00,训练集,工况4,0.8458537702614485
2024-05-03 16:43:00,训练集,工况4,0.7712998423084024
2024-05-03 16:44:00,训练集,工况4,0.9138535644186584
2024-05-03 16:45:00,训练集,工况2,0.572880161954501
2024-05-03 16:46:00,训练集,工况4,0.5379057367086166
2024-05-03 16:47:00,训练集,工况4,0.895242034807433
2024-05-03 16:48:00,训练集,工况2,0.7821781481556144
2024-05-03 16:49:00,训练集,工况2,0.8615196468053938
2024-05-03 16:50:00,训练集,工况4,0.935180164856247
2024-05-03 16:51:00,训练集,工况4,0.6328215964642443
2024-05-03 16:52:00,训练集,工况4,0.8128158859120036
2024-05-03 16:53:00,训练集,工况4,0.9709856187862488
2024-05-03 16:54:00,训练集,工况4,0.8879773198729382
2024-05-03 16:55:00,训练集,工况2,0.8505579260864088
2024-05-03 16:56:00,训练集,工况2,0.5135778915525454
2024-05-03 16:57:00,训练集,工况4,0.5330030714516026
2024-05-03 16:58:00,训练集,工况4,0.5450586570801007
2024-05-03 16:59:00,训练集,工况4,0.6881601908629543
2024-05-03 17:00:00,训练集,工况4,0.9994563469605435
2024-05-03 17:01:00,训练集,工况2,0.7440645854469002
2024-05-03 17:02:00,训练集,工况4,0.601029665971893
2024-05-03 17:03:00,训练集,工况4,0.9862805032844062
2024-05-03 17:04:00,训练集,工况2,0.5902707452332097
2024-05-03 17:05:00,训练集,工况2,0.6461026340164081
2024-05-03 17:06:00,训练集,工况4,0.8687507034597112
2024-05-03 17:07:00,训练集,工况4,0.6353814585348533
2024-05-03 17:08:00,训练集,工况2,0.8780616196689627
2024-05-03 17:09:00,训练集,工况4,0.9713901834863291
2024-05-03 17:10:00,训练集,工况4,0.6597375387166181
2024-05-03 17:11:00,训练集,工况4,0.9597867954816456
2024-05-03 17:12:00,训练集,工况2,0.6593128546219966
2024-05-03 17:13:00,训练集,工况2,0.7471395022323384
2024-05-03 17:14:00,训练集,工况4,0.6745718304089015
2024-05-03 17:15:00,训练集,工况4,0.8215706522504043
2024-05-03 17:16:00,训练集,工况4,0.5862857904778492
2024-05-03 17:17:00,训练集,工况2,0.7916381560678786
2024-05-03 17:18:00,训练集,工况4,0.8792508268074783
2024-05-03 17:19:00,训练集,工况4,0.9769474467739228
2024-05-03 17:20:00,训练集,工况2,0.9428908196984109
2024-05-03 17:21:00,训练集,工况2,0.7799268346074418
2024-05-03 17:22:00,训练集,工况4,0.880788685103225
2024-05-03 17:23:00,训练集,工况4,0.9071369498121766
2024-05-03 17:24:00,训练集,工况4,0.957520200039953
2024-05-03 17:25:00,训练集,工况4,0.5668312525424031
2024-05-03 17:26:00,训练集,工况2,0.7721823214877425
2024-05-03 17:27:00,训练集,工况2,0.9341030321787656
2024-05-03 17:28:00,训练集,工况4,0.9280774727962002
2024-05-03 17:29:00,训练集,工况4,0.9893728379169373
2024-05-03 17:30:00,训练集,工况2,0.8597959396447816
2024-05-03 17:31:00,训练集,工况4,0.6944567801942434
2024-05-03 17:32:00,训练集,工况2,0.9660724250214154
2024-05-03 17:33:00,训练集,工况2,0.9539248400016789
2024-05-03 17:34:00,训练集,工况2,0.8013002436585749
2024-05-03 17:35:00,训练集,工况4,0.5293030160996386
2024-05-03 17:36:00,训练集,工况4,0.5181470728373236
2024-05-03 17:37:00,训练集,工况4,0.9942624560313505
2024-05-03 17:38:00,训练集,工况4,0.5206216037052322
2024-05-03 17:39:00,训练集,工况2,0.6729730473833521
2024-05-03 17:40:00,训练集,工况2,0.7585197189408107
2024-05-03 17:41:00,训练集,工况2,0.9716732797709691
2024-05-03 17:42:00,训练集,工况2,0.7984995165445412
2024-05-03 17:43:00,训练集,工况4,0.9610786416245434
2024-05-03 17:44:00,训练集,工况2,0.593365801047833
2024-05-03 17:45:00,训练集,工况4,0.7863849685289271
2024-05-03 17:46:00,训练集,工况2,0.8314292722452965
2024-05-03 17:47:00,训练集,工况2,0.5106130359343887
2024-05-03 17:48:00,训练集,工况4,0.5469470769490649
2024-05-03 17:49:00,训练集,工况4,0.9809549064679081
2024-05-03 17:50:00,训练集,工况4,0.6895849312374307
2024-05-03 17:51:00,训练集,工况4,0.64899344362579
2024-05-03 17:52:00,训练集,工况2,0.7695089021300393
2024-05-03 17:53:00,训练集,工况2,0.9415085016417938
2024-05-03 17:54:00,训练集,工况4,0.9815294402862401
2024-05-03 17:55:00,训练集,工况4,0.5785261956150346
2024-05-03 17:56:00,训练集,工况4,0.6943117676492375
2024-05-03 17:57:00,训练集,工况2,0.6560350770829821
2024-05-03 17:58:00,训练集,工况4,0.6057357347832723
2024-05-03 17:59:00,训练集,工况4,0.7463387434254223
2024-05-03 18:00:00,训练集,工况2,0.6205437864241028
2024-05-03 18:01:00,训练集,工况2,0.9848121763009117
2024-05-03 18:02:00,训练集,工况4,0.5382353716193704
2024-05-03 18:03:00,训练集,工况2,0.9271212192938385
2024-05-03 18:04:00,训练集,工况4,0.9644043153343995
2024-05-03 18:05:00,训练集,工况2,0.8844067562464182
2024-05-03 18:06:00,训练集,工况2,0.8558779332545621
2024-05-03 18:07:00,训练集,工况2,0.5952027187925428
2024-05-03 18:08:00,训练集,工况2,0.77235810997701
2024-05-03 18:09:00,训练集,工况2,0.9387432579194528
2024-05-03 18:10:00,训练集,工况4,0.8399972464746178
2024-05-03 18:11:00,训练集,工况4,0.9271547341111211
2024-05-03 18:12:00,训练集,工况2,0.8880306249309706
2024-05-03 18:13:00,训练集,工况2,0.8041172681368685
2024-05-03 18:14:00,训练集,工况4,0.863142332185209
2024-05-03 18:15:00,训练集,工况4,0.5715936546796863
2024-05-03 18:16:00,训练集,工况4,0.7483172634470772
2024-05-03 18:17:00,训练集,工况2,0.9048318667354189
2024-05-03 18:18:00,训练集,工况4,0.8576631407723411
2024-05-03 18:19:00,训练集,工况2,0.5342847341070016
2024-05-03 18:20:00,训练集,工况2,0.7298433373035285
2024-05-03 18:21:00,训练集,工况2,0.9476416460529149
2024-05-03 18:22:00,训练集,工况2,0.9259955470830991
2024-05-03 18:23:00,训练集,工况4,0.9546989437554818
2024-05-03 18:24:00,训练集,工况2,0.5546589609018892
2024-05-03 18:25:00,训练集,工况4,0.940251465132808
2024-05-03 18:26:00,训练集,工况2,0.7439286891947656
2024-05-03 18:27:00,训练集,工况2,0.837450559641258
2024-05-03 18:28:00,训练集,工况2,0.9706792796931347
2024-05-03 18:29:00,训练集,工况2,0.7798764959722188
2024-05-03 18:30:00,训练集,工况4,0.7294035517731317
2024-05-03 18:31:00,训练集,工况4,0.9317542510827544
2024-05-03 18:32:00,训练集,工况4,0.9873568639273557
2024-05-03 18:33:00,训练集,工况2,0.7676848817852797
2024-05-03 18:34:00,训练集,工况4,0.8043900477181751
2024-05-03 18:35:00,训练集,工况2,0.8362704815061422
2024-05-03 18:36:00,训练集,工况4,0.9679006474120989
2024-05-03 18:37:00,训练集,工况2,0.5383201184650324
2024-05-03 18:38:00,训练集,工况2,0.9878565159139245
2024-05-03 18:39:00,训练集,工况4,0.7765106371666739
2024-05-03 18:40:00,训练集,工况2,0.5059179832415838
2024-05-03 18:41:00,训练集,工况4,0.6204247591308706
2024-05-03 18:42:00,训练集,工况2,0.5092881273141671
2024-05-03 18:43:00,训练集,工况2,0.6840110222215531
2024-05-03 18:44:00,训练集,工况2,0.7290489625197731
2024-05-03 18:45:00,训练集,工况2,0.9392109026690247
2024-05-03 18:46:00,训练集,工况4,0.7844063114565568
2024-05-03 18:47:00,训练集,工况2,0.6076798699058883
2024-05-03 18:48:00,训练集,工况4,0.5273102425197538
2024-05-03 18:49:00,训练集,工况2,0.9623203191154721
2024-05-03 18:50:00,训练集,工况2,0.875105708140977
2024-05-03 18:51:00,训练集,工况4,0.9375470795642621
2024-05-03 18:52:00,训练集,工况2,0.9067862786244673
2024-05-03 18:53:00,训练集,工况2,0.8196398438144966
2024-05-03 18:54:00,训练集,工况2,0.8087285277797077
2024-05-03 18:55:00,训练集,工况2,0.6739178666524405
2024-05-03 18:56:00,训练集,工况4,0.9645675971283202
2024-05-03 18:57:00,训练集,工况4,0.7199167778104588
2024-05-03 18:58:00,训练集,工况2,0.8366911738348558
2024-05-03 18:59:00,训练集,工况4,0.6633017315528961
2024-05-03 19:00:00,训练集,工况2,0.9712444865899339
2024-05-03 19:01:00,训练集,工况4,0.9302384849641208
2024-05-03 19:02:00,训练集,工况4,0.961031510507418
2024-05-03 19:03:00,训练集,工况2,0.6474342820339809
2024-05-03 19:04:00,训练集,工况2,0.6585928315397562
2024-05-03 19:05:00,训练集,工况4,0.6970750117888903
2024-05-03 19:06:00,训练集,工况4,0.9166278210833798
2024-05-03 19:07:00,训练集,工况2,0.6276735201780301
2024-05-03 19:08:00,训练集,工况2,0.8939781899817324
2024-05-03 19:09:00,训练集,工况2,0.9832594412047119
2024-05-03 19:10:00,训练集,工况2,0.902072123283094
2024-05-03 19:11:00,训练集,工况4,0.9834049293712626
2024-05-03 19:12:00,训练集,工况2,0.8009793759908767
2024-05-03 19:13:00,训练集,工况4,0.9597583087663596
2024-05-03 19:14:00,训练集,工况2,0.9415943224976223
2024-05-03 19:15:00,训练集,工况2,0.9324629304363208
2024-05-03 19:16:00,训练集,工况2,0.8281103207653452
2024-05-03 19:17:00,训练集,工况2,0.5334144625769242
2024-05-03 19:18:00,训练集,工况2,0.9627045834443139
2024-05-03 19:19:00,训练集,工况2,0.9139845622044965
2024-05-03 19:20:00,训练集,工况2,0.9492092983736918
2024-05-03 19:21:00,训练集,工况2,0.9757781963698984
2024-05-03 19:22:00,训练集,工况2,0.5749917954928622
2024-05-03 19:23:00,训练集,工况2,0.964807442124318
2024-05-03 19:24:00,训练集,工况2,0.5209554295419994
2024-05-03 19:25:00,训练集,工况2,0.7146603468288225
2024-05-03 19:26:00,训练集,工况2,0.8822683558734509
2024-05-03 19:27:00,训练集,工况2,0.9523071774833994
2024-05-03 19:28:00,训练集,工况2,0.8392253206587571
2024-05-03 19:29:00,训练集,工况2,0.984981535814772
2024-05-03 19:30:00,训练集,工况2,0.7248080824856894
2024-05-03 19:31:00,训练集,工况2,0.8542594632888968
2024-05-03 19:32:00,训练集,工况2,0.5219783405197027
2024-05-03 19:33:00,训练集,工况2,0.9737474205340115
2024-05-03 19:34:00,训练集,工况2,0.6408172942508115
2024-05-03 19:35:00,训练集,工况2,0.8715986238741134
2024-05-03 19:36:00,训练集,工况2,0.9527336369637516
2024-05-03 19:37:00,训练集,工况2,0.982888233825756
2024-05-03 19:38:00,训练集,工况2,0.9746422817089256
2024-05-03 19:39:00,训练集,工况2,0.7232545522656837
2024-05-03 19:40:00,训练集,工况2,0.9645105275658967
2024-05-03 19:41:00,训练集,工况2,0.9782214684078793
2024-05-03 19:42:00,训练集,工况2,0.5705722652702241
2024-05-03 19:43:00,训练集,工况2,0.8831630261342099
2024-05-03 19:44:00,训练集,工况2,0.7998519238663331
2024-05-03 19:45:00,训练集,工况2,0.8669956465775951
2024-05-03 19:46:00,训练集,工况2,0.9848904405527302
2024-05-03 19:47:00,训练集,工况4,0.7134778286693669
2024-05-03 19:48:00,训练集,工况4,0.5073312865662991
2024-05-03 19:49:00,训练集,工况2,0.9778785522818618
2024-05-03 19:50:00,训练集,工况2,0.979181985250659
2024-05-03 19:51:00,训练集,工况4,0.5591518979177714
2024-05-03 19:52:00,训练集,工况4,0.6883017097931552
2024-05-03 19:53:00,训练集,工况2,0.9615905006405573
2024-05-03 19:54:00,训练集,工况2,0.8410088432320468
2024-05-03 19:55:00,训练集,工况2,0.8915135828885654
2024-05-03 19:56:00,训练集,工况4,0.5996487314342952
2024-05-03 19:57:00,训练集,工况2,0.6215913877715513
2024-05-03 19:58:00,训练集,工况2,0.6201674943858657
2024-05-03 19:59:00,训练集,工况4,0.8279081249006977
2024-05-03 20:00:00,训练集,工况2,0.8863137744421984
2024-05-03 20:01:00,训练集,工况2,0.6982555859982169
2024-05-03 20:02:00,训练集,工况2,0.8774381446093262
2024-05-03 20:03:00,训练集,工况4,0.7534561517000973
2024-05-03 20:04:00,训练集,工况2,0.9879131056939187
2024-05-03 20:05:00,训练集,工况2,0.9270488430854587
2024-05-03 20:06:00,训练集,工况2,0.9652867224922648
2024-05-03 20:07:00,训练集,工况2,0.8485255660380138
2024-05-03 20:08:00,训练集,工况2,0.9236232990413074
2024-05-03 20:09:00,训练集,工况4,0.5011773327048273
2024-05-03 20:10:00,训练集,工况2,0.9410481898295833
2024-05-03 20:11:00,训练集,工况2,0.8795760395139679
2024-05-03 20:12:00,训练集,工况2,0.811298504789275
2024-05-03 20:13:00,训练集,工况2,0.5877770373782365
2024-05-03 20:14:00,训练集,工况2,0.980463006761492
2024-05-03 20:15:00,训练集,工况2,0.9234448477805643
2024-05-03 20:16:00,训练集,工况2,0.8371504807729977
2024-05-03 20:17:00,训练集,工况4,0.6650905447259545
2024-05-03 20:18:00,训练集,工况2,0.9640303621712978
2024-05-03 20:19:00,训练集,工况2,0.8476802625533498
2024-05-03 20:20:00,训练集,工况2,0.8065770438086584
2024-05-03 20:21:00,训练集,工况4,0.8211446790880741
2024-05-03 20:22:00,训练集,工况2,0.9825380478294161
2024-05-03 20:23:00,训练集,工况2,0.9828565318537894
2024-05-03 20:24:00,训练集,工况2,0.86563941577138
2024-05-03 20:25:00,训练集,工况2,0.9575287961176068
2024-05-03 20:26:00,训练集,工况2,0.9189493781959064
2024-05-03 20:27:00,训练集,工况2,0.9894357486072798
2024-05-03 20:28:00,训练集,工况2,0.9701615333146509
2024-05-03 20:29:00,训练集,工况2,0.9852983897013291
2024-05-03 20:30:00,训练集,工况2,0.9402660959965468
2024-05-03 20:31:00,训练集,工况2,0.888653230684075
2024-05-03 20:32:00,训练集,工况5,0.5395110233108612
2024-05-03 20:33:00,训练集,工况2,0.6934952568079682
2024-05-03 20:34:00,训练集,工况2,0.9600037524451701
2024-05-03 20:35:00,训练集,工况2,0.9462226790162456
2024-05-03 20:36:00,训练集,工况2,0.9613203609574698
2024-05-03 20:37:00,训练集,工况2,0.6763354061366549
2024-05-03 20:38:00,训练集,工况2,0.952008866055952
2024-05-03 20:39:00,训练集,工况2,0.9200594023431494
2024-05-03 20:40:00,训练集,工况2,0.9740008033255808
2024-05-03 20:41:00,训练集,工况2,0.961210461065659
2024-05-03 20:42:00,训练集,工况2,0.980031871755538
2024-05-03 20:43:00,训练集,工况2,0.9793975765222597
2024-05-03 20:44:00,训练集,工况2,0.862090704151814
2024-05-03 20:45:00,训练集,工况2,0.9424243028071866
2024-05-03 20:46:00,训练集,工况4,0.9098566247745872
2024-05-03 20:47:00,训练集,工况2,0.9536116205502791
2024-05-03 20:48:00,训练集,工况2,0.9204934678734602
2024-05-03 20:49:00,训练集,工况2,0.9894105718415511
2024-05-03 20:50:00,训练集,工况2,0.9743243624670599
2024-05-03 20:51:00,训练集,工况2,0.6702779176063826
2024-05-03 20:52:00,训练集,工况2,0.9553513557842328
2024-05-03 20:53:00,训练集,工况2,0.9895311175690908
2024-05-03 20:54:00,训练集,工况2,0.9410059043804576
2024-05-03 20:55:00,训练集,工况2,0.9257416603712714
2024-05-03 20:56:00,训练集,工况2,0.9443425121037686
2024-05-03 20:57:00,训练集,工况2,0.9900048955885695
2024-05-03 20:58:00,训练集,工况2,0.9746454053548955
2024-05-03 20:59:00,训练集,工况2,0.885028200033842
2024-05-03 21:00:00,训练集,工况2,0.9778780673051545
2024-05-03 21:01:00,训练集,工况2,0.986667117728033
2024-05-03 21:02:00,训练集,工况2,0.9362760862056103
2024-05-03 21:03:00,训练集,工况2,0.9652394029913026
2024-05-03 21:04:00,训练集,工况2,0.7756496799746344
2024-05-03 21:05:00,训练集,工况4,0.50507813783887
2024-05-03 21:06:00,训练集,工况4,0.49877182526230424
2024-05-03 21:07:00,训练集,工况2,0.9855049559553017
2024-05-03 21:08:00,训练集,工况2,0.9721945618149938
2024-05-03 21:09:00,训练集,工况2,0.9739281737286444
2024-05-03 21:10:00,训练集,工况2,0.9659764643211127
2024-05-03 21:11:00,训练集,工况2,0.9847249706638426
2024-05-03 21:12:00,训练集,工况2,0.9774262640814838
2024-05-03 21:13:00,训练集,工况4,0.6371537196225846
2024-05-03 21:14:00,训练集,工况2,0.9838850835438313
2024-05-03 21:15:00,训练集,工况2,0.9290943628343389
2024-05-03 21:16:00,训练集,工况2,0.9893336276710339
2024-05-03 21:17:00,训练集,工况2,0.9826011305283292
2024-05-03 21:18:00,训练集,工况2,0.6227299319104882
2024-05-03 21:19:00,训练集,工况2,0.9508743816341023
2024-05-03 21:20:00,训练集,工况2,0.9861532336728034
2024-05-03 21:21:00,训练集,工况2,0.9824990317135988
2024-05-03 21:22:00,训练集,工况2,0.9717872186819413
2024-05-03 21:23:00,训练集,工况2,0.9171160443170969
2024-05-03 21:24:00,训练集,工况2,0.8915707995747444
2024-05-03 21:25:00,训练集,工况2,0.9891042692619997
2024-05-03 21:26:00,训练集,工况2,0.6481568316367597
2024-05-03 21:27:00,训练集,工况2,0.9856490842662787
2024-05-03 21:28:00,训练集,工况2,0.9886309207619559
2024-05-03 21:29:00,训练集,工况2,0.9177920244863298
2024-05-03 21:30:00,训练集,工况4,0.9958443926977297
2024-05-03 21:31:00,训练集,工况2,0.9714961075109241
2024-05-03 21:32:00,训练集,工况2,0.983416117161369
2024-05-03 21:33:00,训练集,工况2,0.8088700280394437
2024-05-03 21:34:00,训练集,工况2,0.866341785767629
2024-05-03 21:35:00,训练集,工况2,0.978842492346681
2024-05-03 21:36:00,训练集,工况2,0.9578457495176756
2024-05-03 21:37:00,训练集,工况2,0.956972454783753
2024-05-03 21:38:00,训练集,工况2,0.9858836439411359
2024-05-03 21:39:00,训练集,工况2,0.976757361192022
2024-05-03 21:40:00,训练集,工况2,0.98563164081503
2024-05-03 21:41:00,训练集,工况2,0.9714453820745398
2024-05-03 21:42:00,训练集,工况2,0.9570364434390461
2024-05-03 21:43:00,训练集,工况2,0.9118745307028107
2024-05-03 21:44:00,训练集,工况2,0.9760572856048331
2024-05-03 21:45:00,训练集,工况2,0.9873325591517482
2024-05-03 21:46:00,训练集,工况2,0.9626622098658859
2024-05-03 21:47:00,训练集,工况2,0.9125133711255062
2024-05-03 21:48:00,训练集,工况2,0.9817088211417487
2024-05-03 21:49:00,训练集,工况2,0.9483284607402139
2024-05-03 21:50:00,训练集,工况2,0.9900876985043217
2024-05-03 21:51:00,训练集,工况2,0.8428066019457863
2024-05-03 21:52:00,训练集,工况2,0.8604955535747663
2024-05-03 21:53:00,训练集,工况2,0.7984923715284931
2024-05-03 21:54:00,训练集,工况4,0.8021986261948301
2024-05-03 21:55:00,训练集,工况4,0.7277086154046157
2024-05-03 21:56:00,训练集,工况2,0.9895981522487254
2024-05-03 21:57:00,训练集,工况2,0.9688504238994446
2024-05-03 21:58:00,训练集,工况2,0.7307810651216831
2024-05-03 21:59:00,训练集,工况2,0.9701241150163078
2024-05-03 22:00:00,训练集,工况2,0.9295667961790154
2024-05-03 22:01:00,训练集,工况2,0.8739802948341884
2024-05-03 22:02:00,训练集,工况2,0.9600211562993876
2024-05-03 22:03:00,训练集,工况2,0.9136845161355691
2024-05-03 22:04:00,训练集,工况2,0.9706480699089991
2024-05-03 22:05:00,训练集,工况2,0.949138317858958
2024-05-03 22:06:00,训练集,工况2,0.9813957576709352
2024-05-03 22:07:00,训练集,工况4,0.7314753512608756
2024-05-03 22:08:00,训练集,工况2,0.9678357032739487
2024-05-03 22:09:00,训练集,工况2,0.8694896055662585
2024-05-03 22:10:00,训练集,工况2,0.9732254695696149
2024-05-03 22:11:00,训练集,工况2,0.9847853137078226
2024-05-03 22:12:00,训练集,工况2,0.9664121754812053
2024-05-03 22:13:00,训练集,工况2,0.9133446347623501
2024-05-03 22:14:00,训练集,工况2,0.9495766337683144
2024-05-03 22:15:00,训练集,工况2,0.9862970862892801
2024-05-03 22:16:00,训练集,工况2,0.9470177756398738
2024-05-03 22:17:00,训练集,工况2,0.9702637305973578
2024-05-03 22:18:00,训练集,工况2,0.9519157049279923
2024-05-03 22:19:00,训练集,工况4,0.9250520980618622
2024-05-03 22:20:00,训练集,工况4,0.8149754731951107
2024-05-03 22:21:00,训练集,工况2,0.9605100619887044
2024-05-03 22:22:00,训练集,工况2,0.975145758285353
2024-05-03 22:23:00,训练集,工况6,0.6949905870860711
2024-05-03 22:24:00,训练集,工况2,0.897295144534404
2024-05-03 22:25:00,训练集,工况2,0.9744866829976804
2024-05-03 22:26:00,训练集,工况2,0.9107194211756402
2024-05-03 22:27:00,训练集,工况2,0.9683076469530244
2024-05-03 22:28:00,训练集,工况2,0.9676374536175537
2024-05-03 22:29:00,训练集,工况2,0.9892175653257785
2024-05-03 22:30:00,训练集,工况2,0.9453239671040379
2024-05-03 22:31:00,训练集,工况2,0.9538292298535261
2024-05-03 22:32:00,训练集,工况2,0.978616176328453
2024-05-03 22:33:00,训练集,工况2,0.9747150595761731
2024-05-03 22:34:00,训练集,工况2,0.838585887970693
2024-05-03 22:35:00,训练集,工况2,0.9824059028786541
2024-05-03 22:36:00,训练集,工况2,0.8982734307975699
2024-05-03 22:37:00,训练集,工况2,0.9808603640965153
2024-05-03 22:38:00,训练集,工况2,0.9749642508323455
2024-05-03 22:39:00,训练集,工况2,0.9790693079840798
2024-05-03 22:40:00,训练集,工况2,0.9477784119355255
2024-05-03 22:41:00,训练集,工况2,0.8921258921029579
2024-05-03 22:42:00,训练集,工况2,0.5493721494243397
2024-05-03 22:43:00,训练集,工况2,0.9681395396997919
2024-05-03 22:44:00,训练集,工况2,0.7304461510127975
2024-05-03 22:45:00,训练集,工况2,0.9605078070897047
2024-05-03 22:46:00,训练集,工况2,0.9821537200898572
2024-05-03 22:47:00,训练集,工况2,0.6151366764762543
2024-05-03 22:48:00,训练集,工况2,0.9899676540780061
2024-05-03 22:49:00,训练集,工况2,0.9767986252547575
2024-05-03 22:50:00,训练集,工况2,0.953875154245819
2024-05-03 22:51:00,训练集,工况2,0.9786237511798376
2024-05-03 22:52:00,训练集,工况2,0.9173685124604485
2024-05-03 22:53:00,训练集,工况6,0.5095089654629807
2024-05-03 22:54:00,训练集,工况2,0.9616250476617947
2024-05-03 22:55:00,训练集,工况2,0.943279742129623
2024-05-03 22:56:00,训练集,工况2,0.9798777201332003
2024-05-03 22:57:00,训练集,工况2,0.924097865806091
2024-05-03 22:58:00,训练集,工况2,0.9558420217305268
2024-05-03 22:59:00,训练集,工况2,0.9183315758056086
2024-05-03 23:00:00,训练集,工况2,0.9550977474826364
2024-05-03 23:01:00,训练集,工况2,0.9792870745624088
2024-05-03 23:02:00,训练集,工况2,0.9741603695787692
2024-05-03 23:03:00,训练集,工况2,0.9852935375789722
2024-05-03 23:04:00,训练集,工况6,0.7456394857897459
2024-05-03 23:05:00,训练集,工况2,0.9739784472799196
2024-05-03 23:06:00,训练集,工况2,0.7973812699698937
2024-05-03 23:07:00,训练集,工况2,0.9161531096780978
2024-05-03 23:08:00,训练集,工况2,0.9448677745347077
2024-05-03 23:09:00,训练集,工况2,0.9452299977401092
2024-05-03 23:10:00,训练集,工况2,0.9847277154310377
2024-05-03 23:11:00,训练集,工况2,0.9868992767400158
2024-05-03 23:12:00,训练集,工况2,0.8869041190850012
2024-05-03 23:13:00,训练集,工况2,0.9681228385409117
2024-05-03 23:14:00,训练集,工况2,0.9398747194691939
2024-05-03 23:15:00,训练集,工况2,0.965565239921779
2024-05-03 23:16:00,训练集,工况2,0.9872548525869052
2024-05-03 23:17:00,训练集,工况2,0.9865812735806166
2024-05-03 23:18:00,训练集,工况2,0.9687643303257829
2024-05-03 23:19:00,训练集,工况2,0.9473949175088215
2024-05-03 23:20:00,训练集,工况2,0.9214397615166698
2024-05-03 23:21:00,训练集,工况2,0.9755926984115085
2024-05-03 23:22:00,训练集,工况2,0.9209019100018185
2024-05-03 23:23:00,训练集,工况2,0.8748620244722295
2024-05-03 23:24:00,训练集,工况2,0.9024198958640699
2024-05-03 23:25:00,训练集,工况2,0.9806240381807816
2024-05-03 23:26:00,训练集,工况2,0.9204996198740951
2024-05-03 23:27:00,训练集,工况2,0.9688251824538237
2024-05-03 23:28:00,训练集,工况2,0.857283814045596
2024-05-03 23:29:00,训练集,工况2,0.9000567438376067
2024-05-03 23:30:00,训练集,工况2,0.9063682100076885
2024-05-03 23:31:00,训练集,工况2,0.9487881376332263
2024-05-03 23:32:00,训练集,工况2,0.8318148571763011
2024-05-03 23:33:00,训练集,工况2,0.9802776993007196
2024-05-03 23:34:00,训练集,工况2,0.9667371234846297
2024-05-03 23:35:00,训练集,工况2,0.9769045521342404
2024-05-03 23:36:00,训练集,工况2,0.9645958600096848
2024-05-03 23:37:00,训练集,工况2,0.9891980594278413
2024-05-03 23:38:00,训练集,工况2,0.9874960796534643
2024-05-03 23:39:00,训练集,工况2,0.9875752826049653
2024-05-03 23:40:00,训练集,工况2,0.9751341540715974
2024-05-03 23:41:00,训练集,工况2,0.9818393488985405
2024-05-03 23:42:00,训练集,工况2,0.9685016420731232
2024-05-03 23:43:00,训练集,工况2,0.9720819293629548
2024-05-03 23:44:00,训练集,工况2,0.9652260590047989
2024-05-03 23:45:00,训练集,工况2,0.9809493031066577
2024-05-03 23:46:00,训练集,工况2,0.9485925176949299
2024-05-03 23:47:00,训练集,工况2,0.8463030492305469
2024-05-03 23:48:00,训练集,工况2,0.9754435681413264
2024-05-03 23:49:00,训练集,工况2,0.9633480601646213
2024-05-03 23:50:00,训练集,工况2,0.9036531357470334
2024-05-03 23:51:00,训练集,工况2,0.962085573366434
2024-05-03 23:52:00,训练集,工况2,0.9396645249952779
2024-05-03 23:53:00,训练集,工况2,0.8940241730941105
2024-05-03 23:54:00,训练集,工况2,0.9532782925397367
2024-05-03 23:55:00,训练集,工况2,0.8964054801490431
2024-05-03 23:56:00,训练集,工况2,0.9122630946456401
2024-05-03 23:57:00,训练集,工况2,0.677803406071184
2024-05-03 23:58:00,训练集,工况2,0.9745570093287725
2024-05-03 23:59:00,训练集,工况2,0.9647632135509078
2024-05-04 00:00:00,训练集,工况2,0.968730597524631
2024-05-04 00:01:00,训练集,工况2,0.8843226188148935
2024-05-04 00:02:00,训练集,工况2,0.9552616894294363
2024-05-04 00:03:00,训练集,工况2,0.9895149077036132
2024-05-04 00:04:00,训练集,工况2,0.9593205974732784
2024-05-04 00:05:00,训练集,工况2,0.9527352366669234
2024-05-04 00:06:00,训练集,工况2,0.9852019783394932
2024-05-04 00:07:00,训练集,工况2,0.8639200985461225
2024-05-04 00:08:00,训练集,工况2,0.8071369231416312
2024-05-04 00:09:00,训练集,工况2,0.9904466606637726
2024-05-04 00:10:00,训练集,工况2,0.7823493944525836
2024-05-04 00:11:00,训练集,工况2,0.8706767524206379
2024-05-04 00:12:00,训练集,工况2,0.6124056483093098
2024-05-04 00:13:00,训练集,工况2,0.688967550668898
2024-05-04 00:14:00,训练集,工况2,0.5704085299293009
2024-05-04 00:15:00,训练集,工况2,0.9432103128303883
2024-05-04 00:16:00,训练集,工况2,0.87601436767572
2024-05-04 00:17:00,训练集,工况2,0.9335204018873843
2024-05-04 00:18:00,训练集,工况2,0.9774443621913216
2024-05-04 00:19:00,训练集,工况2,0.8967033094296982
2024-05-04 00:20:00,训练集,工况2,0.9343542279721492
2024-05-04 00:21:00,训练集,工况2,0.9118100564505554
2024-05-04 00:22:00,训练集,工况2,0.7811866610955097
2024-05-04 00:23:00,训练集,工况2,0.886525323906263
2024-05-04 00:24:00,训练集,工况2,0.5100194233206539
2024-05-04 00:25:00,训练集,工况2,0.9475432282318957
2024-05-04 00:26:00,训练集,工况2,0.9276784891788461
2024-05-04 00:27:00,训练集,工况2,0.838576820252117
2024-05-04 00:28:00,训练集,工况2,0.9405287205578143
2024-05-04 00:29:00,训练集,工况2,0.988401897546025
2024-05-04 00:30:00,训练集,工况2,0.868184129785105
2024-05-04 00:31:00,训练集,工况2,0.8093114606359814
2024-05-04 00:32:00,训练集,工况2,0.987976483287761
2024-05-04 00:33:00,训练集,工况2,0.9236249709635038
2024-05-04 00:34:00,训练集,工况2,0.9447273892047968
2024-05-04 00:35:00,训练集,工况2,0.9799128688414055
2024-05-04 00:36:00,训练集,工况2,0.7529896113970097
2024-05-04 00:37:00,训练集,工况2,0.6928660467948724
2024-05-04 00:38:00,训练集,工况2,0.8096068582936917
2024-05-04 00:39:00,训练集,工况2,0.5021569992703393
2024-05-04 00:40:00,训练集,工况2,0.9604683989549878
2024-05-04 00:41:00,训练集,工况2,0.919930335214396
2024-05-04 00:42:00,训练集,工况2,0.9728026757830343
2024-05-04 00:43:00,训练集,工况2,0.9266646349604896
2024-05-04 00:44:00,训练集,工况2,0.8213156586696163
2024-05-04 00:45:00,训练集,工况2,0.7511151774546642
2024-05-04 00:46:00,训练集,工况2,0.9611313058275684
2024-05-04 00:47:00,训练集,工况2,0.8949208408495
2024-05-04 00:48:00,训练集,工况2,0.9697658022249497
2024-05-04 00:49:00,训练集,工况2,0.7892090333653486
2024-05-04 00:50:00,训练集,工况2,0.9727327669817573
2024-05-04 00:51:00,训练集,工况2,0.9604644403633202
2024-05-04 00:52:00,训练集,工况2,0.968183721108855
2024-05-04 00:53:00,训练集,工况2,0.9512177335790625
2024-05-04 00:54:00,训练集,工况2,0.8402789690075079
2024-05-04 00:55:00,训练集,工况2,0.561924761629793
2024-05-04 00:56:00,训练集,工况2,0.9774433474107794
2024-05-04 00:57:00,训练集,工况2,0.7846899941115518
2024-05-04 00:58:00,训练集,工况2,0.7659328007269489
2024-05-04 00:59:00,训练集,工况2,0.6251773071598411
2024-05-04 01:00:00,训练集,工况2,0.8256657408192764
2024-05-04 01:01:00,训练集,工况2,0.9466434061259313
2024-05-04 01:02:00,训练集,工况2,0.9516574120284522
2024-05-04 01:03:00,训练集,工况2,0.9265337039890504
2024-05-04 01:04:00,训练集,工况2,0.9906558177534239
2024-05-04 01:05:00,训练集,工况2,0.8887325015531933
2024-05-04 01:06:00,训练集,工况2,0.990659149506986
2024-05-04 01:07:00,训练集,工况2,0.9717182433361469
2024-05-04 01:08:00,训练集,工况2,0.6114275503394739
2024-05-04 01:09:00,训练集,工况2,0.8995268404727447
2024-05-04 01:10:00,训练集,工况2,0.886335077969608
2024-05-04 01:11:00,训练集,工况2,0.8585585398187324
2024-05-04 01:12:00,训练集,工况2,0.7596054643809025
2024-05-04 01:13:00,训练集,工况2,0.9403248502989701
2024-05-04 01:14:00,训练集,工况2,0.7980744523570057
2024-05-04 01:15:00,训练集,工况2,0.9804460777891209
2024-05-04 01:16:00,训练集,工况2,0.9805832042143691
2024-05-04 01:17:00,训练集,工况2,0.8806768089795824
2024-05-04 01:18:00,训练集,工况2,0.6891055178867805
2024-05-04 01:19:00,训练集,工况2,0.9068527258127361
2024-05-04 01:20:00,训练集,工况2,0.8371882707980141
2024-05-04 01:21:00,训练集,工况2,0.7741339282334774
2024-05-04 01:22:00,训练集,工况2,0.773549381320576
2024-05-04 01:23:00,训练集,工况2,0.9105792126168666
2024-05-04 01:24:00,训练集,工况2,0.9461581200861816
2024-05-04 01:25:00,训练集,工况2,0.8328481300819839
2024-05-04 01:26:00,训练集,工况2,0.899052992393016
2024-05-04 01:27:00,训练集,工况2,0.9810980503378999
2024-05-04 01:28:00,训练集,工况6,0.5915220316828882
2024-05-04 01:29:00,训练集,工况2,0.6807805995517936
2024-05-04 01:30:00,训练集,工况2,0.9374289868484178
2024-05-04 01:31:00,训练集,工况2,0.7848006992828946
2024-05-04 01:32:00,训练集,工况2,0.8902922371937088
2024-05-04 01:33:00,训练集,工况2,0.9786122094350875
2024-05-04 01:34:00,训练集,工况2,0.937267612570669
2024-05-04 01:35:00,训练集,工况2,0.5855603132255455
2024-05-04 01:36:00,训练集,工况2,0.8482121143521961
2024-05-04 01:37:00,训练集,工况2,0.976397713197861
2024-05-04 01:38:00,训练集,工况2,0.9279970368953867
2024-05-04 01:39:00,训练集,工况2,0.971957308915623
2024-05-04 01:40:00,训练集,工况2,0.7532365849695267
2024-05-04 01:41:00,训练集,工况2,0.9425934865949285
2024-05-04 01:42:00,训练集,工况6,0.6787556713003213
2024-05-04 01:43:00,训练集,工况2,0.862686398653151
2024-05-04 01:44:00,训练集,工况2,0.965918810173445
2024-05-04 01:45:00,训练集,工况2,0.8654687293990913
2024-05-04 01:46:00,训练集,工况2,0.903353905177012
2024-05-04 01:47:00,训练集,工况2,0.8916465096963604
2024-05-04 01:48:00,训练集,工况2,0.871326800607466
2024-05-04 01:49:00,训练集,工况2,0.7666916405905595
2024-05-04 01:50:00,训练集,工况2,0.8604559573211416
2024-05-04 01:51:00,训练集,工况2,0.9396265571403677
2024-05-04 01:52:00,训练集,工况6,0.6406159992608498
2024-05-04 01:53:00,训练集,工况2,0.8791277218839607
2024-05-04 01:54:00,训练集,工况2,0.8989892573199781
2024-05-04 01:55:00,训练集,工况2,0.8873598059160115
2024-05-04 01:56:00,训练集,工况2,0.7104365780832013
2024-05-04 01:57:00,训练集,工况2,0.5661678166001776
2024-05-04 01:58:00,训练集,工况2,0.9567759053158512
2024-05-04 01:59:00,训练集,工况2,0.8803344683050296
2024-05-04 02:00:00,训练集,工况2,0.9616040866548256
2024-05-04 02:01:00,训练集,工况2,0.8739020763697571
2024-05-04 02:02:00,训练集,工况2,0.8642312242662451
2024-05-04 02:03:00,训练集,工况2,0.8109971358551719
2024-05-04 02:04:00,训练集,工况2,0.9866006020306227
2024-05-04 02:05:00,训练集,工况2,0.9754333749840355
2024-05-04 02:06:00,训练集,工况2,0.8020100872064005
2024-05-04 02:07:00,训练集,工况2,0.9196353555226353
2024-05-04 02:08:00,训练集,工况2,0.9200991731597076
2024-05-04 02:09:00,训练集,工况6,0.5837107548005175
2024-05-04 02:10:00,训练集,工况2,0.6136282843153719
2024-05-04 02:11:00,训练集,工况6,0.9906784101234606
2024-05-04 02:12:00,训练集,工况2,0.7580076347508714
2024-05-04 02:13:00,训练集,工况2,0.8566928996630871
2024-05-04 02:14:00,训练集,工况2,0.7499511384383475
2024-05-04 02:15:00,训练集,工况6,0.6208859583189961
2024-05-04 02:16:00,训练集,工况2,0.9408386242283059
2024-05-04 02:17:00,训练集,工况2,0.7832344372986775
2024-05-04 02:18:00,训练集,工况2,0.5428794238947069
2024-05-04 02:19:00,训练集,工况2,0.5354009498684447
2024-05-04 02:20:00,训练集,工况2,0.7730094133281762
2024-05-04 02:21:00,训练集,工况2,0.6821897346496325
2024-05-04 02:22:00,训练集,工况2,0.6457183482878461
2024-05-04 02:23:00,训练集,工况2,0.7731029752156019
2024-05-04 02:24:00,训练集,工况2,0.9067018003209677
2024-05-04 02:25:00,训练集,工况2,0.6989251853464421
2024-05-04 02:26:00,训练集,工况2,0.8228749740682221
2024-05-04 02:27:00,训练集,工况2,0.8337751886826246
2024-05-04 02:28:00,训练集,工况2,0.8797103528718978
2024-05-04 02:29:00,训练集,工况2,0.7903759011288854
2024-05-04 02:30:00,训练集,工况2,0.5539618703235983
2024-05-04 02:31:00,训练集,工况2,0.6306229631891944
2024-05-04 02:32:00,训练集,工况2,0.5212586703685046
2024-05-04 02:33:00,训练集,工况2,0.873986898331433
2024-05-04 02:34:00,训练集,工况2,0.7503599299437093
2024-05-04 02:35:00,训练集,工况6,0.6729599130792187
2024-05-04 02:36:00,训练集,工况2,0.6296494385692859
2024-05-04 02:37:00,训练集,工况2,0.8436737056046917
2024-05-04 02:38:00,训练集,工况6,0.6785666413558525
2024-05-04 02:39:00,训练集,工况2,0.7653638605010398
2024-05-04 02:40:00,训练集,工况2,0.9651163142841281
2024-05-04 02:41:00,训练集,工况2,0.6557643641171462
2024-05-04 02:42:00,训练集,工况2,0.9701797027394256
2024-05-04 02:43:00,训练集,工况2,0.7758514795899558
2024-05-04 02:44:00,训练集,工况6,0.7305813847919873
2024-05-04 02:45:00,训练集,工况2,0.7897601373833777
2024-05-04 02:46:00,训练集,工况2,0.6787693939336678
2024-05-04 02:47:00,训练集,工况2,0.8217350499327112
2024-05-04 02:48:00,训练集,工况2,0.7330421833931294
2024-05-04 02:49:00,训练集,工况6,0.7111939292746275
2024-05-04 02:50:00,训练集,工况2,0.8066643851984032
2024-05-04 02:51:00,训练集,工况2,0.6869330328342466
2024-05-04 02:52:00,训练集,工况2,0.8438220290395215
2024-05-04 02:53:00,训练集,工况2,0.7179495166301397
2024-05-04 02:54:00,训练集,工况2,0.5663420543775053
2024-05-04 02:55:00,训练集,工况2,0.6759690441216424
2024-05-04 02:56:00,训练集,工况2,0.8540108932376095
2024-05-04 02:57:00,训练集,工况2,0.685866281924238
2024-05-04 02:58:00,训练集,工况2,0.9562031956857543
2024-05-04 02:59:00,训练集,工况2,0.5848464798357134
2024-05-04 03:00:00,训练集,工况2,0.8560715692493016
2024-05-04 03:01:00,训练集,工况6,0.8882661190484865
2024-05-04 03:02:00,训练集,工况2,0.825436874353743
2024-05-04 03:03:00,训练集,工况2,0.6332253925720052
2024-05-04 03:04:00,训练集,工况2,0.7300821675015204
2024-05-04 03:05:00,训练集,工况2,0.8085042874950513
2024-05-04 03:06:00,训练集,工况2,0.6117927572937565
2024-05-04 03:07:00,训练集,工况2,0.5222205524927758
2024-05-04 03:08:00,训练集,工况2,0.680474760010438
2024-05-04 03:09:00,训练集,工况2,0.7787615573673574
2024-05-04 03:10:00,训练集,工况6,0.5762666286471736
2024-05-04 03:11:00,训练集,工况2,0.6574604561652511
2024-05-04 03:12:00,训练集,工况2,0.9313182683270272
2024-05-04 03:13:00,训练集,工况2,0.8456689381303102
2024-05-04 03:14:00,训练集,工况6,0.6210879955009582
2024-05-04 03:15:00,训练集,工况6,0.6315531081837992
2024-05-04 03:16:00,训练集,工况2,0.8330428566189501
2024-05-04 03:17:00,训练集,工况2,0.856157548057229
2024-05-04 03:18:00,训练集,工况2,0.5909018054315376
2024-05-04 03:19:00,训练集,工况2,0.9020145541806975
2024-05-04 03:20:00,训练集,工况2,0.9300314795145651
2024-05-04 03:21:00,训练集,工况2,0.8234508196230913
2024-05-04 03:22:00,训练集,工况2,0.7803545581534566
2024-05-04 03:23:00,训练集,工况2,0.6495708460145243
2024-05-04 03:24:00,训练集,工况6,0.5418248537003614
2024-05-04 03:25:00,训练集,工况6,0.5836361297667767
2024-05-04 03:26:00,训练集,工况2,0.7929225117288848
2024-05-04 03:27:00,训练集,工况2,0.6803612045919963
2024-05-04 03:28:00,训练集,工况6,0.9695479158940862
2024-05-04 03:29:00,训练集,工况2,0.9277289567942497
2024-05-04 03:30:00,训练集,工况2,0.9271654437161376
2024-05-04 03:31:00,训练集,工况2,0.7526841500690118
2024-05-04 03:32:00,训练集,工况2,0.629049212595074
2024-05-04 03:33:00,训练集,工况2,0.8429496470286524
2024-05-04 03:34:00,训练集,工况6,0.6118722313163175
2024-05-04 03:35:00,训练集,工况2,0.9354154698843549
2024-05-04 03:36:00,训练集,工况2,0.6384786618864784
2024-05-04 03:37:00,训练集,工况2,0.9235650918274058
2024-05-04 03:38:00,训练集,工况2,0.7481489673195828
2024-05-04 03:39:00,训练集,工况2,0.7781591205051173
2024-05-04 03:40:00,训练集,工况2,0.9495626511515116
2024-05-04 03:41:00,训练集,工况2,0.6604853845704526
2024-05-04 03:42:00,训练集,工况2,0.8189526522254035
2024-05-04 03:43:00,训练集,工况2,0.6694172800810614
2024-05-04 03:44:00,训练集,工况2,0.5527895765226546
2024-05-04 03:45:00,训练集,工况2,0.8785075125519405
2024-05-04 03:46:00,训练集,工况6,0.5142299790663866
2024-05-04 03:47:00,训练集,工况2,0.8814320800470219
2024-05-04 03:48:00,训练集,工况2,0.5462037550237313
2024-05-04 03:49:00,训练集,工况2,0.9042488058409959
2024-05-04 03:50:00,训练集,工况6,0.5672415471303663
2024-05-04 03:51:00,训练集,工况6,0.517588966890878
2024-05-04 03:52:00,训练集,工况6,0.5449533006378671
2024-05-04 03:53:00,训练集,工况2,0.7508069948492084
2024-05-04 03:54:00,训练集,工况2,0.7454566900588505
2024-05-04 03:55:00,训练集,工况6,0.5778168765087967
2024-05-04 03:56:00,训练集,工况2,0.8648299551852565
2024-05-04 03:57:00,训练集,工况6,0.6409464721049705
2024-05-04 03:58:00,训练集,工况2,0.7031803349929885
2024-05-04 03:59:00,训练集,工况6,0.9239966886260068
2024-05-04 04:00:00,训练集,工况2,0.9116280717875804
2024-05-04 04:01:00,训练集,工况2,0.6441706219001152
2024-05-04 04:02:00,训练集,工况6,0.6097915526048379
2024-05-04 04:03:00,训练集,工况2,0.6408115879973495
2024-05-04 04:04:00,训练集,工况2,0.7266954052529909
2024-05-04 04:05:00,训练集,工况2,0.9316995769715587
2024-05-04 04:06:00,训练集,工况2,0.7427708990102682
2024-05-04 04:07:00,训练集,工况2,0.6190838586179033
2024-05-04 04:08:00,训练集,工况2,0.5652884912444902
2024-05-04 04:09:00,训练集,工况2,0.5961298041474414
2024-05-04 04:10:00,训练集,工况2,0.895037447137297
2024-05-04 04:11:00,训练集,工况2,0.6027050795324252
2024-05-04 04:12:00,训练集,工况6,0.6655130017927344
2024-05-04 04:13:00,训练集,工况2,0.5720645784247761
2024-05-04 04:14:00,训练集,工况6,0.7759386618876473
2024-05-04 04:15:00,训练集,工况2,0.8485922120498722
2024-05-04 04:16:00,训练集,工况2,0.6924702101914817
2024-05-04 04:17:00,训练集,工况2,0.5898035895072455
2024-05-04 04:18:00,训练集,工况2,0.8040377833789953
2024-05-04 04:19:00,训练集,工况2,0.5053673964557059
2024-05-04 04:20:00,训练集,工况2,0.7938621139428628
2024-05-04 04:21:00,训练集,工况2,0.7849000523249684
2024-05-04 04:22:00,训练集,工况2,0.7196012207313499
2024-05-04 04:23:00,训练集,工况2,0.6016135759982391
2024-05-04 04:24:00,训练集,工况2,0.8174514657805142
2024-05-04 04:25:00,训练集,工况2,0.7103958879180557
2024-05-04 04:26:00,训练集,工况2,0.6896758925443216
2024-05-04 04:27:00,训练集,工况2,0.7942010973249001
2024-05-04 04:28:00,训练集,工况2,0.6859005797248282
2024-05-04 04:29:00,训练集,工况6,0.5217134256478755
2024-05-04 04:30:00,训练集,工况2,0.7205941434015947
2024-05-04 04:31:00,训练集,工况2,0.5734496219440041
2024-05-04 04:32:00,训练集,工况2,0.7269803576751218
2024-05-04 04:33:00,训练集,工况2,0.6119696249290728
2024-05-04 04:34:00,训练集,工况2,0.5776231906282323
2024-05-04 04:35:00,训练集,工况2,0.5973515332750091
2024-05-04 04:36:00,训练集,工况2,0.6521491898117526
2024-05-04 04:37:00,训练集,工况2,0.577100478191329
2024-05-04 04:38:00,训练集,工况2,0.7698768048949767
2024-05-04 04:39:00,训练集,工况2,0.5279384997554787
2024-05-04 04:40:00,训练集,工况2,0.562268415290561
2024-05-04 04:41:00,训练集,工况2,0.5268403007447787
2024-05-04 04:42:00,训练集,工况2,0.5629037036588018
2024-05-04 04:43:00,训练集,工况6,0.6259655480578321
2024-05-04 04:44:00,训练集,工况2,0.5863628417821102
2024-05-04 04:45:00,训练集,工况2,0.7788487116979865
2024-05-04 04:46:00,训练集,工况2,0.6877548514252871
2024-05-04 04:47:00,训练集,工况2,0.649504952753228
2024-05-04 04:48:00,训练集,工况2,0.7557768774895044
2024-05-04 04:49:00,训练集,工况2,0.6267059382013886
2024-05-04 04:50:00,训练集,工况2,0.5029528878813352
2024-05-04 04:51:00,训练集,工况2,0.8160118195420879
2024-05-04 04:52:00,训练集,工况2,0.598056784225289
2024-05-04 04:53:00,训练集,工况2,0.8182488112384715
2024-05-04 04:54:00,训练集,工况2,0.6720870053892071
2024-05-04 04:55:00,训练集,工况6,0.7505284511484037
2024-05-04 04:56:00,训练集,工况2,0.5553778225762855
2024-05-04 04:57:00,训练集,工况2,0.6029855779319455
2024-05-04 04:58:00,训练集,工况2,0.8101655542088038
2024-05-04 04:59:00,训练集,工况2,0.5406299066352127
2024-05-04 05:00:00,训练集,工况2,0.686870553456331
2024-05-04 05:01:00,训练集,工况2,0.5641291524472659
2024-05-04 05:02:00,训练集,工况2,0.7558447407764862
2024-05-04 05:03:00,训练集,工况2,0.6796003936949824
2024-05-04 05:04:00,训练集,工况2,0.5509508543375019
2024-05-04 05:05:00,训练集,工况2,0.5930084047061734
2024-05-04 05:06:00,训练集,工况2,0.7121138159805148
2024-05-04 05:07:00,训练集,工况2,0.869626094170233
2024-05-04 05:08:00,训练集,工况2,0.5921956115831873
2024-05-04 05:09:00,训练集,工况2,0.6690147186791563
2024-05-04 05:10:00,训练集,工况6,0.5372878881659732
2024-05-04 05:11:00,训练集,工况2,0.6115145229924528
2024-05-04 05:12:00,训练集,工况2,0.7858462342406248
2024-05-04 05:13:00,训练集,工况2,0.6976120467160996
2024-05-04 05:14:00,训练集,工况2,0.6240344011575428
2024-05-04 05:15:00,训练集,工况6,0.9486468567093738
2024-05-04 05:16:00,训练集,工况2,0.6508494975872321
2024-05-04 05:17:00,训练集,工况2,0.6704959045782644
2024-05-04 05:18:00,训练集,工况2,0.7095736906264053
2024-05-04 05:19:00,训练集,工况2,0.8073455293103868
2024-05-04 05:20:00,训练集,工况2,0.6261224826515391
2024-05-04 05:21:00,训练集,工况2,0.7550704895480809
2024-05-04 05:22:00,训练集,工况2,0.7457850346892732
2024-05-04 05:23:00,训练集,工况2,0.5019102564139486
2024-05-04 05:24:00,训练集,工况6,0.5656379816127849
2024-05-04 05:25:00,训练集,工况2,0.5939683839500893
2024-05-04 05:26:00,训练集,工况2,0.7912773702094248
2024-05-04 05:27:00,训练集,工况2,0.5457831371453398
2024-05-04 05:28:00,训练集,工况2,0.627915376064481
2024-05-04 05:29:00,训练集,工况2,0.7396557162726746
2024-05-04 05:30:00,训练集,工况6,0.6754234828638445
2024-05-04 05:31:00,训练集,工况2,0.628073287102568
2024-05-04 05:32:00,训练集,工况6,0.5251162710382045
2024-05-04 05:33:00,训练集,工况2,0.6817073779782014
2024-05-04 05:34:00,训练集,工况2,0.6548609244112416
2024-05-04 05:35:00,训练集,工况6,0.603161326718151
2024-05-04 05:36:00,训练集,工况2,0.7333269684420672
2024-05-04 05:37:00,训练集,工况6,0.6654514059169915
2024-05-04 05:38:00,训练集,工况6,0.6900997788996208
2024-05-04 05:39:00,训练集,工况2,0.582524709120793
2024-05-04 05:40:00,训练集,工况6,0.734474253516976
2024-05-04 05:41:00,训练集,工况2,0.8024740509871301
2024-05-04 05:42:00,训练集,工况2,0.7299736885907585
2024-05-04 05:43:00,训练集,工况2,0.7066167133936062
2024-05-04 05:44:00,训练集,工况6,0.6113713150530602
2024-05-04 05:45:00,训练集,工况6,0.5576782503313759
2024-05-04 05:46:00,训练集,工况2,0.7175728254478899
2024-05-04 05:47:00,训练集,工况2,0.590229504256909
2024-05-04 05:48:00,训练集,工况2,0.5656532892414831
2024-05-04 05:49:00,训练集,工况2,0.5698119335405326
2024-05-04 05:50:00,训练集,工况2,0.6501784249051825
2024-05-04 05:51:00,训练集,工况2,0.6813866233642729
2024-05-04 05:52:00,训练集,工况2,0.6337115782391488
2024-05-04 05:53:00,训练集,工况6,0.6345707661650715
2024-05-04 05:54:00,训练集,工况6,0.5372667326468374
2024-05-04 05:55:00,训练集,工况2,0.773976233693393
2024-05-04 05:56:00,训练集,工况2,0.608170735689307
2024-05-04 05:57:00,训练集,工况6,0.5105100993020335
2024-05-04 05:58:00,训练集,工况2,0.5836086456425951
2024-05-04 05:59:00,训练集,工况6,0.7734536485743992
2024-05-04 06:00:00,训练集,工况2,0.5948577501068766
2024-05-04 06:01:00,训练集,工况2,0.5635279625555344
2024-05-04 06:02:00,训练集,工况2,0.5599783179443714
2024-05-04 06:03:00,训练集,工况6,0.61993377669663
2024-05-04 06:04:00,训练集,工况2,0.6680713420800385
2024-05-04 06:05:00,训练集,工况2,0.6457158083194154
2024-05-04 06:06:00,训练集,工况6,0.7013123661713394
2024-05-04 06:07:00,训练集,工况2,0.6890450736337426
2024-05-04 06:08:00,训练集,工况6,0.8025152673647145
2024-05-04 06:09:00,训练集,工况2,0.5734347420480583
2024-05-04 06:10:00,训练集,工况2,0.611211779040986
2024-05-04 06:11:00,训练集,工况2,0.6859760471635191
2024-05-04 06:12:00,训练集,工况2,0.6344027373581154
2024-05-04 06:13:00,训练集,工况6,0.5692880549160143
2024-05-04 06:14:00,训练集,工况2,0.6349058639959305
2024-05-04 06:15:00,训练集,工况2,0.617838925977427
2024-05-04 06:16:00,训练集,工况2,0.5172591316887977
2024-05-04 06:17:00,训练集,工况2,0.5549272727234734
2024-05-04 06:18:00,训练集,工况6,0.5767619847219246
2024-05-04 06:19:00,训练集,工况6,0.544649134148819
2024-05-04 06:20:00,训练集,工况2,0.7553852545190803
2024-05-04 06:21:00,训练集,工况2,0.5836934247453798
2024-05-04 06:22:00,训练集,工况6,0.5347634877132129
2024-05-04 06:23:00,训练集,工况2,0.5888354679798067
2024-05-04 06:24:00,训练集,工况6,0.5307190084491406
2024-05-04 06:25:00,训练集,工况2,0.6560473339424596
2024-05-04 06:26:00,训练集,工况2,0.5868615136122315
2024-05-04 06:27:00,训练集,工况2,0.6084725316987696
2024-05-04 06:28:00,训练集,工况2,0.5311931123176176
2024-05-04 06:29:00,训练集,工况2,0.649719154959529
2024-05-04 06:30:00,训练集,工况2,0.6046604319874408
2024-05-04 06:31:00,训练集,工况2,0.6022733032347375
2024-05-04 06:32:00,训练集,工况6,0.5412785794902548
2024-05-04 06:33:00,训练集,工况2,0.5333774302440253
2024-05-04 06:34:00,训练集,工况2,0.6876534777237676
2024-05-04 06:35:00,训练集,工况2,0.6510525180364114
2024-05-04 06:36:00,训练集,工况6,0.5677164430154767
2024-05-04 06:37:00,训练集,工况2,0.5266944962564106
2024-05-04 06:38:00,训练集,工况2,0.5452502246090778
2024-05-04 06:39:00,训练集,工况6,0.5905519535716693
2024-05-04 06:40:00,训练集,工况6,0.786311267209292
2024-05-04 06:41:00,训练集,工况6,0.987683949122631
2024-05-04 06:42:00,训练集,工况6,0.8368215098866864
2024-05-04 06:43:00,训练集,工况2,0.5691510478510449
2024-05-04 06:44:00,训练集,工况2,0.679030923113151
2024-05-04 06:45:00,训练集,工况6,0.5697937900337191
2024-05-04 06:46:00,训练集,工况2,0.6214512214512822
2024-05-04 06:47:00,训练集,工况2,0.5676671753646902
2024-05-04 06:48:00,训练集,工况6,0.988233125437851
2024-05-04 06:49:00,训练集,工况2,0.5436527907402335
2024-05-04 06:50:00,训练集,工况6,0.5245378433422099
2024-05-04 06:51:00,训练集,工况6,0.8627535925055312
2024-05-04 06:52:00,训练集,工况2,0.5025813323512818
2024-05-04 06:53:00,训练集,工况2,0.5036457563494916
2024-05-04 06:54:00,训练集,工况6,0.7484038964057388
2024-05-04 06:55:00,训练集,工况6,0.6074767800164702
2024-05-04 06:56:00,训练集,工况6,0.6097594728649365
2024-05-04 06:57:00,训练集,工况6,0.618683799972399
2024-05-04 06:58:00,训练集,工况2,0.6292099118573029
2024-05-04 06:59:00,训练集,工况2,0.621205296294389
2024-05-04 07:00:00,训练集,工况6,0.5307834191336717
2024-05-04 07:01:00,训练集,工况6,0.5300276099147921
2024-05-04 07:02:00,训练集,工况6,0.8167240236373479
2024-05-04 07:03:00,训练集,工况2,0.522216448616104
2024-05-04 07:04:00,训练集,工况6,0.6741000290500889
2024-05-04 07:05:00,训练集,工况2,0.5189628463006557
2024-05-04 07:06:00,训练集,工况2,0.5976952293274951
2024-05-04 07:07:00,训练集,工况2,0.8071903964007868
2024-05-04 07:08:00,训练集,工况2,0.5450825947339141
2024-05-04 07:09:00,训练集,工况6,0.7925895350743626
2024-05-04 07:10:00,训练集,工况6,0.727926585090822
2024-05-04 07:11:00,训练集,工况2,0.5697188364666537
2024-05-04 07:12:00,训练集,工况2,0.6588455324891118
2024-05-04 07:13:00,训练集,工况2,0.5975935892902112
2024-05-04 07:14:00,训练集,工况6,0.5414613887869913
2024-05-04 07:15:00,训练集,工况2,0.6115310096021569
2024-05-04 07:16:00,训练集,工况2,0.5913047594905784
2024-05-04 07:17:00,训练集,工况6,0.7117207563009617
2024-05-04 07:18:00,训练集,工况2,0.6633245266523682
2024-05-04 07:19:00,训练集,工况2,0.5014683860323982
2024-05-04 07:20:00,训练集,工况2,0.6246375908101869
2024-05-04 07:21:00,训练集,工况6,0.5267868241956651
2024-05-04 07:22:00,训练集,工况6,0.7440377145000703
2024-05-04 07:23:00,训练集,工况2,0.5997536397852807
2024-05-04 07:24:00,训练集,工况2,0.6443923387424743
2024-05-04 07:25:00,训练集,工况2,0.5223276157111165
2024-05-04 07:26:00,训练集,工况2,0.6894150981361972
2024-05-04 07:27:00,训练集,工况6,0.7212102824551149
2024-05-04 07:28:00,训练集,工况6,0.5412976043478517
2024-05-04 07:29:00,训练集,工况6,0.5719774464299218
2024-05-04 07:30:00,训练集,工况6,0.5163194731573074
2024-05-04 07:31:00,训练集,工况6,0.6526337749565879
2024-05-04 07:32:00,训练集,工况6,0.8884462961719775
2024-05-04 07:33:00,训练集,工况2,0.5334265576901528
2024-05-04 07:34:00,训练集,工况2,0.6066234167122141
2024-05-04 07:35:00,训练集,工况6,0.9023464265880236
2024-05-04 07:36:00,训练集,工况6,0.803801178631392
2024-05-04 07:37:00,训练集,工况2,0.5746818329033939
2024-05-04 07:38:00,训练集,工况6,0.6667593909954647
2024-05-04 07:39:00,训练集,工况2,0.5829989740303726
2024-05-04 07:40:00,训练集,工况6,0.7497048068072956
2024-05-04 07:41:00,训练集,工况6,0.5639879068658459
2024-05-04 07:42:00,训练集,工况2,0.5369046499456864
2024-05-04 07:43:00,训练集,工况2,0.5098648490386046
2024-05-04 07:44:00,训练集,工况6,0.8508165847686157
2024-05-04 07:45:00,训练集,工况2,0.5177639210259959
2024-05-04 07:46:00,训练集,工况2,0.5241081537249899
2024-05-04 07:47:00,训练集,工况2,0.7209184129536351
2024-05-04 07:48:00,训练集,工况6,0.7623475510445858
2024-05-04 07:49:00,训练集,工况6,0.5144849070116134
2024-05-04 07:50:00,训练集,工况2,0.6378782538608428
2024-05-04 07:51:00,训练集,工况2,0.6600690998521556
2024-05-04 07:52:00,训练集,工况6,0.7196795467550741
2024-05-04 07:53:00,训练集,工况2,0.6445438533586519
2024-05-04 07:54:00,训练集,工况2,0.5803837854507656
2024-05-04 07:55:00,训练集,工况6,0.615047552419987
2024-05-04 07:56:00,训练集,工况2,0.5578440012557824
2024-05-04 07:57:00,训练集,工况6,0.5370249159146959
2024-05-04 07:58:00,训练集,工况6,0.5586747693346003
2024-05-04 07:59:00,训练集,工况6,0.8609617846924873
2024-05-04 08:00:00,训练集,工况2,0.5386104887200462
2024-05-04 08:01:00,训练集,工况2,0.6377534355140936
2024-05-04 08:02:00,训练集,工况2,0.622632195743874
2024-05-04 08:03:00,训练集,工况2,0.6192754749344105
2024-05-04 08:04:00,训练集,工况2,0.5285930970694787
2024-05-04 08:05:00,训练集,工况2,0.7670075285607488
2024-05-04 08:06:00,训练集,工况6,0.950185351319625
2024-05-04 08:07:00,训练集,工况6,0.6142959730384939
2024-05-04 08:08:00,训练集,工况6,0.6116740996427861
2024-05-04 08:09:00,训练集,工况6,0.6181581414402841
2024-05-04 08:10:00,训练集,工况2,0.5954131568712504
2024-05-04 08:11:00,训练集,工况6,0.8115057142115997
2024-05-04 08:12:00,训练集,工况6,0.9640390005438462
2024-05-04 08:13:00,训练集,工况6,0.6943491756198781
2024-05-04 08:14:00,训练集,工况2,0.5721467643782221
2024-05-04 08:15:00,训练集,工况6,0.5019326061661211
2024-05-04 08:16:00,训练集,工况2,0.5661801606929783
2024-05-04 08:17:00,训练集,工况6,0.597686350100165
2024-05-04 08:18:00,训练集,工况2,0.5679281075544169
2024-05-04 08:19:00,训练集,工况6,0.6284505553279647
2024-05-04 08:20:00,训练集,工况6,0.5904753076991472
2024-05-04 08:21:00,训练集,工况2,0.5917775517943012
2024-05-04 08:22:00,训练集,工况6,0.8916379459368797
2024-05-04 08:23:00,训练集,工况2,0.5936237823127539
2024-05-04 08:24:00,训练集,工况6,0.8203619503959235
2024-05-04 08:25:00,训练集,工况6,0.8694925534707677
2024-05-04 08:26:00,训练集,工况6,0.9530816170856969
2024-05-04 08:27:00,训练集,工况6,0.6187149131475724
2024-05-04 08:28:00,训练集,工况2,0.5561924415987083
2024-05-04 08:29:00,训练集,工况6,0.9514121516893981
2024-05-04 08:30:00,训练集,工况2,0.5679208838226457
2024-05-04 08:31:00,训练集,工况6,0.7144678906856969
2024-05-04 08:32:00,训练集,工况6,0.6418411802570887
2024-05-04 08:33:00,训练集,工况2,0.6008235005329433
2024-05-04 08:34:00,训练集,工况2,0.6090368807625992
2024-05-04 08:35:00,训练集,工况2,0.5473651889366955
2024-05-04 08:36:00,训练集,工况2,0.6283943470145181
2024-05-04 08:37:00,训练集,工况6,0.72226509532643
2024-05-04 08:38:00,训练集,工况6,0.7554513357649295
2024-05-04 08:39:00,训练集,工况6,0.5209947372608696
2024-05-04 08:40:00,训练集,工况2,0.51395131944794
2024-05-04 08:41:00,训练集,工况6,0.5230642763276896
2024-05-04 08:42:00,训练集,工况2,0.5710558702022418
2024-05-04 08:43:00,训练集,工况2,0.5250040050727305
2024-05-04 08:44:00,训练集,工况6,0.6983160365859022
2024-05-04 08:45:00,训练集,工况2,0.5286362274698729
2024-05-04 08:46:00,训练集,工况2,0.5760503109873024
2024-05-04 08:47:00,训练集,工况2,0.6418034685327274
2024-05-04 08:48:00,训练集,工况6,0.5544259510774057
2024-05-04 08:49:00,训练集,工况2,0.5984129610728448
2024-05-04 08:50:00,训练集,工况2,0.8999742892991976
2024-05-04 08:51:00,训练集,工况6,0.882430041977263
2024-05-04 08:52:00,训练集,工况6,0.7349917905832299
2024-05-04 08:53:00,训练集,工况2,0.6409400979472635
2024-05-04 08:54:00,训练集,工况6,0.8118288731256873
2024-05-04 08:55:00,训练集,工况2,0.5476796305370868
2024-05-04 08:56:00,训练集,工况2,0.5784977145096886
2024-05-04 08:57:00,训练集,工况2,0.581755810562469
2024-05-04 08:58:00,训练集,工况6,0.7660437713860757
2024-05-04 08:59:00,训练集,工况2,0.5588171971851802
2024-05-04 09:00:00,训练集,工况2,0.5212987152109383
2024-05-04 09:01:00,训练集,工况2,0.592995487386585
2024-05-04 09:02:00,训练集,工况6,0.684344716241141
2024-05-04 09:03:00,训练集,工况6,0.5877659483044613
2024-05-04 09:04:00,训练集,工况2,0.5289808791068203
2024-05-04 09:05:00,训练集,工况2,0.7288581209883521
2024-05-04 09:06:00,训练集,工况6,0.589150504136966
2024-05-04 09:07:00,训练集,工况2,0.5005546321221729
2024-05-04 09:08:00,训练集,工况6,0.5161098683578133
2024-05-04 09:09:00,训练集,工况2,0.5780985103015661
2024-05-04 09:10:00,训练集,工况6,0.749107240927786
2024-05-04 09:11:00,训练集,工况2,0.6014980830395674
2024-05-04 09:12:00,训练集,工况6,0.6239353461959771
2024-05-04 09:13:00,训练集,工况2,0.5490461554906185
2024-05-04 09:14:00,训练集,工况2,0.6232507297188113
2024-05-04 09:15:00,训练集,工况2,0.5559369547441964
2024-05-04 09:16:00,训练集,工况6,0.597938219377586
2024-05-04 09:17:00,训练集,工况2,0.5924263569068731
2024-05-04 09:18:00,训练集,工况6,0.7455905318682859
2024-05-04 09:19:00,训练集,工况2,0.5403680802928054
2024-05-04 09:20:00,训练集,工况6,0.7533322108563948
2024-05-04 09:21:00,训练集,工况2,0.5646709112977052
2024-05-04 09:22:00,训练集,工况6,0.6490335972080701
2024-05-04 09:23:00,训练集,工况2,0.5449376241002245
2024-05-04 09:24:00,训练集,工况2,0.6015592638679429
2024-05-04 09:25:00,训练集,工况2,0.541619853411599
2024-05-04 09:26:00,训练集,工况6,0.9583625986589288
2024-05-04 09:27:00,训练集,工况6,0.9995265553324385
2024-05-04 09:28:00,训练集,工况6,0.6978323426033514
2024-05-04 09:29:00,训练集,工况6,0.5686158876783226
2024-05-04 09:30:00,训练集,工况6,0.5661228605828894
2024-05-04 09:31:00,训练集,工况6,0.5726429806932023
2024-05-04 09:32:00,训练集,工况2,0.510029583993526
2024-05-04 09:33:00,训练集,工况6,0.6460650543893592
2024-05-04 09:34:00,训练集,工况2,0.5093225671448393
2024-05-04 09:35:00,训练集,工况2,0.5367112922346459
2024-05-04 09:36:00,训练集,工况6,0.6552353325455773
2024-05-04 09:37:00,训练集,工况2,0.6016613440864566
2024-05-04 09:38:00,训练集,工况6,0.7365571839561674
2024-05-04 09:39:00,训练集,工况6,0.5992889757578252
2024-05-04 09:40:00,训练集,工况6,0.5963093193473017
2024-05-04 09:41:00,训练集,工况2,0.5293660132662343
2024-05-04 09:42:00,训练集,工况6,0.6025253610146547
2024-05-04 09:43:00,训练集,工况6,0.5114547754316029
2024-05-04 09:44:00,训练集,工况2,0.613783120814076
2024-05-04 09:45:00,训练集,工况2,0.6037070225846767
2024-05-04 09:46:00,训练集,工况6,0.9105955115600827
2024-05-04 09:47:00,训练集,工况2,0.6288961384314322
2024-05-04 09:48:00,训练集,工况2,0.5655850206902114
2024-05-04 09:49:00,训练集,工况6,0.9387660534991341
2024-05-04 09:50:00,训练集,工况6,0.8120907828818128
2024-05-04 09:51:00,训练集,工况6,0.6437469952358628
2024-05-04 09:52:00,训练集,工况6,0.7695233439481624
2024-05-04 09:53:00,训练集,工况6,0.5103752169025407
2024-05-04 09:54:00,训练集,工况2,0.5406794128975909
2024-05-04 09:55:00,训练集,工况6,0.6511571533338447
2024-05-04 09:56:00,训练集,工况6,0.6496602943711574
2024-05-04 09:57:00,训练集,工况6,0.5978301959949645
2024-05-04 09:58:00,训练集,工况6,0.8776442261140684
2024-05-04 09:59:00,训练集,工况6,0.8982571680952887
2024-05-04 10:00:00,训练集,工况2,0.5197663554926466
2024-05-04 10:01:00,训练集,工况6,0.7331224213141864
2024-05-04 10:02:00,训练集,工况2,0.602211130353912
2024-05-04 10:03:00,训练集,工况6,0.8864274274294005
2024-05-04 10:04:00,训练集,工况6,0.5786977141034445
2024-05-04 10:05:00,训练集,工况6,0.6493983048981603
2024-05-04 10:06:00,训练集,工况2,0.5298253751732606
2024-05-04 10:07:00,训练集,工况6,0.9914437020963931
2024-05-04 10:08:00,训练集,工况6,0.5845669948936781
2024-05-04 10:09:00,训练集,工况6,0.8497044304337311
2024-05-04 10:10:00,训练集,工况2,0.6129061041324858
2024-05-04 10:11:00,训练集,工况6,0.500809652843484
2024-05-04 10:12:00,训练集,工况6,0.930728458105467
2024-05-04 10:13:00,训练集,工况6,0.7941552875115053
2024-05-04 10:14:00,训练集,工况2,0.5590825898813925
2024-05-04 10:15:00,训练集,工况6,0.726799311987841
2024-05-04 10:16:00,训练集,工况6,0.6162178635259535
2024-05-04 10:17:00,训练集,工况6,0.9914271864288607
2024-05-04 10:18:00,训练集,工况2,0.6398467559875606
2024-05-04 10:19:00,训练集,工况2,0.5376243330125033
2024-05-04 10:20:00,训练集,工况6,0.7748922127607708
2024-05-04 10:21:00,训练集,工况6,0.508736021067453
2024-05-04 10:22:00,训练集,工况6,0.6326527477792108
2024-05-04 10:23:00,训练集,工况6,0.8537113266752585
2024-05-04 10:24:00,训练集,工况6,0.5846641858874282
2024-05-04 10:25:00,训练集,工况2,0.6252462856112772
2024-05-04 10:26:00,训练集,工况2,0.5342300707471224
2024-05-04 10:27:00,训练集,工况2,0.6380665300237651
2024-05-04 10:28:00,训练集,工况6,0.9972881698177251
2024-05-04 10:29:00,训练集,工况6,0.8515772221393848
2024-05-04 10:30:00,训练集,工况6,0.8396842611838021
2024-05-04 10:31:00,训练集,工况2,0.5645115048097485
2024-05-04 10:32:00,训练集,工况6,0.91920791258884
2024-05-04 10:33:00,训练集,工况2,0.5111970300034164
2024-05-04 10:34:00,训练集,工况6,0.8745374384935504
2024-05-04 10:35:00,训练集,工况2,0.6667064315711864
2024-05-04 10:36:00,训练集,工况2,0.5331757641288687
2024-05-04 10:37:00,训练集,工况6,0.6872196161215914
2024-05-04 10:38:00,训练集,工况6,0.63658491491472
2024-05-04 10:39:00,训练集,工况6,0.6662634191536781
2024-05-04 10:40:00,训练集,工况2,0.5725088450340846
2024-05-04 10:41:00,训练集,工况6,0.6203001394321964
2024-05-04 10:42:00,训练集,工况6,0.8195326026689502
2024-05-04 10:43:00,训练集,工况2,0.5578577920213255
2024-05-04 10:44:00,训练集,工况6,0.9463598401731629
2024-05-04 10:45:00,训练集,工况2,0.5797677161853829
2024-05-04 10:46:00,训练集,工况6,0.5760043863740927
2024-05-04 10:47:00,训练集,工况6,0.9906736581993503
2024-05-04 10:48:00,训练集,工况2,0.5434354677502341
2024-05-04 10:49:00,训练集,工况6,0.9756366666878961
2024-05-04 10:50:00,训练集,工况6,0.9981580764257666
2024-05-04 10:51:00,训练集,工况6,0.7330886472486638
2024-05-04 10:52:00,训练集,工况6,0.5160461604725154
2024-05-04 10:53:00,训练集,工况2,0.5089636168422693
2024-05-04 10:54:00,训练集,工况6,0.9191271965658507
2024-05-04 10:55:00,训练集,工况6,0.9172805782089406
2024-05-04 10:56:00,训练集,工况6,0.9827981022407694
2024-05-04 10:57:00,训练集,工况6,0.5124563269464475
2024-05-04 10:58:00,训练集,工况6,0.9824609976296426
2024-05-04 10:59:00,训练集,工况6,0.6503419757053719
2024-05-04 11:00:00,训练集,工况2,0.6535202975168088
2024-05-04 11:01:00,训练集,工况6,0.9668130469629722
2024-05-04 11:02:00,训练集,工况6,0.9931909033305995
2024-05-04 11:03:00,训练集,工况2,0.5848274844756558
2024-05-04 11:04:00,训练集,工况2,0.5659861904439374
2024-05-04 11:05:00,训练集,工况6,0.8571586897644824
2024-05-04 11:06:00,训练集,工况6,0.9369397856516446
2024-05-04 11:07:00,训练集,工况2,0.57885521758575
2024-05-04 11:08:00,训练集,工况6,0.7107427253298206
2024-05-04 11:09:00,训练集,工况6,0.5292037974602021
2024-05-04 11:10:00,训练集,工况6,0.8361381293702467
2024-05-04 11:11:00,训练集,工况6,0.517389236826057
2024-05-04 11:12:00,训练集,工况6,0.9243594900409331
2024-05-04 11:13:00,训练集,工况6,0.7946968745644197
2024-05-04 11:14:00,训练集,工况2,0.5798999528396155
2024-05-04 11:15:00,训练集,工况6,0.6316916479205299
2024-05-04 11:16:00,训练集,工况2,0.6170002100575784
2024-05-04 11:17:00,训练集,工况6,0.8921028878558245
2024-05-04 11:18:00,训练集,工况6,0.6274675415536732
2024-05-04 11:19:00,训练集,工况2,0.5157331355901411
2024-05-04 11:20:00,训练集,工况6,0.624426471130377
2024-05-04 11:21:00,训练集,工况6,0.5357587867143727
2024-05-04 11:22:00,训练集,工况6,0.9356850026596824
2024-05-04 11:23:00,训练集,工况6,0.6274190195386596
2024-05-04 11:24:00,训练集,工况2,0.6594520874406636
2024-05-04 11:25:00,训练集,工况6,0.892365043979245
2024-05-04 11:26:00,训练集,工况2,0.6596866047318267
2024-05-04 11:27:00,训练集,工况6,0.8469000101100036
2024-05-04 11:28:00,训练集,工况6,0.6322348821984525
2024-05-04 11:29:00,训练集,工况2,0.5242900212817442
2024-05-04 11:30:00,训练集,工况6,0.7740271581478706
2024-05-04 11:31:00,训练集,工况6,0.8988545710097425
2024-05-04 11:32:00,训练集,工况6,0.7129326916253549
2024-05-04 11:33:00,训练集,工况6,0.5381286890005296
2024-05-04 11:34:00,训练集,工况6,0.6080312011812254
2024-05-04 11:35:00,训练集,工况2,0.568479566296137
2024-05-04 11:36:00,训练集,工况6,0.6752274869787508
2024-05-04 11:37:00,训练集,工况6,0.6065971647954608
2024-05-04 11:38:00,训练集,工况6,0.92702301367236
2024-05-04 11:39:00,训练集,工况6,0.5685991480110887
2024-05-04 11:40:00,训练集,工况6,0.8343751863862404
2024-05-04 11:41:00,训练集,工况6,0.8301846554076855
2024-05-04 11:42:00,训练集,工况2,0.5333618665742474
2024-05-04 11:43:00,训练集,工况6,0.7669512791874942
2024-05-04 11:44:00,训练集,工况6,0.954612688144864
2024-05-04 11:45:00,训练集,工况6,0.5906254119801245
2024-05-04 11:46:00,训练集,工况2,0.549352957514374
2024-05-04 11:47:00,训练集,工况6,0.8584290683082746
2024-05-04 11:48:00,训练集,工况6,0.9714908667363247
2024-05-04 11:49:00,训练集,工况6,0.7108658879793758
2024-05-04 11:50:00,训练集,工况2,0.6432954422557644
2024-05-04 11:51:00,训练集,工况6,0.6488600995064474
2024-05-04 11:52:00,训练集,工况6,0.7031347081106417
2024-05-04 11:53:00,训练集,工况6,0.8963904696741123
2024-05-04 11:54:00,训练集,工况2,0.658568689779605
2024-05-04 11:55:00,训练集,工况6,0.5715992123031464
2024-05-04 11:56:00,训练集,工况6,0.6716015021697962
2024-05-04 11:57:00,训练集,工况6,0.6356694287662086
2024-05-04 11:58:00,训练集,工况2,0.6468550138093621
2024-05-04 11:59:00,训练集,工况6,0.867298788502914
2024-05-04 12:00:00,训练集,工况6,0.5472107081638604
2024-05-04 12:01:00,训练集,工况2,0.5686691625313363
2024-05-04 12:02:00,训练集,工况6,0.7250282417657924
2024-05-04 12:03:00,训练集,工况6,0.5388110774184839
2024-05-04 12:04:00,训练集,工况6,0.9111281852007607
2024-05-04 12:05:00,训练集,工况2,0.5219368481386248
2024-05-04 12:06:00,训练集,工况6,0.6326610364409213
2024-05-04 12:07:00,训练集,工况6,0.5091826649136204
2024-05-04 12:08:00,训练集,工况6,0.5746490688404764
2024-05-04 12:09:00,训练集,工况6,0.715525397139065
2024-05-04 12:10:00,训练集,工况6,0.824884438190758
2024-05-04 12:11:00,训练集,工况6,0.5174010044601776
2024-05-04 12:12:00,训练集,工况6,0.6044899059407893
2024-05-04 12:13:00,训练集,工况2,0.5986287779195321
2024-05-04 12:14:00,训练集,工况6,0.9800072605988287
2024-05-04 12:15:00,训练集,工况6,0.9328400733426423
2024-05-04 12:16:00,训练集,工况6,0.9183463121735416
2024-05-04 12:17:00,训练集,工况2,0.5809562629944344
2024-05-04 12:18:00,训练集,工况6,0.5797698321789889
2024-05-04 12:19:00,训练集,工况6,0.7081975172085845
2024-05-04 12:20:00,训练集,工况2,0.6030418200433881
2024-05-04 12:21:00,训练集,工况6,0.9463242621117854
2024-05-04 12:22:00,训练集,工况6,0.9762269538439641
2024-05-04 12:23:00,训练集,工况6,0.9978900688478277
2024-05-04 12:24:00,训练集,工况2,0.5742226365638929
2024-05-04 12:25:00,训练集,工况6,0.7297919342685524
2024-05-04 12:26:00,训练集,工况6,0.9753227290639781
2024-05-04 12:27:00,训练集,工况6,0.8166093918658078
2024-05-04 12:28:00,训练集,工况6,0.7185667617617089
2024-05-04 12:29:00,训练集,工况2,0.622473134316222
2024-05-04 12:30:00,训练集,工况6,0.9695170024854588
2024-05-04 12:31:00,训练集,工况6,0.7458818674388925
2024-05-04 12:32:00,训练集,工况2,0.5585201999414876
2024-05-04 12:33:00,训练集,工况6,0.7924864671842817
2024-05-04 12:34:00,训练集,工况6,0.7504304990185782
2024-05-04 12:35:00,训练集,工况6,0.837789062963877
2024-05-04 12:36:00,训练集,工况6,0.6736856113485931
2024-05-04 12:37:00,训练集,工况6,0.9995142933053622
2024-05-04 12:38:00,训练集,工况6,0.66084584868946
2024-05-04 12:39:00,训练集,工况6,0.9994354350098392
2024-05-04 12:40:00,训练集,工况6,0.8614394820018568
2024-05-04 12:41:00,训练集,工况6,0.8581031154662386
2024-05-04 12:42:00,训练集,工况2,0.5210577612620904
2024-05-04 12:43:00,训练集,工况6,0.9834194404448913
2024-05-04 12:44:00,训练集,工况6,0.9250862732173772
2024-05-04 12:45:00,训练集,工况2,0.5249995808246644
2024-05-04 12:46:00,训练集,工况2,0.5641320719565929
2024-05-04 12:47:00,训练集,工况6,0.9052108762564328
2024-05-04 12:48:00,训练集,工况6,0.5830275629107169
2024-05-04 12:49:00,训练集,工况6,0.6771578474094798
2024-05-04 12:50:00,训练集,工况6,0.9501216663362891
2024-05-04 12:51:00,训练集,工况6,0.9218904596597229
2024-05-04 12:52:00,训练集,工况6,0.5581723217484675
2024-05-04 12:53:00,训练集,工况6,0.998911627592297
2024-05-04 12:54:00,训练集,工况6,0.9841758360856616
2024-05-04 12:55:00,训练集,工况6,0.985060942324182
2024-05-04 12:56:00,训练集,工况2,0.6051206110365233
2024-05-04 12:57:00,训练集,工况6,0.864015551180386
2024-05-04 12:58:00,训练集,工况6,0.9519366418470774
2024-05-04 12:59:00,训练集,工况6,0.9995823811219458
2024-05-04 13:00:00,训练集,工况2,0.6014081688427563
2024-05-04 13:01:00,训练集,工况6,0.9652371032016236
2024-05-04 13:02:00,训练集,工况6,0.9977764517995341
2024-05-04 13:03:00,训练集,工况2,0.6231125367307243
2024-05-04 13:04:00,训练集,工况6,0.9390335490445526
2024-05-04 13:05:00,训练集,工况6,0.9527352275346678
2024-05-04 13:06:00,训练集,工况6,0.714254840052281
2024-05-04 13:07:00,训练集,工况6,0.7348368965072669
2024-05-04 13:08:00,训练集,工况6,0.9410158653559221
2024-05-04 13:09:00,训练集,工况6,0.6479984790037889
2024-05-04 13:10:00,训练集,工况6,0.6817546420209286
2024-05-04 13:11:00,训练集,工况6,0.9205844489716093
2024-05-04 13:12:00,训练集,工况6,0.9989749637866002
2024-05-04 13:13:00,训练集,工况6,0.9175442745094851
2024-05-04 13:14:00,训练集,工况6,0.8611028619113862
2024-05-04 13:15:00,训练集,工况6,0.6619759821087363
2024-05-04 13:16:00,训练集,工况6,0.7261478027063204
2024-05-04 13:17:00,训练集,工况6,0.9857478123865216
2024-05-04 13:18:00,训练集,工况6,0.733658106447106
2024-05-04 13:19:00,训练集,工况6,0.9990279156823688
2024-05-04 13:20:00,训练集,工况6,0.6916174322764234
2024-05-04 13:21:00,训练集,工况6,0.6719690263423882
2024-05-04 13:22:00,训练集,工况6,0.8753871545752707
2024-05-04 13:23:00,训练集,工况6,0.8822959065051619
2024-05-04 13:24:00,训练集,工况6,0.5779525213637888
2024-05-04 13:25:00,训练集,工况6,0.9992572825209542
2024-05-04 13:26:00,训练集,工况6,0.6921580996909171
2024-05-04 13:27:00,训练集,工况6,0.9904695530482447
2024-05-04 13:28:00,训练集,工况6,0.9986872474106415
2024-05-04 13:29:00,训练集,工况2,0.5232770601980626
2024-05-04 13:30:00,训练集,工况6,0.6866079090597256
2024-05-04 13:31:00,训练集,工况6,0.787761111120984
2024-05-04 13:32:00,训练集,工况6,0.7068963763482204
2024-05-04 13:33:00,训练集,工况6,0.9998181038661446
2024-05-04 13:34:00,训练集,工况6,0.7337785316238505
2024-05-04 13:35:00,训练集,工况6,0.9969953648311304
2024-05-04 13:36:00,训练集,工况6,0.9389613578097618
2024-05-04 13:37:00,训练集,工况6,0.9334130102527377
2024-05-04 13:38:00,训练集,工况6,0.8536114069365954
2024-05-04 13:39:00,训练集,工况6,0.9961188486811781
2024-05-04 13:40:00,训练集,工况6,0.6045496784963099
2024-05-04 13:41:00,训练集,工况6,0.9999156949029667
2024-05-04 13:42:00,训练集,工况2,0.5436025936968761
2024-05-04 13:43:00,训练集,工况6,0.9600854634190514
2024-05-04 13:44:00,训练集,工况6,0.5596667343850079
2024-05-04 13:45:00,训练集,工况6,0.811587995331829
2024-05-04 13:46:00,训练集,工况6,0.9305002199997507
2024-05-04 13:47:00,训练集,工况6,0.728710758508818
2024-05-04 13:48:00,训练集,工况6,0.8623127580288703
2024-05-04 13:49:00,训练集,工况2,0.5082816011215284
2024-05-04 13:50:00,训练集,工况6,0.7841736258974121
2024-05-04 13:51:00,训练集,工况6,0.9394745787743655
2024-05-04 13:52:00,训练集,工况6,0.9095901340189145
2024-05-04 13:53:00,训练集,工况6,0.6168645595212198
2024-05-04 13:54:00,训练集,工况6,0.9977237361442839
2024-05-04 13:55:00,训练集,工况6,0.5513975428118613
2024-05-04 13:56:00,训练集,工况6,0.9564917283352686
2024-05-04 13:57:00,训练集,工况6,0.956180572324482
2024-05-04 13:58:00,训练集,工况6,0.9640469045958163
2024-05-04 13:59:00,训练集,工况6,0.9461549938295017
2024-05-04 14:00:00,训练集,工况6,0.9235250964678137
2024-05-04 14:01:00,训练集,工况2,0.6635204335579487
2024-05-04 14:02:00,训练集,工况6,0.9935801752144348
2024-05-04 14:03:00,训练集,工况6,0.8965898763012564
2024-05-04 14:04:00,训练集,工况6,0.9711773839915878
2024-05-04 14:05:00,训练集,工况6,0.5882536341566595
2024-05-04 14:06:00,训练集,工况6,0.631699644041106
2024-05-04 14:07:00,训练集,工况6,0.9967772399387939
2024-05-04 14:08:00,训练集,工况2,0.5855032183411322
2024-05-04 14:09:00,训练集,工况6,0.5274130118254077
2024-05-04 14:10:00,训练集,工况6,0.9995546425711996
2024-05-04 14:11:00,训练集,工况6,0.9719084192973553
2024-05-04 14:12:00,训练集,工况6,0.8436140408436346
2024-05-04 14:13:00,训练集,工况6,0.9965352502473954
2024-05-04 14:14:00,训练集,工况6,0.9698463548459236
2024-05-04 14:15:00,训练集,工况6,0.9826181921684884
2024-05-04 14:16:00,训练集,工况6,0.9359953793505279
2024-05-04 14:17:00,训练集,工况6,0.9434780606867573
2024-05-04 14:18:00,训练集,工况6,0.9511793398888735
2024-05-04 14:19:00,训练集,工况6,0.9998609841767488
2024-05-04 14:20:00,训练集,工况6,0.8495220115426674
2024-05-04 14:21:00,训练集,工况6,0.9197797319575872
2024-05-04 14:22:00,训练集,工况6,0.6611866673436507
2024-05-04 14:23:00,训练集,工况6,0.8755187928227287
2024-05-04 14:24:00,训练集,工况6,0.9999751110170535
2024-05-04 14:25:00,训练集,工况6,0.9907632132523448
2024-05-04 14:26:00,训练集,工况6,0.8091097755587568
2024-05-04 14:27:00,训练集,工况6,0.9833353271553634
2024-05-04 14:28:00,训练集,工况6,0.5507538699837982
2024-05-04 14:29:00,训练集,工况6,0.6441919250337416
2024-05-04 14:30:00,训练集,工况6,0.9340390097058331
2024-05-04 14:31:00,训练集,工况6,0.8260300003983463
2024-05-04 14:32:00,训练集,工况6,0.7116261061143123
2024-05-04 14:33:00,训练集,工况6,0.9866079974458275
2024-05-04 14:34:00,训练集,工况6,0.8335487418058571
2024-05-04 14:35:00,训练集,工况2,0.5950723045476808
2024-05-04 14:36:00,训练集,工况2,0.7003164895682539
2024-05-04 14:37:00,训练集,工况6,0.6116517614105403
2024-05-04 14:38:00,训练集,工况2,0.5357894120386568
2024-05-04 14:39:00,训练集,工况6,0.5306155641621145
2024-05-04 14:40:00,训练集,工况6,0.9982777662404098
2024-05-04 14:41:00,训练集,工况6,0.8671733579710192
2024-05-04 14:42:00,训练集,工况6,0.9393628269805139
2024-05-04 14:43:00,训练集,工况6,0.974765833139696
2024-05-04 14:44:00,训练集,工况6,0.5485700393615341
2024-05-04 14:45:00,训练集,工况6,0.9641995862723161
2024-05-04 14:46:00,训练集,工况6,0.9686998843623642
2024-05-04 14:47:00,训练集,工况6,0.862599726685058
2024-05-04 14:48:00,训练集,工况6,0.8495533406794368
2024-05-04 14:49:00,训练集,工况6,0.6839414659372521
2024-05-04 14:50:00,训练集,工况6,0.8350480820804498
2024-05-04 14:51:00,训练集,工况6,0.8923232819346952
2024-05-04 14:52:00,训练集,工况6,0.8441315297668393
2024-05-04 14:53:00,训练集,工况6,0.9444487244505053
2024-05-04 14:54:00,训练集,工况6,0.8149067228801214
2024-05-04 14:55:00,训练集,工况6,0.9860424114223161
2024-05-04 14:56:00,训练集,工况6,0.9963388541173265
2024-05-04 14:57:00,训练集,工况6,0.9891611733788933
2024-05-04 14:58:00,训练集,工况6,0.9847517623251401
2024-05-04 14:59:00,训练集,工况6,0.6892373423232461
2024-05-04 15:00:00,训练集,工况6,0.5871914749562696
2024-05-04 15:01:00,训练集,工况6,0.9977750617525989
2024-05-04 15:02:00,训练集,工况6,0.9961948318732
2024-05-04 15:03:00,训练集,工况6,0.7549966291381665
2024-05-04 15:04:00,训练集,工况6,0.999872505615012
2024-05-04 15:05:00,训练集,工况6,0.6316326501787712
2024-05-04 15:06:00,训练集,工况6,0.9876274182738508
2024-05-04 15:07:00,训练集,工况6,0.9864569912498979
2024-05-04 15:08:00,训练集,工况2,0.7242303139310018
2024-05-04 15:09:00,训练集,工况6,0.9186992879835865
2024-05-04 15:10:00,训练集,工况6,0.9999990657030583
2024-05-04 15:11:00,训练集,工况6,0.9827714755844889
2024-05-04 15:12:00,训练集,工况6,0.99484765228913
2024-05-04 15:13:00,训练集,工况2,0.5068725705576457
2024-05-04 15:14:00,训练集,工况6,0.9958065683437406
2024-05-04 15:15:00,训练集,工况2,0.8195700155276362
2024-05-04 15:16:00,训练集,工况6,0.9609932222953828
2024-05-04 15:17:00,训练集,工况6,0.9978726147834995
2024-05-04 15:18:00,训练集,工况6,0.9970189593901322
2024-05-04 15:19:00,训练集,工况6,0.8782653299531075
2024-05-04 15:20:00,训练集,工况6,0.9995219778769684
2024-05-04 15:21:00,训练集,工况6,0.8611928566941116
2024-05-04 15:22:00,训练集,工况6,0.9986336713431018
2024-05-04 15:23:00,训练集,工况6,0.9645315264761459
2024-05-04 15:24:00,训练集,工况6,0.7396543272441505
2024-05-04 15:25:00,训练集,工况6,0.9998389717748164
2024-05-04 15:26:00,训练集,工况6,0.9549246374617131
2024-05-04 15:27:00,训练集,工况6,0.9947751727866376
2024-05-04 15:28:00,训练集,工况6,0.99967810988556
2024-05-04 15:29:00,训练集,工况6,0.8941506313445216
2024-05-04 15:30:00,训练集,工况6,0.9985886260303409
2024-05-04 15:31:00,训练集,工况6,0.9850313895604708
2024-05-04 15:32:00,训练集,工况6,0.8504312052349018
2024-05-04 15:33:00,训练集,工况6,0.970754532047059
2024-05-04 15:34:00,训练集,工况6,0.6089477130222678
2024-05-04 15:35:00,训练集,工况6,0.9995033207976404
2024-05-04 15:36:00,训练集,工况6,0.9919368897752324
2024-05-04 15:37:00,训练集,工况6,0.9636559451068217
2024-05-04 15:38:00,训练集,工况6,0.998411586475504
2024-05-04 15:39:00,训练集,工况6,0.7721987918333679
2024-05-04 15:40:00,训练集,工况6,0.9814451299531509
2024-05-04 15:41:00,训练集,工况6,0.9123969975784786
2024-05-04 15:42:00,训练集,工况6,0.9999042610859995
2024-05-04 15:43:00,训练集,工况6,0.9420311997895049
2024-05-04 15:44:00,训练集,工况6,0.6117202599253534
2024-05-04 15:45:00,训练集,工况6,0.6433893894957574
2024-05-04 15:46:00,训练集,工况6,0.999686696640632
2024-05-04 15:47:00,训练集,工况6,0.9292085524749596
2024-05-04 15:48:00,训练集,工况6,0.899608880107554
2024-05-04 15:49:00,训练集,工况6,0.9960605781835649
2024-05-04 15:50:00,训练集,工况6,0.985186229861648
2024-05-04 15:51:00,训练集,工况6,0.9964718412720681
2024-05-04 15:52:00,训练集,工况6,0.9885797707013645
2024-05-04 15:53:00,训练集,工况6,0.9605773123634722
2024-05-04 15:54:00,训练集,工况6,0.9791478424056258
2024-05-04 15:55:00,训练集,工况6,0.9939975172876826
2024-05-04 15:56:00,训练集,工况6,0.9957575060235778
2024-05-04 15:57:00,训练集,工况6,0.7881514827729024
2024-05-04 15:58:00,训练集,工况2,0.5846508456577029
2024-05-04 15:59:00,训练集,工况6,0.9966258632643396
2024-05-04 16:00:00,训练集,工况6,0.9965171352399125
2024-05-04 16:01:00,训练集,工况6,0.9962036540350304
2024-05-04 16:02:00,训练集,工况6,0.99544789362161
2024-05-04 16:03:00,训练集,工况6,0.9843676459638011
2024-05-04 16:04:00,训练集,工况6,0.9965233772330649
2024-05-04 16:05:00,训练集,工况6,0.9992200772508436
2024-05-04 16:06:00,训练集,工况6,0.9897138984513445
2024-05-04 16:07:00,训练集,工况6,0.9999992351328729
2024-05-04 16:08:00,训练集,工况6,0.6036450204521432
2024-05-04 16:09:00,训练集,工况6,0.987569761321757
2024-05-04 16:10:00,训练集,工况6,0.7329507553984563
2024-05-04 16:11:00,训练集,工况6,0.9999375559566073
2024-05-04 16:12:00,训练集,工况6,0.5503735109795975
2024-05-04 16:13:00,训练集,工况6,0.6925585353664023
2024-05-04 16:14:00,训练集,工况6,0.8760083569915958
2024-05-04 16:15:00,训练集,工况6,0.9962931093817506
2024-05-04 16:16:00,训练集,工况6,0.9788139519145828
2024-05-04 16:17:00,训练集,工况6,0.991753430242373
2024-05-04 16:18:00,训练集,工况6,0.995821255325439
2024-05-04 16:19:00,训练集,工况6,0.9594590532068685
2024-05-04 16:20:00,训练集,工况6,0.9999384304331704
2024-05-04 16:21:00,训练集,工况6,0.9994434057082842
2024-05-04 16:22:00,训练集,工况6,0.9322423583450998
2024-05-04 16:23:00,训练集,工况6,0.9999954284244501
2024-05-04 16:24:00,训练集,工况6,0.9991071289015575
2024-05-04 16:25:00,训练集,工况6,0.9768131218234086
2024-05-04 16:26:00,训练集,工况6,0.9859157996830435
2024-05-04 16:27:00,训练集,工况6,0.9984506775602119
2024-05-04 16:28:00,训练集,工况6,0.9167276029230694
2024-05-04 16:29:00,训练集,工况6,0.8413154106004211
2024-05-04 16:30:00,训练集,工况6,0.9889617220493143
2024-05-04 16:31:00,训练集,工况6,0.9966202203760397
2024-05-04 16:32:00,训练集,工况6,0.9994418848542092
2024-05-04 16:33:00,训练集,工况6,0.999496058303624
2024-05-04 16:34:00,训练集,工况6,0.9313998993452527
2024-05-04 16:35:00,训练集,工况6,0.9964556333068114
2024-05-04 16:36:00,训练集,工况6,0.9934914438701172
2024-05-04 16:37:00,训练集,工况6,0.772129658424777
2024-05-04 16:38:00,训练集,工况6,0.8266786686261735
2024-05-04 16:39:00,训练集,工况6,0.9920881889180351
2024-05-04 16:40:00,训练集,工况6,0.9965398602019783
2024-05-04 16:41:00,训练集,工况6,0.9865631363065955
2024-05-04 16:42:00,训练集,工况6,0.9754170702360836
2024-05-04 16:43:00,训练集,工况6,0.9977187515836196
2024-05-04 16:44:00,训练集,工况6,0.9991597067211826
2024-05-04 16:45:00,训练集,工况6,0.9999394736887214
2024-05-04 16:46:00,训练集,工况6,0.9608205492930906
2024-05-04 16:47:00,训练集,工况6,0.9998623618214048
2024-05-04 16:48:00,训练集,工况6,0.999982471068555
2024-05-04 16:49:00,训练集,工况6,0.9945086879478826
2024-05-04 16:50:00,训练集,工况6,0.9991081701775437
2024-05-04 16:51:00,训练集,工况6,0.9993467698010359
2024-05-04 16:52:00,训练集,工况6,0.9868673481481436
2024-05-04 16:53:00,训练集,工况6,0.9850275408762137
2024-05-04 16:54:00,训练集,工况6,0.9338888653603737
2024-05-04 16:55:00,训练集,工况6,0.9478402960482872
2024-05-04 16:56:00,训练集,工况6,0.9911275002921003
2024-05-04 16:57:00,训练集,工况6,0.9961650113906011
2024-05-04 16:58:00,训练集,工况6,0.9967758553082954
2024-05-04 16:59:00,训练集,工况6,0.9969056427626432
2024-05-04 17:00:00,训练集,工况6,0.9963621807760338
2024-05-04 17:01:00,训练集,工况6,0.9999876507867096
2024-05-04 17:02:00,训练集,工况6,0.9970749128330901
2024-05-04 17:03:00,训练集,工况6,0.9996378690037314
2024-05-04 17:04:00,训练集,工况6,0.9980204476585512
2024-05-04 17:05:00,训练集,工况6,0.8411628776081095
2024-05-04 17:06:00,训练集,工况6,0.7502861719448286
2024-05-04 17:07:00,训练集,工况6,0.9717522162718853
2024-05-04 17:08:00,训练集,工况6,0.9169489628963287
2024-05-04 17:09:00,训练集,工况6,0.9925129923202107
2024-05-04 17:10:00,训练集,工况6,0.998600555881357
2024-05-04 17:11:00,训练集,工况6,0.9998931685365798
2024-05-04 17:12:00,训练集,工况6,0.9996245789273084
2024-05-04 17:13:00,训练集,工况6,0.9999943223411287
2024-05-04 17:14:00,训练集,工况6,0.9999480143478316
2024-05-04 17:15:00,训练集,工况6,0.970716352235584
2024-05-04 17:16:00,训练集,工况6,0.9991674607264375
2024-05-04 17:17:00,训练集,工况6,0.9937837274995991
2024-05-04 17:18:00,训练集,工况6,0.9805840400863286
2024-05-04 17:19:00,训练集,工况6,0.9774531565155743
2024-05-04 17:20:00,训练集,工况6,0.8240019814934422
2024-05-04 17:21:00,训练集,工况6,0.9967855494635767
2024-05-04 17:22:00,训练集,工况6,0.98908672981654
2024-05-04 17:23:00,训练集,工况6,0.9996679884161663
2024-05-04 17:24:00,训练集,工况6,0.9874875945449754
2024-05-04 17:25:00,训练集,工况6,0.9973859967487263
2024-05-04 17:26:00,训练集,工况6,0.9999980088983242
2024-05-04 17:27:00,训练集,工况6,0.6808269152942419
2024-05-04 17:28:00,训练集,工况6,0.9844497148547758
2024-05-04 17:29:00,训练集,工况6,0.9999771496874982
2024-05-04 17:30:00,训练集,工况6,0.9977067488919897
2024-05-04 17:31:00,训练集,工况6,0.9992645424312359
2024-05-04 17:32:00,训练集,工况6,0.9996575511359139
2024-05-04 17:33:00,训练集,工况6,0.999505923925034
2024-05-04 17:34:00,训练集,工况6,0.9998914596910838
2024-05-04 17:35:00,训练集,工况6,0.9999523754952154
2024-05-04 17:36:00,训练集,工况6,0.9846845246994719
2024-05-04 17:37:00,训练集,工况6,0.9761491555205655
2024-05-04 17:38:00,训练集,工况6,0.9992546116165557
2024-05-04 17:39:00,训练集,工况6,0.9997030872637175
2024-05-04 17:40:00,训练集,工况6,0.8950466057200406
2024-05-04 17:41:00,训练集,工况6,0.9350979505294589
2024-05-04 17:42:00,训练集,工况6,0.9943595953268591
2024-05-04 17:43:00,训练集,工况6,0.9999843683534236
2024-05-04 17:44:00,训练集,工况6,0.9927204426759577
2024-05-04 17:45:00,训练集,工况6,0.9992132364994846
2024-05-04 17:46:00,训练集,工况6,0.9999728569921239
2024-05-04 17:47:00,训练集,工况6,0.9931480966032882
2024-05-04 17:48:00,训练集,工况6,0.9491224751950476
2024-05-04 17:49:00,训练集,工况6,0.9971428176781033
2024-05-04 17:50:00,训练集,工况6,0.9993405540019893
2024-05-04 17:51:00,训练集,工况6,0.9628864202221742
2024-05-04 17:52:00,训练集,工况6,0.9969224412038683
2024-05-04 17:53:00,训练集,工况6,0.9998807764934202
2024-05-04 17:54:00,训练集,工况6,0.9996255190484999
2024-05-04 17:55:00,训练集,工况6,0.9983269494186474
2024-05-04 17:56:00,训练集,工况6,0.9990922275827074
2024-05-04 17:57:00,训练集,工况6,0.9999764576594721
2024-05-04 17:58:00,训练集,工况6,0.9928181684696294
2024-05-04 17:59:00,训练集,工况6,0.9899128390184199
2024-05-04 18:00:00,训练集,工况6,0.9602464654663515
2024-05-04 18:01:00,训练集,工况6,0.9793392134561698
2024-05-04 18:02:00,训练集,工况6,0.9999470143961038
2024-05-04 18:03:00,训练集,工况6,0.9977600505398913
2024-05-04 18:04:00,训练集,工况6,0.9986147163863817
2024-05-04 18:05:00,训练集,工况6,0.9998811789404073
2024-05-04 18:06:00,训练集,工况6,0.9843817343218058
2024-05-04 18:07:00,训练集,工况6,0.9992310465680195
2024-05-04 18:08:00,训练集,工况6,0.999605461330713
2024-05-04 18:09:00,训练集,工况6,0.9678291585902877
2024-05-04 18:10:00,训练集,工况6,0.8141538378263276
2024-05-04 18:11:00,训练集,工况6,0.9992406350476941
2024-05-04 18:12:00,训练集,工况6,0.9926107665430313
2024-05-04 18:13:00,训练集,工况6,0.9999983543791964
2024-05-04 18:14:00,训练集,工况6,0.9929638352179104
2024-05-04 18:15:00,训练集,工况6,0.9994776086397841
2024-05-04 18:16:00,训练集,工况6,0.9990769495168247
2024-05-04 18:17:00,训练集,工况6,0.9286610697104263
2024-05-04 18:18:00,训练集,工况6,0.9994724378253513
2024-05-04 18:19:00,训练集,工况6,0.9995450700865034
2024-05-04 18:20:00,训练集,工况6,0.9962959222581029
2024-05-04 18:21:00,训练集,工况6,0.9975970477573065
2024-05-04 18:22:00,训练集,工况6,0.9987025272787398
2024-05-04 18:23:00,训练集,工况6,0.999711174538932
2024-05-04 18:24:00,训练集,工况6,0.994428799999946
2024-05-04 18:25:00,训练集,工况6,0.9995005216066767
2024-05-04 18:26:00,训练集,工况6,0.9999449977079369
2024-05-04 18:27:00,训练集,工况6,0.9999583648127888
2024-05-04 18:28:00,训练集,工况6,0.9977421158619617
2024-05-04 18:29:00,训练集,工况6,0.9966695970538358
2024-05-04 18:30:00,训练集,工况6,0.9994607735660019
2024-05-04 18:31:00,训练集,工况6,0.9979000932059381
2024-05-04 18:32:00,训练集,工况6,0.9999595589144596
2024-05-04 18:33:00,训练集,工况6,0.9950311953226708
2024-05-04 18:34:00,训练集,工况6,0.9999132641510328
2024-05-04 18:35:00,训练集,工况6,0.9967041665193802
2024-05-04 18:36:00,训练集,工况6,0.692980033168419
2024-05-04 18:37:00,训练集,工况6,0.9999783015781716
2024-05-04 18:38:00,训练集,工况6,0.990697264708374
2024-05-04 18:39:00,训练集,工况6,0.9998921807803007
2024-05-04 18:40:00,训练集,工况6,0.9996960913160462
2024-05-04 18:41:00,训练集,工况6,0.9996588039622659
2024-05-04 18:42:00,训练集,工况6,0.9994343716408507
2024-05-04 18:43:00,训练集,工况6,0.999927121754688
2024-05-04 18:44:00,训练集,工况6,0.999027900401284
2024-05-04 18:45:00,训练集,工况6,0.9990272139336406
2024-05-04 18:46:00,训练集,工况6,0.9967525557432863
2024-05-04 18:47:00,训练集,工况6,0.9999963773126167
2024-05-04 18:48:00,训练集,工况6,0.9812261489200599
2024-05-04 18:49:00,训练集,工况6,0.9975636162144267
2024-05-04 18:50:00,训练集,工况6,0.9962779317800231
2024-05-04 18:51:00,训练集,工况6,0.9978060409160977
2024-05-04 18:52:00,训练集,工况6,0.9999964132554979
2024-05-04 18:53:00,训练集,工况6,0.99834373123828
2024-05-04 18:54:00,训练集,工况6,0.9999900070026864
2024-05-04 18:55:00,训练集,工况6,0.9999571311444844
2024-05-04 18:56:00,训练集,工况6,0.9994062174092118
2024-05-04 18:57:00,训练集,工况6,0.9994892577424983
2024-05-04 18:58:00,训练集,工况6,0.9858590659432134
2024-05-04 18:59:00,训练集,工况6,0.9974703094532468
2024-05-04 19:00:00,训练集,工况6,0.9999429379351862
2024-05-04 19:01:00,训练集,工况6,0.9914140814986743
2024-05-04 19:02:00,训练集,工况6,0.9999743244272109
2024-05-04 19:03:00,训练集,工况6,0.9998554631567096
2024-05-04 19:04:00,训练集,工况6,0.8210507330158793
2024-05-04 19:05:00,训练集,工况6,0.9999507288039016
2024-05-04 19:06:00,训练集,工况6,0.9999670647261033
2024-05-04 19:07:00,训练集,工况6,0.9999602661449056
2024-05-04 19:08:00,训练集,工况6,0.9992301746892079
2024-05-04 19:09:00,训练集,工况6,0.9954468545063236
2024-05-04 19:10:00,训练集,工况6,0.9999994335815529
2024-05-04 19:11:00,训练集,工况6,0.9999272578850382
2024-05-04 19:12:00,训练集,工况6,0.9573610455156071
2024-05-04 19:13:00,训练集,工况6,0.9998546381658973
2024-05-04 19:14:00,训练集,工况6,0.9989635499909898
2024-05-04 19:15:00,训练集,工况6,0.9975485304470709
2024-05-04 19:16:00,训练集,工况6,0.9996780842401699
2024-05-04 19:17:00,训练集,工况6,0.9995711810292449
2024-05-04 19:18:00,训练集,工况6,0.9449154575605713
2024-05-04 19:19:00,训练集,工况6,0.9999892999288411
2024-05-04 19:20:00,训练集,工况6,0.9990626499580615
2024-05-04 19:21:00,训练集,工况6,0.9998479604758137
2024-05-04 19:22:00,训练集,工况6,0.9977485336802668
2024-05-04 19:23:00,训练集,工况6,0.8236732866424604
2024-05-04 19:24:00,训练集,工况6,0.8452269251087782
2024-05-04 19:25:00,训练集,工况6,0.9992761989947552
2024-05-04 19:26:00,训练集,工况6,0.9999708815759518
2024-05-04 19:27:00,训练集,工况6,0.7811172668945097
2024-05-04 19:28:00,训练集,工况6,0.9997864821134376
2024-05-04 19:29:00,训练集,工况6,0.9998413738053961
2024-05-04 19:30:00,训练集,工况6,0.694705539505261
2024-05-04 19:31:00,训练集,工况6,0.9993299231143519
2024-05-04 19:32:00,训练集,工况6,0.9997058457146798
2024-05-04 19:33:00,训练集,工况6,0.9999949154495498
2024-05-04 19:34:00,训练集,工况6,0.999944091413236
2024-05-04 19:35:00,训练集,工况6,0.9982307886695422
2024-05-04 19:36:00,训练集,工况6,0.9998508846698121
2024-05-04 19:37:00,训练集,工况6,0.9608124260030165
2024-05-04 19:38:00,训练集,工况6,0.9941447215573177
2024-05-04 19:39:00,训练集,工况6,0.999995072059654
2024-05-04 19:40:00,训练集,工况6,0.999911978460579
2024-05-04 19:41:00,训练集,工况6,0.999844607479989
2024-05-04 19:42:00,训练集,工况6,0.9999242390763706
2024-05-04 19:43:00,训练集,工况6,0.9977916072686105
2024-05-04 19:44:00,训练集,工况6,0.8740426172521484
2024-05-04 19:45:00,训练集,工况6,0.9998075690094861
2024-05-04 19:46:00,训练集,工况6,0.9991876777830062
2024-05-04 19:47:00,训练集,工况6,0.9734183685515001
2024-05-04 19:48:00,训练集,工况6,0.9884789056538591
2024-05-04 19:49:00,训练集,工况6,0.9998134305203339
2024-05-04 19:50:00,训练集,工况6,0.9999336919503244
2024-05-04 19:51:00,训练集,工况6,0.9997732604396042
2024-05-04 19:52:00,训练集,工况6,0.9999362976975696
2024-05-04 19:53:00,训练集,工况6,0.9974399246109872
2024-05-04 19:54:00,训练集,工况6,0.99958244161964
2024-05-04 19:55:00,训练集,工况5,0.7474649354728763
2024-05-04 19:56:00,训练集,工况6,0.9996061714724659
2024-05-04 19:57:00,训练集,工况6,0.9992791211689462
2024-05-04 19:58:00,训练集,工况6,0.9607171451115226
2024-05-04 19:59:00,训练集,工况6,0.9986310172965105
2024-05-04 20:00:00,训练集,工况6,0.9974395771933319
2024-05-04 20:01:00,训练集,工况6,0.99922275495136
2024-05-04 20:02:00,训练集,工况6,0.9991840307625183
2024-05-04 20:03:00,训练集,工况5,0.5832192988035366
2024-05-04 20:04:00,训练集,工况6,0.9996889612617258
2024-05-04 20:05:00,训练集,工况6,0.9996901032923198
2024-05-04 20:06:00,训练集,工况6,0.9999396682508073
2024-05-04 20:07:00,训练集,工况6,0.998823142132864
2024-05-04 20:08:00,训练集,工况6,0.9997170110416456
2024-05-04 20:09:00,训练集,工况6,0.999915738291712
2024-05-04 20:10:00,训练集,工况6,0.9999957419555868
2024-05-04 20:11:00,训练集,工况6,0.9631661839613935
2024-05-04 20:12:00,训练集,工况6,0.9999544222246252
2024-05-04 20:13:00,训练集,工况6,0.9997709159402207
2024-05-04 20:14:00,训练集,工况6,0.9993339739999781
2024-05-04 20:15:00,训练集,工况6,0.9999935812881868
2024-05-04 20:16:00,训练集,工况6,0.9987928591923487
2024-05-04 20:17:00,训练集,工况6,0.9993155465389663
2024-05-04 20:18:00,训练集,工况6,0.9829807433966794
2024-05-04 20:19:00,训练集,工况6,0.9999864625404495
2024-05-04 20:20:00,训练集,工况6,0.9999273801232362
2024-05-04 20:21:00,训练集,工况6,0.9999445039145024
2024-05-04 20:22:00,训练集,工况6,0.9999730103124014
2024-05-04 20:23:00,训练集,工况6,0.9998027966142479
2024-05-04 20:24:00,训练集,工况6,0.9946872637151963
2024-05-04 20:25:00,训练集,工况6,0.9548926935324865
2024-05-04 20:26:00,训练集,工况6,0.9998063986297262
2024-05-04 20:27:00,训练集,工况6,0.9844524259316586
2024-05-04 20:28:00,训练集,工况6,0.9999265874820409
2024-05-04 20:29:00,训练集,工况6,0.9999828057318076
2024-05-04 20:30:00,训练集,工况6,0.997405998620763
2024-05-04 20:31:00,训练集,工况6,0.9996221110620446
2024-05-04 20:32:00,训练集,工况6,0.9980638360409037
2024-05-04 20:33:00,训练集,工况6,0.9988821370924565
2024-05-04 20:34:00,训练集,工况6,0.9997072354628525
2024-05-04 20:35:00,训练集,工况6,0.9883829037744212
2024-05-04 20:36:00,训练集,工况5,0.6136264258595553
2024-05-04 20:37:00,训练集,工况6,0.9996400954593619
2024-05-04 20:38:00,训练集,工况6,0.9997528011668725
2024-05-04 20:39:00,训练集,工况6,0.9999000115963891
2024-05-04 20:40:00,训练集,工况6,0.9900986672561831
2024-05-04 20:41:00,训练集,工况6,0.9996485665146866
2024-05-04 20:42:00,训练集,工况6,0.9954435661100783
2024-05-04 20:43:00,训练集,工况6,0.9999030580125698
2024-05-04 20:44:00,训练集,工况6,0.9997085198048605
2024-05-04 20:45:00,训练集,工况6,0.9999093826017168
2024-05-04 20:46:00,训练集,工况6,0.9999914566509271
2024-05-04 20:47:00,训练集,工况6,0.9999726841926339
2024-05-04 20:48:00,训练集,工况6,0.999929276378036
2024-05-04 20:49:00,训练集,工况6,0.9980858506749584
2024-05-04 20:50:00,训练集,工况6,0.999148135418983
2024-05-04 20:51:00,训练集,工况6,0.9672941868504638
2024-05-04 20:52:00,训练集,工况6,0.9983491954425998
2024-05-04 20:53:00,训练集,工况6,0.998595651640564
2024-05-04 20:54:00,训练集,工况6,0.9965869865910245
2024-05-04 20:55:00,训练集,工况6,0.7052580874062863
2024-05-04 20:56:00,训练集,工况6,0.9983132908713331
2024-05-04 20:57:00,训练集,工况6,0.9969785959692814
2024-05-04 20:58:00,训练集,工况6,0.9743998896384848
2024-05-04 20:59:00,训练集,工况6,0.9998596173260668
2024-05-04 21:00:00,训练集,工况6,0.9988970498909445
2024-05-04 21:01:00,训练集,工况6,0.9997344047876744
2024-05-04 21:02:00,训练集,工况6,0.9999051770426391
2024-05-04 21:03:00,训练集,工况6,0.9990914733981994
2024-05-04 21:04:00,训练集,工况6,0.999943178157174
2024-05-04 21:05:00,训练集,工况6,0.9557033387317139
2024-05-04 21:06:00,训练集,工况6,0.9824993842841722
2024-05-04 21:07:00,训练集,工况6,0.9924954558885406
2024-05-04 21:08:00,训练集,工况6,0.9941759510167246
2024-05-04 21:09:00,训练集,工况6,0.9995319877422557
2024-05-04 21:10:00,训练集,工况6,0.9982542794266165
2024-05-04 21:11:00,训练集,工况6,0.998457912714037
2024-05-04 21:12:00,训练集,工况6,0.9995416503649841
2024-05-04 21:13:00,训练集,工况6,0.9999723505800764
2024-05-04 21:14:00,训练集,工况6,0.9999872358706006
2024-05-04 21:15:00,训练集,工况6,0.9848474143944093
2024-05-04 21:16:00,训练集,工况6,0.9971969298339403
2024-05-04 21:17:00,训练集,工况6,0.9981267064353354
2024-05-04 21:18:00,训练集,工况6,0.9993102609230972
2024-05-04 21:19:00,训练集,工况6,0.9992856976841215
2024-05-04 21:20:00,训练集,工况6,0.999591151023852
2024-05-04 21:21:00,训练集,工况6,0.99802718753516
2024-05-04 21:22:00,训练集,工况6,0.6836654573398516
2024-05-04 21:23:00,训练集,工况6,0.9399874598648447
2024-05-04 21:24:00,训练集,工况6,0.9717766838892772
2024-05-04 21:25:00,训练集,工况6,0.9974293533777286
2024-05-04 21:26:00,训练集,工况6,0.996697712366575
2024-05-04 21:27:00,训练集,工况6,0.995342066686529
2024-05-04 21:28:00,训练集,工况6,0.9896309468144507
2024-05-04 21:29:00,训练集,工况6,0.9944596082689763
2024-05-04 21:30:00,训练集,工况6,0.8972853654913605
2024-05-04 21:31:00,训练集,工况6,0.9999974131147742
2024-05-04 21:32:00,训练集,工况6,0.9999693013796248
2024-05-04 21:33:00,训练集,工况6,0.9982121252918927
2024-05-04 21:34:00,训练集,工况6,0.9992402243922938
2024-05-04 21:35:00,训练集,工况5,0.5647565755156972
2024-05-04 21:36:00,训练集,工况6,0.9994373345046851
2024-05-04 21:37:00,训练集,工况6,0.8415511171819154
2024-05-04 21:38:00,训练集,工况5,0.6073595905853862
2024-05-04 21:39:00,训练集,工况6,0.9998519411500303
2024-05-04 21:40:00,训练集,工况6,0.9979575470157256
2024-05-04 21:41:00,训练集,工况5,0.8542104611607437
2024-05-04 21:42:00,训练集,工况6,0.9981352036055494
2024-05-04 21:43:00,训练集,工况6,0.98848149009409
2024-05-04 21:44:00,训练集,工况6,0.9999954177408793
2024-05-04 21:45:00,训练集,工况6,0.9964597316163628
2024-05-04 21:46:00,训练集,工况6,0.9929836033411888
2024-05-04 21:47:00,训练集,工况6,0.9993107103349897
2024-05-04 21:48:00,训练集,工况6,0.9865645244717929
2024-05-04 21:49:00,训练集,工况6,0.9997986018892612
2024-05-04 21:50:00,训练集,工况6,0.5168721415917251
2024-05-04 21:51:00,训练集,工况6,0.9998495973022122
2024-05-04 21:52:00,训练集,工况6,0.995873319380585
2024-05-04 21:53:00,训练集,工况6,0.9998909547611899
2024-05-04 21:54:00,训练集,工况6,0.9951604924265693
2024-05-04 21:55:00,训练集,工况6,0.9996503222655768
2024-05-04 21:56:00,训练集,工况6,0.9961403774768325
2024-05-04 21:57:00,训练集,工况6,0.9974785217296986
2024-05-04 21:58:00,训练集,工况6,0.9987184716582685
2024-05-04 21:59:00,训练集,工况6,0.9988935664133004
2024-05-04 22:00:00,训练集,工况6,0.9938869014315311
2024-05-04 22:01:00,训练集,工况6,0.8367664093116939
2024-05-04 22:02:00,训练集,工况5,0.6293334321150043
2024-05-04 22:03:00,训练集,工况6,0.9996519784187425
2024-05-04 22:04:00,训练集,工况6,0.9995906246969455
2024-05-04 22:05:00,训练集,工况6,0.9923739202499556
2024-05-04 22:06:00,训练集,工况5,0.5302323320398736
2024-05-04 22:07:00,训练集,工况6,0.9999928078470147
2024-05-04 22:08:00,训练集,工况6,0.9999639786053557
2024-05-04 22:09:00,训练集,工况6,0.9998890438934819
2024-05-04 22:10:00,训练集,工况6,0.9989755819614535
2024-05-04 22:11:00,训练集,工况6,0.9998578713545471
2024-05-04 22:12:00,训练集,工况6,0.8835778919608924
2024-05-04 22:13:00,训练集,工况6,0.9994309684678252
2024-05-04 22:14:00,训练集,工况6,0.9222019516623731
2024-05-04 22:15:00,训练集,工况5,0.9328990190165738
2024-05-04 22:16:00,训练集,工况6,0.9967113775571728
2024-05-04 22:17:00,训练集,工况6,0.9969763294054974
2024-05-04 22:18:00,训练集,工况6,0.9999583271060866
2024-05-04 22:19:00,训练集,工况6,0.9975178371728588
2024-05-04 22:20:00,训练集,工况6,0.999733154453709
2024-05-04 22:21:00,训练集,工况5,0.7823407435393938
2024-05-04 22:22:00,训练集,工况6,0.9910632935565185
2024-05-04 22:23:00,训练集,工况5,0.8448639590575251
2024-05-04 22:24:00,训练集,工况6,0.9965392045421303
2024-05-04 22:25:00,训练集,工况6,0.9426905446234127
2024-05-04 22:26:00,训练集,工况6,0.9721554961268715
2024-05-04 22:27:00,训练集,工况6,0.9983953570702664
2024-05-04 22:28:00,训练集,工况6,0.811138682649679
2024-05-04 22:29:00,训练集,工况6,0.9999645956170473
2024-05-04 22:30:00,训练集,工况6,0.9999580293570121
2024-05-04 22:31:00,训练集,工况6,0.7477464072727563
2024-05-04 22:32:00,训练集,工况6,0.8509505532259863
2024-05-04 22:33:00,训练集,工况6,0.9999673386079337
2024-05-04 22:34:00,训练集,工况6,0.8237814611463546
2024-05-04 22:35:00,训练集,工况6,0.9996387579495626
2024-05-04 22:36:00,训练集,工况6,0.9923587226195196
2024-05-04 22:37:00,训练集,工况5,0.7153545581704429
2024-05-04 22:38:00,训练集,工况6,0.9954212320471685
2024-05-04 22:39:00,训练集,工况6,0.9403341600927086
2024-05-04 22:40:00,训练集,工况6,0.9921199201362352
2024-05-04 22:41:00,训练集,工况6,0.9990844987514235
2024-05-04 22:42:00,训练集,工况5,0.9729062213660289
2024-05-04 22:43:00,训练集,工况6,0.8306444481415541
2024-05-04 22:44:00,训练集,工况5,0.8083580086046237
2024-05-04 22:45:00,训练集,工况6,0.9442383546731303
2024-05-04 22:46:00,训练集,工况6,0.9670280001017552
2024-05-04 22:47:00,训练集,工况6,0.9744254600079789
2024-05-04 22:48:00,训练集,工况6,0.5369542119719422
2024-05-04 22:49:00,训练集,工况6,0.9482914008272049
2024-05-04 22:50:00,训练集,工况6,0.9995982923665
2024-05-04 22:51:00,训练集,工况6,0.9727242382334761
2024-05-04 22:52:00,训练集,工况6,0.9992670014355346
2024-05-04 22:53:00,训练集,工况5,0.6559435541403416
2024-05-04 22:54:00,训练集,工况6,0.9981474894185612
2024-05-04 22:55:00,训练集,工况6,0.9994532453063634
2024-05-04 22:56:00,训练集,工况5,0.548382363563989
2024-05-04 22:57:00,训练集,工况6,0.6829979236385164
2024-05-04 22:58:00,训练集,工况6,0.974655494630925
2024-05-04 22:59:00,训练集,工况6,0.9932933735856352
2024-05-04 23:00:00,训练集,工况6,0.7536277333935618
2024-05-04 23:01:00,训练集,工况6,0.9968787857398484
2024-05-04 23:02:00,训练集,工况6,0.8837926159166943
2024-05-04 23:03:00,训练集,工况6,0.9929531709486427
2024-05-04 23:04:00,训练集,工况6,0.7179283406772242
2024-05-04 23:05:00,训练集,工况5,0.6637752418327664
2024-05-04 23:06:00,训练集,工况6,0.9995743583355087
2024-05-04 23:07:00,训练集,工况6,0.7827793585314614
2024-05-04 23:08:00,训练集,工况6,0.9532292541412212
2024-05-04 23:09:00,训练集,工况6,0.9996072995980095
2024-05-04 23:10:00,训练集,工况5,0.5126889865071234
2024-05-04 23:11:00,训练集,工况6,0.9975859719443501
2024-05-04 23:12:00,训练集,工况6,0.9998413718087573
2024-05-04 23:13:00,训练集,工况6,0.9755193062272941
2024-05-04 23:14:00,训练集,工况6,0.9988770964388819
2024-05-04 23:15:00,训练集,工况6,0.9603209087917824
2024-05-04 23:16:00,训练集,工况6,0.9827953839977764
2024-05-04 23:17:00,训练集,工况6,0.8144344592579318
2024-05-04 23:18:00,训练集,工况6,0.9612116794119441
2024-05-04 23:19:00,训练集,工况5,0.9960186087562428
2024-05-04 23:20:00,训练集,工况6,0.977983682862337
2024-05-04 23:21:00,训练集,工况6,0.9825108583886841
2024-05-04 23:22:00,训练集,工况5,0.5001337131531006
2024-05-04 23:23:00,训练集,工况6,0.7852170739878037
2024-05-04 23:24:00,训练集,工况6,0.9327722123305106
2024-05-04 23:25:00,训练集,工况5,0.7705035666873212
2024-05-04 23:26:00,训练集,工况5,0.7270662001328693
2024-05-04 23:27:00,训练集,工况6,0.9888214244717579
2024-05-04 23:28:00,训练集,工况5,0.854342044279231
2024-05-04 23:29:00,训练集,工况6,0.9944244395612053
2024-05-04 23:30:00,训练集,工况6,0.9711961161847158
2024-05-04 23:31:00,训练集,工况5,0.9734675200807487
2024-05-04 23:32:00,训练集,工况6,0.9998781571173198
2024-05-04 23:33:00,训练集,工况6,0.920908899050856
2024-05-04 23:34:00,训练集,工况5,0.6711247061534629
2024-05-04 23:35:00,训练集,工况6,0.5131417586226136
2024-05-04 23:36:00,训练集,工况5,0.8345195982410261
2024-05-04 23:37:00,训练集,工况6,0.9997152612299759
2024-05-04 23:38:00,训练集,工况6,0.8425396708620767
2024-05-04 23:39:00,训练集,工况5,0.9753065506683937
2024-05-04 23:40:00,训练集,工况6,0.9826472440036026
2024-05-04 23:41:00,训练集,工况5,0.8758291889536378
2024-05-04 23:42:00,训练集,工况6,0.8116260624008109
2024-05-04 23:43:00,训练集,工况6,0.9845464257867675
2024-05-04 23:44:00,训练集,工况5,0.9081931398412468
2024-05-04 23:45:00,训练集,工况6,0.9998300677441546
2024-05-04 23:46:00,训练集,工况6,0.7025000710046387
2024-05-04 23:47:00,训练集,工况6,0.9823696099845662
2024-05-04 23:48:00,训练集,工况5,0.7550354128615067
2024-05-04 23:49:00,训练集,工况6,0.9492226936369036
2024-05-04 23:50:00,训练集,工况6,0.8216064265291125
2024-05-04 23:51:00,训练集,工况5,0.833753798480275
2024-05-04 23:52:00,训练集,工况6,0.9518096823732283
2024-05-04 23:53:00,训练集,工况6,0.6024698116927756
2024-05-04 23:54:00,训练集,工况6,0.964336919931305
2024-05-04 23:55:00,训练集,工况5,0.9852797259650807
2024-05-04 23:56:00,训练集,工况6,0.9198747511598976
2024-05-04 23:57:00,训练集,工况5,0.9440562679221451
2024-05-04 23:58:00,训练集,工况6,0.8930249270646966
2024-05-04 23:59:00,训练集,工况6,0.9891370814164347
2024-05-05 00:00:00,训练集,工况6,0.6780602595265016
2024-05-05 00:01:00,训练集,工况6,0.7776365891030602
2024-05-05 00:02:00,训练集,工况6,0.9180333762476371
2024-05-05 00:03:00,训练集,工况5,0.9481895777552717
2024-05-05 00:04:00,训练集,工况5,0.8299182917384826
2024-05-05 00:05:00,训练集,工况6,0.8810910550604524
2024-05-05 00:06:00,训练集,工况6,0.9955115408531628
2024-05-05 00:07:00,训练集,工况5,0.9894827249221555
2024-05-05 00:08:00,训练集,工况5,0.9473412791851473
2024-05-05 00:09:00,训练集,工况5,0.9919878005650044
2024-05-05 00:10:00,训练集,工况5,0.5398734658193729
2024-05-05 00:11:00,训练集,工况6,0.9976250938154254
2024-05-05 00:12:00,训练集,工况6,0.8450708723651335
2024-05-05 00:13:00,训练集,工况6,0.9704785447743842
2024-05-05 00:14:00,训练集,工况6,0.8237963643977575
2024-05-05 00:15:00,训练集,工况5,0.989634036587768
2024-05-05 00:16:00,训练集,工况6,0.9406399319775096
2024-05-05 00:17:00,训练集,工况5,0.9954600146167751
2024-05-05 00:18:00,训练集,工况5,0.9975589020984739
2024-05-05 00:19:00,训练集,工况6,0.8178223701808576
2024-05-05 00:20:00,训练集,工况5,0.9880520326400495
2024-05-05 00:21:00,训练集,工况5,0.9552503315289017
2024-05-05 00:22:00,训练集,工况6,0.980601614241183
2024-05-05 00:23:00,训练集,工况6,0.9999754692931305
2024-05-05 00:24:00,训练集,工况5,0.5299144514076163
2024-05-05 00:25:00,训练集,工况6,0.9628175784253411
2024-05-05 00:26:00,训练集,工况5,0.6479547192606443
2024-05-05 00:27:00,训练集,工况6,0.998667200402356
2024-05-05 00:28:00,训练集,工况5,0.9157582308481957
2024-05-05 00:29:00,训练集,工况5,0.9112852686242958
2024-05-05 00:30:00,训练集,工况6,0.8786832610987023
2024-05-05 00:31:00,训练集,工况5,0.9883173817749221
2024-05-05 00:32:00,训练集,工况6,0.9963036063761358
2024-05-05 00:33:00,训练集,工况6,0.9443100802636584
2024-05-05 00:34:00,训练集,工况5,0.9695438629997173
2024-05-05 00:35:00,训练集,工况6,0.9547629183761865
2024-05-05 00:36:00,训练集,工况6,0.9561646996428201
2024-05-05 00:37:00,训练集,工况5,0.7166786323561745
2024-05-05 00:38:00,训练集,工况6,0.7394001147278914
2024-05-05 00:39:00,训练集,工况5,0.6208647735838734
2024-05-05 00:40:00,训练集,工况6,0.9412934623755482
2024-05-05 00:41:00,训练集,工况6,0.896319141859076
2024-05-05 00:42:00,训练集,工况6,0.9435880229012971
2024-05-05 00:43:00,训练集,工况5,0.6295102007202905
2024-05-05 00:44:00,训练集,工况6,0.7917852324160968
2024-05-05 00:45:00,训练集,工况5,0.8144624327226935
2024-05-05 00:46:00,训练集,工况5,0.9955711127048361
2024-05-05 00:47:00,训练集,工况5,0.77901589956966
2024-05-05 00:48:00,训练集,工况6,0.992602508122061
2024-05-05 00:49:00,训练集,工况5,0.9975796106072199
2024-05-05 00:50:00,训练集,工况6,0.8501133324692842
2024-05-05 00:51:00,训练集,工况6,0.9875482332942878
2024-05-05 00:52:00,训练集,工况5,0.7944014977532836
2024-05-05 00:53:00,训练集,工况5,0.5395429093013246
2024-05-05 00:54:00,训练集,工况5,0.9605034521077619
2024-05-05 00:55:00,训练集,工况6,0.9862751336528556
2024-05-05 00:56:00,训练集,工况5,0.9992246739757782
2024-05-05 00:57:00,训练集,工况6,0.9923905622142738
2024-05-05 00:58:00,训练集,工况6,0.8710046019781985
2024-05-05 00:59:00,训练集,工况6,0.7364166028110295
2024-05-05 01:00:00,训练集,工况6,0.7043576648514179
2024-05-05 01:01:00,训练集,工况5,0.9415295118955436
2024-05-05 01:02:00,训练集,工况5,0.893831777249977
2024-05-05 01:03:00,训练集,工况5,0.944139204439121
2024-05-05 01:04:00,训练集,工况5,0.8337527005952026
2024-05-05 01:05:00,训练集,工况5,0.9774148421363722
2024-05-05 01:06:00,训练集,工况5,0.9988370872034686
2024-05-05 01:07:00,训练集,工况5,0.623461195541724
2024-05-05 01:08:00,训练集,工况5,0.7517103104897805
2024-05-05 01:09:00,训练集,工况6,0.8717489175572528
2024-05-05 01:10:00,训练集,工况6,0.8267402634259697
2024-05-05 01:11:00,训练集,工况6,0.6892385042876569
2024-05-05 01:12:00,训练集,工况5,0.8414845079180714
2024-05-05 01:13:00,训练集,工况6,0.892205128127331
2024-05-05 01:14:00,训练集,工况6,0.5911364521506097
2024-05-05 01:15:00,训练集,工况5,0.902216357438429
2024-05-05 01:16:00,训练集,工况5,0.9294708122078635
2024-05-05 01:17:00,训练集,工况5,0.5992542984601206
2024-05-05 01:18:00,训练集,工况6,0.7508751668179149
2024-05-05 01:19:00,训练集,工况5,0.5982277282460228
2024-05-05 01:20:00,训练集,工况5,0.65112590547855
2024-05-05 01:21:00,训练集,工况6,0.5436449568624477
2024-05-05 01:22:00,训练集,工况5,0.996545537382938
2024-05-05 01:23:00,训练集,工况5,0.9987962092686264
2024-05-05 01:24:00,训练集,工况5,0.9696494276236026
2024-05-05 01:25:00,训练集,工况5,0.8408442883103106
2024-05-05 01:26:00,训练集,工况6,0.9995133832103136
2024-05-05 01:27:00,训练集,工况5,0.9971709650432736
2024-05-05 01:28:00,训练集,工况5,0.9874055280519104
2024-05-05 01:29:00,训练集,工况5,0.9272339506954469
2024-05-05 01:30:00,训练集,工况5,0.7486889795397673
2024-05-05 01:31:00,训练集,工况5,0.9434090458085755
2024-05-05 01:32:00,训练集,工况5,0.9056870641509637
2024-05-05 01:33:00,训练集,工况5,0.9889450514421767
2024-05-05 01:34:00,训练集,工况5,0.9928822092112656
2024-05-05 01:35:00,训练集,工况5,0.9991517794170243
2024-05-05 01:36:00,训练集,工况5,0.8412372708142192
2024-05-05 01:37:00,训练集,工况5,0.9976463355135508
2024-05-05 01:38:00,训练集,工况5,0.8997821527982042
2024-05-05 01:39:00,训练集,工况5,0.8728327909077074
2024-05-05 01:40:00,训练集,工况5,0.5575712878221076
2024-05-05 01:41:00,训练集,工况5,0.9797112947132185
2024-05-05 01:42:00,训练集,工况5,0.9866798133693914
2024-05-05 01:43:00,训练集,工况5,0.9987163377538059
2024-05-05 01:44:00,训练集,工况5,0.9980997379238309
2024-05-05 01:45:00,训练集,工况5,0.9527576164261089
2024-05-05 01:46:00,训练集,工况5,0.9981087173975464
2024-05-05 01:47:00,训练集,工况5,0.9983909065049711
2024-05-05 01:48:00,训练集,工况5,0.9622140825988993
2024-05-05 01:49:00,训练集,工况5,0.999239269160788
2024-05-05 01:50:00,训练集,工况5,0.9505954990656645
2024-05-05 01:51:00,训练集,工况5,0.9909753378651003
2024-05-05 01:52:00,训练集,工况5,0.8125683857310451
2024-05-05 01:53:00,训练集,工况5,0.9974591087334546
2024-05-05 01:54:00,训练集,工况5,0.9616017424935638
2024-05-05 01:55:00,训练集,工况5,0.9987125150558406
2024-05-05 01:56:00,训练集,工况5,0.865762811621251
2024-05-05 01:57:00,训练集,工况5,0.8814929864956321
2024-05-05 01:58:00,训练集,工况5,0.9989380205776176
2024-05-05 01:59:00,训练集,工况5,0.8348549467541128
2024-05-05 02:00:00,训练集,工况5,0.9609134606778561
2024-05-05 02:01:00,训练集,工况5,0.7985132353100114
2024-05-05 02:02:00,训练集,工况5,0.7505304118130905
2024-05-05 02:03:00,训练集,工况5,0.9935881216575214
2024-05-05 02:04:00,训练集,工况5,0.952824952472107
2024-05-05 02:05:00,训练集,工况5,0.9251453374889113
2024-05-05 02:06:00,训练集,工况5,0.9309433899082504
2024-05-05 02:07:00,训练集,工况5,0.9990991306469327
2024-05-05 02:08:00,训练集,工况5,0.9816146009095448
2024-05-05 02:09:00,训练集,工况5,0.9994759165108538
2024-05-05 02:10:00,训练集,工况5,0.9991162701011405
2024-05-05 02:11:00,训练集,工况5,0.9830843089915529
2024-05-05 02:12:00,训练集,工况5,0.9885525777132631
2024-05-05 02:13:00,训练集,工况5,0.9991097658766052
2024-05-05 02:14:00,训练集,工况5,0.9939055199399677
2024-05-05 02:15:00,训练集,工况5,0.8591846760155663
2024-05-05 02:16:00,训练集,工况5,0.9831001289342528
2024-05-05 02:17:00,训练集,工况5,0.6994934416897367
2024-05-05 02:18:00,训练集,工况5,0.6689177752774191
2024-05-05 02:19:00,训练集,工况5,0.93498652291201
2024-05-05 02:20:00,训练集,工况6,0.907221375782967
2024-05-05 02:21:00,训练集,工况5,0.9958988010181914
2024-05-05 02:22:00,训练集,工况5,0.9781447300452549
2024-05-05 02:23:00,训练集,工况5,0.887358513439068
2024-05-05 02:24:00,训练集,工况6,0.606053772984564
2024-05-05 02:25:00,训练集,工况5,0.9964057709902234
2024-05-05 02:26:00,训练集,工况5,0.9642226613825468
2024-05-05 02:27:00,训练集,工况5,0.9649848717867376
2024-05-05 02:28:00,训练集,工况5,0.9615402402641788
2024-05-05 02:29:00,训练集,工况5,0.8612191373757789
2024-05-05 02:30:00,训练集,工况6,0.7157146842630833
2024-05-05 02:31:00,训练集,工况5,0.9851407172845665
2024-05-05 02:32:00,训练集,工况5,0.9775456469228256
2024-05-05 02:33:00,训练集,工况5,0.9404846614373833
2024-05-05 02:34:00,训练集,工况5,0.9979495287990512
2024-05-05 02:35:00,训练集,工况5,0.9857742943853297
2024-05-05 02:36:00,训练集,工况5,0.9292214546158639
2024-05-05 02:37:00,训练集,工况5,0.989104301302811
2024-05-05 02:38:00,训练集,工况5,0.8176571098430677
2024-05-05 02:39:00,训练集,工况5,0.9992210686538857
2024-05-05 02:40:00,训练集,工况5,0.8858833516149989
2024-05-05 02:41:00,训练集,工况6,0.5468928421921178
2024-05-05 02:42:00,训练集,工况5,0.5958048095257468
2024-05-05 02:43:00,训练集,工况5,0.9909998045958475
2024-05-05 02:44:00,训练集,工况5,0.9912960484855876
2024-05-05 02:45:00,训练集,工况5,0.9975714196046812
2024-05-05 02:46:00,训练集,工况5,0.9705413117448205
2024-05-05 02:47:00,训练集,工况5,0.9527136924596904
2024-05-05 02:48:00,训练集,工况5,0.7580614013986383
2024-05-05 02:49:00,训练集,工况5,0.9983271276304594
2024-05-05 02:50:00,训练集,工况5,0.9978206128751341
2024-05-05 02:51:00,训练集,工况5,0.9977976701711994
2024-05-05 02:52:00,训练集,工况5,0.9383589323562707
2024-05-05 02:53:00,训练集,工况5,0.9955066571766129
2024-05-05 02:54:00,训练集,工况5,0.9978165299493363
2024-05-05 02:55:00,训练集,工况5,0.9971166724320277
2024-05-05 02:56:00,训练集,工况5,0.5998289507611323
2024-05-05 02:57:00,训练集,工况5,0.995636124747179
2024-05-05 02:58:00,训练集,工况5,0.9099548753124665
2024-05-05 02:59:00,训练集,工况5,0.7493006296811411
2024-05-05 03:00:00,训练集,工况4,0.9988231506752396
2024-05-05 03:01:00,训练集,工况4,0.9994947207137705
2024-05-05 03:02:00,训练集,工况4,0.9776650389529736
2024-05-05 03:03:00,训练集,工况4,0.9967242401397528
2024-05-05 03:04:00,训练集,工况4,0.9880402612631015
2024-05-05 03:05:00,训练集,工况4,0.9672119875250468
2024-05-05 03:06:00,训练集,工况4,0.9994934633985536
2024-05-05 03:07:00,训练集,工况4,0.9707039471493165
2024-05-05 03:08:00,训练集,工况4,0.9999844064888306
2024-05-05 03:09:00,训练集,工况4,0.9855523269145549
2024-05-05 03:10:00,训练集,工况4,0.9994417471072226
2024-05-05 03:11:00,训练集,工况4,0.9853828934539646
2024-05-05 03:12:00,训练集,工况4,0.9948704105674243
2024-05-05 03:13:00,训练集,工况4,0.9716876292344861
2024-05-05 03:14:00,训练集,工况4,0.9946150611503658
2024-05-05 03:15:00,训练集,工况4,0.9997653815565936
2024-05-05 03:16:00,训练集,工况4,0.9994918196516019
2024-05-05 03:17:00,训练集,工况4,0.9995130097385531
2024-05-05 03:18:00,训练集,工况4,0.9964954980552209
2024-05-05 03:19:00,训练集,工况4,0.7718815136416161
2024-05-05 03:20:00,训练集,工况4,0.9994307140959167
2024-05-05 03:21:00,训练集,工况1,0.8934093222421239
2024-05-05 03:22:00,训练集,工况4,0.9630184999100161
2024-05-05 03:23:00,训练集,工况4,0.9578994338233785
2024-05-05 03:24:00,训练集,工况4,0.9985798232346943
2024-05-05 03:25:00,训练集,工况4,0.9998805905709193
2024-05-05 03:26:00,训练集,工况4,0.9913458895277587
2024-05-05 03:27:00,训练集,工况4,0.9709733030619018
2024-05-05 03:28:00,训练集,工况4,0.9999475789434484
2024-05-05 03:29:00,训练集,工况4,0.9718646638496964
2024-05-05 03:30:00,训练集,工况4,0.9994339364384408
2024-05-05 03:31:00,训练集,工况4,0.9989481815396294
2024-05-05 03:32:00,训练集,工况4,0.9654714983718482
2024-05-05 03:33:00,训练集,工况4,0.9983502473298755
2024-05-05 03:34:00,训练集,工况4,0.9968380263700863
2024-05-05 03:35:00,训练集,工况4,0.9973893683240203
2024-05-05 03:36:00,训练集,工况4,0.9930366172700599
2024-05-05 03:37:00,训练集,工况4,0.9981797671825777
2024-05-05 03:38:00,训练集,工况4,0.998070885768404
2024-05-05 03:39:00,训练集,工况4,0.9921865325637559
2024-05-05 03:40:00,训练集,工况4,0.9986975626180432
2024-05-05 03:41:00,训练集,工况1,0.8685582593024561
2024-05-05 03:42:00,训练集,工况4,0.8600988558159344
2024-05-05 03:43:00,训练集,工况4,0.9525162812343616
2024-05-05 03:44:00,训练集,工况4,0.9976047117859372
2024-05-05 03:45:00,训练集,工况4,0.9995509085975802
2024-05-05 03:46:00,训练集,工况4,0.9974959237696323
2024-05-05 03:47:00,训练集,工况4,0.998265378242679
2024-05-05 03:48:00,训练集,工况4,0.9574704250419093
2024-05-05 03:49:00,训练集,工况4,0.9998550631991476
2024-05-05 03:50:00,训练集,工况4,0.9931977244040845
2024-05-05 03:51:00,训练集,工况4,0.9830173274399461
2024-05-05 03:52:00,训练集,工况4,0.9930090643557765
2024-05-05 03:53:00,训练集,工况4,0.9984771443536186
2024-05-05 03:54:00,训练集,工况4,0.7406944524727788
2024-05-05 03:55:00,训练集,工况1,0.924660280105965
2024-05-05 03:56:00,训练集,工况4,0.9998839051707065
2024-05-05 03:57:00,训练集,工况4,0.9988076054357896
2024-05-05 03:58:00,训练集,工况4,0.9976249474147209
2024-05-05 03:59:00,训练集,工况4,0.9987384034215402
2024-05-05 04:00:00,训练集,工况4,0.9992738923422756
2024-05-05 04:01:00,训练集,工况4,0.9953175809315326
2024-05-05 04:02:00,训练集,工况4,0.9988626444382029
2024-05-05 04:03:00,训练集,工况4,0.9999650618862127
2024-05-05 04:04:00,训练集,工况4,0.9967397691321247
2024-05-05 04:05:00,训练集,工况4,0.9992456505126446
2024-05-05 04:06:00,训练集,工况4,0.9988255376529102
2024-05-05 04:07:00,训练集,工况4,0.9998036951547163
2024-05-05 04:08:00,训练集,工况4,0.9677176683341754
2024-05-05 04:09:00,训练集,工况4,0.9706781215368333
2024-05-05 04:10:00,训练集,工况4,0.9982400982029185
2024-05-05 04:11:00,训练集,工况4,0.683876820417381
2024-05-05 04:12:00,训练集,工况4,0.9960224670136688
2024-05-05 04:13:00,训练集,工况4,0.975900578014691
2024-05-05 04:14:00,训练集,工况4,0.9474642671795461
2024-05-05 04:15:00,训练集,工况4,0.9967023944865293
2024-05-05 04:16:00,训练集,工况1,0.8754579356661806
2024-05-05 04:17:00,训练集,工况4,0.9999889363388902
2024-05-05 04:18:00,训练集,工况4,0.9845213748575752
2024-05-05 04:19:00,训练集,工况4,0.9246780049655045
2024-05-05 04:20:00,训练集,工况4,0.9991580145683522
2024-05-05 04:21:00,训练集,工况4,0.8735686244547705
2024-05-05 04:22:00,训练集,工况4,0.7756383097363994
2024-05-05 04:23:00,训练集,工况4,0.512460967870734
2024-05-05 04:24:00,训练集,工况4,0.9972939314622512
2024-05-05 04:25:00,训练集,工况4,0.9988270452571836
2024-05-05 04:26:00,训练集,工况4,0.9992869578847116
2024-05-05 04:27:00,训练集,工况4,0.9999679441056012
2024-05-05 04:28:00,训练集,工况4,0.9992396919314165
2024-05-05 04:29:00,训练集,工况4,0.9995671865588928
2024-05-05 04:30:00,训练集,工况4,0.9989445975613064
2024-05-05 04:31:00,训练集,工况4,0.9999670817085724
2024-05-05 04:32:00,训练集,工况4,0.9988935290325307
2024-05-05 04:33:00,训练集,工况4,0.993865585622093
2024-05-05 04:34:00,训练集,工况4,0.9923241847600158
2024-05-05 04:35:00,训练集,工况4,0.9999957680369703
2024-05-05 04:36:00,训练集,工况4,0.9217572988487684
2024-05-05 04:37:00,训练集,工况4,0.9994045715297665
2024-05-05 04:38:00,训练集,工况4,0.997582790601012
2024-05-05 04:39:00,训练集,工况4,0.9988919396838444
2024-05-05 04:40:00,训练集,工况1,0.751229758460061
2024-05-05 04:41:00,训练集,工况4,0.9894822273178862
2024-05-05 04:42:00,训练集,工况4,0.9999070338327385
2024-05-05 04:43:00,训练集,工况4,0.9949777471416235
2024-05-05 04:44:00,训练集,工况4,0.9885196375997272
2024-05-05 04:45:00,训练集,工况4,0.864169247841633
2024-05-05 04:46:00,训练集,工况4,0.999405285776955
2024-05-05 04:47:00,训练集,工况4,0.984083254071172
2024-05-05 04:48:00,训练集,工况4,0.9999692352011482
2024-05-05 04:49:00,训练集,工况4,0.986868091256138
2024-05-05 04:50:00,训练集,工况4,0.9995458025892939
2024-05-05 04:51:00,训练集,工况4,0.9954909363070596
2024-05-05 04:52:00,训练集,工况4,0.9976110724139086
2024-05-05 04:53:00,训练集,工况4,0.96728464926334
2024-05-05 04:54:00,训练集,工况4,0.6269800159565492
2024-05-05 04:55:00,训练集,工况1,0.9360509712113857
2024-05-05 04:56:00,训练集,工况4,0.999013939016453
2024-05-05 04:57:00,训练集,工况4,0.9996537106083465
2024-05-05 04:58:00,训练集,工况4,0.8165946896159343
2024-05-05 04:59:00,训练集,工况4,0.9991859179413637
2024-05-05 05:00:00,训练集,工况5,0.9984301837123449
2024-05-05 05:01:00,训练集,工况5,0.9962032820132884
2024-05-05 05:02:00,训练集,工况5,0.9989667572594528
2024-05-05 05:03:00,训练集,工况5,0.987990377922057
2024-05-05 05:04:00,训练集,工况5,0.9978010363348564
2024-05-05 05:05:00,训练集,工况5,0.9991431273317537
2024-05-05 05:06:00,训练集,工况5,0.8516091048157955
2024-05-05 05:07:00,训练集,工况5,0.9979379524580988
2024-05-05 05:08:00,训练集,工况5,0.9979183595177459
2024-05-05 05:09:00,训练集,工况5,0.9961461915639888
2024-05-05 05:10:00,训练集,工况5,0.9993933967984723
2024-05-05 05:11:00,训练集,工况5,0.7115826949712528
2024-05-05 05:12:00,训练集,工况5,0.9985479898991692
2024-05-05 05:13:00,训练集,工况5,0.9982630649539376
2024-05-05 05:14:00,训练集,工况5,0.9991815314350224
2024-05-05 05:15:00,训练集,工况5,0.9979047660357069
2024-05-05 05:16:00,训练集,工况5,0.992048107939485
2024-05-05 05:17:00,训练集,工况5,0.9948837116688178
2024-05-05 05:18:00,训练集,工况5,0.8221617414516483
2024-05-05 05:19:00,训练集,工况5,0.9959888358555999
2024-05-05 05:20:00,训练集,工况5,0.9995390428017379
2024-05-05 05:21:00,训练集,工况5,0.9986498834578736
2024-05-05 05:22:00,训练集,工况5,0.8660757216750111
2024-05-05 05:23:00,训练集,工况5,0.997627207714176
2024-05-05 05:24:00,训练集,工况5,0.9992059119430063
2024-05-05 05:25:00,训练集,工况5,0.9754676641961197
2024-05-05 05:26:00,训练集,工况5,0.9954078641299164
2024-05-05 05:27:00,训练集,工况5,0.9959868849190092
2024-05-05 05:28:00,训练集,工况5,0.9991504410932388
2024-05-05 05:29:00,训练集,工况5,0.9991226881727149
2024-05-05 05:30:00,训练集,工况5,0.987446793906111
2024-05-05 05:31:00,训练集,工况5,0.9983263386816126
2024-05-05 05:32:00,训练集,工况5,0.9968015814362057
2024-05-05 05:33:00,训练集,工况5,0.9784006597114778
2024-05-05 05:34:00,训练集,工况5,0.9985882807655511
2024-05-05 05:35:00,训练集,工况5,0.9990804571316426
2024-05-05 05:36:00,训练集,工况5,0.9977115934995959
2024-05-05 05:37:00,训练集,工况5,0.9805063600924606
2024-05-05 05:38:00,训练集,工况5,0.9985976288355777
2024-05-05 05:39:00,训练集,工况5,0.9983774067144201
2024-05-05 05:40:00,训练集,工况5,0.995003069729559
2024-05-05 05:41:00,训练集,工况5,0.9961796788618447
2024-05-05 05:42:00,训练集,工况5,0.9818383268279515
2024-05-05 05:43:00,训练集,工况5,0.9991774468794915
2024-05-05 05:44:00,训练集,工况5,0.9918983802999577
2024-05-05 05:45:00,训练集,工况5,0.9970294619139306
2024-05-05 05:46:00,训练集,工况5,0.9984733060133678
2024-05-05 05:47:00,训练集,工况5,0.9991872496105998
2024-05-05 05:48:00,训练集,工况5,0.9983436279695782
2024-05-05 05:49:00,训练集,工况5,0.9853221324961416
2024-05-05 05:50:00,训练集,工况5,0.9982819223337014
2024-05-05 05:51:00,训练集,工况5,0.9612287884206678
2024-05-05 05:52:00,训练集,工况5,0.9989212920843715
2024-05-05 05:53:00,训练集,工况5,0.9986687463233394
2024-05-05 05:54:00,训练集,工况5,0.9894969329725509
2024-05-05 05:55:00,训练集,工况5,0.9989137719592387
2024-05-05 05:56:00,训练集,工况5,0.9991406333577648
2024-05-05 05:57:00,训练集,工况5,0.9964339074511382
2024-05-05 05:58:00,训练集,工况5,0.9989056622213836
2024-05-05 05:59:00,训练集,工况5,0.9939179121199738
2024-05-05 06:00:00,训练集,工况5,0.8864787430493449
2024-05-05 06:01:00,训练集,工况5,0.987892304940867
2024-05-05 06:02:00,训练集,工况5,0.9937561565278362
2024-05-05 06:03:00,训练集,工况5,0.757546132838422
2024-05-05 06:04:00,训练集,工况5,0.9994777194628243
2024-05-05 06:05:00,训练集,工况5,0.9909026952484544
2024-05-05 06:06:00,训练集,工况5,0.9919916247983944
2024-05-05 06:07:00,训练集,工况5,0.9989641074060763
2024-05-05 06:08:00,训练集,工况5,0.6151557487014726
2024-05-05 06:09:00,训练集,工况5,0.9667409596158112
2024-05-05 06:10:00,训练集,工况5,0.9909262267827957
2024-05-05 06:11:00,训练集,工况5,0.9667760468923423
2024-05-05 06:12:00,训练集,工况5,0.9975026263642499
2024-05-05 06:13:00,训练集,工况5,0.8472351586786813
2024-05-05 06:14:00,训练集,工况5,0.9972741681154884
2024-05-05 06:15:00,训练集,工况5,0.5148510925181629
2024-05-05 06:16:00,训练集,工况5,0.9977470492408865
2024-05-05 06:17:00,训练集,工况5,0.9926237974553743
2024-05-05 06:18:00,训练集,工况5,0.9992445932542153
2024-05-05 06:19:00,训练集,工况5,0.9984372992422936
2024-05-05 06:20:00,训练集,工况5,0.9679262178384357
2024-05-05 06:21:00,训练集,工况5,0.9976023637673911
2024-05-05 06:22:00,训练集,工况5,0.9517772887396314
2024-05-05 06:23:00,训练集,工况5,0.9918728708976707
2024-05-05 06:24:00,训练集,工况5,0.9929737677790176
2024-05-05 06:25:00,训练集,工况5,0.8684477945301134
2024-05-05 06:26:00,训练集,工况5,0.9389625944054906
2024-05-05 06:27:00,训练集,工况5,0.9568297154145065
2024-05-05 06:28:00,训练集,工况5,0.7705034015096165
2024-05-05 06:29:00,训练集,工况5,0.9609700054640465
2024-05-05 06:30:00,训练集,工况5,0.9934024254816531
2024-05-05 06:31:00,训练集,工况5,0.9988637815849251
2024-05-05 06:32:00,训练集,工况5,0.9487218032270918
2024-05-05 06:33:00,训练集,工况5,0.9801100858894252
2024-05-05 06:34:00,训练集,工况5,0.9986027438565852
2024-05-05 06:35:00,训练集,工况5,0.9949075870891011
2024-05-05 06:36:00,训练集,工况5,0.980052765889608
2024-05-05 06:37:00,训练集,工况5,0.7740654711418158
2024-05-05 06:38:00,训练集,工况5,0.9696020444043104
2024-05-05 06:39:00,训练集,工况1,0.5337857821441061
2024-05-05 06:40:00,训练集,工况5,0.6577220955603031
2024-05-05 06:41:00,训练集,工况5,0.9958199072594254
2024-05-05 06:42:00,训练集,工况5,0.5984119360673407
2024-05-05 06:43:00,训练集,工况5,0.6280982152572256
2024-05-05 06:44:00,训练集,工况5,0.999618250744679
2024-05-05 06:45:00,训练集,工况5,0.8821739418014493
2024-05-05 06:46:00,训练集,工况5,0.9875495925561657
2024-05-05 06:47:00,训练集,工况5,0.9968583176789073
2024-05-05 06:48:00,训练集,工况5,0.9408447070176913
2024-05-05 06:49:00,训练集,工况5,0.9956848339292206
2024-05-05 06:50:00,训练集,工况5,0.9480765354242118
2024-05-05 06:51:00,训练集,工况5,0.9959653212979163
2024-05-05 06:52:00,训练集,工况5,0.8640488631687371
2024-05-05 06:53:00,训练集,工况5,0.8366692065803346
2024-05-05 06:54:00,训练集,工况5,0.9982267198866334
2024-05-05 06:55:00,训练集,工况5,0.9950972050675766
2024-05-05 06:56:00,训练集,工况5,0.9822714269122931
2024-05-05 06:57:00,训练集,工况5,0.9904793100076208
2024-05-05 06:58:00,训练集,工况5,0.9927244792880163
2024-05-05 06:59:00,训练集,工况5,0.9991264867028188
2024-05-05 07:00:00,训练集,工况5,0.9714161988487879
2024-05-05 07:01:00,训练集,工况5,0.8573273507941728
2024-05-05 07:02:00,训练集,工况5,0.6138909152735128
2024-05-05 07:03:00,训练集,工况5,0.9994981797961995
2024-05-05 07:04:00,训练集,工况5,0.9382793350955857
2024-05-05 07:05:00,训练集,工况5,0.8998190117794448
2024-05-05 07:06:00,训练集,工况5,0.9879839949480669
2024-05-05 07:07:00,训练集,工况5,0.9834108605609221
2024-05-05 07:08:00,训练集,工况5,0.9834312458125268
2024-05-05 07:09:00,训练集,工况5,0.9994491249460679
2024-05-05 07:10:00,训练集,工况5,0.9961166216921302
2024-05-05 07:11:00,训练集,工况5,0.7466135846304034
2024-05-05 07:12:00,训练集,工况5,0.9830891312976737
2024-05-05 07:13:00,训练集,工况5,0.9992434190761035
2024-05-05 07:14:00,训练集,工况5,0.6000704241193694
2024-05-05 07:15:00,训练集,工况5,0.9789591368730396
2024-05-05 07:16:00,训练集,工况1,0.7673506025669222
2024-05-05 07:17:00,训练集,工况5,0.9298069594983521
2024-05-05 07:18:00,训练集,工况5,0.8817185553753378
2024-05-05 07:19:00,训练集,工况5,0.528339647887521
2024-05-05 07:20:00,训练集,工况5,0.993720436585129
2024-05-05 07:21:00,训练集,工况5,0.6749483408750627
2024-05-05 07:22:00,训练集,工况5,0.9979913623125103
2024-05-05 07:23:00,训练集,工况5,0.9966563282222128
2024-05-05 07:24:00,训练集,工况5,0.8842058579796092
2024-05-05 07:25:00,训练集,工况5,0.9989612357879755
2024-05-05 07:26:00,训练集,工况5,0.9987688675487145
2024-05-05 07:27:00,训练集,工况5,0.9797017855063233
2024-05-05 07:28:00,训练集,工况5,0.9061732614467141
2024-05-05 07:29:00,训练集,工况1,0.6696528767552993
2024-05-05 07:30:00,训练集,工况5,0.9982169231435679
2024-05-05 07:31:00,训练集,工况5,0.9985941007281995
2024-05-05 07:32:00,训练集,工况5,0.7489475137486099
2024-05-05 07:33:00,训练集,工况1,0.902991933560753
2024-05-05 07:34:00,训练集,工况5,0.9940889367456985
2024-05-05 07:35:00,训练集,工况1,0.9312516029922727
2024-05-05 07:36:00,训练集,工况5,0.9154793342771544
2024-05-05 07:37:00,训练集,工况5,0.9317179363891392
2024-05-05 07:38:00,训练集,工况5,0.9959020855963898
2024-05-05 07:39:00,训练集,工况5,0.9840102904575149
2024-05-05 07:40:00,训练集,工况5,0.9991299832743423
2024-05-05 07:41:00,训练集,工况5,0.9881156349550401
2024-05-05 07:42:00,训练集,工况5,0.9975418323533036
2024-05-05 07:43:00,训练集,工况5,0.998150858395108
2024-05-05 07:44:00,训练集,工况5,0.9777041943451571
2024-05-05 07:45:00,训练集,工况5,0.9981359613009692
2024-05-05 07:46:00,训练集,工况5,0.49984038158529687
2024-05-05 07:47:00,训练集,工况5,0.9948060706319495
2024-05-05 07:48:00,训练集,工况5,0.6810928138446514
2024-05-05 07:49:00,训练集,工况5,0.9924018183451848
2024-05-05 07:50:00,训练集,工况5,0.9378557643347526
2024-05-05 07:51:00,训练集,工况5,0.9899700091201099
2024-05-05 07:52:00,训练集,工况5,0.9739835412909602
2024-05-05 07:53:00,训练集,工况5,0.9886335497007979
2024-05-05 07:54:00,训练集,工况5,0.9669710339288251
2024-05-05 07:55:00,训练集,工况5,0.8918191174796913
2024-05-05 07:56:00,训练集,工况5,0.6338791744501269
2024-05-05 07:57:00,训练集,工况5,0.8770966628177133
2024-05-05 07:58:00,训练集,工况5,0.8595229717679422
2024-05-05 07:59:00,训练集,工况5,0.7668611397560064
2024-05-05 08:00:00,训练集,工况5,0.7490077558254087
2024-05-05 08:01:00,训练集,工况1,0.7218184847457024
2024-05-05 08:02:00,训练集,工况5,0.9876347242430922
2024-05-05 08:03:00,训练集,工况5,0.9728735643974493
2024-05-05 08:04:00,训练集,工况5,0.7944532629372909
2024-05-05 08:05:00,训练集,工况5,0.8410688263091208
2024-05-05 08:06:00,训练集,工况5,0.8053016393733824
2024-05-05 08:07:00,训练集,工况5,0.9695403115669677
2024-05-05 08:08:00,训练集,工况5,0.6634249013261575
2024-05-05 08:09:00,训练集,工况5,0.8073473819640045
2024-05-05 08:10:00,训练集,工况1,0.6137140562234991
2024-05-05 08:11:00,训练集,工况1,0.6751358763972587
2024-05-05 08:12:00,训练集,工况5,0.9989389924757991
2024-05-05 08:13:00,训练集,工况5,0.9251324261875173
2024-05-05 08:14:00,训练集,工况1,0.7570778074677281
2024-05-05 08:15:00,训练集,工况3,0.518323824353365
2024-05-05 08:16:00,训练集,工况5,0.9868655136866844
2024-05-05 08:17:00,训练集,工况5,0.9147492733535383
2024-05-05 08:18:00,训练集,工况1,0.7288649346878444
2024-05-05 08:19:00,训练集,工况5,0.9698368796569031
2024-05-05 08:20:00,训练集,工况5,0.9959481265172537
2024-05-05 08:21:00,训练集,工况5,0.8704745301300447
2024-05-05 08:22:00,训练集,工况5,0.8300884061505097
2024-05-05 08:23:00,训练集,工况5,0.9653955245360564
2024-05-05 08:24:00,训练集,工况5,0.8786848141196043
2024-05-05 08:25:00,训练集,工况5,0.5194225094419498
2024-05-05 08:26:00,训练集,工况5,0.9815833308170918
2024-05-05 08:27:00,训练集,工况5,0.9518103272847127
2024-05-05 08:28:00,训练集,工况5,0.9875664045342669
2024-05-05 08:29:00,训练集,工况5,0.902673210511945
2024-05-05 08:30:00,训练集,工况5,0.8148640744127281
2024-05-05 08:31:00,训练集,工况5,0.9991135466844984
2024-05-05 08:32:00,训练集,工况1,0.5138566368438006
2024-05-05 08:33:00,训练集,工况5,0.943310538229038
2024-05-05 08:34:00,训练集,工况5,0.9065771892725222
2024-05-05 08:35:00,训练集,工况5,0.9721162752463383
2024-05-05 08:36:00,训练集,工况5,0.985022409605705
2024-05-05 08:37:00,训练集,工况5,0.9137717955598135
2024-05-05 08:38:00,训练集,工况1,0.7021290635165227
2024-05-05 08:39:00,训练集,工况5,0.523079517646486
2024-05-05 08:40:00,训练集,工况5,0.9683769876439983
2024-05-05 08:41:00,训练集,工况5,0.9981792604639608
2024-05-05 08:42:00,训练集,工况5,0.9941590019485572
2024-05-05 08:43:00,训练集,工况5,0.9894109698730038
2024-05-05 08:44:00,训练集,工况5,0.9385640839149606
2024-05-05 08:45:00,训练集,工况5,0.6958582094569461
2024-05-05 08:46:00,训练集,工况1,0.7728688766091248
2024-05-05 08:47:00,训练集,工况5,0.9941062975824997
2024-05-05 08:48:00,训练集,工况5,0.9987003128438966
2024-05-05 08:49:00,训练集,工况5,0.9161777740966507
2024-05-05 08:50:00,训练集,工况5,0.544289724157767
2024-05-05 08:51:00,训练集,工况5,0.9812540966138288
2024-05-05 08:52:00,训练集,工况5,0.7498274080247467
2024-05-05 08:53:00,训练集,工况1,0.5891687881338793
2024-05-05 08:54:00,训练集,工况1,0.5561891001113524
2024-05-05 08:55:00,训练集,工况5,0.8320533222126781
2024-05-05 08:56:00,训练集,工况1,0.8875760067938412
2024-05-05 08:57:00,训练集,工况1,0.9396928128777757
2024-05-05 08:58:00,训练集,工况1,0.59257457622788
2024-05-05 08:59:00,训练集,工况5,0.5408018382515695
2024-05-05 09:00:00,训练集,工况5,0.9870604843159796
2024-05-05 09:01:00,训练集,工况1,0.9439062406385367
2024-05-05 09:02:00,训练集,工况5,0.9946173619087378
2024-05-05 09:03:00,训练集,工况5,0.9520251206396468
2024-05-05 09:04:00,训练集,工况1,0.9985273659052667
2024-05-05 09:05:00,训练集,工况5,0.9989467228666115
2024-05-05 09:06:00,训练集,工况1,0.8592752063373925
2024-05-05 09:07:00,训练集,工况5,0.9656781766736077
2024-05-05 09:08:00,训练集,工况5,0.5893577179716697
2024-05-05 09:09:00,训练集,工况5,0.6737829308753306
2024-05-05 09:10:00,训练集,工况5,0.6858061442742299
2024-05-05 09:11:00,训练集,工况5,0.9396341227480558
2024-05-05 09:12:00,训练集,工况1,0.8920593772154713
2024-05-05 09:13:00,训练集,工况5,0.8220295162583273
2024-05-05 09:14:00,训练集,工况5,0.8261875516228053
2024-05-05 09:15:00,训练集,工况5,0.9766562752633976
2024-05-05 09:16:00,训练集,工况5,0.9993737604551504
2024-05-05 09:17:00,训练集,工况1,0.9527989507881648
2024-05-05 09:18:00,训练集,工况5,0.6419020600263483
2024-05-05 09:19:00,训练集,工况1,0.7253866727285457
2024-05-05 09:20:00,训练集,工况5,0.9348378422043228
2024-05-05 09:21:00,训练集,工况5,0.7581540918954099
2024-05-05 09:22:00,训练集,工况1,0.598551785126218
2024-05-05 09:23:00,训练集,工况5,0.6513312530026149
2024-05-05 09:24:00,训练集,工况1,0.8979402181319276
2024-05-05 09:25:00,训练集,工况1,0.9362209776697529
2024-05-05 09:26:00,训练集,工况5,0.9985230086983653
2024-05-05 09:27:00,训练集,工况5,0.8625420255882322
2024-05-05 09:28:00,训练集,工况5,0.9815509749573168
2024-05-05 09:29:00,训练集,工况1,0.7220179956429322
2024-05-05 09:30:00,训练集,工况5,0.7712945851984384
2024-05-05 09:31:00,训练集,工况1,0.8233795725077425
2024-05-05 09:32:00,训练集,工况1,0.9804834855040784
2024-05-05 09:33:00,训练集,工况5,0.5737149137594293
2024-05-05 09:34:00,训练集,工况1,0.8634702598661673
2024-05-05 09:35:00,训练集,工况1,0.6731869323307136
2024-05-05 09:36:00,训练集,工况5,0.9733695448350381
2024-05-05 09:37:00,训练集,工况5,0.6159065878086682
2024-05-05 09:38:00,训练集,工况5,0.9792344195038356
2024-05-05 09:39:00,训练集,工况1,0.7592941564757225
2024-05-05 09:40:00,训练集,工况5,0.9216930373607461
2024-05-05 09:41:00,训练集,工况1,0.7985738234412618
2024-05-05 09:42:00,训练集,工况5,0.99787577777703
2024-05-05 09:43:00,训练集,工况1,0.8299006875216798
2024-05-05 09:44:00,训练集,工况1,0.7672930375822324
2024-05-05 09:45:00,训练集,工况1,0.8095724832382967
2024-05-05 09:46:00,训练集,工况1,0.8888694641126237
2024-05-05 09:47:00,训练集,工况5,0.9761035895549175
2024-05-05 09:48:00,训练集,工况1,0.8181496726042554
2024-05-05 09:49:00,训练集,工况1,0.9772224278889311
2024-05-05 09:50:00,训练集,工况5,0.9913448612549243
2024-05-05 09:51:00,训练集,工况1,0.9924264895243767
2024-05-05 09:52:00,训练集,工况1,0.8488209984702916
2024-05-05 09:53:00,训练集,工况1,0.6170103036447913
2024-05-05 09:54:00,训练集,工况1,0.9981030293219657
2024-05-05 09:55:00,训练集,工况1,0.9397763237288509
2024-05-05 09:56:00,训练集,工况5,0.9562486169238497
2024-05-05 09:57:00,训练集,工况5,0.5771711015526715
2024-05-05 09:58:00,训练集,工况1,0.9976962784475427
2024-05-05 09:59:00,训练集,工况1,0.6270205976131129
2024-05-05 10:00:00,训练集,工况5,0.9771115255131398
2024-05-05 10:01:00,训练集,工况5,0.5257237079901028
2024-05-05 10:02:00,训练集,工况1,0.9870912514725037
2024-05-05 10:03:00,训练集,工况1,0.5740266722929647
2024-05-05 10:04:00,训练集,工况5,0.9490214015572975
2024-05-05 10:05:00,训练集,工况5,0.9982262718257201
2024-05-05 10:06:00,训练集,工况5,0.6164939964395756
2024-05-05 10:07:00,训练集,工况1,0.9983383635470854
2024-05-05 10:08:00,训练集,工况1,0.9487563898997077
2024-05-05 10:09:00,训练集,工况1,0.7560117735904396
2024-05-05 10:10:00,训练集,工况1,0.5555906285345812
2024-05-05 10:11:00,训练集,工况1,0.8873346886886884
2024-05-05 10:12:00,训练集,工况5,0.78866817279527
2024-05-05 10:13:00,训练集,工况5,0.9698264150549939
2024-05-05 10:14:00,训练集,工况5,0.6567984825148572
2024-05-05 10:15:00,训练集,工况5,0.6765519495871447
2024-05-05 10:16:00,训练集,工况1,0.8456588296372778
2024-05-05 10:17:00,训练集,工况5,0.6896158304455933
2024-05-05 10:18:00,训练集,工况5,0.8302170349720106
2024-05-05 10:19:00,训练集,工况1,0.9408363755349441
2024-05-05 10:20:00,训练集,工况5,0.9826396360990215
2024-05-05 10:21:00,训练集,工况1,0.9138864478904615
2024-05-05 10:22:00,训练集,工况1,0.9824971313590342
2024-05-05 10:23:00,训练集,工况1,0.9376953438198474
2024-05-05 10:24:00,训练集,工况5,0.7257074708107164
2024-05-05 10:25:00,训练集,工况5,0.9932994777862831
2024-05-05 10:26:00,训练集,工况1,0.5304645206942905
2024-05-05 10:27:00,训练集,工况1,0.9987540078632966
2024-05-05 10:28:00,训练集,工况5,0.9593092569722652
2024-05-05 10:29:00,训练集,工况5,0.5940244344789932
2024-05-05 10:30:00,训练集,工况1,0.99806373708857
2024-05-05 10:31:00,训练集,工况1,0.897034738640701
2024-05-05 10:32:00,训练集,工况1,0.867318303955666
2024-05-05 10:33:00,训练集,工况1,0.9814560313073375
2024-05-05 10:34:00,训练集,工况5,0.7625395104817785
2024-05-05 10:35:00,训练集,工况5,0.6182436360622229
2024-05-05 10:36:00,训练集,工况1,0.8835036315507964
2024-05-05 10:37:00,训练集,工况1,0.9309263595455151
2024-05-05 10:38:00,训练集,工况1,0.768611509324409
2024-05-05 10:39:00,训练集,工况1,0.9927682773270303
2024-05-05 10:40:00,训练集,工况5,0.6074878467273981
2024-05-05 10:41:00,训练集,工况1,0.9889301306646324
2024-05-05 10:42:00,训练集,工况1,0.9840964195379501
2024-05-05 10:43:00,训练集,工况5,0.6958008093517374
2024-05-05 10:44:00,训练集,工况1,0.6249608220011394
2024-05-05 10:45:00,训练集,工况5,0.9558659268613461
2024-05-05 10:46:00,训练集,工况1,0.6933980944093593
2024-05-05 10:47:00,训练集,工况5,0.6949726052543614
2024-05-05 10:48:00,训练集,工况1,0.9863143637813092
2024-05-05 10:49:00,训练集,工况1,0.8177211440308804
2024-05-05 10:50:00,训练集,工况1,0.9176892399317164
2024-05-05 10:51:00,训练集,工况1,0.9859878711305001
2024-05-05 10:52:00,训练集,工况1,0.9995005288689643
2024-05-05 10:53:00,训练集,工况1,0.8775829660540015
2024-05-05 10:54:00,训练集,工况1,0.5782894207535756
2024-05-05 10:55:00,训练集,工况1,0.9856687896612072
2024-05-05 10:56:00,训练集,工况1,0.9442686213586021
2024-05-05 10:57:00,训练集,工况5,0.6750876689959769
2024-05-05 10:58:00,训练集,工况1,0.9241099271480875
2024-05-05 10:59:00,训练集,工况1,0.9187879501030652
2024-05-05 11:00:00,训练集,工况1,0.9974902975064669
2024-05-05 11:01:00,训练集,工况1,0.9971480685846978
2024-05-05 11:02:00,训练集,工况5,0.76788108807399
2024-05-05 11:03:00,训练集,工况5,0.8181817446797233
2024-05-05 11:04:00,训练集,工况1,0.9894570577998062
2024-05-05 11:05:00,训练集,工况1,0.865174670182511
2024-05-05 11:06:00,训练集,工况1,0.9974174468463166
2024-05-05 11:07:00,训练集,工况5,0.9630677880178266
2024-05-05 11:08:00,训练集,工况5,0.575773139413528
2024-05-05 11:09:00,训练集,工况1,0.9789355008016254
2024-05-05 11:10:00,训练集,工况5,0.8504169900634745
2024-05-05 11:11:00,训练集,工况1,0.9939830706539354
2024-05-05 11:12:00,训练集,工况1,0.7930995128062274
2024-05-05 11:13:00,训练集,工况1,0.984448948205448
2024-05-05 11:14:00,训练集,工况1,0.9381204448373722
2024-05-05 11:15:00,训练集,工况1,0.9806260530834514
2024-05-05 11:16:00,训练集,工况1,0.9971951768512515
2024-05-05 11:17:00,训练集,工况1,0.8489925357940481
2024-05-05 11:18:00,训练集,工况1,0.8964645769600428
2024-05-05 11:19:00,训练集,工况1,0.9277403160901746
2024-05-05 11:20:00,训练集,工况1,0.9993477056868013
2024-05-05 11:21:00,训练集,工况1,0.9906410936063894
2024-05-05 11:22:00,训练集,工况1,0.9799710575885291
2024-05-05 11:23:00,训练集,工况1,0.6060541576190921
2024-05-05 11:24:00,训练集,工况1,0.5319661901654893
2024-05-05 11:25:00,训练集,工况1,0.9212428398991451
2024-05-05 11:26:00,训练集,工况1,0.9921931204070557
2024-05-05 11:27:00,训练集,工况1,0.9794788260034677
2024-05-05 11:28:00,训练集,工况1,0.9996916327698557
2024-05-05 11:29:00,训练集,工况1,0.774136680653085
2024-05-05 11:30:00,训练集,工况1,0.9864200864335511
2024-05-05 11:31:00,训练集,工况1,0.8882202175281996
2024-05-05 11:32:00,训练集,工况1,0.9962969092715512
2024-05-05 11:33:00,训练集,工况1,0.9978847451820839
2024-05-05 11:34:00,训练集,工况1,0.9992788918806068
2024-05-05 11:35:00,训练集,工况1,0.7544499626952537
2024-05-05 11:36:00,训练集,工况1,0.903176089749622
2024-05-05 11:37:00,训练集,工况1,0.8842043674272478
2024-05-05 11:38:00,训练集,工况1,0.8711446895710738
2024-05-05 11:39:00,训练集,工况1,0.8015078505345062
2024-05-05 11:40:00,训练集,工况1,0.9949308491211006
2024-05-05 11:41:00,训练集,工况1,0.9983091495056898
2024-05-05 11:42:00,训练集,工况1,0.9746738143052005
2024-05-05 11:43:00,训练集,工况5,0.7876318963231498
2024-05-05 11:44:00,训练集,工况1,0.9976024128060712
2024-05-05 11:45:00,训练集,工况1,0.9405304160506183
2024-05-05 11:46:00,训练集,工况1,0.9751272691464333
2024-05-05 11:47:00,训练集,工况1,0.8540398430869962
2024-05-05 11:48:00,训练集,工况1,0.9752166567036622
2024-05-05 11:49:00,训练集,工况1,0.9943209124116158
2024-05-05 11:50:00,训练集,工况1,0.9502979650108719
2024-05-05 11:51:00,训练集,工况1,0.9871164451310245
2024-05-05 11:52:00,训练集,工况1,0.7749614868771993
2024-05-05 11:53:00,训练集,工况1,0.9982409169668157
2024-05-05 11:54:00,训练集,工况1,0.9998616092891983
2024-05-05 11:55:00,训练集,工况1,0.7422324404899524
2024-05-05 11:56:00,训练集,工况1,0.92949490672145
2024-05-05 11:57:00,训练集,工况1,0.9947115953766297
2024-05-05 11:58:00,训练集,工况1,0.9826529956443435
2024-05-05 11:59:00,训练集,工况1,0.8506664189936648
2024-05-05 12:00:00,训练集,工况1,0.9574139422581365
2024-05-05 12:01:00,训练集,工况1,0.999857037975746
2024-05-05 12:02:00,训练集,工况1,0.9997241756799421
2024-05-05 12:03:00,训练集,工况1,0.9958528246173085
2024-05-05 12:04:00,训练集,工况1,0.6697671272517498
2024-05-05 12:05:00,训练集,工况5,0.9536635224928819
2024-05-05 12:06:00,训练集,工况1,0.9657349865868076
2024-05-05 12:07:00,训练集,工况1,0.9997105205740136
2024-05-05 12:08:00,训练集,工况1,0.881365122833643
2024-05-05 12:09:00,训练集,工况1,0.8974510486404075
2024-05-05 12:10:00,训练集,工况1,0.8984057045178458
2024-05-05 12:11:00,训练集,工况1,0.9934767344431459
2024-05-05 12:12:00,训练集,工况1,0.8691602070178677
2024-05-05 12:13:00,训练集,工况1,0.9077095943548495
2024-05-05 12:14:00,训练集,工况1,0.9699217872570829
2024-05-05 12:15:00,训练集,工况1,0.502531254553455
2024-05-05 12:16:00,训练集,工况1,0.6623125578670703
2024-05-05 12:17:00,训练集,工况1,0.9013931072555126
2024-05-05 12:18:00,训练集,工况1,0.9574798150170186
2024-05-05 12:19:00,训练集,工况1,0.9852808454640654
2024-05-05 12:20:00,训练集,工况1,0.8507036479756808
2024-05-05 12:21:00,训练集,工况1,0.9970894067454028
2024-05-05 12:22:00,训练集,工况1,0.9062380142330931
2024-05-05 12:23:00,训练集,工况1,0.9987727238682883
2024-05-05 12:24:00,训练集,工况5,0.8698438150094516
2024-05-05 12:25:00,训练集,工况1,0.5788071603382248
2024-05-05 12:26:00,训练集,工况5,0.8586288033768896
2024-05-05 12:27:00,训练集,工况1,0.924887577836531
2024-05-05 12:28:00,训练集,工况1,0.9994777123885801
2024-05-05 12:29:00,训练集,工况1,0.860134716205972
2024-05-05 12:30:00,训练集,工况5,0.9204820482932073
2024-05-05 12:31:00,训练集,工况1,0.8760913274062447
2024-05-05 12:32:00,训练集,工况1,0.9997572088595184
2024-05-05 12:33:00,训练集,工况1,0.9950165254667985
2024-05-05 12:34:00,训练集,工况1,0.9829066129546774
2024-05-05 12:35:00,训练集,工况1,0.9677236789425341
2024-05-05 12:36:00,训练集,工况1,0.7528043259064433
2024-05-05 12:37:00,训练集,工况1,0.9408256322550349
2024-05-05 12:38:00,训练集,工况1,0.9998482213378509
2024-05-05 12:39:00,训练集,工况1,0.9851044952678839
2024-05-05 12:40:00,训练集,工况1,0.9958825252340029
2024-05-05 12:41:00,训练集,工况1,0.9156600484449049
2024-05-05 12:42:00,训练集,工况1,0.9942335978065018
2024-05-05 12:43:00,训练集,工况1,0.7452921133379093
2024-05-05 12:44:00,训练集,工况5,0.8018246324276277
2024-05-05 12:45:00,训练集,工况1,0.879534943634801
2024-05-05 12:46:00,训练集,工况1,0.9735598283163344
2024-05-05 12:47:00,训练集,工况1,0.9520080793340937
2024-05-05 12:48:00,训练集,工况1,0.9943777280434867
2024-05-05 12:49:00,训练集,工况1,0.983232376278036
2024-05-05 12:50:00,训练集,工况1,0.9884230627759946
2024-05-05 12:51:00,训练集,工况1,0.7515905097322768
2024-05-05 12:52:00,训练集,工况1,0.707036615380569
2024-05-05 12:53:00,训练集,工况1,0.5130897612294074
2024-05-05 12:54:00,训练集,工况1,0.873897618824883
2024-05-05 12:55:00,训练集,工况1,0.8874721239599873
2024-05-05 12:56:00,训练集,工况1,0.996158729844548
2024-05-05 12:57:00,训练集,工况1,0.9907463918867919
2024-05-05 12:58:00,训练集,工况1,0.9991792710076692
2024-05-05 12:59:00,训练集,工况1,0.9997641681584747
2024-05-05 13:00:00,训练集,工况1,0.9925949320158612
2024-05-05 13:01:00,训练集,工况1,0.9999847043062663
2024-05-05 13:02:00,训练集,工况1,0.999932354403457
2024-05-05 13:03:00,训练集,工况1,0.9989432719357869
2024-05-05 13:04:00,训练集,工况1,0.9947338068303119
2024-05-05 13:05:00,训练集,工况1,0.9701394562416353
2024-05-05 13:06:00,训练集,工况1,0.9999276451028007
2024-05-05 13:07:00,训练集,工况1,0.8634894973435961
2024-05-05 13:08:00,训练集,工况1,0.9965017219244187
2024-05-05 13:09:00,训练集,工况1,0.991710402644261
2024-05-05 13:10:00,训练集,工况1,0.9987121186729178
2024-05-05 13:11:00,训练集,工况1,0.9564621936627714
2024-05-05 13:12:00,训练集,工况1,0.9896281633561599
2024-05-05 13:13:00,训练集,工况1,0.9986583320048265
2024-05-05 13:14:00,训练集,工况1,0.9819961720072946
2024-05-05 13:15:00,训练集,工况1,0.9999921885710226
2024-05-05 13:16:00,训练集,工况1,0.9949530950518807
2024-05-05 13:17:00,训练集,工况1,0.8650046289898775
2024-05-05 13:18:00,训练集,工况1,0.9523442527074188
2024-05-05 13:19:00,训练集,工况1,0.6213460398923573
2024-05-05 13:20:00,训练集,工况1,0.9267365843130403
2024-05-05 13:21:00,训练集,工况1,0.8862673690277937
2024-05-05 13:22:00,训练集,工况1,0.9948089013010528
2024-05-05 13:23:00,训练集,工况1,0.5381032576542266
2024-05-05 13:24:00,训练集,工况1,0.9990693277794698
2024-05-05 13:25:00,训练集,工况1,0.9866407117296947
2024-05-05 13:26:00,训练集,工况1,0.9495663210514428
2024-05-05 13:27:00,训练集,工况1,0.9982595286909743
2024-05-05 13:28:00,训练集,工况1,0.9907163723267713
2024-05-05 13:29:00,训练集,工况1,0.7479115980518719
2024-05-05 13:30:00,训练集,工况1,0.9986454157056373
2024-05-05 13:31:00,训练集,工况1,0.9999030188784509
2024-05-05 13:32:00,训练集,工况1,0.6176143019754183
2024-05-05 13:33:00,训练集,工况1,0.9961939098487135
2024-05-05 13:34:00,训练集,工况1,0.9953491921791201
2024-05-05 13:35:00,训练集,工况1,0.9413290300713559
2024-05-05 13:36:00,训练集,工况1,0.9937141523419742
2024-05-05 13:37:00,训练集,工况1,0.9999777200077621
2024-05-05 13:38:00,训练集,工况1,0.9950704963634665
2024-05-05 13:39:00,训练集,工况1,0.9994412044442393
2024-05-05 13:40:00,训练集,工况1,0.9989121142197773
2024-05-05 13:41:00,训练集,工况1,0.8139431553696697
2024-05-05 13:42:00,训练集,工况1,0.9996506972887668
2024-05-05 13:43:00,训练集,工况1,0.999781560982925
2024-05-05 13:44:00,训练集,工况1,0.8765436221537138
2024-05-05 13:45:00,训练集,工况1,0.9085082604869974
2024-05-05 13:46:00,训练集,工况1,0.638402481054604
2024-05-05 13:47:00,训练集,工况1,0.9993674030747025
2024-05-05 13:48:00,训练集,工况1,0.998992533472606
2024-05-05 13:49:00,训练集,工况1,0.97563770408515
2024-05-05 13:50:00,训练集,工况1,0.9994251822256355
2024-05-05 13:51:00,训练集,工况1,0.999996572574359
2024-05-05 13:52:00,训练集,工况1,0.9479159037987905
2024-05-05 13:53:00,训练集,工况1,0.9956485401744197
2024-05-05 13:54:00,训练集,工况1,0.9999995266233684
2024-05-05 13:55:00,训练集,工况5,0.5006664566706622
2024-05-05 13:56:00,训练集,工况1,0.9985902880577076
2024-05-05 13:57:00,训练集,工况1,0.999565997531482
2024-05-05 13:58:00,训练集,工况1,0.999999550353769
2024-05-05 13:59:00,训练集,工况1,0.8857730958911814
2024-05-05 14:00:00,训练集,工况1,0.9998663768819566
2024-05-05 14:01:00,训练集,工况1,0.986092975028259
2024-05-05 14:02:00,训练集,工况1,0.9818151619262718
2024-05-05 14:03:00,训练集,工况1,0.9577978675748777
2024-05-05 14:04:00,训练集,工况1,0.9989099829275943
2024-05-05 14:05:00,训练集,工况1,0.9964824235003218
2024-05-05 14:06:00,训练集,工况1,0.999923644979138
2024-05-05 14:07:00,训练集,工况1,0.9987913632024595
2024-05-05 14:08:00,训练集,工况1,0.9974559948107169
2024-05-05 14:09:00,训练集,工况1,0.9992943662503183
2024-05-05 14:10:00,训练集,工况1,0.9927601484940869
2024-05-05 14:11:00,训练集,工况1,0.990958422322532
2024-05-05 14:12:00,训练集,工况1,0.9998865130552604
2024-05-05 14:13:00,训练集,工况1,0.5778647123663773
2024-05-05 14:14:00,训练集,工况1,0.9905859219725925
2024-05-05 14:15:00,训练集,工况1,0.9987234484362583
2024-05-05 14:16:00,训练集,工况1,0.9776098626545774
2024-05-05 14:17:00,训练集,工况1,0.6207442040393123
2024-05-05 14:18:00,训练集,工况1,0.999996256945008
2024-05-05 14:19:00,训练集,工况1,0.9955092729037038
2024-05-05 14:20:00,训练集,工况1,0.9999994688552442
2024-05-05 14:21:00,训练集,工况1,0.9983871376385591
2024-05-05 14:22:00,训练集,工况1,0.9971201146407042
2024-05-05 14:23:00,训练集,工况1,0.999573292369931
2024-05-05 14:24:00,训练集,工况1,0.9998971715323388
2024-05-05 14:25:00,训练集,工况1,0.9998515586582999
2024-05-05 14:26:00,训练集,工况1,0.9964820776602556
2024-05-05 14:27:00,训练集,工况1,0.9375560894114966
2024-05-05 14:28:00,训练集,工况1,0.9995814705484909
2024-05-05 14:29:00,训练集,工况1,0.9991364029214835
2024-05-05 14:30:00,训练集,工况1,0.9999984718811349
2024-05-05 14:31:00,训练集,工况1,0.9989860935333689
2024-05-05 14:32:00,训练集,工况1,0.9999756172523466
2024-05-05 14:33:00,训练集,工况1,0.9998368777760637
2024-05-05 14:34:00,训练集,工况1,0.999900506212104
2024-05-05 14:35:00,训练集,工况1,0.9998310617794994
2024-05-05 14:36:00,训练集,工况1,0.9979393962175139
2024-05-05 14:37:00,训练集,工况1,0.999993449515801
2024-05-05 14:38:00,训练集,工况1,0.9804482670157149
2024-05-05 14:39:00,训练集,工况1,0.9995932335322824
2024-05-05 14:40:00,训练集,工况1,0.9982959994394797
2024-05-05 14:41:00,训练集,工况5,0.7410042766793953
2024-05-05 14:42:00,训练集,工况1,0.9999832719374497
2024-05-05 14:43:00,训练集,工况1,0.9998611224021746
2024-05-05 14:44:00,训练集,工况1,0.9999876820163546
2024-05-05 14:45:00,训练集,工况1,0.8856137128435422
2024-05-05 14:46:00,训练集,工况1,0.998860852308216
2024-05-05 14:47:00,训练集,工况1,0.9999166468680775
2024-05-05 14:48:00,训练集,工况1,0.7562594408628323
2024-05-05 14:49:00,训练集,工况1,0.998457727779259
2024-05-05 14:50:00,训练集,工况1,0.8777915131834171
2024-05-05 14:51:00,训练集,工况1,0.9942845569447172
2024-05-05 14:52:00,训练集,工况1,0.9986684037056723
2024-05-05 14:53:00,训练集,工况1,0.9835106208532765
2024-05-05 14:54:00,训练集,工况1,0.9996956971965201
2024-05-05 14:55:00,训练集,工况1,0.7690017505457581
2024-05-05 14:56:00,训练集,工况1,0.9991745546671303
2024-05-05 14:57:00,训练集,工况1,0.9710562206784213
2024-05-05 14:58:00,训练集,工况1,0.9990335031669574
2024-05-05 14:59:00,训练集,工况1,0.7890812947646321
2024-05-05 15:00:00,训练集,工况1,0.9925094284049005
2024-05-05 15:01:00,训练集,工况1,0.9989449994938373
2024-05-05 15:02:00,训练集,工况1,0.9791073700699754
2024-05-05 15:03:00,训练集,工况1,0.9999908119865817
2024-05-05 15:04:00,训练集,工况1,0.9995697486197298
2024-05-05 15:05:00,训练集,工况1,0.9996064429495192
2024-05-05 15:06:00,训练集,工况1,0.9999947714009495
2024-05-05 15:07:00,训练集,工况1,0.9999456953420627
2024-05-05 15:08:00,训练集,工况1,0.9993950680218062
2024-05-05 15:09:00,训练集,工况1,0.7211784123651366
2024-05-05 15:10:00,训练集,工况1,0.9964744218628361
2024-05-05 15:11:00,训练集,工况1,0.9999532889505065
2024-05-05 15:12:00,训练集,工况1,0.9976668943400726
2024-05-05 15:13:00,训练集,工况1,0.9987291542870079
2024-05-05 15:14:00,训练集,工况1,0.9864814053754472
2024-05-05 15:15:00,训练集,工况1,0.9130705766150232
2024-05-05 15:16:00,训练集,工况1,0.9999591719813462
2024-05-05 15:17:00,训练集,工况1,0.9999800757235517
2024-05-05 15:18:00,训练集,工况1,0.9999857072008557
2024-05-05 15:19:00,训练集,工况1,0.99994110987615
2024-05-05 15:20:00,训练集,工况1,0.9998597483723375
2024-05-05 15:21:00,训练集,工况1,0.9994895777853086
2024-05-05 15:22:00,训练集,工况1,0.9827695316133527
2024-05-05 15:23:00,训练集,工况1,0.9929057674263417
2024-05-05 15:24:00,训练集,工况1,0.9998375982146618
2024-05-05 15:25:00,训练集,工况1,0.9997347830685978
2024-05-05 15:26:00,训练集,工况1,0.9999826643717203
2024-05-05 15:27:00,训练集,工况1,0.9999954271920545
2024-05-05 15:28:00,训练集,工况1,0.9996319184646757
2024-05-05 15:29:00,训练集,工况1,0.9999950441489028
2024-05-05 15:30:00,训练集,工况1,0.9994416246518179
2024-05-05 15:31:00,训练集,工况1,0.9999291084900408
2024-05-05 15:32:00,训练集,工况1,0.9999732327928528
2024-05-05 15:33:00,训练集,工况1,0.9997859483599189
2024-05-05 15:34:00,训练集,工况1,0.9996581797755034
2024-05-05 15:35:00,训练集,工况1,0.9999973510404747
2024-05-05 15:36:00,训练集,工况1,0.9989045816738271
2024-05-05 15:37:00,训练集,工况1,0.9915538024413099
2024-05-05 15:38:00,训练集,工况1,0.9999688932341146
2024-05-05 15:39:00,训练集,工况1,0.9999953000069964
2024-05-05 15:40:00,训练集,工况1,0.9892546790082657
2024-05-05 15:41:00,训练集,工况1,0.9999563176292852
2024-05-05 15:42:00,训练集,工况1,0.9999944933497313
2024-05-05 15:43:00,训练集,工况1,0.9999561814893577
2024-05-05 15:44:00,训练集,工况1,0.9999034852266052
2024-05-05 15:45:00,训练集,工况1,0.9999994160391279
2024-05-05 15:46:00,训练集,工况1,0.9999455362740038
2024-05-05 15:47:00,训练集,工况1,0.9998707460115921
2024-05-05 15:48:00,训练集,工况1,0.9888127273844526
2024-05-05 15:49:00,训练集,工况1,0.999962131395547
2024-05-05 15:50:00,训练集,工况1,0.9953628035792575
2024-05-05 15:51:00,训练集,工况1,0.9924558046955488
2024-05-05 15:52:00,训练集,工况1,0.9653039330556014
2024-05-05 15:53:00,训练集,工况1,0.999079066936304
2024-05-05 15:54:00,训练集,工况1,0.9999221133960537
2024-05-05 15:55:00,训练集,工况1,0.9997372153096946
2024-05-05 15:56:00,训练集,工况1,0.992267171770515
2024-05-05 15:57:00,训练集,工况1,0.9998454470271786
2024-05-05 15:58:00,训练集,工况1,0.991734189876458
2024-05-05 15:59:00,训练集,工况1,0.9977715785708822
2024-05-05 16:00:00,训练集,工况1,0.9992810766060419
2024-05-05 16:01:00,训练集,工况1,0.985575065711054
2024-05-05 16:02:00,训练集,工况1,0.9986774861711082
2024-05-05 16:03:00,训练集,工况1,0.9484906525600745
2024-05-05 16:04:00,训练集,工况1,0.9999844828556173
2024-05-05 16:05:00,训练集,工况1,0.9606543839319553
2024-05-05 16:06:00,训练集,工况1,0.9999610332747176
2024-05-05 16:07:00,训练集,工况1,0.9999437027216855
2024-05-05 16:08:00,训练集,工况1,0.9999993087310415
2024-05-05 16:09:00,训练集,工况1,0.9673863167673546
2024-05-05 16:10:00,训练集,工况1,0.9864881703945153
2024-05-05 16:11:00,训练集,工况1,0.99999916449966
2024-05-05 16:12:00,训练集,工况1,0.9920952881036693
2024-05-05 16:13:00,训练集,工况1,0.9999992101260975
2024-05-05 16:14:00,训练集,工况1,0.99970642934503
2024-05-05 16:15:00,训练集,工况1,0.9995722762816615
2024-05-05 16:16:00,训练集,工况1,0.9937393035755115
2024-05-05 16:17:00,训练集,工况1,0.9996448851519955
2024-05-05 16:18:00,训练集,工况5,0.806136290082686
2024-05-05 16:19:00,训练集,工况1,0.9999990480453184
2024-05-05 16:20:00,训练集,工况1,0.9999696740588679
2024-05-05 16:21:00,训练集,工况1,0.9997160812487939
2024-05-05 16:22:00,训练集,工况1,0.9899885693135173
2024-05-05 16:23:00,训练集,工况1,0.9999826215957549
2024-05-05 16:24:00,训练集,工况1,0.9999989965402704
2024-05-05 16:25:00,训练集,工况1,0.9999950639234181
2024-05-05 16:26:00,训练集,工况1,0.9999987875988059
2024-05-05 16:27:00,训练集,工况1,0.9997816906310282
2024-05-05 16:28:00,训练集,工况1,0.999986468536972
2024-05-05 16:29:00,训练集,工况1,0.9999904344806756
2024-05-05 16:30:00,训练集,工况1,0.999777997028451
2024-05-05 16:31:00,训练集,工况1,0.9998375298558986
2024-05-05 16:32:00,训练集,工况1,0.9997776213392535
2024-05-05 16:33:00,训练集,工况1,0.9995116154107306
2024-05-05 16:34:00,训练集,工况1,0.9999999784226346
2024-05-05 16:35:00,训练集,工况1,0.9996761236382543
2024-05-05 16:36:00,训练集,工况1,0.999850313246465
2024-05-05 16:37:00,训练集,工况1,0.9998741760453741
2024-05-05 16:38:00,训练集,工况1,0.9875822075484474
2024-05-05 16:39:00,训练集,工况1,0.9998982265427092
2024-05-05 16:40:00,训练集,工况1,0.9972238368021358
2024-05-05 16:41:00,训练集,工况1,0.9997407445608977
2024-05-05 16:42:00,训练集,工况1,0.9969022510804346
2024-05-05 16:43:00,训练集,工况1,0.997406558596346
2024-05-05 16:44:00,训练集,工况1,0.9999274721402824
2024-05-05 16:45:00,训练集,工况1,0.9984635319280625
2024-05-05 16:46:00,训练集,工况1,0.8050172459614222
2024-05-05 16:47:00,训练集,工况1,0.9996098563693212
2024-05-05 16:48:00,训练集,工况1,0.9951414454526912
2024-05-05 16:49:00,训练集,工况1,0.9999978719270762
2024-05-05 16:50:00,训练集,工况1,0.9999401286247599
2024-05-05 16:51:00,训练集,工况1,0.9999815533136084
2024-05-05 16:52:00,训练集,工况1,0.9994571493795866
2024-05-05 16:53:00,训练集,工况1,0.9999981587877365
2024-05-05 16:54:00,训练集,工况1,0.9999999784929001
2024-05-05 16:55:00,训练集,工况1,0.9994341335426516
2024-05-05 16:56:00,训练集,工况1,0.9997365838021546
2024-05-05 16:57:00,训练集,工况1,0.9999631229527907
2024-05-05 16:58:00,训练集,工况1,0.9996343072841931
2024-05-05 16:59:00,训练集,工况1,0.9999952048678705
2024-05-05 17:00:00,训练集,工况1,0.9995133066475616
2024-05-05 17:01:00,训练集,工况1,0.9999438314068477
2024-05-05 17:02:00,训练集,工况1,0.9999960437808865
2024-05-05 17:03:00,训练集,工况1,0.9999661472271857
2024-05-05 17:04:00,训练集,工况1,0.9993206077548467
2024-05-05 17:05:00,训练集,工况1,0.999999790401757
2024-05-05 17:06:00,训练集,工况1,0.999546044787782
2024-05-05 17:07:00,训练集,工况1,0.9999918649704362
2024-05-05 17:08:00,训练集,工况1,0.9999974304034543
2024-05-05 17:09:00,训练集,工况1,0.9996328006100547
2024-05-05 17:10:00,训练集,工况1,0.9999762860473556
2024-05-05 17:11:00,训练集,工况1,0.9998523155756693
2024-05-05 17:12:00,训练集,工况1,0.9946625748741394
2024-05-05 17:13:00,训练集,工况1,0.9997006606546666
2024-05-05 17:14:00,训练集,工况1,0.9403217826330778
2024-05-05 17:15:00,训练集,工况1,0.9996159793095363
2024-05-05 17:16:00,训练集,工况1,0.9344881370703328
2024-05-05 17:17:00,训练集,工况1,0.7995454435880895
2024-05-05 17:18:00,训练集,工况1,0.9998943783178009
2024-05-05 17:19:00,训练集,工况1,0.9998407641009208
2024-05-05 17:20:00,训练集,工况1,0.9860370587358727
2024-05-05 17:21:00,训练集,工况1,0.9995965303068826
2024-05-05 17:22:00,训练集,工况1,0.9244420357338496
2024-05-05 17:23:00,训练集,工况1,0.9950029483467392
2024-05-05 17:24:00,训练集,工况1,0.9999810074495131
2024-05-05 17:25:00,训练集,工况1,0.9999735213064117
2024-05-05 17:26:00,训练集,工况1,0.9999944348362295
2024-05-05 17:27:00,训练集,工况1,0.9985746795478433
2024-05-05 17:28:00,训练集,工况1,0.9999876082218596
2024-05-05 17:29:00,训练集,工况1,0.9999978744865341
2024-05-05 17:30:00,训练集,工况1,0.9996494189473352
2024-05-05 17:31:00,训练集,工况1,0.9999961524750286
2024-05-05 17:32:00,训练集,工况1,0.9999866045474232
2024-05-05 17:33:00,训练集,工况1,0.9997273436450688
2024-05-05 17:34:00,训练集,工况1,0.9999903053290852
2024-05-05 17:35:00,训练集,工况1,0.9978771860484584
2024-05-05 17:36:00,训练集,工况1,0.9999982163079384
2024-05-05 17:37:00,训练集,工况1,0.9999999495836084
2024-05-05 17:38:00,训练集,工况1,0.9999861701909881
2024-05-05 17:39:00,训练集,工况1,0.9999816635370055
2024-05-05 17:40:00,训练集,工况1,0.9981167392781941
2024-05-05 17:41:00,训练集,工况1,0.9988403078473782
2024-05-05 17:42:00,训练集,工况1,0.999985517984986
2024-05-05 17:43:00,训练集,工况1,0.9999032254036124
2024-05-05 17:44:00,训练集,工况1,0.999789401165023
2024-05-05 17:45:00,训练集,工况1,0.9998140180041881
2024-05-05 17:46:00,训练集,工况1,0.9999142997025252
2024-05-05 17:47:00,训练集,工况1,0.999999379349238
2024-05-05 17:48:00,训练集,工况1,0.9999923783011134
2024-05-05 17:49:00,训练集,工况1,0.9999547737997927
2024-05-05 17:50:00,训练集,工况1,0.9999064312548216
2024-05-05 17:51:00,训练集,工况1,0.9997232157085806
2024-05-05 17:52:00,训练集,工况1,0.9996894673535588
2024-05-05 17:53:00,训练集,工况1,0.9996777170925762
2024-05-05 17:54:00,训练集,工况1,0.9997697827804474
2024-05-05 17:55:00,训练集,工况1,0.9999916537970541
2024-05-05 17:56:00,训练集,工况1,0.999795074269493
2024-05-05 17:57:00,训练集,工况1,0.9987449352920825
2024-05-05 17:58:00,训练集,工况1,0.9999879922291801
2024-05-05 17:59:00,训练集,工况1,0.9999822991722215
2024-05-05 18:00:00,训练集,工况1,0.9999837007370933
2024-05-05 18:01:00,训练集,工况1,0.9999998111327418
2024-05-05 18:02:00,训练集,工况1,0.9990726658812364
2024-05-05 18:03:00,训练集,工况1,0.9999975537650376
2024-05-05 18:04:00,训练集,工况1,0.9859129457822615
2024-05-05 18:05:00,训练集,工况1,0.9999668709034856
2024-05-05 18:06:00,训练集,工况1,0.9999838571937686
2024-05-05 18:07:00,训练集,工况1,0.9997395163892724
2024-05-05 18:08:00,训练集,工况1,0.9789054746092424
2024-05-05 18:09:00,训练集,工况1,0.9999977128120973
2024-05-05 18:10:00,训练集,工况1,0.9999592317151077
2024-05-05 18:11:00,训练集,工况1,0.9999840760206276
2024-05-05 18:12:00,训练集,工况1,0.999981560164464
2024-05-05 18:13:00,训练集,工况1,0.9999536406696693
2024-05-05 18:14:00,训练集,工况1,0.9999064221937681
2024-05-05 18:15:00,训练集,工况1,0.9901838434363003
2024-05-05 18:16:00,训练集,工况1,0.9999955820872463
2024-05-05 18:17:00,训练集,工况1,0.999880953409531
2024-05-05 18:18:00,训练集,工况1,0.999940801242309
2024-05-05 18:19:00,训练集,工况1,0.9999754640775999
2024-05-05 18:20:00,训练集,工况1,0.9999611946677123
2024-05-05 18:21:00,训练集,工况1,0.9983329025894585
2024-05-05 18:22:00,训练集,工况1,0.9981267192955205
2024-05-05 18:23:00,训练集,工况1,0.999997798688319
2024-05-05 18:24:00,训练集,工况1,0.9999910792372128
2024-05-05 18:25:00,训练集,工况1,0.9998701378088775
2024-05-05 18:26:00,训练集,工况1,0.9997669312217615
2024-05-05 18:27:00,训练集,工况1,0.9999967825027459
2024-05-05 18:28:00,训练集,工况1,0.9999658807357156
2024-05-05 18:29:00,训练集,工况1,0.9999162705362601
2024-05-05 18:30:00,训练集,工况1,0.9999929131413428
2024-05-05 18:31:00,训练集,工况1,0.9999948172748614
2024-05-05 18:32:00,训练集,工况1,0.9999927531648022
2024-05-05 18:33:00,训练集,工况1,0.9999997015543932
2024-05-05 18:34:00,训练集,工况1,0.9992622899523955
2024-05-05 18:35:00,训练集,工况1,0.9999758286172424
2024-05-05 18:36:00,训练集,工况1,0.9999770587706097
2024-05-05 18:37:00,训练集,工况1,0.9999997305906038
2024-05-05 18:38:00,训练集,工况1,0.9977282550678346
2024-05-05 18:39:00,训练集,工况1,0.9999968322369224
2024-05-05 18:40:00,训练集,工况1,0.9970899433689743
2024-05-05 18:41:00,训练集,工况1,0.9999883350850242
2024-05-05 18:42:00,训练集,工况1,0.9997915539624557
2024-05-05 18:43:00,训练集,工况1,0.9999994636388538
2024-05-05 18:44:00,训练集,工况1,0.9999677791630404
2024-05-05 18:45:00,训练集,工况1,0.6508712833735946
2024-05-05 18:46:00,训练集,工况1,0.9697758037737405
2024-05-05 18:47:00,训练集,工况1,0.9995471009381409
2024-05-05 18:48:00,训练集,工况1,0.9931294120565214
2024-05-05 18:49:00,训练集,工况1,0.9999652020616261
2024-05-05 18:50:00,训练集,工况1,0.9994812751105925
2024-05-05 18:51:00,训练集,工况5,0.9217213674901238
2024-05-05 18:52:00,训练集,工况1,0.9998259783380167
2024-05-05 18:53:00,训练集,工况1,0.9969595780882233
2024-05-05 18:54:00,训练集,工况1,0.9718029125719021
2024-05-05 18:55:00,训练集,工况1,0.9999287076792244
2024-05-05 18:56:00,训练集,工况1,0.9998851837436801
2024-05-05 18:57:00,训练集,工况1,0.9999744231629836
2024-05-05 18:58:00,训练集,工况1,0.9999986760387729
2024-05-05 18:59:00,训练集,工况1,0.9995328638543974
2024-05-05 19:00:00,训练集,工况1,0.9998363716993854
2024-05-05 19:01:00,训练集,工况1,0.9999862537835403
2024-05-05 19:02:00,训练集,工况1,0.6179812487970919
2024-05-05 19:03:00,训练集,工况1,0.9938469996341424
2024-05-05 19:04:00,训练集,工况1,0.9875392420539123
2024-05-05 19:05:00,训练集,工况1,0.9997659013140653
2024-05-05 19:06:00,训练集,工况1,0.9999979687207279
2024-05-05 19:07:00,训练集,工况1,0.999968674195779
2024-05-05 19:08:00,训练集,工况1,0.5175420407970426
2024-05-05 19:09:00,训练集,工况1,0.9971317618030039
2024-05-05 19:10:00,训练集,工况1,0.9580017109299406
2024-05-05 19:11:00,训练集,工况1,0.9999202815102473
2024-05-05 19:12:00,训练集,工况1,0.9995395781105525
2024-05-05 19:13:00,训练集,工况1,0.9999378615612595
2024-05-05 19:14:00,训练集,工况1,0.999766022955929
2024-05-05 19:15:00,训练集,工况1,0.9996424601337246
2024-05-05 19:16:00,训练集,工况1,0.9974908004189218
2024-05-05 19:17:00,训练集,工况1,0.9971996250649872
2024-05-05 19:18:00,训练集,工况1,0.9998895762026236
2024-05-05 19:19:00,训练集,工况1,0.999999881942437
2024-05-05 19:20:00,训练集,工况1,0.9999581004527242
2024-05-05 19:21:00,训练集,工况1,0.9999588363748643
2024-05-05 19:22:00,训练集,工况1,0.9999983617699874
2024-05-05 19:23:00,训练集,工况1,0.9999983616290545
2024-05-05 19:24:00,训练集,工况1,0.9886548085962328
2024-05-05 19:25:00,训练集,工况1,0.999441843527155
2024-05-05 19:26:00,训练集,工况1,0.9999589482248864
2024-05-05 19:27:00,训练集,工况1,0.9999540486670585
2024-05-05 19:28:00,训练集,工况1,0.9999944532081704
2024-05-05 19:29:00,训练集,工况1,0.9983029669827201
2024-05-05 19:30:00,训练集,工况1,0.999467212084987
2024-05-05 19:31:00,训练集,工况1,0.9999927308653312
2024-05-05 19:32:00,训练集,工况1,0.9999972638193767
2024-05-05 19:33:00,训练集,工况1,0.9999975337254586
2024-05-05 19:34:00,训练集,工况1,0.9999944014340275
2024-05-05 19:35:00,训练集,工况1,0.9999931264003301
2024-05-05 19:36:00,训练集,工况1,0.9999060790413195
2024-05-05 19:37:00,训练集,工况1,0.9999905163174617
2024-05-05 19:38:00,训练集,工况1,0.5148843945822063
2024-05-05 19:39:00,训练集,工况1,0.9995671575364833
2024-05-05 19:40:00,训练集,工况1,0.999973177798165
2024-05-05 19:41:00,训练集,工况1,0.9999910252001738
2024-05-05 19:42:00,训练集,工况1,0.999863750210096
2024-05-05 19:43:00,训练集,工况1,0.9999967381011328
2024-05-05 19:44:00,训练集,工况1,0.9995301702717172
2024-05-05 19:45:00,训练集,工况1,0.999732104618796
2024-05-05 19:46:00,训练集,工况1,0.9980732048193571
2024-05-05 19:47:00,训练集,工况1,0.9997266101856885
2024-05-05 19:48:00,训练集,工况1,0.9999615042030501
2024-05-05 19:49:00,训练集,工况1,0.9999448737390365
2024-05-05 19:50:00,训练集,工况1,0.9997279920157799
2024-05-05 19:51:00,训练集,工况1,0.9999363359774766
2024-05-05 19:52:00,训练集,工况1,0.999261593211367
2024-05-05 19:53:00,训练集,工况1,0.9999711684589561
2024-05-05 19:54:00,训练集,工况1,0.9995733610044979
2024-05-05 19:55:00,训练集,工况1,0.7403625589251275
2024-05-05 19:56:00,训练集,工况1,0.9999990647975755
2024-05-05 19:57:00,训练集,工况1,0.9996387423365536
2024-05-05 19:58:00,训练集,工况3,0.37282460177482973
2024-05-05 19:59:00,训练集,工况1,0.9999665456790344
2024-05-05 20:00:00,训练集,工况1,0.9999499945250929
2024-05-05 20:01:00,训练集,工况1,0.9999968323442797
2024-05-05 20:02:00,训练集,工况1,0.9999580016001589
2024-05-05 20:03:00,训练集,工况1,0.9999591699066808
2024-05-05 20:04:00,训练集,工况1,0.9992093041641359
2024-05-05 20:05:00,训练集,工况1,0.7777952111924868
2024-05-05 20:06:00,训练集,工况1,0.9999995031244202
2024-05-05 20:07:00,训练集,工况1,0.9984045340614155
2024-05-05 20:08:00,训练集,工况1,0.9999872734036975
2024-05-05 20:09:00,训练集,工况1,0.9999822951732441
2024-05-05 20:10:00,训练集,工况1,0.9999088214687408
2024-05-05 20:11:00,训练集,工况1,0.9996221126586278
2024-05-05 20:12:00,训练集,工况1,0.999875300194212
2024-05-05 20:13:00,训练集,工况1,0.8544983928505722
2024-05-05 20:14:00,训练集,工况1,0.9998007836997657
2024-05-05 20:15:00,训练集,工况1,0.9999998218291591
2024-05-05 20:16:00,训练集,工况1,0.9999991715822273
2024-05-05 20:17:00,训练集,工况1,0.9989728326109558
2024-05-05 20:18:00,训练集,工况1,0.9944263741268972
2024-05-05 20:19:00,训练集,工况1,0.9961323290303153
2024-05-05 20:20:00,训练集,工况4,0.786073158851254
2024-05-05 20:21:00,训练集,工况1,0.9996677156815951
2024-05-05 20:22:00,训练集,工况1,0.9999960484186654
2024-05-05 20:23:00,训练集,工况1,0.9999522120683461
2024-05-05 20:24:00,训练集,工况1,0.9986395630710304
2024-05-05 20:25:00,训练集,工况1,0.999988499119668
2024-05-05 20:26:00,训练集,工况1,0.8166310906746223
2024-05-05 20:27:00,训练集,工况1,0.9978981862881476
2024-05-05 20:28:00,训练集,工况1,0.9994053909006347
2024-05-05 20:29:00,训练集,工况1,0.9904449771338939
2024-05-05 20:30:00,训练集,工况1,0.9999929236645634
2024-05-05 20:31:00,训练集,工况1,0.9999966726361454
2024-05-05 20:32:00,训练集,工况1,0.999977919868767
2024-05-05 20:33:00,训练集,工况1,0.9995863589031146
2024-05-05 20:34:00,训练集,工况1,0.9999545797558876
2024-05-05 20:35:00,训练集,工况1,0.9984434974821711
2024-05-05 20:36:00,训练集,工况1,0.9999504522237965
2024-05-05 20:37:00,训练集,工况1,0.9996916582836184
2024-05-05 20:38:00,训练集,工况1,0.9999240629545231
2024-05-05 20:39:00,训练集,工况1,0.9999830756485789
2024-05-05 20:40:00,训练集,工况1,0.9999922015445066
2024-05-05 20:41:00,训练集,工况1,0.986239225976446
2024-05-05 20:42:00,训练集,工况1,0.9972895187615409
2024-05-05 20:43:00,训练集,工况1,0.9999981677216372
2024-05-05 20:44:00,训练集,工况1,0.9993520354086504
2024-05-05 20:45:00,训练集,工况1,0.999997778465507
2024-05-05 20:46:00,训练集,工况1,0.9976195616152496
2024-05-05 20:47:00,训练集,工况1,0.7425549658805871
2024-05-05 20:48:00,训练集,工况1,0.9999747968807811
2024-05-05 20:49:00,训练集,工况3,0.8082724637591588
2024-05-05 20:50:00,训练集,工况1,0.9986248927873923
2024-05-05 20:51:00,训练集,工况1,0.999935662657003
2024-05-05 20:52:00,训练集,工况1,0.9999976946819078
2024-05-05 20:53:00,训练集,工况1,0.9998783097490141
2024-05-05 20:54:00,训练集,工况1,0.999878072145227
2024-05-05 20:55:00,训练集,工况3,0.5420953737395827
2024-05-05 20:56:00,训练集,工况1,0.9999970797613684
2024-05-05 20:57:00,训练集,工况1,0.9965266243413063
2024-05-05 20:58:00,训练集,工况1,0.9998525477004242
2024-05-05 20:59:00,训练集,工况1,0.9999307893173466
2024-05-05 21:00:00,训练集,工况1,0.9995769387810579
2024-05-05 21:01:00,训练集,工况1,0.9944272564854074
2024-05-05 21:02:00,训练集,工况1,0.93056837630075
2024-05-05 21:03:00,训练集,工况1,0.9997081647972097
2024-05-05 21:04:00,训练集,工况1,0.9999992490882724
2024-05-05 21:05:00,训练集,工况1,0.9932783348805045
2024-05-05 21:06:00,训练集,工况1,0.9998371417701941
2024-05-05 21:07:00,训练集,工况1,0.9983372701448295
2024-05-05 21:08:00,训练集,工况1,0.9999801228364461
2024-05-05 21:09:00,训练集,工况1,0.9997639278720591
2024-05-05 21:10:00,训练集,工况1,0.9979346560782382
2024-05-05 21:11:00,训练集,工况1,0.9884619941231337
2024-05-05 21:12:00,训练集,工况1,0.9975940322130854
2024-05-05 21:13:00,训练集,工况1,0.9203792893309359
2024-05-05 21:14:00,训练集,工况1,0.989416587625752
2024-05-05 21:15:00,训练集,工况1,0.9942307744597149
2024-05-05 21:16:00,训练集,工况4,0.7300486387327532
2024-05-05 21:17:00,训练集,工况1,0.9999727610968983
2024-05-05 21:18:00,训练集,工况1,0.9978136643845762
2024-05-05 21:19:00,训练集,工况1,0.999522829157927
2024-05-05 21:20:00,训练集,工况1,0.9999912001072278
2024-05-05 21:21:00,训练集,工况1,0.9867602479529374
2024-05-05 21:22:00,训练集,工况1,0.9992502906537746
2024-05-05 21:23:00,训练集,工况1,0.7101562643013327
2024-05-05 21:24:00,训练集,工况1,0.9867834081339494
2024-05-05 21:25:00,训练集,工况1,0.9981806757716971
2024-05-05 21:26:00,训练集,工况1,0.9999296964606817
2024-05-05 21:27:00,训练集,工况1,0.999984951658843
2024-05-05 21:28:00,训练集,工况1,0.9998611203942857
2024-05-05 21:29:00,训练集,工况1,0.9114408646796134
2024-05-05 21:30:00,训练集,工况1,0.9998486435361064
2024-05-05 21:31:00,训练集,工况1,0.9999685409592934
2024-05-05 21:32:00,训练集,工况1,0.9999970639264565
2024-05-05 21:33:00,训练集,工况1,0.9996799667472098
2024-05-05 21:34:00,训练集,工况1,0.9998991264505415
2024-05-05 21:35:00,训练集,工况1,0.9921797118370099
2024-05-05 21:36:00,训练集,工况1,0.9999936745191024
2024-05-05 21:37:00,训练集,工况1,0.9998253058713651
2024-05-05 21:38:00,训练集,工况1,0.9999269751586799
2024-05-05 21:39:00,训练集,工况1,0.9999991270570976
2024-05-05 21:40:00,训练集,工况1,0.9999656864893827
2024-05-05 21:41:00,训练集,工况1,0.9999998652656898
2024-05-05 21:42:00,训练集,工况1,0.9989312467475162
2024-05-05 21:43:00,训练集,工况1,0.9998905335416829
2024-05-05 21:44:00,训练集,工况1,0.9866718550657526
2024-05-05 21:45:00,训练集,工况1,0.9994372640995314
2024-05-05 21:46:00,训练集,工况1,0.9999840632558743
2024-05-05 21:47:00,训练集,工况1,0.9999687881679923
2024-05-05 21:48:00,训练集,工况1,0.9833706942374557
2024-05-05 21:49:00,训练集,工况1,0.9965009720736067
2024-05-05 21:50:00,训练集,工况1,0.9993659790299447
2024-05-05 21:51:00,训练集,工况1,0.9999310304222853
2024-05-05 21:52:00,训练集,工况1,0.9969443477430765
2024-05-05 21:53:00,训练集,工况1,0.999999061856732
2024-05-05 21:54:00,训练集,工况1,0.9998532829763812
2024-05-05 21:55:00,训练集,工况1,0.9963079352878398
2024-05-05 21:56:00,训练集,工况1,0.999812324451005
2024-05-05 21:57:00,训练集,工况1,0.9985828884743296
2024-05-05 21:58:00,训练集,工况1,0.9998655543924885
2024-05-05 21:59:00,训练集,工况1,0.967307895221021
2024-05-05 22:00:00,训练集,工况1,0.9997712397429483
2024-05-05 22:01:00,训练集,工况1,0.9999990618643593
2024-05-05 22:02:00,训练集,工况1,0.9977054676942166
2024-05-05 22:03:00,训练集,工况1,0.9967625133028292
2024-05-05 22:04:00,训练集,工况1,0.9998337433362099
2024-05-05 22:05:00,训练集,工况1,0.759716010868348
2024-05-05 22:06:00,训练集,工况1,0.9927831224940493
2024-05-05 22:07:00,训练集,工况1,0.9101447106900203
2024-05-05 22:08:00,训练集,工况1,0.9999969609905476
2024-05-05 22:09:00,训练集,工况1,0.999989261011531
2024-05-05 22:10:00,训练集,工况1,0.8259524698616373
2024-05-05 22:11:00,训练集,工况1,0.9999395581611173
2024-05-05 22:12:00,训练集,工况1,0.995666220530048
2024-05-05 22:13:00,训练集,工况3,0.565601767349806
2024-05-05 22:14:00,训练集,工况1,0.9982134595170585
2024-05-05 22:15:00,训练集,工况1,0.9550130592850302
2024-05-05 22:16:00,训练集,工况1,0.9363548240993387
2024-05-05 22:17:00,训练集,工况3,0.8080551164107824
2024-05-05 22:18:00,训练集,工况1,0.9999789637417513
2024-05-05 22:19:00,训练集,工况1,0.9830569410533014
2024-05-05 22:20:00,训练集,工况1,0.8138897491124965
2024-05-05 22:21:00,训练集,工况1,0.9994937382633061
2024-05-05 22:22:00,训练集,工况1,0.9975787402819316
2024-05-05 22:23:00,训练集,工况1,0.9919854951635324
2024-05-05 22:24:00,训练集,工况1,0.9999998609482333
2024-05-05 22:25:00,训练集,工况1,0.9998376669069846
2024-05-05 22:26:00,训练集,工况1,0.958139258792955
2024-05-05 22:27:00,训练集,工况1,0.9997387048680196
2024-05-05 22:28:00,训练集,工况1,0.9591345613364997
2024-05-05 22:29:00,训练集,工况1,0.9968973973050169
2024-05-05 22:30:00,训练集,工况1,0.9834873651239562
2024-05-05 22:31:00,训练集,工况1,0.999990339689776
2024-05-05 22:32:00,训练集,工况1,0.995470056503444
2024-05-05 22:33:00,训练集,工况1,0.9998072550936283
2024-05-05 22:34:00,训练集,工况1,0.9620100957778562
2024-05-05 22:35:00,训练集,工况1,0.9999421042816194
2024-05-05 22:36:00,训练集,工况1,0.9999331660584618
2024-05-05 22:37:00,训练集,工况1,0.9999857281408359
2024-05-05 22:38:00,训练集,工况1,0.9999513816292173
2024-05-05 22:39:00,训练集,工况1,0.9999894316596791
2024-05-05 22:40:00,训练集,工况1,0.9960452738097162
2024-05-05 22:41:00,训练集,工况1,0.9763221082934315
2024-05-05 22:42:00,训练集,工况1,0.9879240693409628
2024-05-05 22:43:00,训练集,工况1,0.9737460422605643
2024-05-05 22:44:00,训练集,工况1,0.965724140280738
2024-05-05 22:45:00,训练集,工况1,0.8846338474982527
2024-05-05 22:46:00,训练集,工况1,0.9999964146120586
2024-05-05 22:47:00,训练集,工况1,0.9997644225209807
2024-05-05 22:48:00,训练集,工况1,0.6266862006657677
2024-05-05 22:49:00,训练集,工况1,0.9999690682129001
2024-05-05 22:50:00,训练集,工况1,0.9971478712128355
2024-05-05 22:51:00,训练集,工况1,0.9987582235056897
2024-05-05 22:52:00,训练集,工况1,0.9999968364629406
2024-05-05 22:53:00,训练集,工况1,0.9999691276896078
2024-05-05 22:54:00,训练集,工况1,0.9995862604596859
2024-05-05 22:55:00,训练集,工况1,0.9998855559040797
2024-05-05 22:56:00,训练集,工况1,0.9630920666214526
2024-05-05 22:57:00,训练集,工况1,0.9500261938762646
2024-05-05 22:58:00,训练集,工况1,0.999115976485267
2024-05-05 22:59:00,训练集,工况1,0.9861810259879843
2024-05-05 23:00:00,训练集,工况1,0.9949869002478153
2024-05-05 23:01:00,训练集,工况1,0.9999954973472576
2024-05-05 23:02:00,训练集,工况1,0.9996817993558387
2024-05-05 23:03:00,训练集,工况1,0.9983270676808342
2024-05-05 23:04:00,训练集,工况1,0.9690282571517022
2024-05-05 23:05:00,训练集,工况1,0.9997846647082377
2024-05-05 23:06:00,训练集,工况1,0.9974466742965914
2024-05-05 23:07:00,训练集,工况1,0.6058302421561869
2024-05-05 23:08:00,训练集,工况1,0.9985394051591732
2024-05-05 23:09:00,训练集,工况1,0.9997604267253639
2024-05-05 23:10:00,训练集,工况1,0.9999846218923605
2024-05-05 23:11:00,训练集,工况1,0.9999894826925604
2024-05-05 23:12:00,训练集,工况1,0.9914411261244527
2024-05-05 23:13:00,训练集,工况1,0.9973074504454578
2024-05-05 23:14:00,训练集,工况1,0.9741977955806391
2024-05-05 23:15:00,训练集,工况1,0.9855302591186399
2024-05-05 23:16:00,训练集,工况1,0.9410975019559265
2024-05-05 23:17:00,训练集,工况1,0.8948516545123216
2024-05-05 23:18:00,训练集,工况1,0.9990449286055084
2024-05-05 23:19:00,训练集,工况1,0.9999462807666836
2024-05-05 23:20:00,训练集,工况1,0.9737575460415078
2024-05-05 23:21:00,训练集,工况1,0.9902064001622932
2024-05-05 23:22:00,训练集,工况1,0.9910410268802675
2024-05-05 23:23:00,训练集,工况1,0.9911102599240968
2024-05-05 23:24:00,训练集,工况1,0.9983284373594743
2024-05-05 23:25:00,训练集,工况1,0.9470684563504479
2024-05-05 23:26:00,训练集,工况1,0.9935609910986892
2024-05-05 23:27:00,训练集,工况1,0.9997235865063493
2024-05-05 23:28:00,训练集,工况1,0.9957953011692341
2024-05-05 23:29:00,训练集,工况1,0.9997650631232554
2024-05-05 23:30:00,训练集,工况1,0.9828011672716915
2024-05-05 23:31:00,训练集,工况1,0.9933591122920173
2024-05-05 23:32:00,训练集,工况1,0.9942024735437516
2024-05-05 23:33:00,训练集,工况1,0.9999691313740938
2024-05-05 23:34:00,训练集,工况1,0.9921317909858149
2024-05-05 23:35:00,训练集,工况1,0.9981502276872484
2024-05-05 23:36:00,训练集,工况1,0.9379323114524867
2024-05-05 23:37:00,训练集,工况1,0.9498393656322376
2024-05-05 23:38:00,训练集,工况1,0.9999612691730251
2024-05-05 23:39:00,训练集,工况1,0.9967121687246291
2024-05-05 23:40:00,训练集,工况1,0.9954105270704489
2024-05-05 23:41:00,训练集,工况1,0.9998786424549507
2024-05-05 23:42:00,训练集,工况1,0.9763953562372311
2024-05-05 23:43:00,训练集,工况1,0.9996154480668029
2024-05-05 23:44:00,训练集,工况1,0.9991972235194138
2024-05-05 23:45:00,训练集,工况1,0.9999976784931377
2024-05-05 23:46:00,训练集,工况1,0.9718215850144694
2024-05-05 23:47:00,训练集,工况1,0.999323770792158
2024-05-05 23:48:00,训练集,工况4,0.6384289289537699
2024-05-05 23:49:00,训练集,工况1,0.6525811071303556
2024-05-05 23:50:00,训练集,工况1,0.9478431207699458
2024-05-05 23:51:00,训练集,工况1,0.6714202989482326
2024-05-05 23:52:00,训练集,工况1,0.9994234114452181
2024-05-05 23:53:00,训练集,工况1,0.9998791746646492
2024-05-05 23:54:00,训练集,工况1,0.9705919174081695
2024-05-05 23:55:00,训练集,工况1,0.9894540682993371
2024-05-05 23:56:00,训练集,工况1,0.9999233566558304
2024-05-05 23:57:00,训练集,工况4,0.5276384143594772
2024-05-05 23:58:00,训练集,工况1,0.9989559915316683
2024-05-05 23:59:00,训练集,工况1,0.9426529846270065
2024-05-06 00:00:00,验证集,工况1,0.9982135404362695
2024-05-06 00:01:00,验证集,工况1,0.9986436807630732
2024-05-06 00:02:00,验证集,工况1,0.9999505802117447
2024-05-06 00:03:00,验证集,工况1,0.9597188218596183
2024-05-06 00:04:00,验证集,工况1,0.9966091129173246
2024-05-06 00:05:00,验证集,工况1,0.9280457764533133
2024-05-06 00:06:00,验证集,工况1,0.9925490785967925
2024-05-06 00:07:00,验证集,工况1,0.8860701984461044
2024-05-06 00:08:00,验证集,工况1,0.9976379287758881
2024-05-06 00:09:00,验证集,工况1,0.9181039372304338
2024-05-06 00:10:00,验证集,工况1,0.9996002562320446
2024-05-06 00:11:00,验证集,工况1,0.9998874428634403
2024-05-06 00:12:00,验证集,工况1,0.995895883166372
2024-05-06 00:13:00,验证集,工况1,0.9273625876601105
2024-05-06 00:14:00,验证集,工况1,0.9859168804691144
2024-05-06 00:15:00,验证集,工况1,0.9989237213796199
2024-05-06 00:16:00,验证集,工况1,0.9999306006405861
2024-05-06 00:17:00,验证集,工况1,0.9763952077973261
2024-05-06 00:18:00,验证集,工况1,0.9760606717570662
2024-05-06 00:19:00,验证集,工况1,0.9740660509206737
2024-05-06 00:20:00,验证集,工况1,0.7422734304707334
2024-05-06 00:21:00,验证集,工况1,0.9844192444574952
2024-05-06 00:22:00,验证集,工况1,0.9770869141995916
2024-05-06 00:23:00,验证集,工况3,0.9929725678153679
2024-05-06 00:24:00,验证集,工况1,0.9698980258683386
2024-05-06 00:25:00,验证集,工况1,0.949399133734439
2024-05-06 00:26:00,验证集,工况1,0.9619783837973772
2024-05-06 00:27:00,验证集,工况1,0.9878948137553021
2024-05-06 00:28:00,验证集,工况1,0.9999768501817603
2024-05-06 00:29:00,验证集,工况1,0.9603186525656511
2024-05-06 00:30:00,验证集,工况1,0.9912799545047265
2024-05-06 00:31:00,验证集,工况1,0.9999945628385344
2024-05-06 00:32:00,验证集,工况1,0.9987991246407405
2024-05-06 00:33:00,验证集,工况1,0.9999176506543959
2024-05-06 00:34:00,验证集,工况4,0.6143229264337808
2024-05-06 00:35:00,验证集,工况1,0.9968172880127901
2024-05-06 00:36:00,验证集,工况1,0.751778371899136
2024-05-06 00:37:00,验证集,工况1,0.48575372433772623
2024-05-06 00:38:00,验证集,工况1,0.890459593516643
2024-05-06 00:39:00,验证集,工况1,0.6650071097675773
2024-05-06 00:40:00,验证集,工况1,0.9475171490525891
2024-05-06 00:41:00,验证集,工况1,0.9997388087068296
2024-05-06 00:42:00,验证集,工况1,0.9352514480822001
2024-05-06 00:43:00,验证集,工况1,0.9956447893808004
2024-05-06 00:44:00,验证集,工况1,0.9995663073191616
2024-05-06 00:45:00,验证集,工况1,0.9748890600818413
2024-05-06 00:46:00,验证集,工况1,0.9350165478669772
2024-05-06 00:47:00,验证集,工况1,0.8893122088679263
2024-05-06 00:48:00,验证集,工况1,0.9991062614747768
2024-05-06 00:49:00,验证集,工况1,0.9736325627078044
2024-05-06 00:50:00,验证集,工况1,0.9874733991581888
2024-05-06 00:51:00,验证集,工况1,0.9758822467815144
2024-05-06 00:52:00,验证集,工况1,0.9984689719717187
2024-05-06 00:53:00,验证集,工况1,0.9672865792965027
2024-05-06 00:54:00,验证集,工况1,0.9789124974116993
2024-05-06 00:55:00,验证集,工况1,0.9951820740578747
2024-05-06 00:56:00,验证集,工况1,0.9992297575602158
2024-05-06 00:57:00,验证集,工况3,0.5593747841974877
2024-05-06 00:58:00,验证集,工况1,0.9849743579645619
2024-05-06 00:59:00,验证集,工况1,0.9985915659765856
2024-05-06 01:00:00,验证集,工况3,0.8817791350762644
2024-05-06 01:01:00,验证集,工况1,0.9992638287636053
2024-05-06 01:02:00,验证集,工况1,0.9944456487714475
2024-05-06 01:03:00,验证集,工况1,0.9997256510383769
2024-05-06 01:04:00,验证集,工况1,0.9430092978439587
2024-05-06 01:05:00,验证集,工况1,0.9944609657759367
2024-05-06 01:06:00,验证集,工况1,0.9992999425005203
2024-05-06 01:07:00,验证集,工况1,0.9929302078271883
2024-05-06 01:08:00,验证集,工况1,0.9994858376818214
2024-05-06 01:09:00,验证集,工况4,0.9040012047744711
2024-05-06 01:10:00,验证集,工况4,0.8290439182495957
2024-05-06 01:11:00,验证集,工况1,0.9959352127682395
2024-05-06 01:12:00,验证集,工况1,0.9635302048699612
2024-05-06 01:13:00,验证集,工况1,0.9989894347701946
2024-05-06 01:14:00,验证集,工况1,0.9999879326725974
2024-05-06 01:15:00,验证集,工况1,0.9279310599876169
2024-05-06 01:16:00,验证集,工况4,0.5764508821218652
2024-05-06 01:17:00,验证集,工况1,0.5721005988843334
2024-05-06 01:18:00,验证集,工况1,0.9827949708144006
2024-05-06 01:19:00,验证集,工况1,0.936621864412775
2024-05-06 01:20:00,验证集,工况1,0.5944601138925895
2024-05-06 01:21:00,验证集,工况1,0.999854846653875
2024-05-06 01:22:00,验证集,工况1,0.9975840542468446
2024-05-06 01:23:00,验证集,工况1,0.991259157476035
2024-05-06 01:24:00,验证集,工况1,0.779856890521613
2024-05-06 01:25:00,验证集,工况1,0.994334180482794
2024-05-06 01:26:00,验证集,工况1,0.9365595260925702
2024-05-06 01:27:00,验证集,工况1,0.9999900103141421
2024-05-06 01:28:00,验证集,工况1,0.9182359963871792
2024-05-06 01:29:00,验证集,工况4,0.540547554086689
2024-05-06 01:30:00,验证集,工况1,0.9362329752800365
2024-05-06 01:31:00,验证集,工况4,0.7285753845912474
2024-05-06 01:32:00,验证集,工况1,0.9963601004577001
2024-05-06 01:33:00,验证集,工况1,0.9996731601969335
2024-05-06 01:34:00,验证集,工况3,0.8710712972136604
2024-05-06 01:35:00,验证集,工况1,0.9621701719281608
2024-05-06 01:36:00,验证集,工况1,0.9767197397605176
2024-05-06 01:37:00,验证集,工况1,0.9181092715864114
2024-05-06 01:38:00,验证集,工况1,0.9996088051001474
2024-05-06 01:39:00,验证集,工况1,0.991875884182906
2024-05-06 01:40:00,验证集,工况1,0.999985910928112
2024-05-06 01:41:00,验证集,工况4,0.5627784941796354
2024-05-06 01:42:00,验证集,工况1,0.9981163385721016
2024-05-06 01:43:00,验证集,工况1,0.9786474733987589
2024-05-06 01:44:00,验证集,工况1,0.9383296106348036
2024-05-06 01:45:00,验证集,工况1,0.6917956957742138
2024-05-06 01:46:00,验证集,工况1,0.9989599681332803
2024-05-06 01:47:00,验证集,工况1,0.9634117674057413
2024-05-06 01:48:00,验证集,工况1,0.9837253872355622
2024-05-06 01:49:00,验证集,工况1,0.9542655829019874
2024-05-06 01:50:00,验证集,工况1,0.8460201533204362
2024-05-06 01:51:00,验证集,工况1,0.9774418793382632
2024-05-06 01:52:00,验证集,工况1,0.998685191309332
2024-05-06 01:53:00,验证集,工况4,0.6047667145861227
2024-05-06 01:54:00,验证集,工况4,0.8733809425978103
2024-05-06 01:55:00,验证集,工况3,0.940840176294476
2024-05-06 01:56:00,验证集,工况1,0.9893239063193036
2024-05-06 01:57:00,验证集,工况3,0.7730236932942726
2024-05-06 01:58:00,验证集,工况1,0.9070889167254146
2024-05-06 01:59:00,验证集,工况1,0.8830898390030486
2024-05-06 02:00:00,验证集,工况1,0.9991257439560309
2024-05-06 02:01:00,验证集,工况1,0.9178534795162987
2024-05-06 02:02:00,验证集,工况1,0.9999095526840502
2024-05-06 02:03:00,验证集,工况1,0.9979702239665769
2024-05-06 02:04:00,验证集,工况1,0.9091890293660707
2024-05-06 02:05:00,验证集,工况1,0.9826112265871602
2024-05-06 02:06:00,验证集,工况1,0.9998225371685217
2024-05-06 02:07:00,验证集,工况1,0.708302195378373
2024-05-06 02:08:00,验证集,工况4,0.8050738543868603
2024-05-06 02:09:00,验证集,工况1,0.9502221110842991
2024-05-06 02:10:00,验证集,工况3,0.9997233668283627
2024-05-06 02:11:00,验证集,工况3,0.8847536651375861
2024-05-06 02:12:00,验证集,工况3,0.9632844980475482
2024-05-06 02:13:00,验证集,工况3,0.9356201219117538
2024-05-06 02:14:00,验证集,工况1,0.9916021629730339
2024-05-06 02:15:00,验证集,工况4,0.4817223600270215
2024-05-06 02:16:00,验证集,工况1,0.9872074728010157
2024-05-06 02:17:00,验证集,工况4,0.9608036849464983
2024-05-06 02:18:00,验证集,工况3,0.8721572708556302
2024-05-06 02:19:00,验证集,工况1,0.6954315797434457
2024-05-06 02:20:00,验证集,工况1,0.8143247959545459
2024-05-06 02:21:00,验证集,工况1,0.9948948393471915
2024-05-06 02:22:00,验证集,工况1,0.9547959269104505
2024-05-06 02:23:00,验证集,工况1,0.9919056294326886
2024-05-06 02:24:00,验证集,工况1,0.9458158847567432
2024-05-06 02:25:00,验证集,工况1,0.7087380356909662
2024-05-06 02:26:00,验证集,工况1,0.5745944558288131
2024-05-06 02:27:00,验证集,工况1,0.8621527812813522
2024-05-06 02:28:00,验证集,工况4,0.681635169503207
2024-05-06 02:29:00,验证集,工况1,0.99775325438286
2024-05-06 02:30:00,验证集,工况1,0.9707916923990801
2024-05-06 02:31:00,验证集,工况1,0.9994609941839864
2024-05-06 02:32:00,验证集,工况1,0.9965491421426512
2024-05-06 02:33:00,验证集,工况1,0.9989749356345446
2024-05-06 02:34:00,验证集,工况1,0.510229028249481
2024-05-06 02:35:00,验证集,工况1,0.9910195742618721
2024-05-06 02:36:00,验证集,工况1,0.9994169944282939
2024-05-06 02:37:00,验证集,工况4,0.637443215291768
2024-05-06 02:38:00,验证集,工况1,0.9355346295835889
2024-05-06 02:39:00,验证集,工况3,0.9839716602535469
2024-05-06 02:40:00,验证集,工况1,0.979404770328125
2024-05-06 02:41:00,验证集,工况1,0.6869107456082326
2024-05-06 02:42:00,验证集,工况1,0.5405648120570961
2024-05-06 02:43:00,验证集,工况1,0.631286341842029
2024-05-06 02:44:00,验证集,工况1,0.8880510281976643
2024-05-06 02:45:00,验证集,工况1,0.9991519935148614
2024-05-06 02:46:00,验证集,工况1,0.970491283946083
2024-05-06 02:47:00,验证集,工况1,0.760024837427277
2024-05-06 02:48:00,验证集,工况1,0.9727664240225407
2024-05-06 02:49:00,验证集,工况1,0.9641528913340659
2024-05-06 02:50:00,验证集,工况1,0.9844413982761864
2024-05-06 02:51:00,验证集,工况1,0.8577469912027127
2024-05-06 02:52:00,验证集,工况1,0.9899677109870896
2024-05-06 02:53:00,验证集,工况4,0.9112340226734251
2024-05-06 02:54:00,验证集,工况1,0.9932985714847637
2024-05-06 02:55:00,验证集,工况3,0.8322914955325791
2024-05-06 02:56:00,验证集,工况3,0.48385901536236914
2024-05-06 02:57:00,验证集,工况3,0.8863587417448222
2024-05-06 02:58:00,验证集,工况1,0.990315844560813
2024-05-06 02:59:00,验证集,工况1,0.9989531613994231
2024-05-06 03:00:00,验证集,工况1,0.894842605085712
2024-05-06 03:01:00,验证集,工况1,0.9949489147870206
2024-05-06 03:02:00,验证集,工况4,0.7134319039995052
2024-05-06 03:03:00,验证集,工况4,0.83483951906322
2024-05-06 03:04:00,验证集,工况1,0.7410999048220979
2024-05-06 03:05:00,验证集,工况1,0.49774233566139514
2024-05-06 03:06:00,验证集,工况4,0.6551341101780859
2024-05-06 03:07:00,验证集,工况4,0.4641482171262833
2024-05-06 03:08:00,验证集,工况1,0.5902581180833786
2024-05-06 03:09:00,验证集,工况1,0.7413133505150895
2024-05-06 03:10:00,验证集,工况3,0.9069558690926192
2024-05-06 03:11:00,验证集,工况1,0.8202304108832558
2024-05-06 03:12:00,验证集,工况4,0.7508750188211801
2024-05-06 03:13:00,验证集,工况1,0.9086548858317095
2024-05-06 03:14:00,验证集,工况1,0.7783828247635031
2024-05-06 03:15:00,验证集,工况1,0.8386282636125808
2024-05-06 03:16:00,验证集,工况3,0.9103148168031348
2024-05-06 03:17:00,验证集,工况1,0.9611026715299718
2024-05-06 03:18:00,验证集,工况1,0.996691469854796
2024-05-06 03:19:00,验证集,工况1,0.6767614159768855
2024-05-06 03:20:00,验证集,工况1,0.9592679472438544
2024-05-06 03:21:00,验证集,工况1,0.8046062816711108
2024-05-06 03:22:00,验证集,工况1,0.8188655310778616
2024-05-06 03:23:00,验证集,工况1,0.5583466622668053
2024-05-06 03:24:00,验证集,工况4,0.824124046010925
2024-05-06 03:25:00,验证集,工况1,0.6628247144738793
2024-05-06 03:26:00,验证集,工况1,0.8084346762050864
2024-05-06 03:27:00,验证集,工况1,0.9973045977295707
2024-05-06 03:28:00,验证集,工况3,0.5113617503066419
2024-05-06 03:29:00,验证集,工况1,0.8285091135757138
2024-05-06 03:30:00,验证集,工况3,0.9642888096516182
2024-05-06 03:31:00,验证集,工况1,0.8856619028934297
2024-05-06 03:32:00,验证集,工况1,0.9702589995284092
2024-05-06 03:33:00,验证集,工况1,0.5211277124760764
2024-05-06 03:34:00,验证集,工况3,0.9882226242815461
2024-05-06 03:35:00,验证集,工况1,0.9231098335860195
2024-05-06 03:36:00,验证集,工况3,0.7065572096469964
2024-05-06 03:37:00,验证集,工况1,0.8960486074838985
2024-05-06 03:38:00,验证集,工况1,0.652981043528464
2024-05-06 03:39:00,验证集,工况1,0.9968874458536828
2024-05-06 03:40:00,验证集,工况1,0.9976649051382565
2024-05-06 03:41:00,验证集,工况1,0.9851841946269415
2024-05-06 03:42:00,验证集,工况4,0.7086118956845463
2024-05-06 03:43:00,验证集,工况1,0.9974899843540964
2024-05-06 03:44:00,验证集,工况1,0.6910825288838783
2024-05-06 03:45:00,验证集,工况1,0.9989397885278847
2024-05-06 03:46:00,验证集,工况1,0.9164607163702162
2024-05-06 03:47:00,验证集,工况1,0.6161146000349905
2024-05-06 03:48:00,验证集,工况1,0.9292955833350388
2024-05-06 03:49:00,验证集,工况4,0.9237340583980842
2024-05-06 03:50:00,验证集,工况1,0.6004986662283542
2024-05-06 03:51:00,验证集,工况1,0.9771522832904687
2024-05-06 03:52:00,验证集,工况1,0.997776775836766
2024-05-06 03:53:00,验证集,工况1,0.6273548394090817
2024-05-06 03:54:00,验证集,工况4,0.6414758027345225
2024-05-06 03:55:00,验证集,工况3,0.5405125367067448
2024-05-06 03:56:00,验证集,工况1,0.9730082296039222
2024-05-06 03:57:00,验证集,工况1,0.9903491279505753
2024-05-06 03:58:00,验证集,工况1,0.9469229142449025
2024-05-06 03:59:00,验证集,工况1,0.9347504546037169
2024-05-06 04:00:00,验证集,工况1,0.9836060744882158
2024-05-06 04:01:00,验证集,工况3,0.9400309813741594
2024-05-06 04:02:00,验证集,工况4,0.5382425997474451
2024-05-06 04:03:00,验证集,工况1,0.9993705176773007
2024-05-06 04:04:00,验证集,工况4,0.5496368313993291
2024-05-06 04:05:00,验证集,工况1,0.7480341486558887
2024-05-06 04:06:00,验证集,工况1,0.37148399278489547
2024-05-06 04:07:00,验证集,工况1,0.9957000498662838
2024-05-06 04:08:00,验证集,工况1,0.9392230931853108
2024-05-06 04:09:00,验证集,工况1,0.9584777285613162
2024-05-06 04:10:00,验证集,工况4,0.6961964526892034
2024-05-06 04:11:00,验证集,工况1,0.9866615691729633
2024-05-06 04:12:00,验证集,工况4,0.8830839659171432
2024-05-06 04:13:00,验证集,工况3,0.5923080684345978
2024-05-06 04:14:00,验证集,工况1,0.6001742800837042
2024-05-06 04:15:00,验证集,工况1,0.9556826824226565
2024-05-06 04:16:00,验证集,工况1,0.7918597083880323
2024-05-06 04:17:00,验证集,工况1,0.8749751013050772
2024-05-06 04:18:00,验证集,工况1,0.9865730441106217
2024-05-06 04:19:00,验证集,工况4,0.5518054968960592
2024-05-06 04:20:00,验证集,工况1,0.8800920797271732
2024-05-06 04:21:00,验证集,工况1,0.9088419686096829
2024-05-06 04:22:00,验证集,工况1,0.8653353929729714
2024-05-06 04:23:00,验证集,工况4,0.7054758059020321
2024-05-06 04:24:00,验证集,工况3,0.9912796387426883
2024-05-06 04:25:00,验证集,工况4,0.8500107766593238
2024-05-06 04:26:00,验证集,工况1,0.5989927888317731
2024-05-06 04:27:00,验证集,工况4,0.7908432444690191
2024-05-06 04:28:00,验证集,工况1,0.9824979354642821
2024-05-06 04:29:00,验证集,工况3,0.44828299053977466
2024-05-06 04:30:00,验证集,工况1,0.9505336015691339
2024-05-06 04:31:00,验证集,工况1,0.5418956687214155
2024-05-06 04:32:00,验证集,工况1,0.7053082101191995
2024-05-06 04:33:00,验证集,工况1,0.9967741229007545
2024-05-06 04:34:00,验证集,工况4,0.7240165837399664
2024-05-06 04:35:00,验证集,工况1,0.9190845918184741
2024-05-06 04:36:00,验证集,工况4,0.8205473530970974
2024-05-06 04:37:00,验证集,工况3,0.711990085627763
2024-05-06 04:38:00,验证集,工况1,0.9535352060235772
2024-05-06 04:39:00,验证集,工况4,0.6004892308469091
2024-05-06 04:40:00,验证集,工况1,0.9476515528980431
2024-05-06 04:41:00,验证集,工况1,0.9984069046243718
2024-05-06 04:42:00,验证集,工况4,0.7369922979460436
2024-05-06 04:43:00,验证集,工况1,0.9216819269964582
2024-05-06 04:44:00,验证集,工况4,0.7604641156961504
2024-05-06 04:45:00,验证集,工况1,0.8963374962439921
2024-05-06 04:46:00,验证集,工况3,0.49943954463160717
2024-05-06 04:47:00,验证集,工况3,0.5650301156082556
2024-05-06 04:48:00,验证集,工况4,0.6441666155751631
2024-05-06 04:49:00,验证集,工况3,0.967204035584543
2024-05-06 04:50:00,验证集,工况1,0.8787410716848877
2024-05-06 04:51:00,验证集,工况3,0.5640939596493268
2024-05-06 04:52:00,验证集,工况1,0.7522013790494514
2024-05-06 04:53:00,验证集,工况4,0.5080592898799513
2024-05-06 04:54:00,验证集,工况4,0.7700756466793081
2024-05-06 04:55:00,验证集,工况4,0.5902480865172509
2024-05-06 04:56:00,验证集,工况4,0.764565330152121
2024-05-06 04:57:00,验证集,工况3,0.9915364191356578
2024-05-06 04:58:00,验证集,工况1,0.8610031301673017
2024-05-06 04:59:00,验证集,工况3,0.7016311227643018
2024-05-06 05:00:00,验证集,工况1,0.8109492719755914
2024-05-06 05:01:00,验证集,工况1,0.7770786316661158
2024-05-06 05:02:00,验证集,工况3,0.588135764968273
2024-05-06 05:03:00,验证集,工况1,0.747757588554151
2024-05-06 05:04:00,验证集,工况4,0.8284709606732149
2024-05-06 05:05:00,验证集,工况1,0.9916923365245611
2024-05-06 05:06:00,验证集,工况3,0.709914491433236
2024-05-06 05:07:00,验证集,工况4,0.6339614118234057
2024-05-06 05:08:00,验证集,工况4,0.8593837812647104
2024-05-06 05:09:00,验证集,工况1,0.9178395291320627
2024-05-06 05:10:00,验证集,工况1,0.7634602583879904
2024-05-06 05:11:00,验证集,工况3,0.9211847738131371
2024-05-06 05:12:00,验证集,工况1,0.8458668059559089
2024-05-06 05:13:00,验证集,工况4,0.6846276285335051
2024-05-06 05:14:00,验证集,工况4,0.7897930869696674
2024-05-06 05:15:00,验证集,工况3,0.7978179518413591
2024-05-06 05:16:00,验证集,工况1,0.6392147133771711
2024-05-06 05:17:00,验证集,工况1,0.5579289335347227
2024-05-06 05:18:00,验证集,工况1,0.8016381209658795
2024-05-06 05:19:00,验证集,工况1,0.9689423724985107
2024-05-06 05:20:00,验证集,工况3,0.518292139273802
2024-05-06 05:21:00,验证集,工况4,0.9025736454487728
2024-05-06 05:22:00,验证集,工况4,0.6520856028277178
2024-05-06 05:23:00,验证集,工况4,0.4437673751432052
2024-05-06 05:24:00,验证集,工况3,0.6301009310022102
2024-05-06 05:25:00,验证集,工况4,0.6943490577605183
2024-05-06 05:26:00,验证集,工况3,0.9354332894156046
2024-05-06 05:27:00,验证集,工况1,0.9212459729652432
2024-05-06 05:28:00,验证集,工况4,0.9008891349089444
2024-05-06 05:29:00,验证集,工况4,0.932930046789771
2024-05-06 05:30:00,验证集,工况3,0.8748604454254871
2024-05-06 05:31:00,验证集,工况3,0.8582207794240595
2024-05-06 05:32:00,验证集,工况1,0.9039693462303189
2024-05-06 05:33:00,验证集,工况1,0.9905538070211747
2024-05-06 05:34:00,验证集,工况1,0.8338562887719626
2024-05-06 05:35:00,验证集,工况4,0.8488050027438336
2024-05-06 05:36:00,验证集,工况4,0.7036436141012785
2024-05-06 05:37:00,验证集,工况4,0.6399763541483471
2024-05-06 05:38:00,验证集,工况4,0.7292001009826146
2024-05-06 05:39:00,验证集,工况1,0.977359793933796
2024-05-06 05:40:00,验证集,工况3,0.6806722874471719
2024-05-06 05:41:00,验证集,工况4,0.685391402925383
2024-05-06 05:42:00,验证集,工况1,0.3853189559696303
2024-05-06 05:43:00,验证集,工况1,0.9078576251828945
2024-05-06 05:44:00,验证集,工况3,0.979377416839011
2024-05-06 05:45:00,验证集,工况3,0.7083939628150017
2024-05-06 05:46:00,验证集,工况1,0.9811397075758461
2024-05-06 05:47:00,验证集,工况1,0.9985817377404177
2024-05-06 05:48:00,验证集,工况1,0.9562107548256036
2024-05-06 05:49:00,验证集,工况3,0.9874563069532409
2024-05-06 05:50:00,验证集,工况3,0.5399823155475433
2024-05-06 05:51:00,验证集,工况1,0.9995412920382645
2024-05-06 05:52:00,验证集,工况4,0.8942669176089614
2024-05-06 05:53:00,验证集,工况4,0.5955827385122288
2024-05-06 05:54:00,验证集,工况3,0.9272689370204786
2024-05-06 05:55:00,验证集,工况1,0.950652340023503
2024-05-06 05:56:00,验证集,工况3,0.7684826832563868
2024-05-06 05:57:00,验证集,工况1,0.6798313523227217
2024-05-06 05:58:00,验证集,工况1,0.7434927177449898
2024-05-06 05:59:00,验证集,工况4,0.585770956408441
2024-05-06 06:00:00,验证集,工况4,0.7212119040057304
2024-05-06 06:01:00,验证集,工况4,0.6670307147236956
2024-05-06 06:02:00,验证集,工况3,0.5014607064611486
2024-05-06 06:03:00,验证集,工况1,0.7612446989963325
2024-05-06 06:04:00,验证集,工况3,0.7527862327293532
2024-05-06 06:05:00,验证集,工况4,0.837006429169981
2024-05-06 06:06:00,验证集,工况4,0.7208827521726796
2024-05-06 06:07:00,验证集,工况1,0.6176980138923825
2024-05-06 06:08:00,验证集,工况1,0.9823526567110137
2024-05-06 06:09:00,验证集,工况1,0.7599372980558008
2024-05-06 06:10:00,验证集,工况4,0.7019755362295198
2024-05-06 06:11:00,验证集,工况4,0.6458377750637607
2024-05-06 06:12:00,验证集,工况1,0.8251106109405477
2024-05-06 06:13:00,验证集,工况3,0.9556248149578082
2024-05-06 06:14:00,验证集,工况1,0.5101846716372341
2024-05-06 06:15:00,验证集,工况4,0.5035135906669335
2024-05-06 06:16:00,验证集,工况4,0.61255036066009
2024-05-06 06:17:00,验证集,工况1,0.9800072577775295
2024-05-06 06:18:00,验证集,工况4,0.5960833729854712
2024-05-06 06:19:00,验证集,工况1,0.831505352341435
2024-05-06 06:20:00,验证集,工况3,0.9827533728123469
2024-05-06 06:21:00,验证集,工况3,0.8144383878794146
2024-05-06 06:22:00,验证集,工况4,0.5733070509659397
2024-05-06 06:23:00,验证集,工况3,0.7740081197004494
2024-05-06 06:24:00,验证集,工况3,0.9715522874172393
2024-05-06 06:25:00,验证集,工况4,0.7919853760608611
2024-05-06 06:26:00,验证集,工况1,0.6300755794528506
2024-05-06 06:27:00,验证集,工况1,0.985152141529643
2024-05-06 06:28:00,验证集,工况3,0.5437958561928327
2024-05-06 06:29:00,验证集,工况4,0.5982592492673475
2024-05-06 06:30:00,验证集,工况4,0.5977671285896421
2024-05-06 06:31:00,验证集,工况1,0.4523693374009719
2024-05-06 06:32:00,验证集,工况4,0.6751596353309428
2024-05-06 06:33:00,验证集,工况4,0.5694057239234575
2024-05-06 06:34:00,验证集,工况3,0.7793521438736839
2024-05-06 06:35:00,验证集,工况4,0.7521224485080507
2024-05-06 06:36:00,验证集,工况4,0.896526248238727
2024-05-06 06:37:00,验证集,工况4,0.6671654275621219
2024-05-06 06:38:00,验证集,工况3,0.8480026356869117
2024-05-06 06:39:00,验证集,工况1,0.8222228715947786
2024-05-06 06:40:00,验证集,工况4,0.5713656292945707
2024-05-06 06:41:00,验证集,工况4,0.5720621388362059
2024-05-06 06:42:00,验证集,工况1,0.9577626684803178
2024-05-06 06:43:00,验证集,工况4,0.5380493685208841
2024-05-06 06:44:00,验证集,工况1,0.8884741578391523
2024-05-06 06:45:00,验证集,工况1,0.9322999300669204
2024-05-06 06:46:00,验证集,工况4,0.7604950923986112
2024-05-06 06:47:00,验证集,工况4,0.8657873697719424
2024-05-06 06:48:00,验证集,工况4,0.7289383790927821
2024-05-06 06:49:00,验证集,工况4,0.7687268739129419
2024-05-06 06:50:00,验证集,工况1,0.903146219047272
2024-05-06 06:51:00,验证集,工况4,0.6161993534567637
2024-05-06 06:52:00,验证集,工况1,0.8161456818998393
2024-05-06 06:53:00,验证集,工况3,0.5785917356871154
2024-05-06 06:54:00,验证集,工况3,0.7803179035826361
2024-05-06 06:55:00,验证集,工况4,0.8505961488862823
2024-05-06 06:56:00,验证集,工况3,0.9262044734206575
2024-05-06 06:57:00,验证集,工况3,0.9805691261471319
2024-05-06 06:58:00,验证集,工况4,0.8373334597539049
2024-05-06 06:59:00,验证集,工况3,0.6658322982780606
2024-05-06 07:00:00,验证集,工况4,0.5846274254208529
2024-05-06 07:01:00,验证集,工况4,0.6931548556080126
2024-05-06 07:02:00,验证集,工况1,0.8763502949695322
2024-05-06 07:03:00,验证集,工况1,0.7209030080318215
2024-05-06 07:04:00,验证集,工况3,0.8343999938712648
2024-05-06 07:05:00,验证集,工况1,0.9245827240801952
2024-05-06 07:06:00,验证集,工况3,0.5289771461831563
2024-05-06 07:07:00,验证集,工况3,0.9154984569572362
2024-05-06 07:08:00,验证集,工况4,0.6967787113760069
2024-05-06 07:09:00,验证集,工况1,0.9242357144050362
2024-05-06 07:10:00,验证集,工况1,0.9983773015428581
2024-05-06 07:11:00,验证集,工况1,0.5889636973176229
2024-05-06 07:12:00,验证集,工况1,0.8476368400814647
2024-05-06 07:13:00,验证集,工况3,0.6699814649175719
2024-05-06 07:14:00,验证集,工况3,0.9931222630126592
2024-05-06 07:15:00,验证集,工况1,0.7694939057413294
2024-05-06 07:16:00,验证集,工况1,0.8803011432278725
2024-05-06 07:17:00,验证集,工况4,0.7600938710454501
2024-05-06 07:18:00,验证集,工况3,0.9768620190938356
2024-05-06 07:19:00,验证集,工况4,0.8997768002515858
2024-05-06 07:20:00,验证集,工况4,0.76195647811951
2024-05-06 07:21:00,验证集,工况1,0.8218910104395941
2024-05-06 07:22:00,验证集,工况3,0.632280525431113
2024-05-06 07:23:00,验证集,工况3,0.9746593588113737
2024-05-06 07:24:00,验证集,工况3,0.5862851220839884
2024-05-06 07:25:00,验证集,工况4,0.8684622957745106
2024-05-06 07:26:00,验证集,工况4,0.5105373198928863
2024-05-06 07:27:00,验证集,工况3,0.866972372950151
2024-05-06 07:28:00,验证集,工况4,0.6488930790602089
2024-05-06 07:29:00,验证集,工况4,0.8715457753651723
2024-05-06 07:30:00,验证集,工况3,0.996556859248271
2024-05-06 07:31:00,验证集,工况4,0.6731185579814248
2024-05-06 07:32:00,验证集,工况1,0.6204894444237665
2024-05-06 07:33:00,验证集,工况4,0.46020564028136013
2024-05-06 07:34:00,验证集,工况3,0.6759673294913451
2024-05-06 07:35:00,验证集,工况1,0.8713252955787181
2024-05-06 07:36:00,验证集,工况1,0.6732026114924269
2024-05-06 07:37:00,验证集,工况4,0.8575728792362972
2024-05-06 07:38:00,验证集,工况4,0.39972339667763834
2024-05-06 07:39:00,验证集,工况4,0.49938085478920197
2024-05-06 07:40:00,验证集,工况3,0.7928192477520809
2024-05-06 07:41:00,验证集,工况1,0.5915562987288521
2024-05-06 07:42:00,验证集,工况4,0.5651985841793437
2024-05-06 07:43:00,验证集,工况3,0.9541461826652239
2024-05-06 07:44:00,验证集,工况3,0.6766021296451136
2024-05-06 07:45:00,验证集,工况3,0.9552338945195539
2024-05-06 07:46:00,验证集,工况1,0.9667812978263111
2024-05-06 07:47:00,验证集,工况4,0.9737231904665241
2024-05-06 07:48:00,验证集,工况1,0.9778246446952596
2024-05-06 07:49:00,验证集,工况1,0.6711551528223751
2024-05-06 07:50:00,验证集,工况3,0.5932470694412051
2024-05-06 07:51:00,验证集,工况4,0.6619855384888842
2024-05-06 07:52:00,验证集,工况1,0.6804379796729534
2024-05-06 07:53:00,验证集,工况1,0.9323212219075253
2024-05-06 07:54:00,验证集,工况4,0.5963586433749712
2024-05-06 07:55:00,验证集,工况4,0.9463188653641487
2024-05-06 07:56:00,验证集,工况4,0.7241241130511948
2024-05-06 07:57:00,验证集,工况3,0.8902768677481391
2024-05-06 07:58:00,验证集,工况4,0.8797448525007975
2024-05-06 07:59:00,验证集,工况4,0.5172364671389648
2024-05-06 08:00:00,验证集,工况3,0.8432367862051168
2024-05-06 08:01:00,验证集,工况1,0.5005084693768278
2024-05-06 08:02:00,验证集,工况3,0.664489599910887
2024-05-06 08:03:00,验证集,工况3,0.9564183514378594
2024-05-06 08:04:00,验证集,工况3,0.6253628172743878
2024-05-06 08:05:00,验证集,工况3,0.9023115233850691
2024-05-06 08:06:00,验证集,工况1,0.6618510217805593
2024-05-06 08:07:00,验证集,工况4,0.43872375363133215
2024-05-06 08:08:00,验证集,工况3,0.9586746169944248
2024-05-06 08:09:00,验证集,工况4,0.7072797328849844
2024-05-06 08:10:00,验证集,工况1,0.91855168845389
2024-05-06 08:11:00,验证集,工况3,0.8387045238880858
2024-05-06 08:12:00,验证集,工况3,0.9970675221542904
2024-05-06 08:13:00,验证集,工况4,0.5297506640185077
2024-05-06 08:14:00,验证集,工况3,0.9793390993201104
2024-05-06 08:15:00,验证集,工况3,0.8311153068591408
2024-05-06 08:16:00,验证集,工况3,0.9612218828481922
2024-05-06 08:17:00,验证集,工况4,0.8234827329696606
2024-05-06 08:18:00,验证集,工况3,0.5718392181132518
2024-05-06 08:19:00,验证集,工况3,0.5990530334873346
2024-05-06 08:20:00,验证集,工况3,0.97220188763609
2024-05-06 08:21:00,验证集,工况3,0.8605402795969116
2024-05-06 08:22:00,验证集,工况4,0.6657585896292957
2024-05-06 08:23:00,验证集,工况3,0.7928870744410119
2024-05-06 08:24:00,验证集,工况1,0.6781544196885961
2024-05-06 08:25:00,验证集,工况4,0.74598727221934
2024-05-06 08:26:00,验证集,工况3,0.9839659186845234
2024-05-06 08:27:00,验证集,工况4,0.5456755970334342
2024-05-06 08:28:00,验证集,工况3,0.9190519220850271
2024-05-06 08:29:00,验证集,工况4,0.8244785621116295
2024-05-06 08:30:00,验证集,工况3,0.8357299155682051
2024-05-06 08:31:00,验证集,工况4,0.8606876289191162
2024-05-06 08:32:00,验证集,工况3,0.5113090300267706
2024-05-06 08:33:00,验证集,工况3,0.7079495307596259
2024-05-06 08:34:00,验证集,工况3,0.8651862863331307
2024-05-06 08:35:00,验证集,工况3,0.906405848916657
2024-05-06 08:36:00,验证集,工况3,0.7644130735373834
2024-05-06 08:37:00,验证集,工况3,0.4750021824864543
2024-05-06 08:38:00,验证集,工况4,0.6398451229360584
2024-05-06 08:39:00,验证集,工况4,0.6911487349974159
2024-05-06 08:40:00,验证集,工况3,0.6242717488267691
2024-05-06 08:41:00,验证集,工况3,0.9849397631518936
2024-05-06 08:42:00,验证集,工况3,0.6182941639670378
2024-05-06 08:43:00,验证集,工况3,0.8987273010020652
2024-05-06 08:44:00,验证集,工况3,0.9917432668476315
2024-05-06 08:45:00,验证集,工况4,0.8731626198614226
2024-05-06 08:46:00,验证集,工况4,0.8857643655089947
2024-05-06 08:47:00,验证集,工况3,0.6619604083337491
2024-05-06 08:48:00,验证集,工况3,0.6069455797700647
2024-05-06 08:49:00,验证集,工况4,0.5693256151390252
2024-05-06 08:50:00,验证集,工况3,0.9657441340792445
2024-05-06 08:51:00,验证集,工况3,0.5287924576393479
2024-05-06 08:52:00,验证集,工况3,0.6685573134716274
2024-05-06 08:53:00,验证集,工况4,0.6052709650413984
2024-05-06 08:54:00,验证集,工况4,0.5052897977634766
2024-05-06 08:55:00,验证集,工况4,0.5813158556068652
2024-05-06 08:56:00,验证集,工况3,0.999923017237873
2024-05-06 08:57:00,验证集,工况3,0.9915810808701679
2024-05-06 08:58:00,验证集,工况4,0.5128649886632412
2024-05-06 08:59:00,验证集,工况3,0.9918714190050103
2024-05-06 09:00:00,验证集,工况3,0.7930293456382896
2024-05-06 09:01:00,验证集,工况3,0.9515244990385228
2024-05-06 09:02:00,验证集,工况4,0.7463622486372937
2024-05-06 09:03:00,验证集,工况3,0.9891587059395893
2024-05-06 09:04:00,验证集,工况4,0.4204329780815567
2024-05-06 09:05:00,验证集,工况4,0.7279287212017905
2024-05-06 09:06:00,验证集,工况3,0.9978764157851446
2024-05-06 09:07:00,验证集,工况3,0.8162269174160572
2024-05-06 09:08:00,验证集,工况3,0.8772054136368256
2024-05-06 09:09:00,验证集,工况3,0.9496056502998613
2024-05-06 09:10:00,验证集,工况3,0.968112998528695
2024-05-06 09:11:00,验证集,工况3,0.9678757157163259
2024-05-06 09:12:00,验证集,工况3,0.934848645338285
2024-05-06 09:13:00,验证集,工况3,0.593391387374234
2024-05-06 09:14:00,验证集,工况3,0.7425855300131329
2024-05-06 09:15:00,验证集,工况3,0.6975951312537099
2024-05-06 09:16:00,验证集,工况4,0.6338010359956777
2024-05-06 09:17:00,验证集,工况3,0.9989363091220445
2024-05-06 09:18:00,验证集,工况4,0.6782291664669022
2024-05-06 09:19:00,验证集,工况3,0.6821948676020358
2024-05-06 09:20:00,验证集,工况1,0.737182453502293
2024-05-06 09:21:00,验证集,工况3,0.7911461584589511
2024-05-06 09:22:00,验证集,工况4,0.8736127882446598
2024-05-06 09:23:00,验证集,工况3,0.8530629927052245
2024-05-06 09:24:00,验证集,工况3,0.9961991089056977
2024-05-06 09:25:00,验证集,工况3,0.5589996616153616
2024-05-06 09:26:00,验证集,工况3,0.9999246689659707
2024-05-06 09:27:00,验证集,工况3,0.9319336827809316
2024-05-06 09:28:00,验证集,工况3,0.9753409037877926
2024-05-06 09:29:00,验证集,工况3,0.9931642072251317
2024-05-06 09:30:00,验证集,工况3,0.9294245988324472
2024-05-06 09:31:00,验证集,工况4,0.521945758270479
2024-05-06 09:32:00,验证集,工况4,0.7045907180120079
2024-05-06 09:33:00,验证集,工况3,0.9550354461005246
2024-05-06 09:34:00,验证集,工况3,0.7804895023048848
2024-05-06 09:35:00,验证集,工况1,0.5065800065786854
2024-05-06 09:36:00,验证集,工况3,0.989513159888382
2024-05-06 09:37:00,验证集,工况4,0.8465884729680565
2024-05-06 09:38:00,验证集,工况1,0.5876893815991581
2024-05-06 09:39:00,验证集,工况4,0.7906081379723163
2024-05-06 09:40:00,验证集,工况3,0.9386542205393866
2024-05-06 09:41:00,验证集,工况3,0.9831065443485842
2024-05-06 09:42:00,验证集,工况3,0.8761038300825905
2024-05-06 09:43:00,验证集,工况3,0.9999239185194481
2024-05-06 09:44:00,验证集,工况3,0.5798362884825604
2024-05-06 09:45:00,验证集,工况4,0.5157668851493042
2024-05-06 09:46:00,验证集,工况3,0.9961415832509299
2024-05-06 09:47:00,验证集,工况4,0.7720210256663032
2024-05-06 09:48:00,验证集,工况3,0.9987107624191748
2024-05-06 09:49:00,验证集,工况3,0.5255573046845479
2024-05-06 09:50:00,验证集,工况3,0.9352516778867931
2024-05-06 09:51:00,验证集,工况4,0.6652108205802912
2024-05-06 09:52:00,验证集,工况4,0.8274622300651324
2024-05-06 09:53:00,验证集,工况4,0.5187558889789292
2024-05-06 09:54:00,验证集,工况3,0.986607306986679
2024-05-06 09:55:00,验证集,工况3,0.9959789245202896
2024-05-06 09:56:00,验证集,工况4,0.8174972925581985
2024-05-06 09:57:00,验证集,工况4,0.6984359170251595
2024-05-06 09:58:00,验证集,工况3,0.9950035339481523
2024-05-06 09:59:00,验证集,工况4,0.9322586526163621
2024-05-06 10:00:00,验证集,工况4,0.8266064758854702
2024-05-06 10:01:00,验证集,工况3,0.6572716953650107
2024-05-06 10:02:00,验证集,工况4,0.7926528108429209
2024-05-06 10:03:00,验证集,工况3,0.8057311500290211
2024-05-06 10:04:00,验证集,工况3,0.6926275753946488
2024-05-06 10:05:00,验证集,工况3,0.5660273595720128
2024-05-06 10:06:00,验证集,工况3,0.9910482952171303
2024-05-06 10:07:00,验证集,工况3,0.9969244785810547
2024-05-06 10:08:00,验证集,工况3,0.9993639682400625
2024-05-06 10:09:00,验证集,工况4,0.8044642521153822
2024-05-06 10:10:00,验证集,工况3,0.9993693110947135
2024-05-06 10:11:00,验证集,工况3,0.5625083331758324
2024-05-06 10:12:00,验证集,工况3,0.9299162856342226
2024-05-06 10:13:00,验证集,工况3,0.8191576689841468
2024-05-06 10:14:00,验证集,工况4,0.6433913428467887
2024-05-06 10:15:00,验证集,工况3,0.9651415171712666
2024-05-06 10:16:00,验证集,工况4,0.6594492471272374
2024-05-06 10:17:00,验证集,工况4,0.62191468815826
2024-05-06 10:18:00,验证集,工况3,0.7553159833546911
2024-05-06 10:19:00,验证集,工况3,0.9767848146059183
2024-05-06 10:20:00,验证集,工况3,0.9949120869547732
2024-05-06 10:21:00,验证集,工况3,0.9732869586637568
2024-05-06 10:22:00,验证集,工况3,0.7054084774420648
2024-05-06 10:23:00,验证集,工况3,0.7814863755284466
2024-05-06 10:24:00,验证集,工况3,0.975018231755736
2024-05-06 10:25:00,验证集,工况3,0.7564949253784204
2024-05-06 10:26:00,验证集,工况3,0.5893352468427876
2024-05-06 10:27:00,验证集,工况4,0.5200645624501417
2024-05-06 10:28:00,验证集,工况3,0.938602350835585
2024-05-06 10:29:00,验证集,工况4,0.7081284212600231
2024-05-06 10:30:00,验证集,工况3,0.8977159388894018
2024-05-06 10:31:00,验证集,工况3,0.9918006315564156
2024-05-06 10:32:00,验证集,工况3,0.9665054101357975
2024-05-06 10:33:00,验证集,工况3,0.922720256002116
2024-05-06 10:34:00,验证集,工况3,0.9502209123886127
2024-05-06 10:35:00,验证集,工况4,0.7795968595783036
2024-05-06 10:36:00,验证集,工况3,0.855556453625224
2024-05-06 10:37:00,验证集,工况3,0.547765608057831
2024-05-06 10:38:00,验证集,工况3,0.969971655822373
2024-05-06 10:39:00,验证集,工况4,0.5884009444513839
2024-05-06 10:40:00,验证集,工况4,0.556054844511671
2024-05-06 10:41:00,验证集,工况4,0.6163763953785933
2024-05-06 10:42:00,验证集,工况3,0.7922749273729088
2024-05-06 10:43:00,验证集,工况3,0.9663643720575751
2024-05-06 10:44:00,验证集,工况3,0.9959068060621858
2024-05-06 10:45:00,验证集,工况3,0.9910279587646665
2024-05-06 10:46:00,验证集,工况3,0.8464594633206658
2024-05-06 10:47:00,验证集,工况3,0.9816658443065702
2024-05-06 10:48:00,验证集,工况1,0.8779172220541936
2024-05-06 10:49:00,验证集,工况4,0.8225095002048984
2024-05-06 10:50:00,验证集,工况3,0.9999110415366858
2024-05-06 10:51:00,验证集,工况3,0.9499007448109766
2024-05-06 10:52:00,验证集,工况3,0.8729239398429842
2024-05-06 10:53:00,验证集,工况3,0.9943515918627958
2024-05-06 10:54:00,验证集,工况4,0.7068303716776297
2024-05-06 10:55:00,验证集,工况4,0.8171250977027957
2024-05-06 10:56:00,验证集,工况4,0.5671434957470343
2024-05-06 10:57:00,验证集,工况4,0.698373327359262
2024-05-06 10:58:00,验证集,工况4,0.9094326184523249
2024-05-06 10:59:00,验证集,工况3,0.5658376409690464
2024-05-06 11:00:00,验证集,工况3,0.9992191892477494
2024-05-06 11:01:00,验证集,工况3,0.6557827964633444
2024-05-06 11:02:00,验证集,工况3,0.7871186763000392
2024-05-06 11:03:00,验证集,工况4,0.6149687501769396
2024-05-06 11:04:00,验证集,工况4,0.6650736025839784
2024-05-06 11:05:00,验证集,工况3,0.8609993564497764
2024-05-06 11:06:00,验证集,工况3,0.9916610087631722
2024-05-06 11:07:00,验证集,工况3,0.9880203582604815
2024-05-06 11:08:00,验证集,工况3,0.8500420837123557
2024-05-06 11:09:00,验证集,工况3,0.9877264177122893
2024-05-06 11:10:00,验证集,工况3,0.9277805317676047
2024-05-06 11:11:00,验证集,工况3,0.9990008784459442
2024-05-06 11:12:00,验证集,工况3,0.9999864054864115
2024-05-06 11:13:00,验证集,工况3,0.5911442989015523
2024-05-06 11:14:00,验证集,工况3,0.9999832858075169
2024-05-06 11:15:00,验证集,工况3,0.7843739754890268
2024-05-06 11:16:00,验证集,工况4,0.7013741935103727
2024-05-06 11:17:00,验证集,工况3,0.9883623381216551
2024-05-06 11:18:00,验证集,工况4,0.5031921186876598
2024-05-06 11:19:00,验证集,工况3,0.9982808315212415
2024-05-06 11:20:00,验证集,工况4,0.7193199323232483
2024-05-06 11:21:00,验证集,工况3,0.9351127310355284
2024-05-06 11:22:00,验证集,工况3,0.9997252629276404
2024-05-06 11:23:00,验证集,工况3,0.9692427484037384
2024-05-06 11:24:00,验证集,工况3,0.8736127921228887
2024-05-06 11:25:00,验证集,工况3,0.9972798152151193
2024-05-06 11:26:00,验证集,工况3,0.9985567407895118
2024-05-06 11:27:00,验证集,工况3,0.7783212945337475
2024-05-06 11:28:00,验证集,工况3,0.9949731878836762
2024-05-06 11:29:00,验证集,工况3,0.9805716111988112
2024-05-06 11:30:00,验证集,工况4,0.46380766181057326
2024-05-06 11:31:00,验证集,工况3,0.9950091971530505
2024-05-06 11:32:00,验证集,工况4,0.7667076611430419
2024-05-06 11:33:00,验证集,工况4,0.8037768180931442
2024-05-06 11:34:00,验证集,工况4,0.9069526872429942
2024-05-06 11:35:00,验证集,工况3,0.7458485257740654
2024-05-06 11:36:00,验证集,工况1,0.5746197890659889
2024-05-06 11:37:00,验证集,工况3,0.9818459067176359
2024-05-06 11:38:00,验证集,工况3,0.6253063994384294
2024-05-06 11:39:00,验证集,工况3,0.9109175983801949
2024-05-06 11:40:00,验证集,工况1,0.5299436702835982
2024-05-06 11:41:00,验证集,工况4,0.7928079077094375
2024-05-06 11:42:00,验证集,工况3,0.9320793789094739
2024-05-06 11:43:00,验证集,工况4,0.8946183982449458
2024-05-06 11:44:00,验证集,工况3,0.9905615514882108
2024-05-06 11:45:00,验证集,工况3,0.8138866288903851
2024-05-06 11:46:00,验证集,工况3,0.8511199723101066
2024-05-06 11:47:00,验证集,工况3,0.7042199957053632
2024-05-06 11:48:00,验证集,工况3,0.9980729132394408
2024-05-06 11:49:00,验证集,工况3,0.995248660003498
2024-05-06 11:50:00,验证集,工况3,0.9659124375081195
2024-05-06 11:51:00,验证集,工况3,0.793648608086381
2024-05-06 11:52:00,验证集,工况3,0.9820467040738261
2024-05-06 11:53:00,验证集,工况3,0.9863922841343121
2024-05-06 11:54:00,验证集,工况3,0.9331650507676632
2024-05-06 11:55:00,验证集,工况3,0.911130804025977
2024-05-06 11:56:00,验证集,工况3,0.9965984192807895
2024-05-06 11:57:00,验证集,工况3,0.9353740906662383
2024-05-06 11:58:00,验证集,工况3,0.9553193373125499
2024-05-06 11:59:00,验证集,工况3,0.902602111344634
2024-05-06 12:00:00,验证集,工况3,0.9978998876310882
2024-05-06 12:01:00,验证集,工况3,0.9985917766051273
2024-05-06 12:02:00,验证集,工况3,0.8880556961465877
2024-05-06 12:03:00,验证集,工况3,0.9995292814629806
2024-05-06 12:04:00,验证集,工况1,0.635301482201739
2024-05-06 12:05:00,验证集,工况3,0.9642696803523951
2024-05-06 12:06:00,验证集,工况3,0.8288783016468335
2024-05-06 12:07:00,验证集,工况3,0.9960345460389944
2024-05-06 12:08:00,验证集,工况3,0.9908706131761039
2024-05-06 12:09:00,验证集,工况4,0.8486602490125096
2024-05-06 12:10:00,验证集,工况3,0.8423340491658408
2024-05-06 12:11:00,验证集,工况3,0.9843085099516546
2024-05-06 12:12:00,验证集,工况4,0.45153676320498365
2024-05-06 12:13:00,验证集,工况3,0.9994165966501487
2024-05-06 12:14:00,验证集,工况3,0.8373792422184179
2024-05-06 12:15:00,验证集,工况3,0.9961171686190877
2024-05-06 12:16:00,验证集,工况3,0.5091575375976013
2024-05-06 12:17:00,验证集,工况3,0.9999932526985251
2024-05-06 12:18:00,验证集,工况3,0.9992918705554396
2024-05-06 12:19:00,验证集,工况3,0.9973353000726571
2024-05-06 12:20:00,验证集,工况4,0.6008747168542208
2024-05-06 12:21:00,验证集,工况3,0.6769244685112782
2024-05-06 12:22:00,验证集,工况3,0.9959289377515725
2024-05-06 12:23:00,验证集,工况3,0.9865345261878163
2024-05-06 12:24:00,验证集,工况3,0.9785860096990915
2024-05-06 12:25:00,验证集,工况3,0.5032527149363725
2024-05-06 12:26:00,验证集,工况3,0.9958596810176886
2024-05-06 12:27:00,验证集,工况3,0.9978154028496566
2024-05-06 12:28:00,验证集,工况3,0.9966053690228609
2024-05-06 12:29:00,验证集,工况3,0.9750195575737445
2024-05-06 12:30:00,验证集,工况4,0.5741222697206736
2024-05-06 12:31:00,验证集,工况3,0.9972831820614431
2024-05-06 12:32:00,验证集,工况3,0.8984476965696379
2024-05-06 12:33:00,验证集,工况4,0.7864488014916932
2024-05-06 12:34:00,验证集,工况3,0.9971364948975984
2024-05-06 12:35:00,验证集,工况3,0.9999248951160776
2024-05-06 12:36:00,验证集,工况3,0.9957236221763022
2024-05-06 12:37:00,验证集,工况3,0.9997555991218368
2024-05-06 12:38:00,验证集,工况3,0.8135734573168193
2024-05-06 12:39:00,验证集,工况3,0.9945142264137943
2024-05-06 12:40:00,验证集,工况4,0.6314579055345081
2024-05-06 12:41:00,验证集,工况3,0.9999794885415807
2024-05-06 12:42:00,验证集,工况3,0.8803277218961597
2024-05-06 12:43:00,验证集,工况3,0.9754671040564065
2024-05-06 12:44:00,验证集,工况3,0.8978187359571381
2024-05-06 12:45:00,验证集,工况3,0.9976401908980715
2024-05-06 12:46:00,验证集,工况3,0.998854670784522
2024-05-06 12:47:00,验证集,工况3,0.9764993004154001
2024-05-06 12:48:00,验证集,工况3,0.9902428090697534
2024-05-06 12:49:00,验证集,工况3,0.9993237980706121
2024-05-06 12:50:00,验证集,工况3,0.9995444988802478
2024-05-06 12:51:00,验证集,工况3,0.9969163136857485
2024-05-06 12:52:00,验证集,工况4,0.5244638923095907
2024-05-06 12:53:00,验证集,工况3,0.8764416870047265
2024-05-06 12:54:00,验证集,工况3,0.980753209003628
2024-05-06 12:55:00,验证集,工况3,0.9605776891295845
2024-05-06 12:56:00,验证集,工况3,0.9575218502399019
2024-05-06 12:57:00,验证集,工况3,0.9993042110789631
2024-05-06 12:58:00,验证集,工况3,0.9497987923763195
2024-05-06 12:59:00,验证集,工况3,0.8577400499620708
2024-05-06 13:00:00,验证集,工况4,1.0
2024-05-06 13:01:00,验证集,工况4,1.0
2024-05-06 13:02:00,验证集,工况4,1.0
2024-05-06 13:03:00,验证集,工况4,0.9999988107272737
2024-05-06 13:04:00,验证集,工况4,0.9999999999991473
2024-05-06 13:05:00,验证集,工况4,0.9999999999996874
2024-05-06 13:06:00,验证集,工况4,0.9999999999999858
2024-05-06 13:07:00,验证集,工况4,1.0
2024-05-06 13:08:00,验证集,工况4,0.9999999998851123
2024-05-06 13:09:00,验证集,工况4,0.9999999999999858
2024-05-06 13:10:00,验证集,工况4,0.9999999490167268
2024-05-06 13:11:00,验证集,工况4,1.0
2024-05-06 13:12:00,验证集,工况4,0.9999999970415843
2024-05-06 13:13:00,验证集,工况4,0.9999999999999716
2024-05-06 13:14:00,验证集,工况4,1.0
2024-05-06 13:15:00,验证集,工况4,0.9999959735418205
2024-05-06 13:16:00,验证集,工况4,1.0
2024-05-06 13:17:00,验证集,工况4,1.0
2024-05-06 13:18:00,验证集,工况4,0.9999999999997158
2024-05-06 13:19:00,验证集,工况4,0.9999997870862898
2024-05-06 13:20:00,验证集,工况4,0.9999999999772271
2024-05-06 13:21:00,验证集,工况4,1.0
2024-05-06 13:22:00,验证集,工况4,1.0
2024-05-06 13:23:00,验证集,工况4,0.9999999996381206
2024-05-06 13:24:00,验证集,工况4,0.9999999998037197
2024-05-06 13:25:00,验证集,工况4,0.9999999999999005
2024-05-06 13:26:00,验证集,工况4,1.0
2024-05-06 13:27:00,验证集,工况4,0.9999999791416843
2024-05-06 13:28:00,验证集,工况4,1.0
2024-05-06 13:29:00,验证集,工况4,0.9999999999953246
2024-05-06 13:30:00,验证集,工况4,1.0
2024-05-06 13:31:00,验证集,工况4,1.0
2024-05-06 13:32:00,验证集,工况4,1.0
2024-05-06 13:33:00,验证集,工况4,0.9999999997311235
2024-05-06 13:34:00,验证集,工况4,0.9999999999999574
2024-05-06 13:35:00,验证集,工况4,0.9999999184130848
2024-05-06 13:36:00,验证集,工况4,0.9999999999999858
2024-05-06 13:37:00,验证集,工况4,0.9999999999987779
2024-05-06 13:38:00,验证集,工况4,0.9999998713063801
2024-05-06 13:39:00,验证集,工况4,0.9999999999314895
2024-05-06 13:40:00,验证集,工况4,0.9999999999999218
2024-05-06 13:41:00,验证集,工况4,0.9999999999952465
2024-05-06 13:42:00,验证集,工况4,0.9999999999999716
2024-05-06 13:43:00,验证集,工况4,1.0
2024-05-06 13:44:00,验证集,工况4,1.0
2024-05-06 13:45:00,验证集,工况4,0.9999999873293177
2024-05-06 13:46:00,验证集,工况4,1.0
2024-05-06 13:47:00,验证集,工况4,1.0
2024-05-06 13:48:00,验证集,工况4,0.9999999999998863
2024-05-06 13:49:00,验证集,工况4,0.999999999999936
2024-05-06 13:50:00,验证集,工况4,0.9999999999790106
2024-05-06 13:51:00,验证集,工况4,0.9999999985390104
2024-05-06 13:52:00,验证集,工况4,0.9999999959363635
2024-05-06 13:53:00,验证集,工况4,0.9999999999260751
2024-05-06 13:54:00,验证集,工况4,1.0
2024-05-06 13:55:00,验证集,工况4,0.9999313774585468
2024-05-06 13:56:00,验证集,工况4,1.0
2024-05-06 13:57:00,验证集,工况4,1.0
2024-05-06 13:58:00,验证集,工况4,0.9999999964960722
2024-05-06 13:59:00,验证集,工况4,0.9999999999786553
2024-05-06 14:00:00,验证集,工况4,0.999999992003211
2024-05-06 14:01:00,验证集,工况4,1.0
2024-05-06 14:02:00,验证集,工况4,0.9999999999706546
2024-05-06 14:03:00,验证集,工况4,0.9999999478717014
2024-05-06 14:04:00,验证集,工况4,0.9999999858944051
2024-05-06 14:05:00,验证集,工况4,0.9999999999966747
2024-05-06 14:06:00,验证集,工况4,0.9999999999999432
2024-05-06 14:07:00,验证集,工况4,1.0
2024-05-06 14:08:00,验证集,工况4,1.0
2024-05-06 14:09:00,验证集,工况4,0.9999999999989484
2024-05-06 14:10:00,验证集,工况4,0.9999999999999147
2024-05-06 14:11:00,验证集,工况4,0.9999999999998295
2024-05-06 14:12:00,验证集,工况4,0.9999869811783162
2024-05-06 14:13:00,验证集,工况4,0.9999999999983942
2024-05-06 14:14:00,验证集,工况4,0.9999999999867413
2024-05-06 14:15:00,验证集,工况4,1.0
2024-05-06 14:16:00,验证集,工况4,0.9999999999985789
2024-05-06 14:17:00,验证集,工况4,0.9999999999802043
2024-05-06 14:18:00,验证集,工况4,1.0
2024-05-06 14:19:00,验证集,工况4,0.9999999999998863
2024-05-06 14:20:00,验证集,工况4,0.9999999994957278
2024-05-06 14:21:00,验证集,工况4,0.999999999999801
2024-05-06 14:22:00,验证集,工况4,0.9999999972969249
2024-05-06 14:23:00,验证集,工况4,0.9999999999891287
2024-05-06 14:24:00,验证集,工况4,0.9999999987480948
2024-05-06 14:25:00,验证集,工况4,0.9999999999999432
2024-05-06 14:26:00,验证集,工况4,0.9999999943185145
2024-05-06 14:27:00,验证集,工况4,0.9999999602931248
2024-05-06 14:28:00,验证集,工况4,0.9999999742750706
2024-05-06 14:29:00,验证集,工况4,0.9999999997459668
2024-05-06 14:30:00,验证集,工况4,0.999999999996092
2024-05-06 14:31:00,验证集,工况4,0.9999999996820179
2024-05-06 14:32:00,验证集,工况4,0.9999999999999432
2024-05-06 14:33:00,验证集,工况4,0.999999999882327
2024-05-06 14:34:00,验证集,工况4,0.9999999999990123
2024-05-06 14:35:00,验证集,工况4,0.9999999999999929
2024-05-06 14:36:00,验证集,工况4,1.0
2024-05-06 14:37:00,验证集,工况4,0.9999997091226899
2024-05-06 14:38:00,验证集,工况4,0.9999999994045368
2024-05-06 14:39:00,验证集,工况4,0.9999999978862064
2024-05-06 14:40:00,验证集,工况4,0.9999999996708624
2024-05-06 14:41:00,验证集,工况4,0.9999999999905498
2024-05-06 14:42:00,验证集,工况4,1.0
2024-05-06 14:43:00,验证集,工况4,1.0
2024-05-06 14:44:00,验证集,工况4,1.0
2024-05-06 14:45:00,验证集,工况4,0.999999999999261
2024-05-06 14:46:00,验证集,工况4,0.9999999999999929
2024-05-06 14:47:00,验证集,工况4,0.9999999697142461
2024-05-06 14:48:00,验证集,工况4,0.9999999473112254
2024-05-06 14:49:00,验证集,工况4,0.9999999999994102
2024-05-06 14:50:00,验证集,工况4,0.9999999999482512
2024-05-06 14:51:00,验证集,工况4,0.9999999998896101
2024-05-06 14:52:00,验证集,工况4,1.0
2024-05-06 14:53:00,验证集,工况4,0.9999999999932783
2024-05-06 14:54:00,验证集,工况4,1.0
2024-05-06 14:55:00,验证集,工况4,0.7554053339113221
2024-05-06 14:56:00,验证集,工况4,0.9998087945501892
2024-05-06 14:57:00,验证集,工况4,0.9999999702458386
2024-05-06 14:58:00,验证集,工况4,0.9999946922231293
2024-05-06 14:59:00,验证集,工况4,0.9999999999878497
2024-05-06 15:00:00,验证集,工况3,0.9916008877505007
2024-05-06 15:01:00,验证集,工况3,0.915333854907083
2024-05-06 15:02:00,验证集,工况3,0.9641275261105708
2024-05-06 15:03:00,验证集,工况3,0.9850691806747327
2024-05-06 15:04:00,验证集,工况3,0.983419722017371
2024-05-06 15:05:00,验证集,工况3,0.6362689210867846
2024-05-06 15:06:00,验证集,工况3,0.9813164172969078
2024-05-06 15:07:00,验证集,工况3,0.9988233242837566
2024-05-06 15:08:00,验证集,工况3,0.9997906213390135
2024-05-06 15:09:00,验证集,工况3,0.9942114441432564
2024-05-06 15:10:00,验证集,工况3,0.9802185916312486
2024-05-06 15:11:00,验证集,工况3,0.8879576770336426
2024-05-06 15:12:00,验证集,工况3,0.9303578090531892
2024-05-06 15:13:00,验证集,工况3,0.8242565410040605
2024-05-06 15:14:00,验证集,工况3,0.9246866212061935
2024-05-06 15:15:00,验证集,工况3,0.9713292714546821
2024-05-06 15:16:00,验证集,工况3,0.8961519341354585
2024-05-06 15:17:00,验证集,工况3,0.9982619379169658
2024-05-06 15:18:00,验证集,工况3,0.9958016462723093
2024-05-06 15:19:00,验证集,工况3,0.9984399186932222
2024-05-06 15:20:00,验证集,工况3,0.9975829205443553
2024-05-06 15:21:00,验证集,工况3,0.9447812269033907
2024-05-06 15:22:00,验证集,工况3,0.9933833569985238
2024-05-06 15:23:00,验证集,工况3,0.9775928012632105
2024-05-06 15:24:00,验证集,工况3,0.9864684434966472
2024-05-06 15:25:00,验证集,工况3,0.9998956525856172
2024-05-06 15:26:00,验证集,工况3,0.9993665687175608
2024-05-06 15:27:00,验证集,工况3,0.9667490723054747
2024-05-06 15:28:00,验证集,工况3,0.9963829572895316
2024-05-06 15:29:00,验证集,工况3,0.970500924476289
2024-05-06 15:30:00,验证集,工况3,0.9998851346095831
2024-05-06 15:31:00,验证集,工况3,0.9946581653042414
2024-05-06 15:32:00,验证集,工况3,0.9923168729172701
2024-05-06 15:33:00,验证集,工况3,0.9996544601383651
2024-05-06 15:34:00,验证集,工况3,0.9993262396244788
2024-05-06 15:35:00,验证集,工况3,0.9600457510942093
2024-05-06 15:36:00,验证集,工况3,0.9883392649738613
2024-05-06 15:37:00,验证集,工况3,0.9992673193569314
2024-05-06 15:38:00,验证集,工况3,0.9583096313462854
2024-05-06 15:39:00,验证集,工况3,0.9964183001695599
2024-05-06 15:40:00,验证集,工况3,0.9073490989666131
2024-05-06 15:41:00,验证集,工况3,0.922646939285366
2024-05-06 15:42:00,验证集,工况3,0.5438273709699152
2024-05-06 15:43:00,验证集,工况3,0.9763227581774523
2024-05-06 15:44:00,验证集,工况3,0.9995715946901658
2024-05-06 15:45:00,验证集,工况3,0.9991565342023029
2024-05-06 15:46:00,验证集,工况3,0.9995626026152928
2024-05-06 15:47:00,验证集,工况3,0.9995457708534866
2024-05-06 15:48:00,验证集,工况3,0.9848052822674362
2024-05-06 15:49:00,验证集,工况3,0.9639182937101559
2024-05-06 15:50:00,验证集,工况3,0.9992666828018499
2024-05-06 15:51:00,验证集,工况3,0.9567435555707351
2024-05-06 15:52:00,验证集,工况3,0.9987605466521934
2024-05-06 15:53:00,验证集,工况3,0.8507359424342069
2024-05-06 15:54:00,验证集,工况3,0.999732473057365
2024-05-06 15:55:00,验证集,工况3,0.5820632790132554
2024-05-06 15:56:00,验证集,工况3,0.9996988647433634
2024-05-06 15:57:00,验证集,工况3,0.5800033064165693
2024-05-06 15:58:00,验证集,工况3,0.9990932674521849
2024-05-06 15:59:00,验证集,工况3,0.9536241300058548
2024-05-06 16:00:00,验证集,工况3,0.9934686054815858
2024-05-06 16:01:00,验证集,工况3,0.9998030477831465
2024-05-06 16:02:00,验证集,工况3,0.9994041930331354
2024-05-06 16:03:00,验证集,工况3,0.9985674175607328
2024-05-06 16:04:00,验证集,工况4,0.712816329529028
2024-05-06 16:05:00,验证集,工况3,0.9987134311221398
2024-05-06 16:06:00,验证集,工况3,0.9999385089739378
2024-05-06 16:07:00,验证集,工况3,0.9996276354452355
2024-05-06 16:08:00,验证集,工况3,0.9914477593599073
2024-05-06 16:09:00,验证集,工况3,0.9979882442314495
2024-05-06 16:10:00,验证集,工况3,0.90374020137614
2024-05-06 16:11:00,验证集,工况3,0.9999083175077313
2024-05-06 16:12:00,验证集,工况3,0.9991491126835842
2024-05-06 16:13:00,验证集,工况3,0.9663127017089207
2024-05-06 16:14:00,验证集,工况3,0.9956358060147925
2024-05-06 16:15:00,验证集,工况3,0.9913942786158307
2024-05-06 16:16:00,验证集,工况3,0.9999459434775623
2024-05-06 16:17:00,验证集,工况3,0.999886491909347
2024-05-06 16:18:00,验证集,工况3,0.9975120228498867
2024-05-06 16:19:00,验证集,工况3,0.974113322872979
2024-05-06 16:20:00,验证集,工况3,0.8880790675728958
2024-05-06 16:21:00,验证集,工况3,0.994757760306449
2024-05-06 16:22:00,验证集,工况3,0.9212939722582583
2024-05-06 16:23:00,验证集,工况3,0.9978968984947948
2024-05-06 16:24:00,验证集,工况3,0.9984126252075701
2024-05-06 16:25:00,验证集,工况3,0.9947567964874038
2024-05-06 16:26:00,验证集,工况3,0.9998120478874938
2024-05-06 16:27:00,验证集,工况3,0.9977577046599383
2024-05-06 16:28:00,验证集,工况3,0.9999434346137421
2024-05-06 16:29:00,验证集,工况3,0.9996343653685414
2024-05-06 16:30:00,验证集,工况3,0.9993076936109394
2024-05-06 16:31:00,验证集,工况3,0.7944752749344126
2024-05-06 16:32:00,验证集,工况3,0.9984605208822446
2024-05-06 16:33:00,验证集,工况3,0.9991458755871424
2024-05-06 16:34:00,验证集,工况3,0.9974148123004851
2024-05-06 16:35:00,验证集,工况3,0.999779386013251
2024-05-06 16:36:00,验证集,工况3,0.9997028753964429
2024-05-06 16:37:00,验证集,工况3,0.9991058592606142
2024-05-06 16:38:00,验证集,工况3,0.9999852612983764
2024-05-06 16:39:00,验证集,工况3,0.9943562990551069
2024-05-06 16:40:00,验证集,工况3,0.9998499326503166
2024-05-06 16:41:00,验证集,工况3,0.9998349947380165
2024-05-06 16:42:00,验证集,工况3,0.9964065293663495
2024-05-06 16:43:00,验证集,工况3,0.9288313456171744
2024-05-06 16:44:00,验证集,工况3,0.8769407801240023
2024-05-06 16:45:00,验证集,工况3,0.9957477067200287
2024-05-06 16:46:00,验证集,工况3,0.9951532404306683
2024-05-06 16:47:00,验证集,工况3,0.9532830866477648
2024-05-06 16:48:00,验证集,工况3,0.9969097382375471
2024-05-06 16:49:00,验证集,工况3,0.876113908987123
2024-05-06 16:50:00,验证集,工况3,0.9968990936601867
2024-05-06 16:51:00,验证集,工况3,0.9993859168380215
2024-05-06 16:52:00,验证集,工况3,0.9613705986044336
2024-05-06 16:53:00,验证集,工况3,0.9748475125939127
2024-05-06 16:54:00,验证集,工况3,0.9929051659002036
2024-05-06 16:55:00,验证集,工况3,0.999744739211513
2024-05-06 16:56:00,验证集,工况3,0.9999471331537524
2024-05-06 16:57:00,验证集,工况3,0.7655220574834096
2024-05-06 16:58:00,验证集,工况3,0.9962845610895902
2024-05-06 16:59:00,验证集,工况3,0.8735552268047341
2024-05-06 17:00:00,验证集,工况3,0.925612681067559
2024-05-06 17:01:00,验证集,工况3,0.9999424894269631
2024-05-06 17:02:00,验证集,工况3,0.9998858786857918
2024-05-06 17:03:00,验证集,工况3,0.9992915589409096
2024-05-06 17:04:00,验证集,工况3,0.9998889081976501
2024-05-06 17:05:00,验证集,工况3,0.9869329804345589
2024-05-06 17:06:00,验证集,工况3,0.9977379268821412
2024-05-06 17:07:00,验证集,工况3,0.999935274595923
2024-05-06 17:08:00,验证集,工况3,0.9666505169135621
2024-05-06 17:09:00,验证集,工况3,0.9996316368365006
2024-05-06 17:10:00,验证集,工况3,0.9988420502606433
2024-05-06 17:11:00,验证集,工况3,0.9043791579578713
2024-05-06 17:12:00,验证集,工况3,0.6117795087727109
2024-05-06 17:13:00,验证集,工况3,0.984747234986794
2024-05-06 17:14:00,验证集,工况3,0.9967142209248493
2024-05-06 17:15:00,验证集,工况3,0.9998691161250376
2024-05-06 17:16:00,验证集,工况3,0.9979636114394872
2024-05-06 17:17:00,验证集,工况3,0.5373018833033357
2024-05-06 17:18:00,验证集,工况3,0.9998660610112933
2024-05-06 17:19:00,验证集,工况3,0.9977024422798966
2024-05-06 17:20:00,验证集,工况3,0.9980790185708244
2024-05-06 17:21:00,验证集,工况3,0.9807607376338735
2024-05-06 17:22:00,验证集,工况3,0.9950055320506704
2024-05-06 17:23:00,验证集,工况3,0.9999221024943707
2024-05-06 17:24:00,验证集,工况3,0.9910512705518716
2024-05-06 17:25:00,验证集,工况3,0.9285101929855281
2024-05-06 17:26:00,验证集,工况3,0.9988427150562663
2024-05-06 17:27:00,验证集,工况3,0.9833950216141233
2024-05-06 17:28:00,验证集,工况3,0.8879608582682096
2024-05-06 17:29:00,验证集,工况3,0.9963822235883649
2024-05-06 17:30:00,验证集,工况3,0.9898924362378244
2024-05-06 17:31:00,验证集,工况3,0.5936264388452689
2024-05-06 17:32:00,验证集,工况3,0.9911152362263858
2024-05-06 17:33:00,验证集,工况3,0.9912894369766976
2024-05-06 17:34:00,验证集,工况3,0.9986345929492452
2024-05-06 17:35:00,验证集,工况3,0.9999693207727776
2024-05-06 17:36:00,验证集,工况3,0.9999376078419491
2024-05-06 17:37:00,验证集,工况3,0.977806581258978
2024-05-06 17:38:00,验证集,工况4,0.7387359308124732
2024-05-06 17:39:00,验证集,工况3,0.9984634822113261
2024-05-06 17:40:00,验证集,工况3,0.9917905911414429
2024-05-06 17:41:00,验证集,工况3,0.9996480316213198
2024-05-06 17:42:00,验证集,工况3,0.94798014665841
2024-05-06 17:43:00,验证集,工况3,0.960649746383536
2024-05-06 17:44:00,验证集,工况3,0.9898125292180016
2024-05-06 17:45:00,验证集,工况3,0.9790427637985012
2024-05-06 17:46:00,验证集,工况3,0.9999413422800343
2024-05-06 17:47:00,验证集,工况3,0.6575739696812739
2024-05-06 17:48:00,验证集,工况3,0.9789119847950996
2024-05-06 17:49:00,验证集,工况3,0.9998913233755332
2024-05-06 17:50:00,验证集,工况3,0.9778171053427456
2024-05-06 17:51:00,验证集,工况3,0.9992570413375317
2024-05-06 17:52:00,验证集,工况3,0.9735960162619789
2024-05-06 17:53:00,验证集,工况3,0.960033988585097
2024-05-06 17:54:00,验证集,工况3,0.9929511868359778
2024-05-06 17:55:00,验证集,工况3,0.9622770216537954
2024-05-06 17:56:00,验证集,工况3,0.8682746966824408
2024-05-06 17:57:00,验证集,工况3,0.9999139740404182
2024-05-06 17:58:00,验证集,工况3,0.9852196322190139
2024-05-06 17:59:00,验证集,工况3,0.9917729475879687
2024-05-06 18:00:00,验证集,工况3,0.9388071988260714
2024-05-06 18:01:00,验证集,工况3,0.9979311567938
2024-05-06 18:02:00,验证集,工况3,0.9932254732460764
2024-05-06 18:03:00,验证集,工况4,0.9832947417360234
2024-05-06 18:04:00,验证集,工况3,0.9797238764552346
2024-05-06 18:05:00,验证集,工况3,0.9999370718732925
2024-05-06 18:06:00,验证集,工况3,0.9978973183801806
2024-05-06 18:07:00,验证集,工况3,0.9741744346942435
2024-05-06 18:08:00,验证集,工况3,0.9963325976657725
2024-05-06 18:09:00,验证集,工况3,0.8927352037170627
2024-05-06 18:10:00,验证集,工况3,0.999568701956132
2024-05-06 18:11:00,验证集,工况3,0.999078457011241
2024-05-06 18:12:00,验证集,工况3,0.9991179896721002
2024-05-06 18:13:00,验证集,工况3,0.99867559936236
2024-05-06 18:14:00,验证集,工况3,0.924466955773309
2024-05-06 18:15:00,验证集,工况3,0.9999782476219173
2024-05-06 18:16:00,验证集,工况3,0.9999167595660603
2024-05-06 18:17:00,验证集,工况3,0.9993745289237562
2024-05-06 18:18:00,验证集,工况3,0.9947985049153807
2024-05-06 18:19:00,验证集,工况3,0.9966376740307014
2024-05-06 18:20:00,验证集,工况3,0.9973361244730183
2024-05-06 18:21:00,验证集,工况3,0.9951808833004685
2024-05-06 18:22:00,验证集,工况3,0.9754463381444349
2024-05-06 18:23:00,验证集,工况3,0.9984818479483357
2024-05-06 18:24:00,验证集,工况3,0.9989213582775217
2024-05-06 18:25:00,验证集,工况3,0.9998896994852279
2024-05-06 18:26:00,验证集,工况3,0.9314185630379217
2024-05-06 18:27:00,验证集,工况3,0.9956384133616262
2024-05-06 18:28:00,验证集,工况3,0.9976811204783056
2024-05-06 18:29:00,验证集,工况3,0.9966912716417725
2024-05-06 18:30:00,验证集,工况3,0.9743934854487922
2024-05-06 18:31:00,验证集,工况3,0.9664312305173415
2024-05-06 18:32:00,验证集,工况3,0.9999274128815328
2024-05-06 18:33:00,验证集,工况3,0.9885337090744163
2024-05-06 18:34:00,验证集,工况3,0.9995180609125265
2024-05-06 18:35:00,验证集,工况3,0.9988044514258428
2024-05-06 18:36:00,验证集,工况3,0.9937042576469612
2024-05-06 18:37:00,验证集,工况3,0.9981175447434738
2024-05-06 18:38:00,验证集,工况3,0.9958259337270492
2024-05-06 18:39:00,验证集,工况3,0.9842307610747391
2024-05-06 18:40:00,验证集,工况3,0.9955692018488993
2024-05-06 18:41:00,验证集,工况3,0.9982115726172507
2024-05-06 18:42:00,验证集,工况3,0.9997928897982347
2024-05-06 18:43:00,验证集,工况3,0.9966316444131972
2024-05-06 18:44:00,验证集,工况3,0.9596267894107721
2024-05-06 18:45:00,验证集,工况3,0.9998349224672171
2024-05-06 18:46:00,验证集,工况3,0.8398733384418713
2024-05-06 18:47:00,验证集,工况3,0.9965731919069086
2024-05-06 18:48:00,验证集,工况3,0.9993976996055038
2024-05-06 18:49:00,验证集,工况3,0.9968084199580994
2024-05-06 18:50:00,验证集,工况3,0.9800120315158826
2024-05-06 18:51:00,验证集,工况3,0.9988137031963994
2024-05-06 18:52:00,验证集,工况3,0.825200745190329
2024-05-06 18:53:00,验证集,工况3,0.9991193909004457
2024-05-06 18:54:00,验证集,工况3,0.9972230520476779
2024-05-06 18:55:00,验证集,工况3,0.9985614187788369
2024-05-06 18:56:00,验证集,工况4,0.6508432774101878
2024-05-06 18:57:00,验证集,工况3,0.9130865760184909
2024-05-06 18:58:00,验证集,工况3,0.6616721360580489
2024-05-06 18:59:00,验证集,工况3,0.9990952338226514
2024-05-06 19:00:00,验证集,工况3,0.9988690683587729
2024-05-06 19:01:00,验证集,工况3,0.9970671196144574
2024-05-06 19:02:00,验证集,工况3,0.7057812766941599
2024-05-06 19:03:00,验证集,工况3,0.9835251867980017
2024-05-06 19:04:00,验证集,工况3,0.8874573612610437
2024-05-06 19:05:00,验证集,工况3,0.9989274035596011
2024-05-06 19:06:00,验证集,工况3,0.992075269192594
2024-05-06 19:07:00,验证集,工况3,0.9896380618034294
2024-05-06 19:08:00,验证集,工况3,0.9997681923696634
2024-05-06 19:09:00,验证集,工况3,0.9916298913462378
2024-05-06 19:10:00,验证集,工况3,0.9621948711624699
2024-05-06 19:11:00,验证集,工况3,0.6757724396321487
2024-05-06 19:12:00,验证集,工况3,0.9553969055057316
2024-05-06 19:13:00,验证集,工况3,0.9996055895375195
2024-05-06 19:14:00,验证集,工况3,0.9896311039854795
2024-05-06 19:15:00,验证集,工况3,0.9999626441080147
2024-05-06 19:16:00,验证集,工况3,0.9908057501364064
2024-05-06 19:17:00,验证集,工况3,0.9954818757040899
2024-05-06 19:18:00,验证集,工况3,0.992047178356261
2024-05-06 19:19:00,验证集,工况3,0.8927009719536464
2024-05-06 19:20:00,验证集,工况3,0.999985883137902
2024-05-06 19:21:00,验证集,工况3,0.9937039402807604
2024-05-06 19:22:00,验证集,工况3,0.9871322819238979
2024-05-06 19:23:00,验证集,工况3,0.9939726087783609
2024-05-06 19:24:00,验证集,工况3,0.999493765272381
2024-05-06 19:25:00,验证集,工况3,0.9713579174320065
2024-05-06 19:26:00,验证集,工况3,0.9961319028663769
2024-05-06 19:27:00,验证集,工况3,0.9986641370968552
2024-05-06 19:28:00,验证集,工况3,0.7439561484722436
2024-05-06 19:29:00,验证集,工况3,0.9986472798180689
2024-05-06 19:30:00,验证集,工况3,0.9986714944720673
2024-05-06 19:31:00,验证集,工况3,0.9372164575906264
2024-05-06 19:32:00,验证集,工况3,0.997239652974516
2024-05-06 19:33:00,验证集,工况4,0.7120087811580103
2024-05-06 19:34:00,验证集,工况3,0.9987212327826749
2024-05-06 19:35:00,验证集,工况3,0.9845942348160452
2024-05-06 19:36:00,验证集,工况4,0.5864456921330223
2024-05-06 19:37:00,验证集,工况3,0.9921973530879031
2024-05-06 19:38:00,验证集,工况3,0.9683682401542673
2024-05-06 19:39:00,验证集,工况3,0.960423009377079
2024-05-06 19:40:00,验证集,工况3,0.9850184836689733
2024-05-06 19:41:00,验证集,工况3,0.9800660107677815
2024-05-06 19:42:00,验证集,工况3,0.9976075126651561
2024-05-06 19:43:00,验证集,工况3,0.9929228557258686
2024-05-06 19:44:00,验证集,工况3,0.9830242149912106
2024-05-06 19:45:00,验证集,工况3,0.9698054225917081
2024-05-06 19:46:00,验证集,工况3,0.7491365841341108
2024-05-06 19:47:00,验证集,工况3,0.9979205691374744
2024-05-06 19:48:00,验证集,工况3,0.9369380895134479
2024-05-06 19:49:00,验证集,工况3,0.9704929354803756
2024-05-06 19:50:00,验证集,工况3,0.9988701673990957
2024-05-06 19:51:00,验证集,工况3,0.9208361544002862
2024-05-06 19:52:00,验证集,工况3,0.9999841723881947
2024-05-06 19:53:00,验证集,工况3,0.998528361386019
2024-05-06 19:54:00,验证集,工况3,0.9451136587647573
2024-05-06 19:55:00,验证集,工况5,0.6405364830153558
2024-05-06 19:56:00,验证集,工况3,0.6470478531027019
2024-05-06 19:57:00,验证集,工况3,0.9881314761511999
2024-05-06 19:58:00,验证集,工况3,0.9967152224865808
2024-05-06 19:59:00,验证集,工况3,0.9930554677661207
2024-05-06 20:00:00,验证集,工况3,0.9947591911088658
2024-05-06 20:01:00,验证集,工况5,0.8652052194128755
2024-05-06 20:02:00,验证集,工况3,0.5303299323107107
2024-05-06 20:03:00,验证集,工况3,0.9358285640049518
2024-05-06 20:04:00,验证集,工况3,0.6660409110281038
2024-05-06 20:05:00,验证集,工况4,0.5516344242930827
2024-05-06 20:06:00,验证集,工况3,0.999155825031333
2024-05-06 20:07:00,验证集,工况4,0.6519383230158312
2024-05-06 20:08:00,验证集,工况3,0.9949097142348644
2024-05-06 20:09:00,验证集,工况3,0.9746038312529781
2024-05-06 20:10:00,验证集,工况3,0.9995719000410113
2024-05-06 20:11:00,验证集,工况3,0.9945906524932208
2024-05-06 20:12:00,验证集,工况3,0.9638841211164173
2024-05-06 20:13:00,验证集,工况3,0.99992108638934
2024-05-06 20:14:00,验证集,工况3,0.9996777096762274
2024-05-06 20:15:00,验证集,工况3,0.9879007221306486
2024-05-06 20:16:00,验证集,工况3,0.9859090980383445
2024-05-06 20:17:00,验证集,工况3,0.9978727154539728
2024-05-06 20:18:00,验证集,工况3,0.9612829367896042
2024-05-06 20:19:00,验证集,工况3,0.9948778220578317
2024-05-06 20:20:00,验证集,工况3,0.9831699299968826
2024-05-06 20:21:00,验证集,工况3,0.8965419232345755
2024-05-06 20:22:00,验证集,工况3,0.9947641451791629
2024-05-06 20:23:00,验证集,工况1,0.7532606847665472
2024-05-06 20:24:00,验证集,工况3,0.9016996449974781
2024-05-06 20:25:00,验证集,工况3,0.9990475384795429
2024-05-06 20:26:00,验证集,工况3,0.993523727132423
2024-05-06 20:27:00,验证集,工况3,0.9539762789235056
2024-05-06 20:28:00,验证集,工况3,0.9587545363690271
2024-05-06 20:29:00,验证集,工况3,0.9944440964740254
2024-05-06 20:30:00,验证集,工况3,0.9809066782297261
2024-05-06 20:31:00,验证集,工况3,0.9365143560215369
2024-05-06 20:32:00,验证集,工况3,0.8737925438890268
2024-05-06 20:33:00,验证集,工况3,0.9112740885391516
2024-05-06 20:34:00,验证集,工况3,0.974059098130965
2024-05-06 20:35:00,验证集,工况3,0.9365358356619473
2024-05-06 20:36:00,验证集,工况3,0.6538208924949274
2024-05-06 20:37:00,验证集,工况3,0.8851218563657139
2024-05-06 20:38:00,验证集,工况3,0.9921255379195152
2024-05-06 20:39:00,验证集,工况3,0.9465062737744295
2024-05-06 20:40:00,验证集,工况3,0.9927038696731793
2024-05-06 20:41:00,验证集,工况3,0.5168996833878269
2024-05-06 20:42:00,验证集,工况3,0.9998594300494132
2024-05-06 20:43:00,验证集,工况3,0.9791637018863346
2024-05-06 20:44:00,验证集,工况3,0.910946745960493
2024-05-06 20:45:00,验证集,工况3,0.9969196766523033
2024-05-06 20:46:00,验证集,工况3,0.9995726877363728
2024-05-06 20:47:00,验证集,工况5,0.5140187188329468
2024-05-06 20:48:00,验证集,工况3,0.9993504820445137
2024-05-06 20:49:00,验证集,工况3,0.9989038509867233
2024-05-06 20:50:00,验证集,工况3,0.6331482427611566
2024-05-06 20:51:00,验证集,工况3,0.983352081735536
2024-05-06 20:52:00,验证集,工况3,0.9191645316461187
2024-05-06 20:53:00,验证集,工况3,0.9983282800035834
2024-05-06 20:54:00,验证集,工况3,0.8829239041841326
2024-05-06 20:55:00,验证集,工况3,0.8003547750964094
2024-05-06 20:56:00,验证集,工况5,0.43506424143747485
2024-05-06 20:57:00,验证集,工况3,0.8915023822728805
2024-05-06 20:58:00,验证集,工况3,0.9858420627444406
2024-05-06 20:59:00,验证集,工况3,0.7055533098439907
2024-05-06 21:00:00,验证集,工况3,0.9829106484260355
2024-05-06 21:01:00,验证集,工况3,0.7971126875395591
2024-05-06 21:02:00,验证集,工况3,0.9971632459785875
2024-05-06 21:03:00,验证集,工况3,0.9987687030058725
2024-05-06 21:04:00,验证集,工况5,0.8668676630284964
2024-05-06 21:05:00,验证集,工况3,0.5394169830425228
2024-05-06 21:06:00,验证集,工况3,0.5963707092900234
2024-05-06 21:07:00,验证集,工况5,0.9836147666959537
2024-05-06 21:08:00,验证集,工况3,0.9937183122933066
2024-05-06 21:09:00,验证集,工况3,0.975461708794199
2024-05-06 21:10:00,验证集,工况3,0.9617332020358099
2024-05-06 21:11:00,验证集,工况5,0.761888382021139
2024-05-06 21:12:00,验证集,工况3,0.9978569333238354
2024-05-06 21:13:00,验证集,工况3,0.970327103180085
2024-05-06 21:14:00,验证集,工况5,0.5946469496890623
2024-05-06 21:15:00,验证集,工况3,0.753409017047348
2024-05-06 21:16:00,验证集,工况3,0.9972297387678266
2024-05-06 21:17:00,验证集,工况3,0.906199986428159
2024-05-06 21:18:00,验证集,工况5,0.997570811512664
2024-05-06 21:19:00,验证集,工况3,0.9560958288880493
2024-05-06 21:20:00,验证集,工况3,0.9966140090614741
2024-05-06 21:21:00,验证集,工况3,0.9794952407818457
2024-05-06 21:22:00,验证集,工况3,0.9978776266198982
2024-05-06 21:23:00,验证集,工况3,0.9741062587967044
2024-05-06 21:24:00,验证集,工况5,0.7696427070663411
2024-05-06 21:25:00,验证集,工况3,0.9561841353964927
2024-05-06 21:26:00,验证集,工况3,0.9397575025701026
2024-05-06 21:27:00,验证集,工况3,0.9340942744107894
2024-05-06 21:28:00,验证集,工况3,0.8499135286802074
2024-05-06 21:29:00,验证集,工况3,0.9353509565433399
2024-05-06 21:30:00,验证集,工况3,0.5570912372032452
2024-05-06 21:31:00,验证集,工况4,0.5615291526072854
2024-05-06 21:32:00,验证集,工况5,0.3930622926721659
2024-05-06 21:33:00,验证集,工况3,0.6487197757891231
2024-05-06 21:34:00,验证集,工况3,0.9411898306858961
2024-05-06 21:35:00,验证集,工况3,0.9775930580516913
2024-05-06 21:36:00,验证集,工况3,0.5310759797891419
2024-05-06 21:37:00,验证集,工况3,0.9631873241853437
2024-05-06 21:38:00,验证集,工况3,0.6069581979619707
2024-05-06 21:39:00,验证集,工况5,0.5805236339783837
2024-05-06 21:40:00,验证集,工况5,0.9184765769820259
2024-05-06 21:41:00,验证集,工况3,0.8497411124443848
2024-05-06 21:42:00,验证集,工况3,0.8761306056932746
2024-05-06 21:43:00,验证集,工况3,0.679044650853129
2024-05-06 21:44:00,验证集,工况4,0.8830850564421318
2024-05-06 21:45:00,验证集,工况3,0.9956388053655796
2024-05-06 21:46:00,验证集,工况5,0.9903230471558672
2024-05-06 21:47:00,验证集,工况3,0.9854977003040913
2024-05-06 21:48:00,验证集,工况3,0.9976190216919092
2024-05-06 21:49:00,验证集,工况5,0.7559379489462339
2024-05-06 21:50:00,验证集,工况5,0.9072628993809118
2024-05-06 21:51:00,验证集,工况3,0.9732137375331849
2024-05-06 21:52:00,验证集,工况3,0.7502498814734535
2024-05-06 21:53:00,验证集,工况5,0.6217295786398076
2024-05-06 21:54:00,验证集,工况3,0.9888846674335569
2024-05-06 21:55:00,验证集,工况3,0.8550173218849136
2024-05-06 21:56:00,验证集,工况3,0.9922194003470334
2024-05-06 21:57:00,验证集,工况3,0.6903031894989349
2024-05-06 21:58:00,验证集,工况3,0.8969735972504501
2024-05-06 21:59:00,验证集,工况5,0.49349243843676055
2024-05-06 22:00:00,验证集,工况3,0.45595584403659123
2024-05-06 22:01:00,验证集,工况3,0.6815190093883475
2024-05-06 22:02:00,验证集,工况3,0.96643001085137
2024-05-06 22:03:00,验证集,工况4,0.5085396579770396
2024-05-06 22:04:00,验证集,工况3,0.9936351496603503
2024-05-06 22:05:00,验证集,工况3,0.92204079948757
2024-05-06 22:06:00,验证集,工况5,0.9128926259305153
2024-05-06 22:07:00,验证集,工况3,0.9934268013319596
2024-05-06 22:08:00,验证集,工况5,0.8383278627397828
2024-05-06 22:09:00,验证集,工况3,0.7950087897189634
2024-05-06 22:10:00,验证集,工况4,0.6411495866448239
2024-05-06 22:11:00,验证集,工况3,0.9896659325927408
2024-05-06 22:12:00,验证集,工况3,0.76156581397844
2024-05-06 22:13:00,验证集,工况5,0.9768767463945865
2024-05-06 22:14:00,验证集,工况5,0.8590031858253195
2024-05-06 22:15:00,验证集,工况5,0.88392566353248
2024-05-06 22:16:00,验证集,工况5,0.9209644460197101
2024-05-06 22:17:00,验证集,工况5,0.9648459820529396
2024-05-06 22:18:00,验证集,工况3,0.9476004490175355
2024-05-06 22:19:00,验证集,工况5,0.7963660698435454
2024-05-06 22:20:00,验证集,工况5,0.8499124345966561
2024-05-06 22:21:00,验证集,工况3,0.9732920391555887
2024-05-06 22:22:00,验证集,工况3,0.9994224522815456
2024-05-06 22:23:00,验证集,工况5,0.852687333908522
2024-05-06 22:24:00,验证集,工况5,0.5562812733588793
2024-05-06 22:25:00,验证集,工况6,0.5167014026715355
2024-05-06 22:26:00,验证集,工况3,0.9976835717386303
2024-05-06 22:27:00,验证集,工况5,0.9450834881864185
2024-05-06 22:28:00,验证集,工况3,0.9347238824027468
2024-05-06 22:29:00,验证集,工况3,0.9960681079156355
2024-05-06 22:30:00,验证集,工况3,0.9812000094133071
2024-05-06 22:31:00,验证集,工况3,0.9274724250545008
2024-05-06 22:32:00,验证集,工况5,0.8548215979188429
2024-05-06 22:33:00,验证集,工况3,0.5150952792319419
2024-05-06 22:34:00,验证集,工况5,0.7155463978434298
2024-05-06 22:35:00,验证集,工况3,0.9725329749569062
2024-05-06 22:36:00,验证集,工况5,0.7603485888844385
2024-05-06 22:37:00,验证集,工况5,0.9300423648766717
2024-05-06 22:38:00,验证集,工况3,0.8322491067457296
2024-05-06 22:39:00,验证集,工况5,0.9980121025220011
2024-05-06 22:40:00,验证集,工况3,0.8424786853695515
2024-05-06 22:41:00,验证集,工况5,0.9542292787174141
2024-05-06 22:42:00,验证集,工况5,0.8497161907131812
2024-05-06 22:43:00,验证集,工况5,0.8710756165050936
2024-05-06 22:44:00,验证集,工况3,0.8771048457945582
2024-05-06 22:45:00,验证集,工况5,0.7896402930461737
2024-05-06 22:46:00,验证集,工况5,0.6408040889909294
2024-05-06 22:47:00,验证集,工况3,0.5380976678468516
2024-05-06 22:48:00,验证集,工况5,0.6958371224224025
2024-05-06 22:49:00,验证集,工况4,0.712114651090433
2024-05-06 22:50:00,验证集,工况5,0.9253009427952402
2024-05-06 22:51:00,验证集,工况5,0.8606300590757143
2024-05-06 22:52:00,验证集,工况5,0.5731886716852284
2024-05-06 22:53:00,验证集,工况5,0.9848812090721667
2024-05-06 22:54:00,验证集,工况3,0.600848062617323
2024-05-06 22:55:00,验证集,工况5,0.8418888665704569
2024-05-06 22:56:00,验证集,工况5,0.7479670168039346
2024-05-06 22:57:00,验证集,工况3,0.6488658368931821
2024-05-06 22:58:00,验证集,工况4,0.9850924527280477
2024-05-06 22:59:00,验证集,工况5,0.7175670584786156
2024-05-06 23:00:00,验证集,工况5,0.9253160252960931
2024-05-06 23:01:00,验证集,工况3,0.9853551042964711
2024-05-06 23:02:00,验证集,工况3,0.8908742431290265
2024-05-06 23:03:00,验证集,工况5,0.7660236272908518
2024-05-06 23:04:00,验证集,工况3,0.9717859418690499
2024-05-06 23:05:00,验证集,工况3,0.9612909226976559
2024-05-06 23:06:00,验证集,工况6,0.7001425382245702
2024-05-06 23:07:00,验证集,工况4,0.7981828136622544
2024-05-06 23:08:00,验证集,工况3,0.397670798651683
2024-05-06 23:09:00,验证集,工况3,0.6468978095841089
2024-05-06 23:10:00,验证集,工况5,0.9574519951959981
2024-05-06 23:11:00,验证集,工况4,0.6030689091439418
2024-05-06 23:12:00,验证集,工况5,0.9800522464287859
2024-05-06 23:13:00,验证集,工况5,0.9192057396701874
2024-05-06 23:14:00,验证集,工况3,0.9822648573595241
2024-05-06 23:15:00,验证集,工况5,0.5341420321953021
2024-05-06 23:16:00,验证集,工况5,0.6797636141545006
2024-05-06 23:17:00,验证集,工况5,0.8993171667243082
2024-05-06 23:18:00,验证集,工况3,0.46636442596922206
2024-05-06 23:19:00,验证集,工况5,0.8253636885415784
2024-05-06 23:20:00,验证集,工况5,0.874815565401744
2024-05-06 23:21:00,验证集,工况5,0.7276308950122222
2024-05-06 23:22:00,验证集,工况5,0.742991919785209
2024-05-06 23:23:00,验证集,工况5,0.9825340270425258
2024-05-06 23:24:00,验证集,工况5,0.95313820188621
2024-05-06 23:25:00,验证集,工况5,0.989491152389121
2024-05-06 23:26:00,验证集,工况3,0.8908576291745839
2024-05-06 23:27:00,验证集,工况5,0.9717167856391511
2024-05-06 23:28:00,验证集,工况3,0.7830672926800343
2024-05-06 23:29:00,验证集,工况5,0.5650813746523644
2024-05-06 23:30:00,验证集,工况3,0.9602347435475395
2024-05-06 23:31:00,验证集,工况5,0.6899063246299222
2024-05-06 23:32:00,验证集,工况5,0.9904789832227651
2024-05-06 23:33:00,验证集,工况3,0.6456687006290447
2024-05-06 23:34:00,验证集,工况5,0.9205115277666353
2024-05-06 23:35:00,验证集,工况5,0.8088932510504568
2024-05-06 23:36:00,验证集,工况3,0.8228948133150997
2024-05-06 23:37:00,验证集,工况5,0.9913559430473574
2024-05-06 23:38:00,验证集,工况5,0.9400735942182287
2024-05-06 23:39:00,验证集,工况3,0.773099393453682
2024-05-06 23:40:00,验证集,工况3,0.8844609869572949
2024-05-06 23:41:00,验证集,工况5,0.9416637280003777
2024-05-06 23:42:00,验证集,工况3,0.9262463122486869
2024-05-06 23:43:00,验证集,工况5,0.9949628545336754
2024-05-06 23:44:00,验证集,工况5,0.885586372612555
2024-05-06 23:45:00,验证集,工况5,0.9961155701478254
2024-05-06 23:46:00,验证集,工况5,0.9947985162689854
2024-05-06 23:47:00,验证集,工况3,0.8396645375192097
2024-05-06 23:48:00,验证集,工况5,0.8191133519791723
2024-05-06 23:49:00,验证集,工况5,0.836769613136044
2024-05-06 23:50:00,验证集,工况2,0.6733656023938923
2024-05-06 23:51:00,验证集,工况5,0.9715734830983416
2024-05-06 23:52:00,验证集,工况5,0.5718969751132598
2024-05-06 23:53:00,验证集,工况5,0.9981883360937762
2024-05-06 23:54:00,验证集,工况5,0.655059271755443
2024-05-06 23:55:00,验证集,工况3,0.4321397593649581
2024-05-06 23:56:00,验证集,工况5,0.8334102914066976
2024-05-06 23:57:00,验证集,工况3,0.5201614444974232
2024-05-06 23:58:00,验证集,工况5,0.9981700918235716
2024-05-06 23:59:00,验证集,工况3,0.6113924908103273
2024-05-07 00:00:00,测试集,工况5,0.753682250252126
2024-05-07 00:01:00,测试集,工况5,0.8306904460579301
2024-05-07 00:02:00,测试集,工况5,0.9593404388670417
2024-05-07 00:03:00,测试集,工况3,0.8765043935827598
2024-05-07 00:04:00,测试集,工况5,0.9775212248351749
2024-05-07 00:05:00,测试集,工况4,0.8992983200962503
2024-05-07 00:06:00,测试集,工况3,0.9105633178982415
2024-05-07 00:07:00,测试集,工况5,0.5086991461890218
2024-05-07 00:08:00,测试集,工况5,0.9949622770859927
2024-05-07 00:09:00,测试集,工况3,0.9438573189811862
2024-05-07 00:10:00,测试集,工况4,0.5239975687480634
2024-05-07 00:11:00,测试集,工况3,0.6160214975835516
2024-05-07 00:12:00,测试集,工况5,0.5650672116862556
2024-05-07 00:13:00,测试集,工况5,0.9609208613264552
2024-05-07 00:14:00,测试集,工况5,0.6575739354411518
2024-05-07 00:15:00,测试集,工况5,0.45603989080353297
2024-05-07 00:16:00,测试集,工况5,0.9456160190468084
2024-05-07 00:17:00,测试集,工况6,0.9613764465744197
2024-05-07 00:18:00,测试集,工况5,0.998520337499936
2024-05-07 00:19:00,测试集,工况5,0.9534924343911182
2024-05-07 00:20:00,测试集,工况6,0.9784525905903587
2024-05-07 00:21:00,测试集,工况3,0.7815103543775792
2024-05-07 00:22:00,测试集,工况5,0.8499317080729542
2024-05-07 00:23:00,测试集,工况5,0.8270931856484421
2024-05-07 00:24:00,测试集,工况5,0.9942496311390775
2024-05-07 00:25:00,测试集,工况5,0.9660480513385996
2024-05-07 00:26:00,测试集,工况5,0.8881686716435276
2024-05-07 00:27:00,测试集,工况5,0.9715803926455069
2024-05-07 00:28:00,测试集,工况5,0.981863775942897
2024-05-07 00:29:00,测试集,工况5,0.986896679277321
2024-05-07 00:30:00,测试集,工况5,0.9514619485180906
2024-05-07 00:31:00,测试集,工况6,0.5006261742549667
2024-05-07 00:32:00,测试集,工况5,0.8693437453105539
2024-05-07 00:33:00,测试集,工况5,0.9597434045955322
2024-05-07 00:34:00,测试集,工况5,0.9889619451850806
2024-05-07 00:35:00,测试集,工况6,0.772721821200426
2024-05-07 00:36:00,测试集,工况5,0.978533126154913
2024-05-07 00:37:00,测试集,工况5,0.8004520748798569
2024-05-07 00:38:00,测试集,工况5,0.9727943002089514
2024-05-07 00:39:00,测试集,工况5,0.8464026222429452
2024-05-07 00:40:00,测试集,工况5,0.9064499052783775
2024-05-07 00:41:00,测试集,工况5,0.9908079266074507
2024-05-07 00:42:00,测试集,工况3,0.5699580918370133
2024-05-07 00:43:00,测试集,工况5,0.9509059231238023
2024-05-07 00:44:00,测试集,工况5,0.997860925525117
2024-05-07 00:45:00,测试集,工况5,0.6361794682335687
2024-05-07 00:46:00,测试集,工况5,0.8492965704479465
2024-05-07 00:47:00,测试集,工况5,0.9984000195968311
2024-05-07 00:48:00,测试集,工况6,0.9485618782485232
2024-05-07 00:49:00,测试集,工况5,0.9932642065667352
2024-05-07 00:50:00,测试集,工况5,0.9781690047217034
2024-05-07 00:51:00,测试集,工况5,0.9660737488199987
2024-05-07 00:52:00,测试集,工况5,0.9418904145545085
2024-05-07 00:53:00,测试集,工况5,0.9754378520474094
2024-05-07 00:54:00,测试集,工况5,0.6452351448896156
2024-05-07 00:55:00,测试集,工况5,0.9837425242951179
2024-05-07 00:56:00,测试集,工况5,0.7293659960383704
2024-05-07 00:57:00,测试集,工况5,0.8240750916928984
2024-05-07 00:58:00,测试集,工况5,0.9658698458564139
2024-05-07 00:59:00,测试集,工况5,0.5709930692271982
2024-05-07 01:00:00,测试集,工况5,0.9436296913098561
2024-05-07 01:01:00,测试集,工况5,0.9417928504794126
2024-05-07 01:02:00,测试集,工况5,0.9371843149559556
2024-05-07 01:03:00,测试集,工况5,0.5596505428965193
2024-05-07 01:04:00,测试集,工况6,0.5476288076365974
2024-05-07 01:05:00,测试集,工况5,0.9991244539190075
2024-05-07 01:06:00,测试集,工况5,0.6849185158027272
2024-05-07 01:07:00,测试集,工况5,0.9988949746452422
2024-05-07 01:08:00,测试集,工况5,0.985897442030776
2024-05-07 01:09:00,测试集,工况5,0.7327615701105538
2024-05-07 01:10:00,测试集,工况5,0.9985839383155094
2024-05-07 01:11:00,测试集,工况5,0.9947777395349074
2024-05-07 01:12:00,测试集,工况5,0.9448619099140046
2024-05-07 01:13:00,测试集,工况5,0.9936391220416972
2024-05-07 01:14:00,测试集,工况5,0.9959048208396641
2024-05-07 01:15:00,测试集,工况6,0.6870422407466308
2024-05-07 01:16:00,测试集,工况5,0.9450421777856938
2024-05-07 01:17:00,测试集,工况5,0.8753017512654847
2024-05-07 01:18:00,测试集,工况5,0.8768929854823617
2024-05-07 01:19:00,测试集,工况5,0.9975301142974469
2024-05-07 01:20:00,测试集,工况5,0.6820306485302167
2024-05-07 01:21:00,测试集,工况5,0.9958804004688445
2024-05-07 01:22:00,测试集,工况5,0.9395713124120104
2024-05-07 01:23:00,测试集,工况5,0.9966282562265646
2024-05-07 01:24:00,测试集,工况5,0.9770944010198862
2024-05-07 01:25:00,测试集,工况5,0.6458398000824954
2024-05-07 01:26:00,测试集,工况5,0.7357136458554461
2024-05-07 01:27:00,测试集,工况5,0.8938393125554415
2024-05-07 01:28:00,测试集,工况5,0.9947484837767336
2024-05-07 01:29:00,测试集,工况5,0.9881498943913193
2024-05-07 01:30:00,测试集,工况5,0.9945610701855319
2024-05-07 01:31:00,测试集,工况5,0.7201760854813679
2024-05-07 01:32:00,测试集,工况5,0.9398759409132387
2024-05-07 01:33:00,测试集,工况5,0.6562011145701824
2024-05-07 01:34:00,测试集,工况4,0.5277900975337353
2024-05-07 01:35:00,测试集,工况5,0.9983988328377
2024-05-07 01:36:00,测试集,工况5,0.9613670398754933
2024-05-07 01:37:00,测试集,工况5,0.9872772286454097
2024-05-07 01:38:00,测试集,工况6,0.5854179234301008
2024-05-07 01:39:00,测试集,工况5,0.8451952296120717
2024-05-07 01:40:00,测试集,工况5,0.9782048345398118
2024-05-07 01:41:00,测试集,工况5,0.9790705273885811
2024-05-07 01:42:00,测试集,工况5,0.9991117560155456
2024-05-07 01:43:00,测试集,工况5,0.9984081340360403
2024-05-07 01:44:00,测试集,工况5,0.8225009558845122
2024-05-07 01:45:00,测试集,工况5,0.807437868662866
2024-05-07 01:46:00,测试集,工况5,0.9989944276536369
2024-05-07 01:47:00,测试集,工况5,0.9913187682947647
2024-05-07 01:48:00,测试集,工况3,0.8593973574772036
2024-05-07 01:49:00,测试集,工况5,0.994259818998155
2024-05-07 01:50:00,测试集,工况6,0.6241486843378826
2024-05-07 01:51:00,测试集,工况5,0.9865825884075539
2024-05-07 01:52:00,测试集,工况5,0.9836379487859473
2024-05-07 01:53:00,测试集,工况5,0.9518874918793586
2024-05-07 01:54:00,测试集,工况5,0.9160104125091301
2024-05-07 01:55:00,测试集,工况5,0.9798775940913349
2024-05-07 01:56:00,测试集,工况5,0.900319002031386
2024-05-07 01:57:00,测试集,工况5,0.995461191271755
2024-05-07 01:58:00,测试集,工况5,0.9812260183173814
2024-05-07 01:59:00,测试集,工况5,0.7804448094434965
2024-05-07 02:00:00,测试集,工况5,0.5204610264070219
2024-05-07 02:01:00,测试集,工况5,0.9724794050745056
2024-05-07 02:02:00,测试集,工况5,0.9612592426334097
2024-05-07 02:03:00,测试集,工况5,0.932620970479345
2024-05-07 02:04:00,测试集,工况5,0.9981298031100487
2024-05-07 02:05:00,测试集,工况5,0.9981257952195874
2024-05-07 02:06:00,测试集,工况5,0.964885087016415
2024-05-07 02:07:00,测试集,工况5,0.9360975054472751
2024-05-07 02:08:00,测试集,工况5,0.8990015856638187
2024-05-07 02:09:00,测试集,工况5,0.9821036531945931
2024-05-07 02:10:00,测试集,工况5,0.8261251776659194
2024-05-07 02:11:00,测试集,工况5,0.9987548852556621
2024-05-07 02:12:00,测试集,工况5,0.955470982791569
2024-05-07 02:13:00,测试集,工况5,0.9962023966443468
2024-05-07 02:14:00,测试集,工况5,0.8405278597482777
2024-05-07 02:15:00,测试集,工况5,0.9966339838775955
2024-05-07 02:16:00,测试集,工况5,0.8209224679986222
2024-05-07 02:17:00,测试集,工况5,0.9653270698591697
2024-05-07 02:18:00,测试集,工况5,0.8797437452824443
2024-05-07 02:19:00,测试集,工况5,0.9715092762176971
2024-05-07 02:20:00,测试集,工况5,0.9931139301886934
2024-05-07 02:21:00,测试集,工况5,0.8149955166586004
2024-05-07 02:22:00,测试集,工况5,0.567233594602586
2024-05-07 02:23:00,测试集,工况5,0.5109865549698696
2024-05-07 02:24:00,测试集,工况5,0.9715241687900076
2024-05-07 02:25:00,测试集,工况5,0.9818882232607106
2024-05-07 02:26:00,测试集,工况5,0.9974073222289299
2024-05-07 02:27:00,测试集,工况5,0.5319440809231311
2024-05-07 02:28:00,测试集,工况5,0.9927493801046693
2024-05-07 02:29:00,测试集,工况5,0.9887405786379484
2024-05-07 02:30:00,测试集,工况5,0.6542760461914323
2024-05-07 02:31:00,测试集,工况5,0.8095454872515213
2024-05-07 02:32:00,测试集,工况5,0.9806303192083858
2024-05-07 02:33:00,测试集,工况5,0.6587779155603772
2024-05-07 02:34:00,测试集,工况5,0.9730040978893388
2024-05-07 02:35:00,测试集,工况5,0.9894305411029608
2024-05-07 02:36:00,测试集,工况5,0.9893325974751384
2024-05-07 02:37:00,测试集,工况6,0.8380593422517714
2024-05-07 02:38:00,测试集,工况5,0.8567015712172019
2024-05-07 02:39:00,测试集,工况6,0.7943776694590609
2024-05-07 02:40:00,测试集,工况5,0.8627468939203322
2024-05-07 02:41:00,测试集,工况5,0.8951430414316943
2024-05-07 02:42:00,测试集,工况5,0.7664045924238974
2024-05-07 02:43:00,测试集,工况6,0.5586627347845914
2024-05-07 02:44:00,测试集,工况5,0.9593237920515987
2024-05-07 02:45:00,测试集,工况5,0.8588004665281398
2024-05-07 02:46:00,测试集,工况5,0.9991074431211511
2024-05-07 02:47:00,测试集,工况6,0.5574748847066898
2024-05-07 02:48:00,测试集,工况5,0.7698259627135731
2024-05-07 02:49:00,测试集,工况5,0.9869132405844809
2024-05-07 02:50:00,测试集,工况5,0.9924504855276526
2024-05-07 02:51:00,测试集,工况5,0.9974410958999884
2024-05-07 02:52:00,测试集,工况5,0.6624738724600747
2024-05-07 02:53:00,测试集,工况5,0.9972257982200218
2024-05-07 02:54:00,测试集,工况5,0.8267084046060972
2024-05-07 02:55:00,测试集,工况6,0.49374823064047835
2024-05-07 02:56:00,测试集,工况5,0.9912543310036339
2024-05-07 02:57:00,测试集,工况5,0.9905536982367961
2024-05-07 02:58:00,测试集,工况5,0.7537306239076244
2024-05-07 02:59:00,测试集,工况5,0.947249801501075
2024-05-07 03:00:00,测试集,工况6,0.5270791405016558
2024-05-07 03:01:00,测试集,工况5,0.8890588783917599
2024-05-07 03:02:00,测试集,工况5,0.9517383583712218
2024-05-07 03:03:00,测试集,工况5,0.6551579221857405
2024-05-07 03:04:00,测试集,工况5,0.9291188776356957
2024-05-07 03:05:00,测试集,工况5,0.993257717987743
2024-05-07 03:06:00,测试集,工况5,0.647891559242176
2024-05-07 03:07:00,测试集,工况6,0.5305340342943738
2024-05-07 03:08:00,测试集,工况5,0.9638722390386975
2024-05-07 03:09:00,测试集,工况5,0.6816060551648572
2024-05-07 03:10:00,测试集,工况5,0.9240916988032869
2024-05-07 03:11:00,测试集,工况5,0.9217080416857397
2024-05-07 03:12:00,测试集,工况5,0.7858204863128124
2024-05-07 03:13:00,测试集,工况5,0.9419347931559947
2024-05-07 03:14:00,测试集,工况5,0.5119329115251849
2024-05-07 03:15:00,测试集,工况5,0.9832510037489428
2024-05-07 03:16:00,测试集,工况5,0.9866347641876945
2024-05-07 03:17:00,测试集,工况5,0.9840928450686143
2024-05-07 03:18:00,测试集,工况5,0.8823278485163738
2024-05-07 03:19:00,测试集,工况6,0.839431946265632
2024-05-07 03:20:00,测试集,工况5,0.9958051977788345
2024-05-07 03:21:00,测试集,工况5,0.9738461735207358
2024-05-07 03:22:00,测试集,工况5,0.9436547643945785
2024-05-07 03:23:00,测试集,工况6,0.7199826909775147
2024-05-07 03:24:00,测试集,工况5,0.8322740349479733
2024-05-07 03:25:00,测试集,工况5,0.9798675656611974
2024-05-07 03:26:00,测试集,工况5,0.6752063468074474
2024-05-07 03:27:00,测试集,工况5,0.8014735982676129
2024-05-07 03:28:00,测试集,工况5,0.9936908699237159
2024-05-07 03:29:00,测试集,工况5,0.5710817573004643
2024-05-07 03:30:00,测试集,工况6,0.9219868085852337
2024-05-07 03:31:00,测试集,工况5,0.9966486711641647
2024-05-07 03:32:00,测试集,工况5,0.985073577524949
2024-05-07 03:33:00,测试集,工况5,0.9235340135788203
2024-05-07 03:34:00,测试集,工况5,0.8844378308202038
2024-05-07 03:35:00,测试集,工况5,0.9204407899662972
2024-05-07 03:36:00,测试集,工况5,0.996941552814394
2024-05-07 03:37:00,测试集,工况5,0.9794658916818345
2024-05-07 03:38:00,测试集,工况5,0.9727526779147833
2024-05-07 03:39:00,测试集,工况5,0.8032979794211295
2024-05-07 03:40:00,测试集,工况5,0.9817616626387891
2024-05-07 03:41:00,测试集,工况5,0.7650817168977353
2024-05-07 03:42:00,测试集,工况2,0.4835548518094514
2024-05-07 03:43:00,测试集,工况5,0.6406679232387702
2024-05-07 03:44:00,测试集,工况5,0.8898262221322041
2024-05-07 03:45:00,测试集,工况5,0.9257544528712713
2024-05-07 03:46:00,测试集,工况5,0.7384278491733696
2024-05-07 03:47:00,测试集,工况5,0.9663867527598563
2024-05-07 03:48:00,测试集,工况6,0.6942860925914054
2024-05-07 03:49:00,测试集,工况5,0.9426229561910024
2024-05-07 03:50:00,测试集,工况5,0.9540555815751086
2024-05-07 03:51:00,测试集,工况5,0.9799999205900387
2024-05-07 03:52:00,测试集,工况5,0.9902524507843369
2024-05-07 03:53:00,测试集,工况5,0.994521768077252
2024-05-07 03:54:00,测试集,工况5,0.982206612692958
2024-05-07 03:55:00,测试集,工况5,0.6022589144384997
2024-05-07 03:56:00,测试集,工况5,0.9800517728255189
2024-05-07 03:57:00,测试集,工况5,0.7720241256054977
2024-05-07 03:58:00,测试集,工况5,0.9316095109194031
2024-05-07 03:59:00,测试集,工况5,0.9569445775720268
2024-05-07 04:00:00,测试集,工况5,0.986968748087534
2024-05-07 04:01:00,测试集,工况5,0.6779957543908774
2024-05-07 04:02:00,测试集,工况5,0.9864963094861723
2024-05-07 04:03:00,测试集,工况5,0.77430643230162
2024-05-07 04:04:00,测试集,工况5,0.7543340737980394
2024-05-07 04:05:00,测试集,工况5,0.8708251772758474
2024-05-07 04:06:00,测试集,工况5,0.9971754989144035
2024-05-07 04:07:00,测试集,工况5,0.9705281269506157
2024-05-07 04:08:00,测试集,工况5,0.9512007359404875
2024-05-07 04:09:00,测试集,工况2,0.802635229464457
2024-05-07 04:10:00,测试集,工况5,0.9984802974652652
2024-05-07 04:11:00,测试集,工况5,0.9872963780799743
2024-05-07 04:12:00,测试集,工况5,0.7085170469763911
2024-05-07 04:13:00,测试集,工况5,0.962767849315945
2024-05-07 04:14:00,测试集,工况5,0.9994115039836506
2024-05-07 04:15:00,测试集,工况5,0.957672016851993
2024-05-07 04:16:00,测试集,工况5,0.9622999339641796
2024-05-07 04:17:00,测试集,工况5,0.9814954711259294
2024-05-07 04:18:00,测试集,工况5,0.7499501535993972
2024-05-07 04:19:00,测试集,工况5,0.9958552828183012
2024-05-07 04:20:00,测试集,工况5,0.8978002689024437
2024-05-07 04:21:00,测试集,工况5,0.9775430037912543
2024-05-07 04:22:00,测试集,工况5,0.9581933587836041
2024-05-07 04:23:00,测试集,工况5,0.8497540095874988
2024-05-07 04:24:00,测试集,工况5,0.6455267162171711
2024-05-07 04:25:00,测试集,工况5,0.6773851786355888
2024-05-07 04:26:00,测试集,工况6,0.6077052559956303
2024-05-07 04:27:00,测试集,工况5,0.9770948271886458
2024-05-07 04:28:00,测试集,工况5,0.9969248150845632
2024-05-07 04:29:00,测试集,工况5,0.8623789674143117
2024-05-07 04:30:00,测试集,工况5,0.9984891404725933
2024-05-07 04:31:00,测试集,工况5,0.9967380181263682
2024-05-07 04:32:00,测试集,工况5,0.9986934142005021
2024-05-07 04:33:00,测试集,工况6,0.6438749358872674
2024-05-07 04:34:00,测试集,工况5,0.5131058000471563
2024-05-07 04:35:00,测试集,工况5,0.9721074714985769
2024-05-07 04:36:00,测试集,工况5,0.8936771989009529
2024-05-07 04:37:00,测试集,工况5,0.9150201930274092
2024-05-07 04:38:00,测试集,工况5,0.9927480774162704
2024-05-07 04:39:00,测试集,工况5,0.9249126718304905
2024-05-07 04:40:00,测试集,工况5,0.8550328881066104
2024-05-07 04:41:00,测试集,工况5,0.9134605330419101
2024-05-07 04:42:00,测试集,工况5,0.9148083254288047
2024-05-07 04:43:00,测试集,工况5,0.9507711903069114
2024-05-07 04:44:00,测试集,工况5,0.9993085672076957
2024-05-07 04:45:00,测试集,工况5,0.9868629321925932
2024-05-07 04:46:00,测试集,工况5,0.99029477901508
2024-05-07 04:47:00,测试集,工况5,0.9958412074677713
2024-05-07 04:48:00,测试集,工况5,0.877248078373041
2024-05-07 04:49:00,测试集,工况5,0.8612139089019831
2024-05-07 04:50:00,测试集,工况5,0.6565841059696064
2024-05-07 04:51:00,测试集,工况6,0.6038785597172267
2024-05-07 04:52:00,测试集,工况5,0.7150158467016816
2024-05-07 04:53:00,测试集,工况5,0.9979493851908795
2024-05-07 04:54:00,测试集,工况6,0.9421510123360318
2024-05-07 04:55:00,测试集,工况5,0.95496991604081
2024-05-07 04:56:00,测试集,工况5,0.9341245117120974
2024-05-07 04:57:00,测试集,工况6,0.9453032001806331
2024-05-07 04:58:00,测试集,工况6,0.7175618833186095
2024-05-07 04:59:00,测试集,工况5,0.9916592178181568
2024-05-07 05:00:00,测试集,工况6,0.9086720665759846
2024-05-07 05:01:00,测试集,工况5,0.9420956809824513
2024-05-07 05:02:00,测试集,工况5,0.9312442943386536
2024-05-07 05:03:00,测试集,工况5,0.8249391559577465
2024-05-07 05:04:00,测试集,工况5,0.9813155764645608
2024-05-07 05:05:00,测试集,工况5,0.7554526890539722
2024-05-07 05:06:00,测试集,工况5,0.5014762201823562
2024-05-07 05:07:00,测试集,工况5,0.9508169884814878
2024-05-07 05:08:00,测试集,工况5,0.9970924500310823
2024-05-07 05:09:00,测试集,工况6,0.5895138210195684
2024-05-07 05:10:00,测试集,工况5,0.9931954323463671
2024-05-07 05:11:00,测试集,工况5,0.9994561172094215
2024-05-07 05:12:00,测试集,工况5,0.7761561066386401
2024-05-07 05:13:00,测试集,工况5,0.6250399366764003
2024-05-07 05:14:00,测试集,工况5,0.9255261092517848
2024-05-07 05:15:00,测试集,工况5,0.8914525962025152
2024-05-07 05:16:00,测试集,工况5,0.9989866489769794
2024-05-07 05:17:00,测试集,工况5,0.7792169596641266
2024-05-07 05:18:00,测试集,工况5,0.9700520507395063
2024-05-07 05:19:00,测试集,工况5,0.9982123386497782
2024-05-07 05:20:00,测试集,工况5,0.9135140439362729
2024-05-07 05:21:00,测试集,工况5,0.7811486784592013
2024-05-07 05:22:00,测试集,工况5,0.6766499813918773
2024-05-07 05:23:00,测试集,工况5,0.9448633855512009
2024-05-07 05:24:00,测试集,工况5,0.9328647483038749
2024-05-07 05:25:00,测试集,工况5,0.9538054705025915
2024-05-07 05:26:00,测试集,工况5,0.9807523374764158
2024-05-07 05:27:00,测试集,工况5,0.9920289035050742
2024-05-07 05:28:00,测试集,工况5,0.9989835457671059
2024-05-07 05:29:00,测试集,工况6,0.5569921624788361
2024-05-07 05:30:00,测试集,工况5,0.9797153094261335
2024-05-07 05:31:00,测试集,工况6,0.816803833396484
2024-05-07 05:32:00,测试集,工况5,0.9893332923107301
2024-05-07 05:33:00,测试集,工况5,0.9230296947460948
2024-05-07 05:34:00,测试集,工况5,0.5691080625669882
2024-05-07 05:35:00,测试集,工况5,0.999673644426404
2024-05-07 05:36:00,测试集,工况6,0.6276208273248481
2024-05-07 05:37:00,测试集,工况5,0.9946357054913022
2024-05-07 05:38:00,测试集,工况5,0.9980642439619694
2024-05-07 05:39:00,测试集,工况6,0.6370784050565689
2024-05-07 05:40:00,测试集,工况5,0.9972066920182237
2024-05-07 05:41:00,测试集,工况6,0.6815205125380471
2024-05-07 05:42:00,测试集,工况5,0.9874780918939837
2024-05-07 05:43:00,测试集,工况6,0.8428468290551113
2024-05-07 05:44:00,测试集,工况5,0.7708245352817921
2024-05-07 05:45:00,测试集,工况5,0.9800639988524452
2024-05-07 05:46:00,测试集,工况5,0.7999339498013393
2024-05-07 05:47:00,测试集,工况5,0.9965584101484135
2024-05-07 05:48:00,测试集,工况5,0.9156368194050988
2024-05-07 05:49:00,测试集,工况5,0.9865512910935982
2024-05-07 05:50:00,测试集,工况6,0.8144714122414509
2024-05-07 05:51:00,测试集,工况5,0.9936339740612871
2024-05-07 05:52:00,测试集,工况5,0.9844170612684082
2024-05-07 05:53:00,测试集,工况5,0.9954887125028802
2024-05-07 05:54:00,测试集,工况6,0.5385012650836541
2024-05-07 05:55:00,测试集,工况5,0.9869072014074534
2024-05-07 05:56:00,测试集,工况5,0.8644149723942949
2024-05-07 05:57:00,测试集,工况5,0.9943387249690537
2024-05-07 05:58:00,测试集,工况5,0.9535977377950589
2024-05-07 05:59:00,测试集,工况6,0.8060865136159824
2024-05-07 06:00:00,测试集,工况5,0.6246195361355487
2024-05-07 06:01:00,测试集,工况6,0.570133436054931
2024-05-07 06:02:00,测试集,工况5,0.8238238415092006
2024-05-07 06:03:00,测试集,工况5,0.9696393611312952
2024-05-07 06:04:00,测试集,工况5,0.9943956199065074
2024-05-07 06:05:00,测试集,工况5,0.9994756742269647
2024-05-07 06:06:00,测试集,工况5,0.7959153034069215
2024-05-07 06:07:00,测试集,工况5,0.9482705920052316
2024-05-07 06:08:00,测试集,工况6,0.7974953327647495
2024-05-07 06:09:00,测试集,工况6,0.989827144479771
2024-05-07 06:10:00,测试集,工况6,0.9234693334478213
2024-05-07 06:11:00,测试集,工况5,0.9749481953012752
2024-05-07 06:12:00,测试集,工况5,0.9964204175415482
2024-05-07 06:13:00,测试集,工况6,0.9477715502445357
2024-05-07 06:14:00,测试集,工况5,0.9985806822200535
2024-05-07 06:15:00,测试集,工况5,0.9983424280622478
2024-05-07 06:16:00,测试集,工况5,0.9993163654225345
2024-05-07 06:17:00,测试集,工况6,0.54452027952248
2024-05-07 06:18:00,测试集,工况5,0.9872717100536426
2024-05-07 06:19:00,测试集,工况5,0.9154799899696318
2024-05-07 06:20:00,测试集,工况5,0.9919872722749532
2024-05-07 06:21:00,测试集,工况5,0.9408076674551151
2024-05-07 06:22:00,测试集,工况5,0.982045334889243
2024-05-07 06:23:00,测试集,工况5,0.999024394512576
2024-05-07 06:24:00,测试集,工况5,0.8323097070080655
2024-05-07 06:25:00,测试集,工况5,0.8509881018984367
2024-05-07 06:26:00,测试集,工况5,0.9801983165717768
2024-05-07 06:27:00,测试集,工况5,0.9873003208305265
2024-05-07 06:28:00,测试集,工况5,0.9974595798591467
2024-05-07 06:29:00,测试集,工况5,0.6623346586021206
2024-05-07 06:30:00,测试集,工况5,0.9616634966858655
2024-05-07 06:31:00,测试集,工况5,0.986585045230785
2024-05-07 06:32:00,测试集,工况5,0.8983402558218194
2024-05-07 06:33:00,测试集,工况5,0.8787978332127502
2024-05-07 06:34:00,测试集,工况6,0.6512058781353862
2024-05-07 06:35:00,测试集,工况5,0.7569651641353339
2024-05-07 06:36:00,测试集,工况5,0.9165770491052871
2024-05-07 06:37:00,测试集,工况5,0.8726757339404242
2024-05-07 06:38:00,测试集,工况6,0.902699272956038
2024-05-07 06:39:00,测试集,工况6,0.5256037113637783
2024-05-07 06:40:00,测试集,工况5,0.98732085708377
2024-05-07 06:41:00,测试集,工况5,0.9506503569973638
2024-05-07 06:42:00,测试集,工况6,0.8894098306371341
2024-05-07 06:43:00,测试集,工况5,0.9230873454507464
2024-05-07 06:44:00,测试集,工况5,0.6110173415720139
2024-05-07 06:45:00,测试集,工况6,0.42724191047133253
2024-05-07 06:46:00,测试集,工况5,0.5510145523759771
2024-05-07 06:47:00,测试集,工况6,0.6706488704444434
2024-05-07 06:48:00,测试集,工况5,0.9738019676280829
2024-05-07 06:49:00,测试集,工况5,0.9501854575471192
2024-05-07 06:50:00,测试集,工况5,0.6890617518149666
2024-05-07 06:51:00,测试集,工况5,0.9519782249778909
2024-05-07 06:52:00,测试集,工况2,0.35883166408832345
2024-05-07 06:53:00,测试集,工况6,0.6831853102615374
2024-05-07 06:54:00,测试集,工况5,0.6036916421873773
2024-05-07 06:55:00,测试集,工况5,0.8318755246689925
2024-05-07 06:56:00,测试集,工况5,0.5016585795148417
2024-05-07 06:57:00,测试集,工况5,0.8188673985782342
2024-05-07 06:58:00,测试集,工况2,0.4536018259096823
2024-05-07 06:59:00,测试集,工况5,0.9991340935487718
2024-05-07 07:00:00,测试集,工况5,0.9980450055230992
2024-05-07 07:01:00,测试集,工况5,0.6362761103593354
2024-05-07 07:02:00,测试集,工况6,0.9133902633507158
2024-05-07 07:03:00,测试集,工况5,0.9888262859832905
2024-05-07 07:04:00,测试集,工况5,0.9954395772835894
2024-05-07 07:05:00,测试集,工况5,0.9944535363622672
2024-05-07 07:06:00,测试集,工况5,0.9955950358258623
2024-05-07 07:07:00,测试集,工况6,0.5901383220317176
2024-05-07 07:08:00,测试集,工况6,0.9885179279016001
2024-05-07 07:09:00,测试集,工况5,0.9625447699795933
2024-05-07 07:10:00,测试集,工况5,0.550668044728675
2024-05-07 07:11:00,测试集,工况5,0.5683585356229935
2024-05-07 07:12:00,测试集,工况5,0.9119059820065165
2024-05-07 07:13:00,测试集,工况5,0.9551756432738102
2024-05-07 07:14:00,测试集,工况6,0.6691966038627739
2024-05-07 07:15:00,测试集,工况5,0.9992447190137745
2024-05-07 07:16:00,测试集,工况5,0.5444141951216279
2024-05-07 07:17:00,测试集,工况5,0.9859303757131191
2024-05-07 07:18:00,测试集,工况5,0.884734991789289
2024-05-07 07:19:00,测试集,工况5,0.8993466196871912
2024-05-07 07:20:00,测试集,工况5,0.7351981681102173
2024-05-07 07:21:00,测试集,工况5,0.8743192101327832
2024-05-07 07:22:00,测试集,工况5,0.8584270583870981
2024-05-07 07:23:00,测试集,工况6,0.8145480792560437
2024-05-07 07:24:00,测试集,工况6,0.9942477135918482
2024-05-07 07:25:00,测试集,工况5,0.9959304569573849
2024-05-07 07:26:00,测试集,工况6,0.8311918992716123
2024-05-07 07:27:00,测试集,工况6,0.8814275161747592
2024-05-07 07:28:00,测试集,工况5,0.9611522762453726
2024-05-07 07:29:00,测试集,工况5,0.9750252876823917
2024-05-07 07:30:00,测试集,工况5,0.7767101936175036
2024-05-07 07:31:00,测试集,工况5,0.9918825886688883
2024-05-07 07:32:00,测试集,工况5,0.6869977162790251
2024-05-07 07:33:00,测试集,工况5,0.9888971572096734
2024-05-07 07:34:00,测试集,工况6,0.6467376413533638
2024-05-07 07:35:00,测试集,工况5,0.9294027822606852
2024-05-07 07:36:00,测试集,工况5,0.9992503866820285
2024-05-07 07:37:00,测试集,工况5,0.9987461918927983
2024-05-07 07:38:00,测试集,工况5,0.9977279239996113
2024-05-07 07:39:00,测试集,工况5,0.9943242657255854
2024-05-07 07:40:00,测试集,工况5,0.6867424967416316
2024-05-07 07:41:00,测试集,工况6,0.9725498696784569
2024-05-07 07:42:00,测试集,工况5,0.9983303449388227
2024-05-07 07:43:00,测试集,工况5,0.9642130803850693
2024-05-07 07:44:00,测试集,工况5,0.9886000099547906
2024-05-07 07:45:00,测试集,工况5,0.9873822669032736
2024-05-07 07:46:00,测试集,工况5,0.9950716674675815
2024-05-07 07:47:00,测试集,工况5,0.9900239048695831
2024-05-07 07:48:00,测试集,工况6,0.5597218194621311
2024-05-07 07:49:00,测试集,工况5,0.9981971418410553
2024-05-07 07:50:00,测试集,工况5,0.8176026172259145
2024-05-07 07:51:00,测试集,工况5,0.9994259650334822
2024-05-07 07:52:00,测试集,工况6,0.8742849725263218
2024-05-07 07:53:00,测试集,工况5,0.894911534998565
2024-05-07 07:54:00,测试集,工况5,0.693210960142818
2024-05-07 07:55:00,测试集,工况5,0.9896289205038564
2024-05-07 07:56:00,测试集,工况5,0.7444288746119181
2024-05-07 07:57:00,测试集,工况5,0.999624792688105
2024-05-07 07:58:00,测试集,工况5,0.9709139203642545
2024-05-07 07:59:00,测试集,工况5,0.8058601595353639
2024-05-07 08:00:00,测试集,工况5,0.501602344702447
2024-05-07 08:01:00,测试集,工况2,0.7440730490263386
2024-05-07 08:02:00,测试集,工况5,0.9672913408106908
2024-05-07 08:03:00,测试集,工况5,0.9818308058909843
2024-05-07 08:04:00,测试集,工况6,0.539457318539538
2024-05-07 08:05:00,测试集,工况5,0.9272968862937327
2024-05-07 08:06:00,测试集,工况5,0.6826509040379283
2024-05-07 08:07:00,测试集,工况5,0.9704769850979742
2024-05-07 08:08:00,测试集,工况6,0.5680379819808675
2024-05-07 08:09:00,测试集,工况5,0.9726554405933602
2024-05-07 08:10:00,测试集,工况5,0.727569081196134
2024-05-07 08:11:00,测试集,工况5,0.5541475147763154
2024-05-07 08:12:00,测试集,工况5,0.7016091537754665
2024-05-07 08:13:00,测试集,工况5,0.9854835921961606
2024-05-07 08:14:00,测试集,工况5,0.9904054658334929
2024-05-07 08:15:00,测试集,工况5,0.9644424992153889
2024-05-07 08:16:00,测试集,工况5,0.9935665955031375
2024-05-07 08:17:00,测试集,工况6,0.9643827106881141
2024-05-07 08:18:00,测试集,工况5,0.9942330499151513
2024-05-07 08:19:00,测试集,工况5,0.9873460070862164
2024-05-07 08:20:00,测试集,工况5,0.9785395036358768
2024-05-07 08:21:00,测试集,工况6,0.49594879408200543
2024-05-07 08:22:00,测试集,工况5,0.8094300212837536
2024-05-07 08:23:00,测试集,工况5,0.9934359052933767
2024-05-07 08:24:00,测试集,工况5,0.9930448131168067
2024-05-07 08:25:00,测试集,工况5,0.9976396513699749
2024-05-07 08:26:00,测试集,工况5,0.9881008592673224
2024-05-07 08:27:00,测试集,工况5,0.6105955658569385
2024-05-07 08:28:00,测试集,工况5,0.9906682967663816
2024-05-07 08:29:00,测试集,工况6,0.8261388604124049
2024-05-07 08:30:00,测试集,工况6,0.670415261669084
2024-05-07 08:31:00,测试集,工况5,0.5793222083519197
2024-05-07 08:32:00,测试集,工况5,0.5348334233791042
2024-05-07 08:33:00,测试集,工况5,0.986088139512919
2024-05-07 08:34:00,测试集,工况5,0.9554156626930845
2024-05-07 08:35:00,测试集,工况5,0.9963433091465022
2024-05-07 08:36:00,测试集,工况5,0.5990447598843573
2024-05-07 08:37:00,测试集,工况5,0.9947079389524094
2024-05-07 08:38:00,测试集,工况5,0.9995372601301156
2024-05-07 08:39:00,测试集,工况6,0.5896158282603217
2024-05-07 08:40:00,测试集,工况5,0.9938854411257447
2024-05-07 08:41:00,测试集,工况5,0.9972636509767386
2024-05-07 08:42:00,测试集,工况5,0.6614951517623419
2024-05-07 08:43:00,测试集,工况5,0.6782692778339187
2024-05-07 08:44:00,测试集,工况5,0.7968603376385701
2024-05-07 08:45:00,测试集,工况6,0.6865972879956995
2024-05-07 08:46:00,测试集,工况6,0.4567939798287592
2024-05-07 08:47:00,测试集,工况5,0.9977102455477023
2024-05-07 08:48:00,测试集,工况6,0.7024902355948465
2024-05-07 08:49:00,测试集,工况5,0.9990338124250856
2024-05-07 08:50:00,测试集,工况5,0.9802698897731775
2024-05-07 08:51:00,测试集,工况6,0.9035231289598963
2024-05-07 08:52:00,测试集,工况5,0.9322369337547327
2024-05-07 08:53:00,测试集,工况5,0.8949387259278407
2024-05-07 08:54:00,测试集,工况5,0.9994232677258318
2024-05-07 08:55:00,测试集,工况5,0.7534367769656141
2024-05-07 08:56:00,测试集,工况5,0.8762025126691438
2024-05-07 08:57:00,测试集,工况5,0.9778959308988534
2024-05-07 08:58:00,测试集,工况5,0.9685135513292689
2024-05-07 08:59:00,测试集,工况5,0.9448971995732462
2024-05-07 09:00:00,测试集,工况6,0.6733457061405999
2024-05-07 09:01:00,测试集,工况5,0.6390556626076123
2024-05-07 09:02:00,测试集,工况6,0.49901002574780196
2024-05-07 09:03:00,测试集,工况6,0.8441659095454312
2024-05-07 09:04:00,测试集,工况6,0.6498788518027141
2024-05-07 09:05:00,测试集,工况5,0.9986036131637933
2024-05-07 09:06:00,测试集,工况5,0.9772490561093211
2024-05-07 09:07:00,测试集,工况6,0.9222450218990428
2024-05-07 09:08:00,测试集,工况6,0.7018661646834121
2024-05-07 09:09:00,测试集,工况6,0.7514251741633137
2024-05-07 09:10:00,测试集,工况6,0.6915011125969528
2024-05-07 09:11:00,测试集,工况5,0.9976607179632648
2024-05-07 09:12:00,测试集,工况5,0.9952935105818702
2024-05-07 09:13:00,测试集,工况5,0.9903042032862567
2024-05-07 09:14:00,测试集,工况5,0.9980440332442396
2024-05-07 09:15:00,测试集,工况2,0.8515538163791233
2024-05-07 09:16:00,测试集,工况5,0.9907566381681085
2024-05-07 09:17:00,测试集,工况6,0.6400018046423964
2024-05-07 09:18:00,测试集,工况5,0.9751491265478877
2024-05-07 09:19:00,测试集,工况5,0.8753721528987792
2024-05-07 09:20:00,测试集,工况5,0.9971335609446087
2024-05-07 09:21:00,测试集,工况5,0.9975351491516126
2024-05-07 09:22:00,测试集,工况5,0.9681756691278735
2024-05-07 09:23:00,测试集,工况5,0.8528565070374718
2024-05-07 09:24:00,测试集,工况5,0.9539790713131812
2024-05-07 09:25:00,测试集,工况5,0.9152111450590048
2024-05-07 09:26:00,测试集,工况5,0.9582476232026824
2024-05-07 09:27:00,测试集,工况5,0.9428931406611644
2024-05-07 09:28:00,测试集,工况5,0.9825029614166413
2024-05-07 09:29:00,测试集,工况5,0.7009238045966357
2024-05-07 09:30:00,测试集,工况6,0.8367804945189549
2024-05-07 09:31:00,测试集,工况5,0.6481149107357084
2024-05-07 09:32:00,测试集,工况6,0.5077255076972479
2024-05-07 09:33:00,测试集,工况6,0.6747200288544386
2024-05-07 09:34:00,测试集,工况5,0.8487826164393533
2024-05-07 09:35:00,测试集,工况6,0.9210227878347447
2024-05-07 09:36:00,测试集,工况5,0.9742068019551163
2024-05-07 09:37:00,测试集,工况6,0.5052199235025272
2024-05-07 09:38:00,测试集,工况5,0.9962749981451148
2024-05-07 09:39:00,测试集,工况5,0.5829119082637445
2024-05-07 09:40:00,测试集,工况5,0.9959378634104193
2024-05-07 09:41:00,测试集,工况5,0.9992613776275726
2024-05-07 09:42:00,测试集,工况5,0.7309798368703263
2024-05-07 09:43:00,测试集,工况5,0.9885700778550793
2024-05-07 09:44:00,测试集,工况5,0.9962901715046055
2024-05-07 09:45:00,测试集,工况5,0.8466481197334911
2024-05-07 09:46:00,测试集,工况5,0.5579935288850884
2024-05-07 09:47:00,测试集,工况5,0.9607693593197395
2024-05-07 09:48:00,测试集,工况5,0.9996351432134978
2024-05-07 09:49:00,测试集,工况5,0.8053586861415626
2024-05-07 09:50:00,测试集,工况6,0.7191605921105898
2024-05-07 09:51:00,测试集,工况6,0.6953955135102172
2024-05-07 09:52:00,测试集,工况6,0.7312108835869883
2024-05-07 09:53:00,测试集,工况5,0.8425144520813915
2024-05-07 09:54:00,测试集,工况5,0.9819781557781168
2024-05-07 09:55:00,测试集,工况5,0.9534531139707707
2024-05-07 09:56:00,测试集,工况6,0.5099835388033607
2024-05-07 09:57:00,测试集,工况5,0.9800585208217675
2024-05-07 09:58:00,测试集,工况5,0.6887654631641871
2024-05-07 09:59:00,测试集,工况2,0.8766227953780237
2024-05-07 10:00:00,测试集,工况5,0.9975406518679502
2024-05-07 10:01:00,测试集,工况5,0.7397656362837377
2024-05-07 10:02:00,测试集,工况5,0.9988716708182445
2024-05-07 10:03:00,测试集,工况2,0.7476017289407879
2024-05-07 10:04:00,测试集,工况5,0.9982351037334976
2024-05-07 10:05:00,测试集,工况6,0.722850240352739
2024-05-07 10:06:00,测试集,工况5,0.8169213467691003
2024-05-07 10:07:00,测试集,工况5,0.7885435691475257
2024-05-07 10:08:00,测试集,工况5,0.9837527463853956
2024-05-07 10:09:00,测试集,工况2,0.7495968964492395
2024-05-07 10:10:00,测试集,工况5,0.5964851768058363
2024-05-07 10:11:00,测试集,工况6,0.9780249466185762
2024-05-07 10:12:00,测试集,工况5,0.9990180321066756
2024-05-07 10:13:00,测试集,工况5,0.9726710044245602
2024-05-07 10:14:00,测试集,工况5,0.9927846340661707
2024-05-07 10:15:00,测试集,工况2,0.513308710244308
2024-05-07 10:16:00,测试集,工况6,0.7143026466045663
2024-05-07 10:17:00,测试集,工况5,0.9916447997226263
2024-05-07 10:18:00,测试集,工况6,0.900028548055317
2024-05-07 10:19:00,测试集,工况5,0.9435319908719827
2024-05-07 10:20:00,测试集,工况5,0.9492785851696429
2024-05-07 10:21:00,测试集,工况6,0.9917911551763391
2024-05-07 10:22:00,测试集,工况5,0.7686051304606213
2024-05-07 10:23:00,测试集,工况5,0.9985047401091578
2024-05-07 10:24:00,测试集,工况5,0.9724319808359784
2024-05-07 10:25:00,测试集,工况5,0.8840599121078512
2024-05-07 10:26:00,测试集,工况5,0.9787095914286493
2024-05-07 10:27:00,测试集,工况5,0.9834365743279333
2024-05-07 10:28:00,测试集,工况6,0.9560795221304117
2024-05-07 10:29:00,测试集,工况5,0.9901036480976431
2024-05-07 10:30:00,测试集,工况6,0.9362277159259426
2024-05-07 10:31:00,测试集,工况5,0.9161397976358087
2024-05-07 10:32:00,测试集,工况6,0.5388631823581697
2024-05-07 10:33:00,测试集,工况6,0.9929489022453235
2024-05-07 10:34:00,测试集,工况5,0.7498879397326397
2024-05-07 10:35:00,测试集,工况2,0.5744510051260688
2024-05-07 10:36:00,测试集,工况5,0.9955239508282141
2024-05-07 10:37:00,测试集,工况5,0.8124404352496387
2024-05-07 10:38:00,测试集,工况5,0.5522711249060739
2024-05-07 10:39:00,测试集,工况5,0.9427748091887688
2024-05-07 10:40:00,测试集,工况5,0.988870974427848
2024-05-07 10:41:00,测试集,工况6,0.623159819394293
2024-05-07 10:42:00,测试集,工况5,0.8129435515789452
2024-05-07 10:43:00,测试集,工况6,0.8942344093267045
2024-05-07 10:44:00,测试集,工况6,0.5416973250316024
2024-05-07 10:45:00,测试集,工况5,0.9654895675605001
2024-05-07 10:46:00,测试集,工况5,0.99492596874263
2024-05-07 10:47:00,测试集,工况5,0.6351432964712798
2024-05-07 10:48:00,测试集,工况5,0.999251709330686
2024-05-07 10:49:00,测试集,工况6,0.8961609376591256
2024-05-07 10:50:00,测试集,工况5,0.9641925358262712
2024-05-07 10:51:00,测试集,工况5,0.7166216921417393
2024-05-07 10:52:00,测试集,工况5,0.9939375787494321
2024-05-07 10:53:00,测试集,工况6,0.6313381701269101
2024-05-07 10:54:00,测试集,工况5,0.997558927592921
2024-05-07 10:55:00,测试集,工况5,0.9913782316527078
2024-05-07 10:56:00,测试集,工况6,0.6074956958827362
2024-05-07 10:57:00,测试集,工况5,0.6479359886138896
2024-05-07 10:58:00,测试集,工况6,0.7982144753212143
2024-05-07 10:59:00,测试集,工况5,0.9997837042218001
2024-05-07 11:00:00,测试集,工况5,0.9891483445433259
2024-05-07 11:01:00,测试集,工况5,0.9604173229994555
2024-05-07 11:02:00,测试集,工况6,0.8734380636397147
2024-05-07 11:03:00,测试集,工况5,0.9979850093655923
2024-05-07 11:04:00,测试集,工况5,0.9582308110095908
2024-05-07 11:05:00,测试集,工况6,0.9905984041062078
2024-05-07 11:06:00,测试集,工况5,0.7930926653325774
2024-05-07 11:07:00,测试集,工况5,0.9103439470738349
2024-05-07 11:08:00,测试集,工况6,0.8291046328794799
2024-05-07 11:09:00,测试集,工况5,0.8071695393057369
2024-05-07 11:10:00,测试集,工况5,0.9991730941189942
2024-05-07 11:11:00,测试集,工况5,0.9873627025367077
2024-05-07 11:12:00,测试集,工况5,0.9812778908834189
2024-05-07 11:13:00,测试集,工况5,0.9995349059525376
2024-05-07 11:14:00,测试集,工况6,0.8193042787023971
2024-05-07 11:15:00,测试集,工况2,0.8808092215383038
2024-05-07 11:16:00,测试集,工况5,0.9680652016021843
2024-05-07 11:17:00,测试集,工况5,0.8136661805388106
2024-05-07 11:18:00,测试集,工况6,0.8318606942174075
2024-05-07 11:19:00,测试集,工况5,0.9712098930746882
2024-05-07 11:20:00,测试集,工况5,0.5300534378785983
2024-05-07 11:21:00,测试集,工况5,0.6251593022590224
2024-05-07 11:22:00,测试集,工况6,0.9090756768473656
2024-05-07 11:23:00,测试集,工况2,0.5884618314563905
2024-05-07 11:24:00,测试集,工况5,0.8647794072247427
2024-05-07 11:25:00,测试集,工况6,0.9675043311859033
2024-05-07 11:26:00,测试集,工况5,0.8449864625055369
2024-05-07 11:27:00,测试集,工况6,0.9895012822533485
2024-05-07 11:28:00,测试集,工况5,0.9257045493007463
2024-05-07 11:29:00,测试集,工况6,0.9149102098982774
2024-05-07 11:30:00,测试集,工况5,0.983933320149561
2024-05-07 11:31:00,测试集,工况6,0.6829968755638982
2024-05-07 11:32:00,测试集,工况6,0.7127848789445672
2024-05-07 11:33:00,测试集,工况6,0.7931586147319009
2024-05-07 11:34:00,测试集,工况6,0.929063722844863
2024-05-07 11:35:00,测试集,工况6,0.6161017209169883
2024-05-07 11:36:00,测试集,工况5,0.7035398268863845
2024-05-07 11:37:00,测试集,工况6,0.8273379488120689
2024-05-07 11:38:00,测试集,工况5,0.9752784974328921
2024-05-07 11:39:00,测试集,工况5,0.6967527089335506
2024-05-07 11:40:00,测试集,工况6,0.7682113511947744
2024-05-07 11:41:00,测试集,工况5,0.8006301063318763
2024-05-07 11:42:00,测试集,工况6,0.89973176553311
2024-05-07 11:43:00,测试集,工况5,0.5714273470699863
2024-05-07 11:44:00,测试集,工况5,0.9843983022108769
2024-05-07 11:45:00,测试集,工况5,0.8495984295750006
2024-05-07 11:46:00,测试集,工况5,0.9230792589500737
2024-05-07 11:47:00,测试集,工况5,0.9277749895801347
2024-05-07 11:48:00,测试集,工况6,0.9837130545732369
2024-05-07 11:49:00,测试集,工况6,0.9531611267780796
2024-05-07 11:50:00,测试集,工况5,0.9987511159922842
2024-05-07 11:51:00,测试集,工况6,0.6836723984837819
2024-05-07 11:52:00,测试集,工况5,0.9573842462944645
2024-05-07 11:53:00,测试集,工况6,0.6532771969544515
2024-05-07 11:54:00,测试集,工况5,0.952417412358209
2024-05-07 11:55:00,测试集,工况6,0.9267600456703312
2024-05-07 11:56:00,测试集,工况5,0.9996742696429993
2024-05-07 11:57:00,测试集,工况5,0.6041336410698273
2024-05-07 11:58:00,测试集,工况6,0.8061794269704982
2024-05-07 11:59:00,测试集,工况6,0.9793184994802644
2024-05-07 12:00:00,测试集,工况5,0.9676843700871984
2024-05-07 12:01:00,测试集,工况6,0.8809918710291813
2024-05-07 12:02:00,测试集,工况5,0.7825231703082407
2024-05-07 12:03:00,测试集,工况5,0.9389020336284135
2024-05-07 12:04:00,测试集,工况6,0.9601954265852031
2024-05-07 12:05:00,测试集,工况5,0.9769890279446743
2024-05-07 12:06:00,测试集,工况5,0.6846659069759897
2024-05-07 12:07:00,测试集,工况6,0.9746157152031796
2024-05-07 12:08:00,测试集,工况5,0.9860035707900715
2024-05-07 12:09:00,测试集,工况6,0.7130509187189087
2024-05-07 12:10:00,测试集,工况2,0.5192644340504856
2024-05-07 12:11:00,测试集,工况5,0.8680429823780776
2024-05-07 12:12:00,测试集,工况5,0.9793321885169636
2024-05-07 12:13:00,测试集,工况6,0.9093838430887535
2024-05-07 12:14:00,测试集,工况6,0.7093977503802115
2024-05-07 12:15:00,测试集,工况5,0.49780552123962674
2024-05-07 12:16:00,测试集,工况5,0.9938078114609882
2024-05-07 12:17:00,测试集,工况5,0.7994934131580873
2024-05-07 12:18:00,测试集,工况5,0.7916101919614703
2024-05-07 12:19:00,测试集,工况5,0.8083947249704243
2024-05-07 12:20:00,测试集,工况5,0.6730812494565144
2024-05-07 12:21:00,测试集,工况5,0.9972238856583281
2024-05-07 12:22:00,测试集,工况5,0.8881381661167237
2024-05-07 12:23:00,测试集,工况5,0.9130069602187836
2024-05-07 12:24:00,测试集,工况6,0.6559909319510914
2024-05-07 12:25:00,测试集,工况5,0.9921530094014387
2024-05-07 12:26:00,测试集,工况2,0.3937239477364266
2024-05-07 12:27:00,测试集,工况5,0.9756733534561334
2024-05-07 12:28:00,测试集,工况5,0.9375252570487851
2024-05-07 12:29:00,测试集,工况5,0.9519956621924707
2024-05-07 12:30:00,测试集,工况6,0.9217749481209663
2024-05-07 12:31:00,测试集,工况6,0.731971956767181
2024-05-07 12:32:00,测试集,工况6,0.9240954451755764
2024-05-07 12:33:00,测试集,工况5,0.9609712913274449
2024-05-07 12:34:00,测试集,工况5,0.5394222468961813
2024-05-07 12:35:00,测试集,工况5,0.5059277710131226
2024-05-07 12:36:00,测试集,工况5,0.988683271203
2024-05-07 12:37:00,测试集,工况5,0.5450803648449596
2024-05-07 12:38:00,测试集,工况6,0.7256942070591621
2024-05-07 12:39:00,测试集,工况6,0.8724011771611733
2024-05-07 12:40:00,测试集,工况6,0.8591648166648373
2024-05-07 12:41:00,测试集,工况5,0.7405520586641916
2024-05-07 12:42:00,测试集,工况6,0.5203284918508653
2024-05-07 12:43:00,测试集,工况5,0.5305939316022698
2024-05-07 12:44:00,测试集,工况5,0.9564788131527757
2024-05-07 12:45:00,测试集,工况6,0.7184734809484823
2024-05-07 12:46:00,测试集,工况6,0.611254630115799
2024-05-07 12:47:00,测试集,工况6,0.4974565194703957
2024-05-07 12:48:00,测试集,工况6,0.8977302581907204
2024-05-07 12:49:00,测试集,工况5,0.6356760046178034
2024-05-07 12:50:00,测试集,工况5,0.9916352493739687
2024-05-07 12:51:00,测试集,工况5,0.9994757086219381
2024-05-07 12:52:00,测试集,工况6,0.5174928525819098
2024-05-07 12:53:00,测试集,工况5,0.947220430841561
2024-05-07 12:54:00,测试集,工况5,0.8206593861483864
2024-05-07 12:55:00,测试集,工况6,0.5368189194214092
2024-05-07 12:56:00,测试集,工况5,0.8519440520526531
2024-05-07 12:57:00,测试集,工况6,0.6035735805138643
2024-05-07 12:58:00,测试集,工况5,0.9889432030791624
2024-05-07 12:59:00,测试集,工况5,0.9976860648567267
2024-05-07 13:00:00,测试集,工况5,0.629563147972334
2024-05-07 13:01:00,测试集,工况5,0.9626991815022463
2024-05-07 13:02:00,测试集,工况6,0.9858986918375012
2024-05-07 13:03:00,测试集,工况5,0.8339663439108729
2024-05-07 13:04:00,测试集,工况6,0.9636863461331525
2024-05-07 13:05:00,测试集,工况5,0.5912660654031321
2024-05-07 13:06:00,测试集,工况5,0.9725560041006426
2024-05-07 13:07:00,测试集,工况5,0.9816910148599883
2024-05-07 13:08:00,测试集,工况5,0.5274373591287794
2024-05-07 13:09:00,测试集,工况6,0.9809451867197746
2024-05-07 13:10:00,测试集,工况6,0.9786008044235293
2024-05-07 13:11:00,测试集,工况6,0.5385550001738498
2024-05-07 13:12:00,测试集,工况5,0.7092044106314164
2024-05-07 13:13:00,测试集,工况6,0.9123495580357165
2024-05-07 13:14:00,测试集,工况6,0.9681200574133101
2024-05-07 13:15:00,测试集,工况5,0.9321216321413984
2024-05-07 13:16:00,测试集,工况5,0.8951689884549341
2024-05-07 13:17:00,测试集,工况6,0.754062632342104
2024-05-07 13:18:00,测试集,工况6,0.9848588816785764
2024-05-07 13:19:00,测试集,工况6,0.7517285103735863
2024-05-07 13:20:00,测试集,工况2,0.3853215819874094
2024-05-07 13:21:00,测试集,工况5,0.8282312471102914
2024-05-07 13:22:00,测试集,工况6,0.6028658529718007
2024-05-07 13:23:00,测试集,工况5,0.9890441759212424
2024-05-07 13:24:00,测试集,工况5,0.8493007928847092
2024-05-07 13:25:00,测试集,工况5,0.9991178590874352
2024-05-07 13:26:00,测试集,工况5,0.7456102784581449
2024-05-07 13:27:00,测试集,工况5,0.9874502921665737
2024-05-07 13:28:00,测试集,工况6,0.9135235299235652
2024-05-07 13:29:00,测试集,工况6,0.5639899659746299
2024-05-07 13:30:00,测试集,工况5,0.8759606887941824
2024-05-07 13:31:00,测试集,工况6,0.9908491277155318
2024-05-07 13:32:00,测试集,工况5,0.9709376970043269
2024-05-07 13:33:00,测试集,工况6,0.9260852452375921
2024-05-07 13:34:00,测试集,工况6,0.9296984902386397
2024-05-07 13:35:00,测试集,工况6,0.7860585243630012
2024-05-07 13:36:00,测试集,工况6,0.9437006804088016
2024-05-07 13:37:00,测试集,工况6,0.9123983459853487
2024-05-07 13:38:00,测试集,工况6,0.8459429890037194
2024-05-07 13:39:00,测试集,工况5,0.9851715573733721
2024-05-07 13:40:00,测试集,工况6,0.9550931365746274
2024-05-07 13:41:00,测试集,工况5,0.9763966161009147
2024-05-07 13:42:00,测试集,工况5,0.9765978163293378
2024-05-07 13:43:00,测试集,工况6,0.5295335076423116
2024-05-07 13:44:00,测试集,工况5,0.7891756293431503
2024-05-07 13:45:00,测试集,工况5,0.5632300304307676
2024-05-07 13:46:00,测试集,工况5,0.9922108259830801
2024-05-07 13:47:00,测试集,工况5,0.9779562294464336
2024-05-07 13:48:00,测试集,工况6,0.9513995726812855
2024-05-07 13:49:00,测试集,工况6,0.8032691937348936
2024-05-07 13:50:00,测试集,工况5,0.6654417075537281
2024-05-07 13:51:00,测试集,工况6,0.7026915397703418
2024-05-07 13:52:00,测试集,工况2,0.7172129442483707
2024-05-07 13:53:00,测试集,工况6,0.8455877899241706
2024-05-07 13:54:00,测试集,工况2,0.8496347561767523
2024-05-07 13:55:00,测试集,工况6,0.8927784717775875
2024-05-07 13:56:00,测试集,工况6,0.9171669190049605
2024-05-07 13:57:00,测试集,工况5,0.8061338625743573
2024-05-07 13:58:00,测试集,工况6,0.9960577087104998
2024-05-07 13:59:00,测试集,工况6,0.9112018512767138
2024-05-07 14:00:00,测试集,工况6,0.9736472030581478
2024-05-07 14:01:00,测试集,工况6,0.8483852737438808
2024-05-07 14:02:00,测试集,工况6,0.5697690343485075
2024-05-07 14:03:00,测试集,工况5,0.5075805405215262
2024-05-07 14:04:00,测试集,工况5,0.5782500508460636
2024-05-07 14:05:00,测试集,工况5,0.5761453190518712
2024-05-07 14:06:00,测试集,工况6,0.9298786398600847
2024-05-07 14:07:00,测试集,工况6,0.9656008554528046
2024-05-07 14:08:00,测试集,工况5,0.7871246860946031
2024-05-07 14:09:00,测试集,工况5,0.9306516429612312
2024-05-07 14:10:00,测试集,工况6,0.5734079247171118
2024-05-07 14:11:00,测试集,工况6,0.7964085348757618
2024-05-07 14:12:00,测试集,工况5,0.6532971774356994
2024-05-07 14:13:00,测试集,工况5,0.7233692211248011
2024-05-07 14:14:00,测试集,工况6,0.7232401029327674
2024-05-07 14:15:00,测试集,工况5,0.8657853712227163
2024-05-07 14:16:00,测试集,工况5,0.945751125722589
2024-05-07 14:17:00,测试集,工况5,0.8739681863258765
2024-05-07 14:18:00,测试集,工况6,0.6302122088781081
2024-05-07 14:19:00,测试集,工况6,0.824607137728136
2024-05-07 14:20:00,测试集,工况6,0.9422788374615403
2024-05-07 14:21:00,测试集,工况6,0.9800410868834148
2024-05-07 14:22:00,测试集,工况6,0.5820487588092728
2024-05-07 14:23:00,测试集,工况5,0.9389181185667437
2024-05-07 14:24:00,测试集,工况5,0.9988785713317369
2024-05-07 14:25:00,测试集,工况6,0.7182842453406313
2024-05-07 14:26:00,测试集,工况6,0.9324465203732156
2024-05-07 14:27:00,测试集,工况6,0.9750329793721874
2024-05-07 14:28:00,测试集,工况5,0.9977073202705937
2024-05-07 14:29:00,测试集,工况6,0.9673191611642412
2024-05-07 14:30:00,测试集,工况5,0.970470832647683
2024-05-07 14:31:00,测试集,工况6,0.854720636854707
2024-05-07 14:32:00,测试集,工况5,0.9510831263561005
2024-05-07 14:33:00,测试集,工况5,0.8475746496181612
2024-05-07 14:34:00,测试集,工况6,0.5163405995700977
2024-05-07 14:35:00,测试集,工况6,0.8296424143846847
2024-05-07 14:36:00,测试集,工况6,0.887889520708305
2024-05-07 14:37:00,测试集,工况6,0.7107558445590589
2024-05-07 14:38:00,测试集,工况6,0.6554040075397127
2024-05-07 14:39:00,测试集,工况5,0.6846064434024706
2024-05-07 14:40:00,测试集,工况5,0.5427652254826892
2024-05-07 14:41:00,测试集,工况6,0.9878416080482038
2024-05-07 14:42:00,测试集,工况6,0.9112849393694263
2024-05-07 14:43:00,测试集,工况6,0.992050881798516
2024-05-07 14:44:00,测试集,工况6,0.7493727051140234
2024-05-07 14:45:00,测试集,工况6,0.5248491058642646
2024-05-07 14:46:00,测试集,工况6,0.8018312484937999
2024-05-07 14:47:00,测试集,工况6,0.5398477678508286
2024-05-07 14:48:00,测试集,工况6,0.8466864468706885
2024-05-07 14:49:00,测试集,工况6,0.9460850963809257
2024-05-07 14:50:00,测试集,工况5,0.5576690538106234
2024-05-07 14:51:00,测试集,工况6,0.893081663312487
2024-05-07 14:52:00,测试集,工况2,0.687513795972233
2024-05-07 14:53:00,测试集,工况5,0.7905580414851417
2024-05-07 14:54:00,测试集,工况5,0.9648250012892092
2024-05-07 14:55:00,测试集,工况5,0.9740711596960391
2024-05-07 14:56:00,测试集,工况5,0.9388769999600065
2024-05-07 14:57:00,测试集,工况6,0.9883789249040662
2024-05-07 14:58:00,测试集,工况6,0.5170011166242439
2024-05-07 14:59:00,测试集,工况6,0.9174486071460598
2024-05-07 15:00:00,测试集,工况5,0.983343033954378
2024-05-07 15:01:00,测试集,工况5,0.9924192184792688
2024-05-07 15:02:00,测试集,工况6,0.5453884924824111
2024-05-07 15:03:00,测试集,工况5,0.7198428745189125
2024-05-07 15:04:00,测试集,工况6,0.8158372735530179
2024-05-07 15:05:00,测试集,工况6,0.8522301215123718
2024-05-07 15:06:00,测试集,工况6,0.996160003308733
2024-05-07 15:07:00,测试集,工况6,0.9714659749901249
2024-05-07 15:08:00,测试集,工况6,0.8965705692932264
2024-05-07 15:09:00,测试集,工况5,0.7005083927301596
2024-05-07 15:10:00,测试集,工况6,0.9541743418280653
2024-05-07 15:11:00,测试集,工况5,0.8449930034247023
2024-05-07 15:12:00,测试集,工况5,0.558335548176079
2024-05-07 15:13:00,测试集,工况6,0.8401622904772531
2024-05-07 15:14:00,测试集,工况6,0.7473930898352306
2024-05-07 15:15:00,测试集,工况5,0.7640069331665446
2024-05-07 15:16:00,测试集,工况5,0.8493987130730871
2024-05-07 15:17:00,测试集,工况6,0.7820366820752188
2024-05-07 15:18:00,测试集,工况6,0.759463662507914
2024-05-07 15:19:00,测试集,工况6,0.7202616865296543
2024-05-07 15:20:00,测试集,工况6,0.7713561674158206
2024-05-07 15:21:00,测试集,工况6,0.8316573667601036
2024-05-07 15:22:00,测试集,工况6,0.9188435036640529
2024-05-07 15:23:00,测试集,工况6,0.8426100519654148
2024-05-07 15:24:00,测试集,工况5,0.9034107891524484
2024-05-07 15:25:00,测试集,工况6,0.7804715688738851
2024-05-07 15:26:00,测试集,工况6,0.8709450336957794
2024-05-07 15:27:00,测试集,工况6,0.97378786385455
2024-05-07 15:28:00,测试集,工况6,0.6398064800189565
2024-05-07 15:29:00,测试集,工况6,0.9401020074305465
2024-05-07 15:30:00,测试集,工况5,0.7126598230879777
2024-05-07 15:31:00,测试集,工况6,0.7475493562793549
2024-05-07 15:32:00,测试集,工况6,0.7783513117019546
2024-05-07 15:33:00,测试集,工况2,0.9068035851076784
2024-05-07 15:34:00,测试集,工况5,0.7173932862068356
2024-05-07 15:35:00,测试集,工况6,0.5559102035382768
2024-05-07 15:36:00,测试集,工况6,0.6008845692221811
2024-05-07 15:37:00,测试集,工况6,0.974779198865121
2024-05-07 15:38:00,测试集,工况6,0.58127114045131
2024-05-07 15:39:00,测试集,工况6,0.8727035032802147
2024-05-07 15:40:00,测试集,工况5,0.8830752875063025
2024-05-07 15:41:00,测试集,工况5,0.8673345985997635
2024-05-07 15:42:00,测试集,工况6,0.5319990047644669
2024-05-07 15:43:00,测试集,工况6,0.9833475780192653
2024-05-07 15:44:00,测试集,工况5,0.5557145150630394
2024-05-07 15:45:00,测试集,工况6,0.5924531161945152
2024-05-07 15:46:00,测试集,工况5,0.966205926350809
2024-05-07 15:47:00,测试集,工况6,0.9923329653360246
2024-05-07 15:48:00,测试集,工况6,0.4884368258210854
2024-05-07 15:49:00,测试集,工况6,0.993510014757532
2024-05-07 15:50:00,测试集,工况6,0.9926259226811166
2024-05-07 15:51:00,测试集,工况6,0.7046123485032832
2024-05-07 15:52:00,测试集,工况6,0.9872131547073727
2024-05-07 15:53:00,测试集,工况6,0.9900872712205568
2024-05-07 15:54:00,测试集,工况6,0.9054091810193635
2024-05-07 15:55:00,测试集,工况5,0.8236126443436964
2024-05-07 15:56:00,测试集,工况6,0.9463705434909719
2024-05-07 15:57:00,测试集,工况6,0.58188610399633
2024-05-07 15:58:00,测试集,工况6,0.9707457924270467
2024-05-07 15:59:00,测试集,工况5,0.9941299670340941
2024-05-07 16:00:00,测试集,工况5,0.7512418604732508
2024-05-07 16:01:00,测试集,工况6,0.9952822719265716
2024-05-07 16:02:00,测试集,工况6,0.9753212780064602
2024-05-07 16:03:00,测试集,工况5,0.9607223174709132
2024-05-07 16:04:00,测试集,工况6,0.9958498801765292
2024-05-07 16:05:00,测试集,工况6,0.6753310445886758
2024-05-07 16:06:00,测试集,工况5,0.7899363984451898
2024-05-07 16:07:00,测试集,工况6,0.9267921878088387
2024-05-07 16:08:00,测试集,工况5,0.9736385293277069
2024-05-07 16:09:00,测试集,工况6,0.9388670925940347
2024-05-07 16:10:00,测试集,工况6,0.8879713811470278
2024-05-07 16:11:00,测试集,工况6,0.8196355121784866
2024-05-07 16:12:00,测试集,工况6,0.8017763617717675
2024-05-07 16:13:00,测试集,工况6,0.4860699298235083
2024-05-07 16:14:00,测试集,工况6,0.7843813068367954
2024-05-07 16:15:00,测试集,工况6,0.9012955940092363
2024-05-07 16:16:00,测试集,工况6,0.9705210679088633
2024-05-07 16:17:00,测试集,工况6,0.776022225125612
2024-05-07 16:18:00,测试集,工况6,0.9911001218659825
2024-05-07 16:19:00,测试集,工况6,0.8587642791373512
2024-05-07 16:20:00,测试集,工况6,0.924417698338724
2024-05-07 16:21:00,测试集,工况6,0.7287449177184467
2024-05-07 16:22:00,测试集,工况6,0.9507617435423013
2024-05-07 16:23:00,测试集,工况6,0.9038098240076106
2024-05-07 16:24:00,测试集,工况6,0.7207704211671425
2024-05-07 16:25:00,测试集,工况6,0.9050373166498712
2024-05-07 16:26:00,测试集,工况6,0.9485719663959551
2024-05-07 16:27:00,测试集,工况6,0.7234189610400158
2024-05-07 16:28:00,测试集,工况6,0.5576411779762648
2024-05-07 16:29:00,测试集,工况6,0.9961369133945794
2024-05-07 16:30:00,测试集,工况6,0.9990689624249057
2024-05-07 16:31:00,测试集,工况5,0.9162189307506372
2024-05-07 16:32:00,测试集,工况6,0.9523562291381361
2024-05-07 16:33:00,测试集,工况6,0.8889604281511535
2024-05-07 16:34:00,测试集,工况5,0.881943380781343
2024-05-07 16:35:00,测试集,工况6,0.5400773500820929
2024-05-07 16:36:00,测试集,工况6,0.9604020797718479
2024-05-07 16:37:00,测试集,工况6,0.9975087252954579
2024-05-07 16:38:00,测试集,工况5,0.9923590373678096
2024-05-07 16:39:00,测试集,工况6,0.89296355285886
2024-05-07 16:40:00,测试集,工况5,0.7214678443633777
2024-05-07 16:41:00,测试集,工况6,0.9579606905070237
2024-05-07 16:42:00,测试集,工况6,0.9550519020793242
2024-05-07 16:43:00,测试集,工况5,0.712435718297985
2024-05-07 16:44:00,测试集,工况6,0.8614288590776298
2024-05-07 16:45:00,测试集,工况6,0.667722227688738
2024-05-07 16:46:00,测试集,工况6,0.8217440145439913
2024-05-07 16:47:00,测试集,工况6,0.9070755145235364
2024-05-07 16:48:00,测试集,工况6,0.9065912788143309
2024-05-07 16:49:00,测试集,工况6,0.9359541865368562
2024-05-07 16:50:00,测试集,工况6,0.9766089364086046
2024-05-07 16:51:00,测试集,工况6,0.9441776664152992
2024-05-07 16:52:00,测试集,工况6,0.9725078896905816
2024-05-07 16:53:00,测试集,工况6,0.9975501593640471
2024-05-07 16:54:00,测试集,工况6,0.6102857535418813
2024-05-07 16:55:00,测试集,工况6,0.9975418749342392
2024-05-07 16:56:00,测试集,工况5,0.9297273060568316
2024-05-07 16:57:00,测试集,工况5,0.9583949223194084
2024-05-07 16:58:00,测试集,工况6,0.9929783948649934
2024-05-07 16:59:00,测试集,工况6,0.910039907929475
2024-05-07 17:00:00,测试集,工况6,0.8291787341860986
2024-05-07 17:01:00,测试集,工况6,0.956169888836972
2024-05-07 17:02:00,测试集,工况6,0.9790873913038594
2024-05-07 17:03:00,测试集,工况6,0.9718027246527304
2024-05-07 17:04:00,测试集,工况6,0.7377539899254406
2024-05-07 17:05:00,测试集,工况6,0.9682185694256535
2024-05-07 17:06:00,测试集,工况6,0.9865622440939034
2024-05-07 17:07:00,测试集,工况5,0.5733672886856042
2024-05-07 17:08:00,测试集,工况6,0.8322042877968832
2024-05-07 17:09:00,测试集,工况6,0.9538714837868051
2024-05-07 17:10:00,测试集,工况6,0.9276158398858745
2024-05-07 17:11:00,测试集,工况6,0.9840133415980152
2024-05-07 17:12:00,测试集,工况6,0.5150534446920514
2024-05-07 17:13:00,测试集,工况2,0.45759945042608846
2024-05-07 17:14:00,测试集,工况6,0.9897890157288285
2024-05-07 17:15:00,测试集,工况6,0.9794481825048864
2024-05-07 17:16:00,测试集,工况6,0.922965139324729
2024-05-07 17:17:00,测试集,工况5,0.6623597850049077
2024-05-07 17:18:00,测试集,工况5,0.736625708121561
2024-05-07 17:19:00,测试集,工况6,0.9720572480083186
2024-05-07 17:20:00,测试集,工况6,0.7724812946846212
2024-05-07 17:21:00,测试集,工况6,0.5172957202999582
2024-05-07 17:22:00,测试集,工况6,0.9421535480787798
2024-05-07 17:23:00,测试集,工况6,0.8536580019175739
2024-05-07 17:24:00,测试集,工况6,0.8020777590205899
2024-05-07 17:25:00,测试集,工况6,0.9062992834013135
2024-05-07 17:26:00,测试集,工况6,0.4271142083585853
2024-05-07 17:27:00,测试集,工况5,0.967456701514544
2024-05-07 17:28:00,测试集,工况6,0.8800329211672645
2024-05-07 17:29:00,测试集,工况6,0.818553883803291
2024-05-07 17:30:00,测试集,工况6,0.9953553782780467
2024-05-07 17:31:00,测试集,工况6,0.9789526293793338
2024-05-07 17:32:00,测试集,工况6,0.9991685048876555
2024-05-07 17:33:00,测试集,工况6,0.9697325511245067
2024-05-07 17:34:00,测试集,工况6,0.8737440987951328
2024-05-07 17:35:00,测试集,工况6,0.9095039118370815
2024-05-07 17:36:00,测试集,工况6,0.8328418223820275
2024-05-07 17:37:00,测试集,工况6,0.9722712487671
2024-05-07 17:38:00,测试集,工况6,0.9963793349097979
2024-05-07 17:39:00,测试集,工况6,0.5318454244597723
2024-05-07 17:40:00,测试集,工况5,0.7124137899507028
2024-05-07 17:41:00,测试集,工况6,0.9769019655130567
2024-05-07 17:42:00,测试集,工况6,0.8928762026148576
2024-05-07 17:43:00,测试集,工况6,0.9903416944756487
2024-05-07 17:44:00,测试集,工况6,0.9880918747432604
2024-05-07 17:45:00,测试集,工况5,0.8989062037014077
2024-05-07 17:46:00,测试集,工况6,0.9849221850698838
2024-05-07 17:47:00,测试集,工况6,0.9451345486964504
2024-05-07 17:48:00,测试集,工况6,0.7457044608838043
2024-05-07 17:49:00,测试集,工况6,0.7154282062138533
2024-05-07 17:50:00,测试集,工况6,0.6309950934117702
2024-05-07 17:51:00,测试集,工况6,0.9140754850835501
2024-05-07 17:52:00,测试集,工况6,0.48823424747307476
2024-05-07 17:53:00,测试集,工况6,0.9188461660127393
2024-05-07 17:54:00,测试集,工况6,0.9056748378348486
2024-05-07 17:55:00,测试集,工况6,0.860976019292547
2024-05-07 17:56:00,测试集,工况6,0.9881139992950316
2024-05-07 17:57:00,测试集,工况6,0.8542281901868634
2024-05-07 17:58:00,测试集,工况6,0.974177589427751
2024-05-07 17:59:00,测试集,工况6,0.9435232684344717
2024-05-07 18:00:00,测试集,工况5,0.9659288504562996
2024-05-07 18:01:00,测试集,工况6,0.914383776438177
2024-05-07 18:02:00,测试集,工况6,0.7545227838465737
2024-05-07 18:03:00,测试集,工况6,0.9647069259805409
2024-05-07 18:04:00,测试集,工况6,0.7415089054700188
2024-05-07 18:05:00,测试集,工况6,0.8473359460392539
2024-05-07 18:06:00,测试集,工况6,0.9581997565447493
2024-05-07 18:07:00,测试集,工况6,0.7418547041741195
2024-05-07 18:08:00,测试集,工况6,0.8374134422609242
2024-05-07 18:09:00,测试集,工况6,0.9777073709659329
2024-05-07 18:10:00,测试集,工况5,0.9434139720359661
2024-05-07 18:11:00,测试集,工况5,0.9894087252530618
2024-05-07 18:12:00,测试集,工况6,0.985079721912071
2024-05-07 18:13:00,测试集,工况6,0.612888371280559
2024-05-07 18:14:00,测试集,工况6,0.9914083052357131
2024-05-07 18:15:00,测试集,工况6,0.7006104782873692
2024-05-07 18:16:00,测试集,工况6,0.9578889246937289
2024-05-07 18:17:00,测试集,工况6,0.662485789592925
2024-05-07 18:18:00,测试集,工况6,0.8068781592642612
2024-05-07 18:19:00,测试集,工况6,0.9560361355640966
2024-05-07 18:20:00,测试集,工况6,0.7657256988344061
2024-05-07 18:21:00,测试集,工况6,0.5943246797161743
2024-05-07 18:22:00,测试集,工况5,0.5923178898782728
2024-05-07 18:23:00,测试集,工况6,0.9675556405727426
2024-05-07 18:24:00,测试集,工况6,0.871932767764838
2024-05-07 18:25:00,测试集,工况6,0.9780280934802213
2024-05-07 18:26:00,测试集,工况6,0.6956170797950667
2024-05-07 18:27:00,测试集,工况6,0.5845133025756427
2024-05-07 18:28:00,测试集,工况6,0.948130387498869
2024-05-07 18:29:00,测试集,工况6,0.9803497070115985
2024-05-07 18:30:00,测试集,工况6,0.8687321390491698
2024-05-07 18:31:00,测试集,工况6,0.9611558004847905
2024-05-07 18:32:00,测试集,工况5,0.6443385499008637
2024-05-07 18:33:00,测试集,工况6,0.9902758829996888
2024-05-07 18:34:00,测试集,工况6,0.969009901996599
2024-05-07 18:35:00,测试集,工况5,0.659231352937473
2024-05-07 18:36:00,测试集,工况6,0.9924459246660162
2024-05-07 18:37:00,测试集,工况5,0.5866094386461583
2024-05-07 18:38:00,测试集,工况6,0.8134695615220969
2024-05-07 18:39:00,测试集,工况6,0.5956503621481487
2024-05-07 18:40:00,测试集,工况6,0.549348007470882
2024-05-07 18:41:00,测试集,工况6,0.6433524883516634
2024-05-07 18:42:00,测试集,工况6,0.9522471337174616
2024-05-07 18:43:00,测试集,工况6,0.887078927986549
2024-05-07 18:44:00,测试集,工况6,0.8934920722089106
2024-05-07 18:45:00,测试集,工况6,0.9318214826067142
2024-05-07 18:46:00,测试集,工况6,0.9946688743891112
2024-05-07 18:47:00,测试集,工况5,0.9188242232569788
2024-05-07 18:48:00,测试集,工况6,0.9856195233884967
2024-05-07 18:49:00,测试集,工况2,0.7376367206217014
2024-05-07 18:50:00,测试集,工况2,0.9734750958428561
2024-05-07 18:51:00,测试集,工况6,0.9631303880784039
2024-05-07 18:52:00,测试集,工况2,0.6290433803247665
2024-05-07 18:53:00,测试集,工况6,0.739280732867429
2024-05-07 18:54:00,测试集,工况6,0.7318667479133678
2024-05-07 18:55:00,测试集,工况6,0.9967330571905423
2024-05-07 18:56:00,测试集,工况6,0.9848648109258786
2024-05-07 18:57:00,测试集,工况6,0.9774096942700126
2024-05-07 18:58:00,测试集,工况6,0.9283785660082627
2024-05-07 18:59:00,测试集,工况6,0.993618450345655
2024-05-07 19:00:00,测试集,工况6,0.8739010431867118
2024-05-07 19:01:00,测试集,工况6,0.6484896440511073
2024-05-07 19:02:00,测试集,工况2,0.5656043548734716
2024-05-07 19:03:00,测试集,工况6,0.978064930927537
2024-05-07 19:04:00,测试集,工况6,0.5614515150690769
2024-05-07 19:05:00,测试集,工况6,0.9419397635400174
2024-05-07 19:06:00,测试集,工况6,0.9346483040397107
2024-05-07 19:07:00,测试集,工况6,0.9920179738481998
2024-05-07 19:08:00,测试集,工况6,0.6310755794203483
2024-05-07 19:09:00,测试集,工况6,0.5686857240048365
2024-05-07 19:10:00,测试集,工况6,0.9931605701488088
2024-05-07 19:11:00,测试集,工况6,0.9446515943672351
2024-05-07 19:12:00,测试集,工况6,0.5357464080606017
2024-05-07 19:13:00,测试集,工况2,0.5287167906933373
2024-05-07 19:14:00,测试集,工况6,0.834905883477885
2024-05-07 19:15:00,测试集,工况6,0.9758697156204962
2024-05-07 19:16:00,测试集,工况6,0.9938951242594511
2024-05-07 19:17:00,测试集,工况6,0.9760693294830817
2024-05-07 19:18:00,测试集,工况6,0.7965554607512294
2024-05-07 19:19:00,测试集,工况6,0.655618741396461
2024-05-07 19:20:00,测试集,工况6,0.9967891079146489
2024-05-07 19:21:00,测试集,工况6,0.9223172318661024
2024-05-07 19:22:00,测试集,工况6,0.9657906085950022
2024-05-07 19:23:00,测试集,工况6,0.7090834761998193
2024-05-07 19:24:00,测试集,工况6,0.9946913584676824
2024-05-07 19:25:00,测试集,工况6,0.5133891611867539
2024-05-07 19:26:00,测试集,工况6,0.8784534534161416
2024-05-07 19:27:00,测试集,工况6,0.8962069241971419
2024-05-07 19:28:00,测试集,工况6,0.511105011367956
2024-05-07 19:29:00,测试集,工况6,0.9649486727491343
2024-05-07 19:30:00,测试集,工况6,0.9317939382688539
2024-05-07 19:31:00,测试集,工况6,0.7268167193145119
2024-05-07 19:32:00,测试集,工况6,0.9925070330572533
2024-05-07 19:33:00,测试集,工况6,0.9992106741888792
2024-05-07 19:34:00,测试集,工况6,0.8068902970124411
2024-05-07 19:35:00,测试集,工况6,0.8052946739143897
2024-05-07 19:36:00,测试集,工况6,0.971809082566857
2024-05-07 19:37:00,测试集,工况6,0.7661414518196369
2024-05-07 19:38:00,测试集,工况2,0.5312038235860318
2024-05-07 19:39:00,测试集,工况6,0.9915394462202328
2024-05-07 19:40:00,测试集,工况6,0.8422027580722424
2024-05-07 19:41:00,测试集,工况6,0.9069349917641271
2024-05-07 19:42:00,测试集,工况2,0.5623347630061435
2024-05-07 19:43:00,测试集,工况6,0.8250601360119745
2024-05-07 19:44:00,测试集,工况6,0.9522501449736864
2024-05-07 19:45:00,测试集,工况2,0.6833807093946401
2024-05-07 19:46:00,测试集,工况2,0.7273778407043248
2024-05-07 19:47:00,测试集,工况6,0.882613378750426
2024-05-07 19:48:00,测试集,工况6,0.9921362881869455
2024-05-07 19:49:00,测试集,工况6,0.9845855717272336
2024-05-07 19:50:00,测试集,工况6,0.5528972686372757
2024-05-07 19:51:00,测试集,工况6,0.9801513989303959
2024-05-07 19:52:00,测试集,工况6,0.8054284318115302
2024-05-07 19:53:00,测试集,工况6,0.5675206186280144
2024-05-07 19:54:00,测试集,工况6,0.9954421035882696
2024-05-07 19:55:00,测试集,工况6,0.9700825874801067
2024-05-07 19:56:00,测试集,工况6,0.9017038745440309
2024-05-07 19:57:00,测试集,工况6,0.9543456486685785
2024-05-07 19:58:00,测试集,工况2,0.5434903274083012
2024-05-07 19:59:00,测试集,工况2,0.6019404899755073
2024-05-07 20:00:00,测试集,工况6,0.5021481143620097
2024-05-07 20:01:00,测试集,工况6,0.9818169344555057
2024-05-07 20:02:00,测试集,工况6,0.5215225195956841
2024-05-07 20:03:00,测试集,工况6,0.5813308186610561
2024-05-07 20:04:00,测试集,工况6,0.919373356330314
2024-05-07 20:05:00,测试集,工况6,0.9644715990581276
2024-05-07 20:06:00,测试集,工况6,0.7727403675278138
2024-05-07 20:07:00,测试集,工况6,0.771630797821652
2024-05-07 20:08:00,测试集,工况6,0.7779058023848601
2024-05-07 20:09:00,测试集,工况6,0.9797079164734642
2024-05-07 20:10:00,测试集,工况6,0.6256915989919308
2024-05-07 20:11:00,测试集,工况6,0.6530280367509596
2024-05-07 20:12:00,测试集,工况6,0.8631812219084002
2024-05-07 20:13:00,测试集,工况6,0.7051611174066124
2024-05-07 20:14:00,测试集,工况6,0.8183572486072056
2024-05-07 20:15:00,测试集,工况6,0.9694934571673637
2024-05-07 20:16:00,测试集,工况2,0.5698807935394314
2024-05-07 20:17:00,测试集,工况5,0.6312669829165237
2024-05-07 20:18:00,测试集,工况6,0.9855844889715633
2024-05-07 20:19:00,测试集,工况6,0.9955308066622516
2024-05-07 20:20:00,测试集,工况6,0.9914173774998644
2024-05-07 20:21:00,测试集,工况6,0.9909498294108292
2024-05-07 20:22:00,测试集,工况6,0.9694025791817938
2024-05-07 20:23:00,测试集,工况2,0.506551649360452
2024-05-07 20:24:00,测试集,工况6,0.7606136774864007
2024-05-07 20:25:00,测试集,工况6,0.9099763347147948
2024-05-07 20:26:00,测试集,工况6,0.9910911657907823
2024-05-07 20:27:00,测试集,工况6,0.8270369597601614
2024-05-07 20:28:00,测试集,工况6,0.9677834756111442
2024-05-07 20:29:00,测试集,工况6,0.6458880538881342
2024-05-07 20:30:00,测试集,工况6,0.7991939670446656
2024-05-07 20:31:00,测试集,工况6,0.7940925206101326
2024-05-07 20:32:00,测试集,工况6,0.991951963149688
2024-05-07 20:33:00,测试集,工况6,0.9419551120484432
2024-05-07 20:34:00,测试集,工况6,0.8748253910708321
2024-05-07 20:35:00,测试集,工况6,0.7931632481530567
2024-05-07 20:36:00,测试集,工况6,0.9481478403604264
2024-05-07 20:37:00,测试集,工况6,0.640261917310513
2024-05-07 20:38:00,测试集,工况6,0.6489078239990214
2024-05-07 20:39:00,测试集,工况6,0.9975939852739855
2024-05-07 20:40:00,测试集,工况6,0.957806193860378
2024-05-07 20:41:00,测试集,工况6,0.7591980707140424
2024-05-07 20:42:00,测试集,工况2,0.6486177501863885
2024-05-07 20:43:00,测试集,工况6,0.8932950068389184
2024-05-07 20:44:00,测试集,工况6,0.9162937570037977
2024-05-07 20:45:00,测试集,工况6,0.6481926491391179
2024-05-07 20:46:00,测试集,工况6,0.9791552192093821
2024-05-07 20:47:00,测试集,工况6,0.6189528479597027
2024-05-07 20:48:00,测试集,工况6,0.8592061196999645
2024-05-07 20:49:00,测试集,工况6,0.5080666108016885
2024-05-07 20:50:00,测试集,工况6,0.9824819816276564
2024-05-07 20:51:00,测试集,工况6,0.9602858288841636
2024-05-07 20:52:00,测试集,工况6,0.7765893729823297
2024-05-07 20:53:00,测试集,工况6,0.6951269788522634
2024-05-07 20:54:00,测试集,工况6,0.8945134164286516
2024-05-07 20:55:00,测试集,工况2,0.5193418266611058
2024-05-07 20:56:00,测试集,工况6,0.6766365471105098
2024-05-07 20:57:00,测试集,工况6,0.5836509576409014
2024-05-07 20:58:00,测试集,工况6,0.989396218643166
2024-05-07 20:59:00,测试集,工况6,0.9974391958028167
2024-05-07 21:00:00,测试集,工况6,0.9917780681573576
2024-05-07 21:01:00,测试集,工况6,0.9896712807614442
2024-05-07 21:02:00,测试集,工况6,0.5032801355138177
2024-05-07 21:03:00,测试集,工况6,0.9480484356183221
2024-05-07 21:04:00,测试集,工况6,0.987768022548947
2024-05-07 21:05:00,测试集,工况2,0.5356463496095243
2024-05-07 21:06:00,测试集,工况6,0.983424279660962
2024-05-07 21:07:00,测试集,工况6,0.9948959018762329
2024-05-07 21:08:00,测试集,工况6,0.5603365969828152
2024-05-07 21:09:00,测试集,工况6,0.9970949076569252
2024-05-07 21:10:00,测试集,工况6,0.8440189069734637
2024-05-07 21:11:00,测试集,工况6,0.9369571501069978
2024-05-07 21:12:00,测试集,工况6,0.825916504369966
2024-05-07 21:13:00,测试集,工况6,0.9804231772049233
2024-05-07 21:14:00,测试集,工况6,0.991575218187391
2024-05-07 21:15:00,测试集,工况6,0.9808971409590143
2024-05-07 21:16:00,测试集,工况6,0.9734120216881892
2024-05-07 21:17:00,测试集,工况6,0.9659307590932769
2024-05-07 21:18:00,测试集,工况6,0.8429093703618271
2024-05-07 21:19:00,测试集,工况6,0.6014692744497351
2024-05-07 21:20:00,测试集,工况2,0.5989724856458502
2024-05-07 21:21:00,测试集,工况6,0.9752955941242893
2024-05-07 21:22:00,测试集,工况2,0.7640379501612784
2024-05-07 21:23:00,测试集,工况6,0.9499072100284947
2024-05-07 21:24:00,测试集,工况6,0.6218780866122308
2024-05-07 21:25:00,测试集,工况6,0.5517124256880384
2024-05-07 21:26:00,测试集,工况2,0.6132474290495109
2024-05-07 21:27:00,测试集,工况6,0.7079530880852948
2024-05-07 21:28:00,测试集,工况6,0.8937038899381782
2024-05-07 21:29:00,测试集,工况6,0.9186572983705861
2024-05-07 21:30:00,测试集,工况6,0.8377573186893914
2024-05-07 21:31:00,测试集,工况6,0.9372702889466508
2024-05-07 21:32:00,测试集,工况6,0.9849127083902148
2024-05-07 21:33:00,测试集,工况2,0.568417267164209
2024-05-07 21:34:00,测试集,工况6,0.8740792118999988
2024-05-07 21:35:00,测试集,工况6,0.8270294384915946
2024-05-07 21:36:00,测试集,工况6,0.7515075498937748
2024-05-07 21:37:00,测试集,工况6,0.7201095177158807
2024-05-07 21:38:00,测试集,工况2,0.664972698738343
2024-05-07 21:39:00,测试集,工况2,0.8032415663787906
2024-05-07 21:40:00,测试集,工况6,0.8255166940581982
2024-05-07 21:41:00,测试集,工况6,0.9962853757322859
2024-05-07 21:42:00,测试集,工况6,0.9646879775364483
2024-05-07 21:43:00,测试集,工况6,0.9939162376949635
2024-05-07 21:44:00,测试集,工况6,0.7156736790005802
2024-05-07 21:45:00,测试集,工况2,0.5289671122440267
2024-05-07 21:46:00,测试集,工况2,0.4503574448250056
2024-05-07 21:47:00,测试集,工况6,0.5151987684921068
2024-05-07 21:48:00,测试集,工况6,0.9640318573271704
2024-05-07 21:49:00,测试集,工况6,0.8865052005145544
2024-05-07 21:50:00,测试集,工况6,0.8201090538839785
2024-05-07 21:51:00,测试集,工况6,0.961545975687033
2024-05-07 21:52:00,测试集,工况2,0.6184960978197241
2024-05-07 21:53:00,测试集,工况6,0.6066325754584809
2024-05-07 21:54:00,测试集,工况6,0.9900956060157292
2024-05-07 21:55:00,测试集,工况6,0.9509074879059497
2024-05-07 21:56:00,测试集,工况6,0.9481982554973027
2024-05-07 21:57:00,测试集,工况2,0.6633860670171985
2024-05-07 21:58:00,测试集,工况6,0.8687772854956659
2024-05-07 21:59:00,测试集,工况6,0.7169615597046851
2024-05-07 22:00:00,测试集,工况6,0.7836352303723265
2024-05-07 22:01:00,测试集,工况2,0.5414577653850673
2024-05-07 22:02:00,测试集,工况6,0.7283207091696681
2024-05-07 22:03:00,测试集,工况6,0.9452802997382457
2024-05-07 22:04:00,测试集,工况6,0.997546681029558
2024-05-07 22:05:00,测试集,工况6,0.9687079278576249
2024-05-07 22:06:00,测试集,工况6,0.6070020903703236
2024-05-07 22:07:00,测试集,工况6,0.5911373856282742
2024-05-07 22:08:00,测试集,工况6,0.7464510923424331
2024-05-07 22:09:00,测试集,工况2,0.5984045004759334
2024-05-07 22:10:00,测试集,工况2,0.6315069474977509
2024-05-07 22:11:00,测试集,工况6,0.9080703580408204
2024-05-07 22:12:00,测试集,工况6,0.9951397784806011
2024-05-07 22:13:00,测试集,工况6,0.9793116284850832
2024-05-07 22:14:00,测试集,工况6,0.9887560119664309
2024-05-07 22:15:00,测试集,工况6,0.8791229370803535
2024-05-07 22:16:00,测试集,工况6,0.972135127970011
2024-05-07 22:17:00,测试集,工况6,0.9344292086000385
2024-05-07 22:18:00,测试集,工况2,0.6535268782819815
2024-05-07 22:19:00,测试集,工况2,0.5750357460716597
2024-05-07 22:20:00,测试集,工况6,0.7991317879582173
2024-05-07 22:21:00,测试集,工况2,0.5550569508558203
2024-05-07 22:22:00,测试集,工况6,0.7544459596703134
2024-05-07 22:23:00,测试集,工况6,0.705783790952829
2024-05-07 22:24:00,测试集,工况2,0.6483388166441141
2024-05-07 22:25:00,测试集,工况6,0.52977080822281
2024-05-07 22:26:00,测试集,工况6,0.8864130042543539
2024-05-07 22:27:00,测试集,工况6,0.5960230763447856
2024-05-07 22:28:00,测试集,工况6,0.5122358398423362
2024-05-07 22:29:00,测试集,工况6,0.9515415158874139
2024-05-07 22:30:00,测试集,工况6,0.9785102226017296
2024-05-07 22:31:00,测试集,工况6,0.8954723036428542
2024-05-07 22:32:00,测试集,工况6,0.7600500471720777
2024-05-07 22:33:00,测试集,工况6,0.6534335068423293
2024-05-07 22:34:00,测试集,工况6,0.9311842829637629
2024-05-07 22:35:00,测试集,工况6,0.9975486354863835
2024-05-07 22:36:00,测试集,工况6,0.5524947254978748
2024-05-07 22:37:00,测试集,工况6,0.8810672748023917
2024-05-07 22:38:00,测试集,工况6,0.7172925881071085
2024-05-07 22:39:00,测试集,工况6,0.8151591092456314
2024-05-07 22:40:00,测试集,工况2,0.5834861690056883
2024-05-07 22:41:00,测试集,工况6,0.8296941210481935
2024-05-07 22:42:00,测试集,工况2,0.5595615492132147
2024-05-07 22:43:00,测试集,工况6,0.9756524313745274
2024-05-07 22:44:00,测试集,工况6,0.9939976387164545
2024-05-07 22:45:00,测试集,工况2,0.5185273672233629
2024-05-07 22:46:00,测试集,工况6,0.982590694265738
2024-05-07 22:47:00,测试集,工况6,0.7693815958136702
2024-05-07 22:48:00,测试集,工况2,0.625960671823871
2024-05-07 22:49:00,测试集,工况6,0.9642444156031227
2024-05-07 22:50:00,测试集,工况6,0.8793721518361766
2024-05-07 22:51:00,测试集,工况6,0.9088375750375925
2024-05-07 22:52:00,测试集,工况2,0.7194903968376032
2024-05-07 22:53:00,测试集,工况6,0.7611126750422299
2024-05-07 22:54:00,测试集,工况6,0.9223169033546529
2024-05-07 22:55:00,测试集,工况6,0.7214379654024079
2024-05-07 22:56:00,测试集,工况2,0.6243992039517133
2024-05-07 22:57:00,测试集,工况6,0.8684978472254911
2024-05-07 22:58:00,测试集,工况2,0.6297575218327977
2024-05-07 22:59:00,测试集,工况6,0.9739363169587557
2024-05-07 23:00:00,测试集,工况6,0.689720381623247
2024-05-07 23:01:00,测试集,工况6,0.6612452897693748
2024-05-07 23:02:00,测试集,工况6,0.9962525724523184
2024-05-07 23:03:00,测试集,工况6,0.9196968712110778
2024-05-07 23:04:00,测试集,工况6,0.7999568803581301
2024-05-07 23:05:00,测试集,工况6,0.9860531908333877
2024-05-07 23:06:00,测试集,工况6,0.911098056773041
2024-05-07 23:07:00,测试集,工况6,0.6080904123811138
2024-05-07 23:08:00,测试集,工况2,0.8312722903427281
2024-05-07 23:09:00,测试集,工况6,0.8311091177843448
2024-05-07 23:10:00,测试集,工况6,0.721085419284746
2024-05-07 23:11:00,测试集,工况6,0.8855113193071277
2024-05-07 23:12:00,测试集,工况6,0.6637106147578217
2024-05-07 23:13:00,测试集,工况6,0.6103842787814467
2024-05-07 23:14:00,测试集,工况2,0.8096845046123242
2024-05-07 23:15:00,测试集,工况2,0.5436912504831497
2024-05-07 23:16:00,测试集,工况2,0.5294316334055502
2024-05-07 23:17:00,测试集,工况6,0.7981218203544138
2024-05-07 23:18:00,测试集,工况6,0.9363043170461431
2024-05-07 23:19:00,测试集,工况6,0.9131341614939855
2024-05-07 23:20:00,测试集,工况6,0.8555719420910687
2024-05-07 23:21:00,测试集,工况6,0.5628742599454346
2024-05-07 23:22:00,测试集,工况6,0.6588831563121349
2024-05-07 23:23:00,测试集,工况6,0.6410243790721165
2024-05-07 23:24:00,测试集,工况6,0.6978427306022927
2024-05-07 23:25:00,测试集,工况6,0.9366667360159939
2024-05-07 23:26:00,测试集,工况6,0.7242493952948129
2024-05-07 23:27:00,测试集,工况6,0.9278585488554457
2024-05-07 23:28:00,测试集,工况6,0.7473144630783534
2024-05-07 23:29:00,测试集,工况6,0.7632469019964339
2024-05-07 23:30:00,测试集,工况2,0.8222166217056239
2024-05-07 23:31:00,测试集,工况6,0.8565533724690407
2024-05-07 23:32:00,测试集,工况6,0.6154494074746139
2024-05-07 23:33:00,测试集,工况2,0.7209873946895026
2024-05-07 23:34:00,测试集,工况6,0.7708140361281381
2024-05-07 23:35:00,测试集,工况6,0.601856250258427
2024-05-07 23:36:00,测试集,工况6,0.99066863361397
2024-05-07 23:37:00,测试集,工况6,0.825034402273076
2024-05-07 23:38:00,测试集,工况6,0.6797044632008213
2024-05-07 23:39:00,测试集,工况6,0.5417393392604483
2024-05-07 23:40:00,测试集,工况6,0.5923838174244445
2024-05-07 23:41:00,测试集,工况6,0.8935747391973501
2024-05-07 23:42:00,测试集,工况6,0.5716454528663374
2024-05-07 23:43:00,测试集,工况6,0.803512348536702
2024-05-07 23:44:00,测试集,工况6,0.9309283186096633
2024-05-07 23:45:00,测试集,工况6,0.6615035974412363
2024-05-07 23:46:00,测试集,工况6,0.5061121896060168
2024-05-07 23:47:00,测试集,工况6,0.9148682322466882
2024-05-07 23:48:00,测试集,工况6,0.6785197466717796
2024-05-07 23:49:00,测试集,工况6,0.6333537158060641
2024-05-07 23:50:00,测试集,工况2,0.6067528764059207
2024-05-07 23:51:00,测试集,工况2,0.6870607080702845
2024-05-07 23:52:00,测试集,工况6,0.9909730572190164
2024-05-07 23:53:00,测试集,工况6,0.8228014140790418
2024-05-07 23:54:00,测试集,工况6,0.9342416749998893
2024-05-07 23:55:00,测试集,工况2,0.5020600963622746
2024-05-07 23:56:00,测试集,工况6,0.784251027059525
2024-05-07 23:57:00,测试集,工况2,0.7066968842907027
2024-05-07 23:58:00,测试集,工况6,0.7902530604675861
2024-05-07 23:59:00,测试集,工况6,0.5618624590277268
