代数,模式,当代最优适应度,当代最小预测电耗_kW,当代最大除尘指数,当代最小预测浓度_mg_Nm3,当代可行个体数,典型工况
0,节能,1.1184719283364395,1778.2895013361824,9.932410170095448,1.4647279298375313,21,工况1
1,节能,1.1184719283364395,1778.2895013361824,9.932410170095448,1.4647279298375313,55,工况1
2,节能,1.1184719283364395,1778.2895013361824,10.028374731235331,1.330699775235786,85,工况1
3,节能,1.1006821498038093,1750.0050396575375,9.092823007045117,3.3914470029596187,91,工况1
4,节能,1.1006821498038093,1750.0050396575375,8.865610110882386,4.256595111157975,90,工况1
5,节能,1.0935031204622172,1738.590902043082,8.774918052069008,4.660681256465759,81,工况1
6,节能,1.0935031204622172,1738.590902043082,8.512033251337835,6.062040324089398,85,工况1
7,节能,1.089931845996841,1732.912833843718,8.609472707172493,5.4992239084299825,86,工况1
8,节能,1.0892211378213066,1731.7828592283101,8.46264630508113,6.368942076920104,76,工况1
9,节能,1.0877147747690397,1729.3878508841747,8.48957792537699,6.199705286706888,84,工况1
10,节能,1.0872258603526863,1728.6105123103346,8.333761060206964,7.2450510478449965,86,工况1
11,节能,1.0872258603526863,1728.6105123103346,8.258960979654756,7.807764616791607,85,工况1
12,节能,1.0855354124047367,1725.9228222912698,8.28130019497758,7.635279050972471,89,工况1
13,节能,1.0855354124047367,1725.9228222912698,8.201657912947876,8.268240826607594,85,工况1
14,节能,1.0855354124047367,1725.9228222912698,8.068782863421868,9.443218062099328,87,工况1
15,节能,1.0855354124047367,1725.9228222912698,8.08372506590155,9.303164545552624,82,工况1
16,节能,1.085039650590968,1725.1345968506016,8.161649671019783,8.605745063590277,76,工况1
17,节能,1.0845235734055891,1724.3140714378596,8.111943680946744,9.044311539816102,85,工况1
18,节能,1.083880435325949,1723.2915283896539,8.159052039447907,8.628128678272594,83,工况1
19,节能,1.0836671310822434,1722.8812496826258,8.098263812309115,9.16888667662128,88,工况1
20,节能,1.08364705609724,1722.9204722891577,8.154276486550053,8.669431306131969,88,工况1
21,节能,1.08364705609724,1722.9204722891577,8.040691133379807,9.712255566864895,92,工况1
22,节能,1.0836439592333846,1722.9155484995285,8.114466262889781,9.021525275031822,92,工况1
23,节能,1.0821661454976539,1720.5659315045907,8.082401779090059,9.315483449424775,90,工况1
24,节能,1.0817501769606301,1719.9045716049498,8.183542158279995,8.419391216956344,96,工况1
25,节能,1.0814097729573187,1719.3633538506501,8.183586424058168,8.419018534300982,89,工况1
26,节能,1.0814047906161346,1719.355432288387,8.127999333716208,8.900258739593179,89,工况1
27,节能,1.0814047906161346,1719.355432288387,8.140063928489685,8.793525863587154,90,工况1
28,节能,1.0814047906161346,1719.355432288387,8.051208314935941,9.610645275291349,94,工况1
29,节能,1.0813950901394511,1719.3400035114178,8.169393512833548,8.539360901093305,90,工况1
30,节能,1.0800512709104682,1717.203433814882,8.078019741651174,9.35639381657748,91,工况1
31,节能,1.0798624644300834,1716.9032451616433,8.128750473885225,8.89357590792509,85,工况1
32,节能,1.0797758324092095,1716.765506511887,8.14644287784895,8.737610936261571,80,工况1
33,节能,1.0797268655238148,1716.68765270438,8.077829267029772,9.358176141885856,75,工况1
34,节能,1.079709112162018,1716.6587473963996,8.075803192643066,9.37715572340264,86,工况1
35,节能,1.0796944721321544,1716.6361495536592,8.11077879315683,9.054853286681048,83,工况1
36,节能,1.0796426284568008,1716.5537218581073,8.144854443619165,8.751501085432922,89,工况1
37,节能,1.0796024462728049,1716.489835090697,8.164525992427109,8.58102773936328,92,工况1
38,节能,1.079593909859831,1716.4762628112453,8.158869770797573,8.629701458971649,91,工况1
39,节能,1.079590649038603,1716.4710783412474,8.159217945050969,8.626697342117557,95,工况1
40,节能,1.0795886344212224,1716.467875245268,8.136355161986526,8.826199549839178,97,工况1
41,节能,1.0795874629689317,1716.466012720821,8.01204329030318,9.994514491079832,95,工况1
42,节能,1.079581085849951,1716.455873562703,8.128285321351418,8.897713739580091,94,工况1
43,节能,1.079581085849951,1716.455873562703,8.087151417784229,9.271343176931842,95,工况1
44,节能,1.079581085849951,1716.455873562703,8.105823063555539,9.099838065282654,95,工况1
45,节能,1.0795807984617012,1716.4554166361636,8.12685029520258,8.910491357376351,97,工况1
46,节能,1.0795788170943754,1716.452266405367,8.226260480759132,8.06730280199728,94,工况1
47,节能,1.0795788170943754,1716.452266405367,8.079349737102284,9.343958126901098,96,工况1
48,节能,1.0795788170943754,1716.452266405367,8.154732908155983,8.665475293246274,97,工况1
49,节能,1.079578662495696,1716.4520206046438,8.082402593946542,9.31547585864579,95,工况1
50,节能,1.0792837345384003,1715.9831064756238,8.155264834306823,8.660867126039316,97,工况1
51,节能,1.0792471662965968,1715.924965615014,8.17070615198467,8.528159155182497,90,工况1
52,节能,1.0792253847748186,1715.890334570175,8.102848100985344,9.126950051497799,83,工况1
53,节能,1.0792243313296421,1715.8886596685077,8.080162150997198,9.336370048232931,83,工况1
54,节能,1.0792240791394005,1715.8882587042567,8.087867657652478,9.264705048846082,88,工况1
55,节能,1.0792240791394005,1715.8882587042567,8.041823658971932,9.70126241506604,93,工况1
56,节能,1.0792240791394005,1715.8882587042567,8.283165359239222,7.621051274054133,93,工况1
57,节能,1.0792239253391704,1715.8880141730106,8.188905156834261,8.374358896101812,96,工况1
58,节能,1.0792239253391704,1715.8880141730106,8.166358057103226,8.565321133709128,95,工况1
59,节能,1.0792239253391704,1715.8880141730106,8.041465483701389,9.70473778971564,96,工况1
60,节能,1.07922390142354,1715.8879761488874,8.134500789218842,8.842581798630086,95,工况1
61,节能,1.0792238127765974,1715.8878352066577,8.11668712386997,9.001511953195346,95,工况1
62,节能,1.0792238127765974,1715.8878352066577,8.148683484580907,8.71805530279984,93,工况1
63,节能,1.0792238127765974,1715.8878352066577,8.142936508275422,8.768302005064111,93,工况1
64,节能,1.0792238127765974,1715.8878352066577,8.199081562745697,8.289570174670052,96,工况1
65,节能,1.0792238127765974,1715.8878352066577,8.147068204452427,8.732148783684938,95,工况1
66,节能,1.0792238127765974,1715.8878352066577,8.16297489899556,8.594348042972854,94,工况1
67,节能,1.0792238127765974,1715.8878352066577,8.170354156294646,8.531161558834523,96,工况1
68,节能,1.07869140084574,1715.0413387295953,8.21353667506771,8.170605402733916,96,工况1
69,节能,1.0786512839959395,1714.977555838832,8.136845661772226,8.821871362425712,94,工况1
70,节能,1.0785851119179255,1714.8425321475586,8.187897948161389,8.382797872203247,87,工况1
71,节能,1.0785851119179255,1714.8425321475586,8.128541341224345,8.895436039619815,80,工况1
72,节能,1.0785784322688239,1714.861726859846,8.099987570758328,9.153095344873464,87,工况1
73,节能,1.078573519860794,1714.851372608323,8.21922406940734,8.124267842707928,80,工况1
74,节能,1.078573519860794,1714.851372608323,8.14183177183722,8.77799402036579,87,工况1
75,节能,1.078573519860794,1714.851372608323,8.0752663786382,9.38219086326665,93,工况1
76,节能,1.078573519860794,1714.851372608323,8.162469635462202,8.598691550847628,90,工况1
77,节能,1.0785733931929578,1714.8522940346068,8.025665230381476,9.859292894751112,82,工况1
78,节能,1.0785733917835274,1714.8523846688502,8.079700230874224,9.340683701638703,58,工况1
79,节能,1.0785733917080316,1714.8524037295426,8.063141741702756,9.496638939780095,17,工况1
80,节能,1.0785733917080316,1714.8524037295426,8.215785053945988,8.152255422707665,9,工况1
81,节能,1.0785733917080316,1714.8524037295426,8.089771533190952,9.247082983964491,5,工况1
82,节能,1.078573391704515,1714.8523988360537,8.228050846585296,8.052872300544237,6,工况1
83,节能,1.078573391704515,1714.8523988360537,8.07180756752747,9.414698275358386,4,工况1
84,节能,1.0785733917010591,1714.8524033130611,8.078563278712357,9.35130965162035,2,工况1
85,节能,1.078571660317207,1714.8509599463823,8.1200926926045,8.97090882562891,10,工况1
86,节能,1.0783926017934649,1714.566269839435,8.192838704303147,8.341482660370026,14,工况1
87,节能,1.0781160514924117,1714.1265748551493,8.108580879597705,9.074776958729567,28,工况1
88,节能,1.0780862307693857,1714.071107504387,8.193361319444286,8.337124414174097,61,工况1
89,节能,1.0780851202716808,1714.07738502609,8.140842227477547,8.78668453395309,81,工况1
90,节能,1.0780851202716808,1714.07738502609,8.243163583164648,7.932086364672566,88,工况1
91,节能,1.0780844369096152,1714.0749855496942,8.168551406233403,8.546554981935472,87,工况1
92,节能,1.0780844369096152,1714.0749855496942,8.033615551239475,9.781219119823062,82,工况1
93,节能,1.0780844369096152,1714.0749855496942,8.228030526789961,8.05303593492374,64,工况1
94,节能,1.0780844369096152,1714.0749855496942,8.134875731614576,8.839266961301394,41,工况1
95,节能,1.0780844369096152,1714.0749855496942,8.162656331465515,8.597086359347447,8,工况1
96,节能,1.0780844369089582,1714.0749930163415,8.108316677273123,9.077174852647747,4,工况1
97,节能,1.0780844369077456,1714.0749902917426,8.12918321099165,8.889728160212568,5,工况1
98,节能,1.0779349821705975,1713.838687724647,8.200847788980392,8.274941840629706,6,工况1
99,节能,1.077842572894882,1713.4682175961245,8.13098559598227,8.87371987848296,6,工况1
100,节能,1.0777453881343033,1713.486153902314,8.151391274029157,8.69448057674329,16,工况1
101,节能,1.0777233200289436,1713.497764205148,8.148400734373727,8.72052068326991,26,工况1
102,节能,1.0777233200289436,1713.497764205148,8.092067760164658,9.225873942294394,46,工况1
103,节能,1.077722811274044,1713.499257202545,8.087794783342718,9.265380232433117,66,工况1
104,节能,1.077722811274044,1713.499257202545,8.114235961104182,9.023603187675802,64,工况1
105,节能,1.0777227607996107,1713.4997302688726,8.19359030663125,8.335215538069544,67,工况1
106,节能,1.0777227556301927,1713.4999051654393,8.15615307461669,8.653177610314058,62,工况1
107,节能,1.0777227556301927,1713.4999051654393,8.136205775941491,8.827518159371094,25,工况1
108,节能,1.0777227555184512,1713.4999619950581,8.21622338537845,8.148682815960544,5,工况1
109,节能,1.0777227554705435,1713.4999438888767,8.182639948863816,8.426990698637251,6,工况1
110,节能,1.0777227554705435,1713.4999438888767,8.221965769787408,8.102024041328896,8,工况1
111,节能,1.0777227554701494,1713.499941012406,8.169107691128845,8.541801984623833,7,工况1
112,节能,1.0777227554700948,1713.499942166158,8.153192817714691,8.678831190919947,8,工况1
113,节能,1.0775313776666497,1713.1969857436861,8.126174459496227,8.916515421006174,4,工况1
114,节能,1.0769814812626615,1712.3226902184606,8.221212913348396,8.108125998958279,10,工况1
115,节能,1.0769494156139752,1712.271708155373,8.118092973689128,8.988866070432577,29,工况1
116,节能,1.0768979539856183,1712.1898878869242,8.151811324820445,8.690829220228478,56,工况1
117,节能,1.0768979539856183,1712.1898878869242,8.16423604241921,8.583516169166774,80,工况1
118,节能,1.0768979539856183,1712.1898878869242,8.134571788623026,8.841954002877765,90,工况1
119,节能,1.0768979539856183,1712.1898878869242,8.103662112276664,9.119523634104443,91,工况1
120,节能,1.0768979539856183,1712.1898878869242,8.110539813703998,9.057017469152253,93,工况1
121,节能,1.0768979539856183,1712.1898878869242,8.065398078764142,9.475235477175147,96,工况1
122,节能,1.0768979539856183,1712.1898878869242,8.088845076105052,9.25565397923548,94,工况1
123,节能,1.0768979539856183,1712.1898878869242,8.118380637346439,8.986280672224062,95,工况1
124,节能,1.0768979539856183,1712.1898878869242,8.118879227322083,8.981801319535537,98,工况1
125,节能,1.0767135995326615,1711.896777635418,8.092434856872902,9.222487775902799,97,工况1
126,节能,1.0765121947142433,1711.5765585355568,8.085279680001028,9.28871295101724,92,工况1
127,节能,1.0764951445380702,1711.549449988157,8.171763548861087,8.519146272267104,98,工况1
128,节能,1.0764902942356662,1711.5417383580082,8.122505084479819,8.949293560791114,96,工况1
129,节能,1.0764896192577664,1711.540665191948,8.063431690690027,9.493885798091632,95,工况1
130,节能,1.0764896192577664,1711.540665191948,8.15034044757209,8.703621769025972,99,工况1
131,节能,1.0764896192577664,1711.540665191948,8.158534524572666,8.632595018808248,95,工况1
132,节能,1.0764896192577664,1711.540665191948,8.142324980617943,8.773665704107346,97,工况1
133,节能,1.0764896192577664,1711.540665191948,8.16526813718083,8.574661737184726,95,工况1
134,节能,1.0764896192577664,1711.540665191948,8.082328046715224,9.3161703274645,97,工况1
135,节能,1.0764896192577664,1711.540665191948,8.150634639767889,8.701061608034493,97,工况1
136,节能,1.0764896192577664,1711.540665191948,8.122971064322517,8.945124341846835,97,工况1
137,节能,1.0764896192577664,1711.540665191948,8.171747687865228,8.519281395482441,96,工况1
138,节能,1.0764896192577664,1711.540665191948,8.153618756010514,8.675135331512655,92,工况1
139,节能,1.0764896192577664,1711.540665191948,8.182486787832403,8.428281484070855,96,工况1
140,节能,1.0764896192577664,1711.540665191948,8.081259112975197,9.326134020570514,96,工况1
141,节能,1.0764896192577664,1711.540665191948,8.038196380125674,9.736515496732398,97,工况1
142,节能,1.0764896192577664,1711.540665191948,8.106342741731712,9.095110306596318,99,工况1
143,节能,1.0764896192577664,1711.540665191948,8.133868593373991,8.848173809537718,98,工况1
144,节能,1.0764896192577664,1711.540665191948,8.116994298717339,8.99874733976662,96,工况1
145,节能,1.0764896192577664,1711.540665191948,8.068469001857572,9.446182390462319,98,工况1
146,节能,1.0764896192577664,1711.540665191948,8.087592461305476,9.26725501268584,90,工况1
147,节能,1.0764896192577664,1711.540665191948,8.180222335011353,8.447388555219964,91,工况1
148,节能,1.0764896192577664,1711.540665191948,8.14072627975134,8.787703389111536,97,工况1
149,节能,1.0764896192577664,1711.540665191948,8.169233417929398,8.54072811869763,96,工况1
150,节能,1.0764896192577664,1711.540665191948,8.113442246329686,9.030768197956151,95,工况1
151,节能,1.0764896192577664,1711.540665191948,8.17996105717961,8.449595958945823,97,工况1
152,节能,1.0764896192577664,1711.540665191948,8.087874310196401,9.264643415193813,96,工况1
153,节能,1.0764896192577664,1711.540665191948,8.150349896606983,8.703539528588724,92,工况1
154,节能,1.0764896192577664,1711.540665191948,8.159631621074652,8.623129422295873,96,工况1
155,节能,1.0764896192577664,1711.540665191948,8.078304637300839,9.353728600354861,99,工况1
156,节能,1.0764896192577664,1711.540665191948,8.15994465281433,8.62043053153262,94,工况1
157,节能,1.0764896192577664,1711.540665191948,8.085415384541413,9.287452516020762,97,工况1
158,节能,1.0764896192577664,1711.540665191948,8.122576208337199,8.948657075147175,93,工况1
159,节能,1.0764896192577664,1711.540665191948,8.230247239672911,8.03520443737683,97,工况1
160,节能,1.0764896192577664,1711.540665191948,8.196392628244372,8.311890281117481,93,工况1
161,节能,1.0764896192577664,1711.540665191948,8.204570812484311,8.244191315646274,94,工况1
162,节能,1.0764896192577664,1711.540665191948,8.118628721724614,8.984051592882704,95,工况1
163,节能,1.0764896192577664,1711.540665191948,8.153691016866194,8.674508481459098,95,工况1
164,节能,1.0764896192577664,1711.540665191948,8.144515815059,8.754465095465667,93,工况1
165,节能,1.0764896192577664,1711.540665191948,8.092334869950642,9.223409950173007,96,工况1
166,节能,1.0764896192577664,1711.540665191948,8.132835870395676,8.85731624193442,100,工况1
167,节能,1.0764896192577664,1711.540665191948,8.095182732101685,9.1971803169897,96,工况1
168,节能,1.0764896192577664,1711.540665191948,8.099259139369376,9.15976517579091,93,工况1
169,节能,1.0764896192577664,1711.540665191948,8.18772311414186,8.38426359857582,97,工况1
170,节能,1.0764896192577664,1711.540665191948,8.07997791936552,9.338090261374841,97,工况1
171,节能,1.0764896192577664,1711.540665191948,8.182429566984437,8.428763771282577,89,工况1
172,节能,1.0764896192577664,1711.540665191948,8.190075740914564,8.36456174021138,97,工况1
173,节能,1.0764896192577664,1711.540665191948,8.116800261648915,9.000493599734014,90,工况1
174,节能,1.0764896192577664,1711.540665191948,8.14293155810391,8.768345409770335,98,工况1
175,节能,1.0764896192577664,1711.540665191948,8.083085970552341,9.30911205505701,97,工况1
176,节能,1.0764896192577664,1711.540665191948,8.173047744545956,8.508213043090906,94,工况1
177,节能,1.0764896192577664,1711.540665191948,8.051682081961063,9.606093146879084,96,工况1
178,节能,1.0764896192577664,1711.540665191948,8.132282416249751,8.862219717129454,98,工况1
179,节能,1.0764896192577664,1711.540665191948,8.101749381781714,9.136983517761635,97,工况1
180,节能,1.0764896192577664,1711.540665191948,8.168634224055147,8.545847204177168,97,工况1
181,节能,1.0764896192577664,1711.540665191948,8.23598948138053,7.989196571888669,94,工况1
182,节能,1.0764896192577664,1711.540665191948,8.212937019768614,8.175506418873777,98,工况1
183,节能,1.0764896192577664,1711.540665191948,8.124938330204666,8.927544201992005,95,工况1
184,节能,1.0764896192577664,1711.540665191948,8.104463879292021,9.11221483122891,94,工况1
185,节能,1.0764896192577664,1711.540665191948,8.155160826440833,8.661767971193404,97,工况1
186,节能,1.0764896192577664,1711.540665191948,8.213352875453548,8.172107294873772,96,工况1
187,节能,1.0764896192577664,1711.540665191948,8.197766385714713,8.30047959930036,94,工况1
188,节能,1.0764896192577664,1711.540665191948,8.17272425816779,8.510965779325211,95,工况1
189,节能,1.0764896192577664,1711.540665191948,8.082711990132331,9.31259413176695,97,工况1
190,节能,1.0764896192577664,1711.540665191948,8.181781406367095,8.434228734907773,90,工况1
191,节能,1.0764896192577664,1711.540665191948,8.195210192452116,8.321724370631092,95,工况1
192,节能,1.0764896192577664,1711.540665191948,8.224509077437746,8.081444283022929,97,工况1
193,节能,1.0764896192577664,1711.540665191948,8.086712000198157,9.275418063393117,98,工况1
194,节能,1.0764896192577664,1711.540665191948,8.08660848048056,9.276378301752572,96,工况1
195,节能,1.0764840409148198,1711.5317960299728,8.120552610177143,8.966783895654025,92,工况1
196,节能,1.0764840409148198,1711.5317960299728,8.18794706247469,8.382386166952607,93,工况1
197,节能,1.0764840409148198,1711.5317960299728,8.145648871442193,8.744551410350526,99,工况1
198,节能,1.0764840409148198,1711.5317960299728,8.192730408211968,8.342386059253183,93,工况1
199,节能,1.0764840409148198,1711.5317960299728,8.184867137619174,8.408243084698812,95,工况1
200,节能,1.0764840409148198,1711.5317960299728,8.199619857811557,8.285109140730922,95,工况1
201,节能,1.0764840409148198,1711.5317960299728,8.186138474715172,8.397560165587642,100,工况1
202,节能,1.0764840409148198,1711.5317960299728,8.234788755077119,7.998795171848153,95,工况1
203,节能,1.0764840409148198,1711.5317960299728,8.137326011677196,8.817634794953962,94,工况1
204,节能,1.0764840409148198,1711.5317960299728,8.17219213722086,8.515495847660235,95,工况1
205,节能,1.0764840409148198,1711.5317960299728,8.036074482834744,9.757197317177502,96,工况1
206,节能,1.0764840409148198,1711.5317960299728,8.182222538970418,8.430508942150178,91,工况1
207,节能,1.0764840409148198,1711.5317960299728,8.16328541134796,8.591679806026397,98,工况1
208,节能,1.0764840409148198,1711.5317960299728,8.168129953956907,8.55015770612364,93,工况1
209,节能,1.0764840409148198,1711.5317960299728,8.155687977154681,8.657203117312902,94,工况1
210,节能,1.0764840409148198,1711.5317960299728,8.135625215898163,8.832644551641453,97,工况1
211,节能,1.0764840409148198,1711.5317960299728,8.215459656983667,8.15490857349847,93,工况1
212,节能,1.0764840409148198,1711.5317960299728,8.21377094614913,8.168691490366264,93,工况1
213,节能,1.0764840409148198,1711.5317960299728,8.190482468740298,8.361160331972147,93,工况1
214,节能,1.0764840409148198,1711.5317960299728,8.060799325926315,9.518910090620027,98,工况1
215,节能,1.0764840409148198,1711.5317960299728,8.21865875473181,8.128861908971539,95,工况1
216,节能,1.0764840409148198,1711.5317960299728,8.159246667719861,8.62644956390461,99,工况1
217,节能,1.0764840409148198,1711.5317960299728,8.040619562973085,9.712950701821262,96,工况1
218,节能,1.0764840409148198,1711.5317960299728,8.060395255429183,9.522757178547515,94,工况1
219,节能,1.0764840409148198,1711.5317960299728,8.086118468734519,9.280924949945689,98,工况1
220,节能,1.0764840409148198,1711.5317960299728,8.092488067362313,9.221997055870505,94,工况1
221,节能,1.0764840409148198,1711.5317960299728,8.153425058879419,8.676815843088114,95,工况1
222,节能,1.0764840409148198,1711.5317960299728,8.128473036311005,8.896043662359194,91,工况1
223,节能,1.0764840409148198,1711.5317960299728,8.190472814633218,8.361241051898944,91,工况1
224,节能,1.0764840409148198,1711.5317960299728,8.15855086864857,8.63245392817301,99,工况1
225,节能,1.0764840409148198,1711.5317960299728,8.172973669963078,8.508843308766156,96,工况1
226,节能,1.0764840409148198,1711.5317960299728,8.152749425559957,8.682680169822731,98,工况1
227,节能,1.0764840409148198,1711.5317960299728,8.081917194255455,9.319998685350441,100,工况1
228,节能,1.0764840409148198,1711.5317960299728,8.104737981101573,9.109717498931929,97,工况1
229,节能,1.0764840409148198,1711.5317960299728,8.144814436989043,8.75185121050348,93,工况1
230,节能,1.0764840409148198,1711.5317960299728,8.12485276252909,8.928308143881871,93,工况1
231,节能,1.0764840409148198,1711.5317960299728,8.171324126931315,8.522890594570484,94,工况1
232,节能,1.0764840409148198,1711.5317960299728,8.165721101251345,8.570778603027483,96,工况1
233,节能,1.0764840409148198,1711.5317960299728,8.138787635097549,8.804756147584618,92,工况1
234,节能,1.0764840409148198,1711.5317960299728,8.084963448333346,9.291650800700431,95,工况1
235,节能,1.0764840409148198,1711.5317960299728,8.191065532628915,8.356286662284104,96,工况1
236,节能,1.0764840409148198,1711.5317960299728,8.175746150378915,8.485285379370243,89,工况1
237,节能,1.0764840409148198,1711.5317960299728,8.20331938557131,8.254514776715839,98,工况1
238,节能,1.0764840409148198,1711.5317960299728,8.18667705512979,8.39303862186862,93,工况1
239,节能,1.0764840409148198,1711.5317960299728,8.103475436289642,9.121226189088134,94,工况1
240,节能,1.0764840409148198,1711.5317960299728,8.222981536288492,8.09379845506148,95,工况1
241,节能,1.0764840409148198,1711.5317960299728,8.118714632514585,8.983279799066395,98,工况1
242,节能,1.0764840409148198,1711.5317960299728,8.187792553925796,8.383681417336582,92,工况1
243,节能,1.0764840409148198,1711.5317960299728,8.189786866136076,8.366978400170478,96,工况1
244,节能,1.0764840409148198,1711.5317960299728,8.121653834186816,8.956914892927298,94,工况1
245,节能,1.0764840409148198,1711.5317960299728,8.156699785728652,8.648448114912364,94,工况1
246,节能,1.0764840409148198,1711.5317960299728,8.011496100962356,9.99998487940867,96,工况1
247,节能,1.0764840409148198,1711.5317960299728,8.252734336031699,7.856532456968511,97,工况1
248,节能,1.0764840409148198,1711.5317960299728,8.170280362374358,8.531791129919537,95,工况1
249,节能,1.0764840409148198,1711.5317960299728,8.080873922757206,9.329727048122011,95,工况1
250,节能,1.0764840409148198,1711.5317960299728,8.108238900467862,9.077880873764261,99,工况1
251,节能,1.0764840409148198,1711.5317960299728,8.148538181621335,8.71932215407344,93,工况1
252,节能,1.0764840409148198,1711.5317960299728,8.186001258961909,8.398712522190264,97,工况1
253,节能,1.0764840409148198,1711.5317960299728,8.140914341978922,8.78605090942622,92,工况1
254,节能,1.0764840409148198,1711.5317960299728,8.179304132595743,8.455148529865495,96,工况1
255,节能,1.0764840409148198,1711.5317960299728,8.039431361793667,9.72449850049617,96,工况1
256,节能,1.0764840409148198,1711.5317960299728,8.111651496539762,9.046954532721777,93,工况1
257,节能,1.0764840409148198,1711.5317960299728,8.132329734141518,8.86180038549709,95,工况1
258,节能,1.0764840409148198,1711.5317960299728,8.165445439844532,8.573141561587946,94,工况1
259,节能,1.0764840409148198,1711.5317960299728,8.208844808870909,8.209030863099464,93,工况1
260,节能,1.0764840409148198,1711.5317960299728,8.226115766556351,8.068470339768478,97,工况1
261,节能,1.0764840409148198,1711.5317960299728,8.156802752686193,8.647557656367203,98,工况1
262,节能,1.0764840409148198,1711.5317960299728,8.096235431615286,9.187503544004247,96,工况1
263,节能,1.0764840409148198,1711.5317960299728,8.093136468219985,9.216019443224038,93,工况1
264,节能,1.0764840409148198,1711.5317960299728,8.211243194544824,8.18936603243118,98,工况1
265,节能,1.0764840409148198,1711.5317960299728,8.242985344080836,7.933500298484316,95,工况1
266,节能,1.0764840409148198,1711.5317960299728,8.217796738713979,8.135872139175088,98,工况1
267,节能,1.0764840409148198,1711.5317960299728,8.274354499307636,7.688495975954551,92,工况1
268,节能,1.0764840409148198,1711.5317960299728,8.13243254781134,8.86088931811411,93,工况1
269,节能,1.0764840409148198,1711.5317960299728,8.141604665405236,8.779987785657623,91,工况1
270,节能,1.0764840409148198,1711.5317960299728,8.137105835774763,8.819576439396076,95,工况1
271,节能,1.0764840409148198,1711.5317960299728,8.141003513749942,8.78526747663692,97,工况1
272,节能,1.0764840409148198,1711.5317960299728,8.216661163007446,8.145116285648488,95,工况1
273,节能,1.0764840409148198,1711.5317960299728,8.100394795514788,9.14936873668585,96,工况1
274,节能,1.0764840409148198,1711.5317960299728,8.16574519545313,8.57057209944614,92,工况1
275,节能,1.0764840409148198,1711.5317960299728,8.160228912107053,8.617980442293575,95,工况1
276,节能,1.0764840409148198,1711.5317960299728,8.126784456700099,8.911078030096306,94,工况1
277,节能,1.0764840409148198,1711.5317960299728,8.128889484898405,8.892339688853356,92,工况1
278,节能,1.0764840409148198,1711.5317960299728,8.144041598353068,8.758617593579604,96,工况1
279,节能,1.0764840409148198,1711.5317960299728,8.246508448620608,7.90559892615214,94,工况1
280,节能,1.0764840409148198,1711.5317960299728,8.043783349544903,9.682269558704428,97,工况1
281,节能,1.0764840409148198,1711.5317960299728,8.180647132379603,8.443800888862683,96,工况1
282,节能,1.0764840409148198,1711.5317960299728,8.156958977659436,8.646206797425425,97,工况1
283,节能,1.0764840409148198,1711.5317960299728,8.145122985882104,8.749151253056104,97,工况1
284,节能,1.0764840409148198,1711.5317960299728,8.175700573197652,8.485672123573336,93,工况1
285,节能,1.0764840409148198,1711.5317960299728,8.101737004415924,9.137096610248744,95,工况1
286,节能,1.0764840409148198,1711.5317960299728,8.158556409107966,8.632406100545028,95,工况1
287,节能,1.0764840409148198,1711.5317960299728,8.128857812484743,8.892621335174594,97,工况1
288,节能,1.0764840409148198,1711.5317960299728,8.03710801385768,9.747118160511047,95,工况1
289,节能,1.0764840409148198,1711.5317960299728,8.146977472935019,8.73294110073784,93,工况1
290,节能,1.0764840409148198,1711.5317960299728,8.089625740104998,9.248431243009833,96,工况1
291,节能,1.0764840409148198,1711.5317960299728,8.083718506531813,9.30322556864874,92,工况1
292,节能,1.0764840409148198,1711.5317960299728,8.127463266722982,8.905031153587165,94,工况1
293,节能,1.0764840409148198,1711.5317960299728,8.16654007152093,8.56376226364324,98,工况1
294,节能,1.0764840409148198,1711.5317960299728,8.131284616155812,8.871066853898647,93,工况1
295,节能,1.0764840409148198,1711.5317960299728,8.188176841508765,8.380460291627276,92,工况1
296,节能,1.0764840409148198,1711.5317960299728,8.021555512059068,9.899895186250326,95,工况1
297,节能,1.0764840409148198,1711.5317960299728,8.15411171947864,8.67085986062523,96,工况1
298,节能,1.0764840409148198,1711.5317960299728,8.04921489651453,9.629822420311468,94,工况1
299,节能,1.0764840409148198,1711.5317960299728,8.133792547276036,8.848846704215148,97,工况1
300,节能,1.0764840409148198,1711.5317960299728,8.105951412940861,9.098670181610617,95,工况1
0,最大除尘指数,-9.991395642724203,2088.587934807513,9.991395642724203,1.3808289941010212,32,工况1
1,最大除尘指数,-10.048088584616208,2208.201858525773,10.048088584616208,1.304723443047624,77,工况1
2,最大除尘指数,-10.048088584616208,2208.201858525773,10.048088584616208,1.304723443047624,99,工况1
3,最大除尘指数,-10.261965974594997,2226.1813955643547,10.261965974594997,1.0534955258361105,100,工况1
4,最大除尘指数,-10.373580531393301,2243.551518911488,10.373580531393301,0.9422347331651452,100,工况1
5,最大除尘指数,-10.487588631782412,2255.9528368309593,10.487588631782412,0.84070962687265,100,工况1
6,最大除尘指数,-10.599018351986555,2287.353316460237,10.599018351986555,0.7520603766999222,100,工况1
7,最大除尘指数,-10.599018351986555,2287.353316460237,10.599018351986555,0.7520603766999222,100,工况1
8,最大除尘指数,-10.599018351986555,2287.353316460237,10.599018351986555,0.7520603766999222,100,工况1
9,最大除尘指数,-10.621468259363523,2289.3257931279877,10.621468259363523,0.735364799191513,100,工况1
10,最大除尘指数,-10.687296516549285,2298.345490722921,10.687296516549285,0.6885159225454573,100,工况1
11,最大除尘指数,-10.748475452583566,2307.075933209237,10.748475452583566,0.647655881542588,100,工况1
12,最大除尘指数,-10.748475452583566,2307.075933209237,10.748475452583566,0.647655881542588,100,工况1
13,最大除尘指数,-10.788372643534268,2309.7400493922305,10.788372643534268,0.6223249085344261,100,工况1
14,最大除尘指数,-10.901073807033082,2297.2393673372417,10.901073807033082,0.5559960299487702,100,工况1
15,最大除尘指数,-10.901073807033082,2297.2393673372417,10.901073807033082,0.5559960299487702,100,工况1
16,最大除尘指数,-10.928891965404887,2332.4793237296108,10.928891965404887,0.5407423920472118,100,工况1
17,最大除尘指数,-10.962931798091581,2307.3276726787635,10.962931798091581,0.5226453687185022,100,工况1
18,最大除尘指数,-10.968961364193907,2334.6964384171733,10.968961364193907,0.5195035254143275,100,工况1
19,最大除尘指数,-10.978527153534355,2327.2629523062724,10.978527153534355,0.5145577569315207,100,工况1
20,最大除尘指数,-10.980853419148183,2336.2894948949647,10.980853419148183,0.5133621501039379,100,工况1
21,最大除尘指数,-10.993903235630327,2329.4084165338536,10.993903235630327,0.5067063909288718,100,工况1
22,最大除尘指数,-10.993903235630327,2329.4084165338536,10.993903235630327,0.5067063909288718,100,工况1
23,最大除尘指数,-11.002059558934448,2338.3196966023493,11.002059558934448,0.5025903385297927,100,工况1
24,最大除尘指数,-11.002211002695717,2330.4626068100897,11.002211002695717,0.5025142301217659,100,工况1
25,最大除尘指数,-11.012481432536953,2325.327179719907,11.012481432536953,0.49737960551199606,100,工况1
26,最大除尘指数,-11.012481432536953,2325.327179719907,11.012481432536953,0.49737960551199606,100,工况1
27,最大除尘指数,-11.013469949069227,2339.2251713289547,11.013469949069227,0.4968881804800325,100,工况1
28,最大除尘指数,-11.021555249706736,2341.090859312475,11.021555249706736,0.4928868877825395,100,工况1
29,最大除尘指数,-11.021555249706736,2341.090859312475,11.021555249706736,0.4928868877825395,100,工况1
30,最大除尘指数,-11.022450453452455,2341.2017603549566,11.022450453452455,0.49244585103270966,100,工况1
31,最大除尘指数,-11.025628253431922,2341.629235180919,11.025628253431922,0.49088344044639604,100,工况1
32,最大除尘指数,-11.026914035585273,2335.717250913246,11.026914035585273,0.49025267687846386,100,工况1
33,最大除尘指数,-11.030287646838318,2345.569017170912,11.030287646838318,0.48860154164111863,100,工况1
34,最大除尘指数,-11.030969262164403,2338.052858215107,11.030969262164403,0.4882686168182077,100,工况1
35,最大除尘指数,-11.032282655903053,2349.89956485766,11.032282655903053,0.4876277488222308,100,工况1
36,最大除尘指数,-11.038716968482621,2338.416975787514,11.038716968482621,0.48450027183598166,100,工况1
37,最大除尘指数,-11.038716968482621,2338.416975787514,11.038716968482621,0.48450027183598166,100,工况1
38,最大除尘指数,-11.038716968482621,2338.416975787514,11.038716968482621,0.48450027183598166,100,工况1
39,最大除尘指数,-11.038902050738644,2334.101883162997,11.038902050738644,0.48441060773050015,100,工况1
40,最大除尘指数,-11.039932222912894,2347.4456351083227,11.039932222912894,0.4839118383547809,100,工况1
41,最大除尘指数,-11.040191656364245,2338.674831550505,11.040191656364245,0.48378631172001496,100,工况1
42,最大除尘指数,-11.042462395303065,2349.0605034893506,11.042462395303065,0.482689005623264,100,工况1
43,最大除尘指数,-11.042678740092503,2339.699148172279,11.042678740092503,0.48258458966730966,100,工况1
44,最大除尘指数,-11.043895916063352,2348.669922554571,11.043895916063352,0.4819975566345903,100,工况1
45,最大除尘指数,-11.043895916063352,2348.669922554571,11.043895916063352,0.4819975566345903,100,工况1
46,最大除尘指数,-11.045311633883912,2349.544915275991,11.045311633883912,0.48131566689981115,100,工况1
47,最大除尘指数,-11.045983127141527,2349.6512296048186,11.045983127141527,0.48099257516380495,100,工况1
48,最大除尘指数,-11.046280433438435,2345.768241771004,11.046280433438435,0.480849594298052,100,工况1
49,最大除尘指数,-11.046907669437587,2348.9325254867754,11.046907669437587,0.4805480826916824,100,工况1
50,最大除尘指数,-11.046907669437587,2348.9325254867754,11.046907669437587,0.4805480826916824,100,工况1
51,最大除尘指数,-11.047257006096498,2351.856238502698,11.047257006096498,0.48038023894872217,100,工况1
52,最大除尘指数,-11.049333260184964,2356.591160228188,11.049333260184964,0.4793838822163831,100,工况1
53,最大除尘指数,-11.049396159188275,2356.598839934457,11.049396159188275,0.4793537303962581,100,工况1
54,最大除尘指数,-11.04950420099873,2349.444483050473,11.04950420099873,0.47930194294903306,100,工况1
55,最大除尘指数,-11.04950420099873,2349.444483050473,11.04950420099873,0.47930194294903306,100,工况1
56,最大除尘指数,-11.049668114217416,2349.4637698729352,11.049668114217416,0.4792233854633224,100,工况1
57,最大除尘指数,-11.050141349727898,2348.500649363271,11.050141349727898,0.4789966535928855,100,工况1
58,最大除尘指数,-11.050229463178713,2348.5107711210017,11.050229463178713,0.4789544494042143,100,工况1
59,最大除尘指数,-11.050640068292347,2352.6412493031557,11.050640068292347,0.4787578286276017,100,工况1
60,最大除尘指数,-11.05074875082857,2352.659178592663,11.05074875082857,0.4787057988399661,100,工况1
61,最大除尘指数,-11.052827425955114,2356.6053501726924,11.052827425955114,0.4777117585043734,100,工况1
62,最大除尘指数,-11.052873936771523,2356.6116525706816,11.052873936771523,0.4776895402571757,100,工况1
63,最大除尘指数,-11.053000715776781,2356.4251409896624,11.053000715776781,0.4776289830912093,100,工况1
64,最大除尘指数,-11.053000715776781,2356.4251409896624,11.053000715776781,0.4776289830912093,100,工况1
65,最大除尘指数,-11.05318078746451,2353.6821578419376,11.05318078746451,0.4775429833774046,100,工况1
66,最大除尘指数,-11.05318078746451,2353.6821578419376,11.05318078746451,0.4775429833774046,100,工况1
67,最大除尘指数,-11.053427480126018,2349.672198028313,11.053427480126018,0.47742519155763713,100,工况1
68,最大除尘指数,-11.053427480126018,2349.672198028313,11.053427480126018,0.47742519155763713,100,工况1
69,最大除尘指数,-11.053427480126018,2349.672198028313,11.053427480126018,0.47742519155763713,100,工况1
70,最大除尘指数,-11.053427480126018,2349.672198028313,11.053427480126018,0.47742519155763713,100,工况1
71,最大除尘指数,-11.053427480126018,2349.672198028313,11.053427480126018,0.47742519155763713,100,工况1
72,最大除尘指数,-11.05360828472286,2343.217411007326,11.05360828472286,0.47733887869147246,100,工况1
73,最大除尘指数,-11.053622771702422,2343.219142168911,11.053622771702422,0.47733196354298224,100,工况1
74,最大除尘指数,-11.053654549184277,2343.222989729319,11.053654549184277,0.47731679537617644,100,工况1
75,最大除尘指数,-11.053929750981682,2351.3407664230112,11.053929750981682,0.4771854550095384,100,工况1
76,最大除尘指数,-11.054135029635258,2344.8879445407247,11.054135029635258,0.4770875090752767,100,工况1
77,最大除尘指数,-11.055510008877201,2352.5399311902975,11.055510008877201,0.47643197443025037,100,工况1
78,最大除尘指数,-11.055577334687325,2349.9940636924875,11.055577334687325,0.476399899341356,100,工况1
79,最大除尘指数,-11.055665018819356,2348.7474947336805,11.055665018819356,0.47635812846103065,100,工况1
80,最大除尘指数,-11.055667574847245,2348.747633906746,11.055667574847245,0.47635691087792537,100,工况1
81,最大除尘指数,-11.055678134974253,2348.7490442519484,11.055678134974253,0.47635188051500627,100,工况1
82,最大除尘指数,-11.055738988449601,2347.5107923576725,11.055738988449601,0.4763228937295704,100,工况1
83,最大除尘指数,-11.055862107077049,2343.8564879530923,11.055862107077049,0.4762642531186223,100,工况1
84,最大除尘指数,-11.058197325828292,2357.6621853671045,11.058197325828292,0.4751533694871629,100,工况1
85,最大除尘指数,-11.058197325828292,2357.6621853671045,11.058197325828292,0.4751533694871629,100,工况1
86,最大除尘指数,-11.058202983874086,2357.6631193105236,11.058202983874086,0.47515068105524494,100,工况1
87,最大除尘指数,-11.058378212396715,2352.7695146331525,11.058378212396715,0.47506742839771066,100,工况1
88,最大除尘指数,-11.060886448079348,2367.121760277695,11.060886448079348,0.4738773404565944,100,工况1
89,最大除尘指数,-11.060892434579229,2367.1223972027337,11.060892434579229,0.4738745035984438,100,工况1
90,最大除尘指数,-11.06114984567034,2359.8495959881316,11.06114984567034,0.47375253874364953,100,工况1
91,最大除尘指数,-11.061314674962814,2356.3690856577246,11.061314674962814,0.4736744568831461,100,工况1
92,最大除尘指数,-11.061314674962814,2356.3690856577246,11.061314674962814,0.4736744568831461,100,工况1
93,最大除尘指数,-11.063142528931357,2375.112234882385,11.063142528931357,0.47280943995049024,100,工况1
94,最大除尘指数,-11.063182286612983,2373.8706414147573,11.063182286612983,0.47279064251698016,100,工况1
95,最大除尘指数,-11.06357168021724,2364.3598121168193,11.06357168021724,0.47260657670398254,100,工况1
96,最大除尘指数,-11.06420852483843,2365.281683868995,11.06420852483843,0.47230569556510654,100,工况1
97,最大除尘指数,-11.06420852483843,2365.281683868995,11.06420852483843,0.47230569556510654,100,工况1
98,最大除尘指数,-11.06459533784878,2371.98997861729,11.06459533784878,0.47212303690684915,100,工况1
99,最大除尘指数,-11.064597577105983,2371.9902858827504,11.064597577105983,0.4721219797031219,100,工况1
100,最大除尘指数,-11.065383002780457,2369.479725731452,11.065383002780457,0.4717513085651493,100,工况1
101,最大除尘指数,-11.065383215465653,2369.4797790093508,11.065383215465653,0.47175120823064054,100,工况1
102,最大除尘指数,-11.065383383552318,2369.479790628472,11.065383383552318,0.4717511289355601,100,工况1
103,最大除尘指数,-11.065392671595962,2369.481196043602,11.065392671595962,0.4717467473108336,100,工况1
104,最大除尘指数,-11.067226681030395,2375.9849966253278,11.067226681030395,0.47088235222226577,100,工况1
105,最大除尘指数,-11.067226681030395,2375.9849966253278,11.067226681030395,0.47088235222226577,100,工况1
106,最大除尘指数,-11.06740602298704,2371.526769322848,11.06740602298704,0.4707979108320368,100,工况1
107,最大除尘指数,-11.06740602298704,2371.526769322848,11.06740602298704,0.4707979108320368,100,工况1
108,最大除尘指数,-11.067406870278726,2371.526908996138,11.067406870278726,0.47079751192905034,100,工况1
109,最大除尘指数,-11.067409418393122,2371.52716809684,11.067409418393122,0.4707963122846606,100,工况1
110,最大除尘指数,-11.067410976699032,2371.527496938798,11.067410976699032,0.47079557864055677,100,工况1
111,最大除尘指数,-11.067499942296298,2369.3580423630474,11.067499942296298,0.4707536958938023,100,工况1
112,最大除尘指数,-11.067501081174605,2369.3581968847816,11.067501081174605,0.4707531597629352,100,工况1
113,最大除尘指数,-11.067501741589094,2369.358251460255,11.067501741589094,0.4707528488708303,100,工况1
114,最大除尘指数,-11.067502566042515,2369.358394517321,11.067502566042515,0.4707524607571935,100,工况1
115,最大除尘指数,-11.06750308363111,2369.3584970252914,11.06750308363111,0.47075221710115217,100,工况1
116,最大除尘指数,-11.067506318566831,2369.3588036799206,11.067506318566831,0.470750694250452,100,工况1
117,最大除尘指数,-11.067507161969647,2369.35892800142,11.067507161969647,0.4707502972181583,100,工况1
118,最大除尘指数,-11.067507161969647,2369.35892800142,11.067507161969647,0.4707502972181583,100,工况1
119,最大除尘指数,-11.06772188245527,2364.1003103820117,11.06772188245527,0.47064922833690054,100,工况1
120,最大除尘指数,-11.06772188245527,2364.1003103820117,11.06772188245527,0.47064922833690054,100,工况1
121,最大除尘指数,-11.06772188245527,2364.1003103820117,11.06772188245527,0.47064922833690054,100,工况1
122,最大除尘指数,-11.067722393611128,2364.1003652032186,11.067722393611128,0.47064898776185227,100,工况1
123,最大除尘指数,-11.067847019204606,2361.053572295561,11.067847019204606,0.47059033650723187,100,工况1
124,最大除尘指数,-11.067847019204606,2361.053572295561,11.067847019204606,0.47059033650723187,100,工况1
125,最大除尘指数,-11.067847019204606,2361.053572295561,11.067847019204606,0.47059033650723187,100,工况1
126,最大除尘指数,-11.067847141132932,2361.0535785962775,11.067847141132932,0.47059027912894374,100,工况1
127,最大除尘指数,-11.068008454911237,2357.1111450030994,11.068008454911237,0.4705143725555365,100,工况1
128,最大除尘指数,-11.068008458739031,2357.111145991251,11.068008458739031,0.47051437075450403,100,工况1
129,最大除尘指数,-11.068008478587053,2357.1111513014935,11.068008478587053,0.4705143614157245,100,工况1
130,最大除尘指数,-11.068008524063057,2357.111154143993,11.068008524063057,0.47051434001861236,100,工况1
131,最大除尘指数,-11.06808711533569,2355.189429574016,11.06808711533569,0.4704773631508868,100,工况1
132,最大除尘指数,-11.068087216599173,2355.18944024762,11.068087216599173,0.4704773155087128,100,工况1
133,最大除尘指数,-11.068087478550034,2355.1894776962104,11.068087478550034,0.4704771922667911,100,工况1
134,最大除尘指数,-11.068126027158792,2354.2405852569736,11.068126027158792,0.4704590563751356,100,工况1
135,最大除尘指数,-11.06812617173036,2354.240603872931,11.06812617173036,0.4704589883601374,100,工况1
136,最大除尘指数,-11.06820305771229,2352.3664560010156,11.06820305771229,0.47042281804937164,100,工况1
137,最大除尘指数,-11.068203067593075,2352.366456435096,11.068203067593075,0.4704228134012253,100,工况1
138,最大除尘指数,-11.068203067593075,2352.366456435096,11.068203067593075,0.4704228134012253,100,工况1
139,最大除尘指数,-11.068240786439302,2351.440912068122,11.068240786439302,0.4704050699300984,100,工况1
140,最大除尘指数,-11.06824091032177,2351.440930778668,11.06824091032177,0.4704050116551614,100,工况1
141,最大除尘指数,-11.06824091032177,2351.440930778668,11.06824091032177,0.4704050116551614,100,工况1
142,最大除尘指数,-11.068240942905383,2351.4409348705603,11.068240942905383,0.47040499632766636,100,工况1
143,最大除尘指数,-11.068240942905383,2351.4409348705603,11.068240942905383,0.47040499632766636,100,工况1
144,最大除尘指数,-11.068389159465147,2347.8137641534045,11.068389159465147,0.47033527968412336,100,工况1
145,最大除尘指数,-11.068461518438161,2346.0438823279023,11.068461518438161,0.47030124793757905,100,工况1
146,最大除尘指数,-11.06846160978834,2346.0438960818005,11.06846160978834,0.4703012049754778,100,工况1
147,最大除尘指数,-11.068567981211114,2343.441749959262,11.068567981211114,0.47025118102777863,100,工况1
148,最大除尘指数,-11.06863748174226,2341.741132656141,11.06863748174226,0.4702184994566319,100,工况1
149,最大除尘指数,-11.068637487377552,2341.7411334873696,11.068637487377552,0.47021849680681294,100,工况1
150,最大除尘指数,-11.068637488404098,2341.7411336425266,11.068637488404098,0.470218496324112,100,工况1
151,最大除尘指数,-11.06863750399124,2341.741136191826,11.06863750399124,0.4702184889947495,100,工况1
152,最大除尘指数,-11.068671837909324,2340.9008293971724,11.068671837909324,0.4702023448288147,100,工况1
153,最大除尘指数,-11.068671837909324,2340.9008293971724,11.068671837909324,0.4702023448288147,100,工况1
154,最大除尘指数,-11.06870594919454,2340.0670951708457,11.06870594919454,0.4701863058960773,100,工况1
155,最大除尘指数,-11.068705961500505,2340.067096911134,11.068705961500505,0.47018630010998064,100,工况1
156,最大除尘指数,-11.068705961500505,2340.067096911134,11.068705961500505,0.47018630010998064,100,工况1
157,最大除尘指数,-11.068705961500505,2340.067096911134,11.068705961500505,0.47018630010998064,100,工况1
158,最大除尘指数,-11.068806609728979,2337.60450604235,11.068806609728979,0.47013897907325125,100,工况1
159,最大除尘指数,-11.068806621083777,2337.604507766834,11.068806621083777,0.47013897373491814,100,工况1
160,最大除尘指数,-11.068806623579567,2337.60450812176,11.068806623579567,0.4701389725615499,100,工况1
161,最大除尘指数,-11.068806637364355,2337.6045101320597,11.068806637364355,0.47013896608078365,100,工况1
162,最大除尘指数,-11.068806637364355,2337.6045101320597,11.068806637364355,0.47013896608078365,100,工况1
163,最大除尘指数,-11.068937280453367,2334.4084505281876,11.068937280453367,0.47007754968589127,100,工况1
164,最大除尘指数,-11.068937280453367,2334.4084505281876,11.068937280453367,0.47007754968589127,100,工况1
165,最大除尘指数,-11.068937280946473,2334.408450595977,11.068937280946473,0.47007754945409314,100,工况1
166,最大除尘指数,-11.068937283988557,2334.4084510561347,11.068937283988557,0.47007754802407775,100,工况1
167,最大除尘指数,-11.069095088163152,2330.5475372697265,11.069095088163152,0.47000337367728096,100,工况1
168,最大除尘指数,-11.069095095405237,2330.5475383362286,11.069095095405237,0.47000337027347694,100,工况1
169,最大除尘指数,-11.069095095405237,2330.5475383362286,11.069095095405237,0.47000337027347694,100,工况1
170,最大除尘指数,-11.069095096885377,2330.5475383256053,11.069095096885377,0.4700033695778058,100,工况1
171,最大除尘指数,-11.069125952464743,2329.792578975842,11.069125952464743,0.4699888675752685,100,工况1
172,最大除尘指数,-11.06918698574457,2328.2993756822307,11.06918698574457,0.4699601834885488,100,工况1
173,最大除尘指数,-11.06918698574457,2328.2993756822307,11.06918698574457,0.4699601834885488,100,工况1
174,最大除尘指数,-11.069186996457557,2328.2993769172595,11.069186996457557,0.46996017845387195,100,工况1
175,最大除尘指数,-11.069186996457557,2328.2993769172595,11.069186996457557,0.46996017845387195,100,工况1
176,最大除尘指数,-11.069247133168881,2326.8280517057883,11.069247133168881,0.46993191744405693,100,工况1
177,最大除尘指数,-11.069276871805807,2326.100443761293,11.069276871805807,0.469917942517183,100,工况1
178,最大除尘指数,-11.06927687441766,2326.100444075888,11.06927687441766,0.469917941289826,100,工况1
179,最大除尘指数,-11.069276875200616,2326.1004441640034,11.069276875200616,0.46991794092190103,100,工况1
180,最大除尘指数,-11.069276875200616,2326.1004441640034,11.069276875200616,0.46991794092190103,100,工况1
181,最大除尘指数,-11.06927687520864,2326.100444166741,11.06927687520864,0.46991794091813044,100,工况1
182,最大除尘指数,-11.069306398207761,2325.3781280107796,11.069306398207761,0.4699040677359638,100,工况1
183,最大除尘指数,-11.069306398714787,2325.3781280592225,11.069306398714787,0.4699040674977104,100,工况1
184,最大除尘指数,-11.069393696112192,2323.2423589529776,11.069393696112192,0.4698630478860666,100,工况1
185,最大除尘指数,-11.069393696112192,2323.2423589529776,11.069393696112192,0.4698630478860666,100,工况1
186,最大除尘指数,-11.069393696231545,2323.2423589656128,11.069393696231545,0.46986304782998684,100,工况1
187,最大除尘指数,-11.06939369643993,2323.242358987673,11.06939369643993,0.4698630477320746,100,工况1
188,最大除尘指数,-11.069535076385502,2319.783368628146,11.069535076385502,0.46979662321561744,100,工况1
189,最大除尘指数,-11.069535076385502,2319.783368628146,11.069535076385502,0.46979662321561744,100,工况1
190,最大除尘指数,-11.069535076899717,2319.7833686948416,11.069535076899717,0.46979662297404123,100,工况1
191,最大除尘指数,-11.069535077162914,2319.7833687315583,11.069535077162914,0.469796622850392,100,工况1
192,最大除尘指数,-11.069535077394015,2319.7833687574953,11.069535077394015,0.46979662274182177,100,工况1
193,最大除尘指数,-11.069535077394015,2319.7833687574953,11.069535077394015,0.46979662274182177,100,工况1
194,最大除尘指数,-11.069535077394015,2319.7833687574953,11.069535077394015,0.46979662274182177,100,工况1
195,最大除尘指数,-11.069535077586918,2319.7833687803504,11.069535077586918,0.46979662265119637,100,工况1
196,最大除尘指数,-11.0696446354429,2317.102952648825,11.0696446354429,0.46974515555983465,100,工况1
197,最大除尘指数,-11.0696446354429,2317.102952648825,11.0696446354429,0.46974515555983465,100,工况1
198,最大除尘指数,-11.069698277149987,2315.7905689803747,11.069698277149987,0.4697199583036127,100,工况1
199,最大除尘指数,-11.069698277149987,2315.7905689803747,11.069698277149987,0.4697199583036127,100,工况1
200,最大除尘指数,-11.069698277149987,2315.7905689803747,11.069698277149987,0.4697199583036127,100,工况1
0,节能,1.210053932196262,2106.5832550154946,8.744137073645348,5.814290073103454,1,工况2
1,节能,1.1732323986877478,2042.4806362402785,8.744137073645348,5.814290073103454,5,工况2
2,节能,1.1710473464817444,2038.6766781967333,8.744137073645348,5.814290073103454,12,工况2
3,节能,1.1623101516837497,2023.4660931413569,8.744137073645348,5.814290073103454,19,工况2
4,节能,1.1442514577927536,1992.0277075074405,8.744137073645348,5.814290073103454,39,工况2
5,节能,1.1442514577927536,1992.0277075074405,8.744137073645348,5.814290073103454,81,工况2
6,节能,1.1325063338762487,1971.5806177436941,8.50492069935435,7.385621484049107,88,工况2
7,节能,1.1298374428471862,1966.9343445473585,8.466464731705786,7.675174543250986,88,工况2
8,节能,1.1298374428471862,1966.9343445473585,8.426411850522516,7.988826805867341,85,工况2
9,节能,1.1268199357487472,1961.6811655308456,8.355531315176517,8.575629929633383,89,工况2
10,节能,1.1268199357487472,1961.6811655308456,8.355531315176517,8.575629929633383,87,工况2
11,节能,1.1268199357487472,1961.6811655308456,8.399271227990134,8.208617677649526,91,工况2
12,节能,1.1261990350488529,1960.6002393153913,8.308155504862352,8.99168500405366,82,工况2
13,节能,1.125929825717276,1960.1315727089664,8.31335020314324,8.945097023436468,82,工况2
14,节能,1.125929825717276,1960.1315727089664,8.28393956100937,9.212084969524417,80,工况2
15,节能,1.1256211768851943,1959.5942458642332,8.374866475964788,8.41141145740217,89,工况2
16,节能,1.1252704214660951,1958.98361564948,8.398815039871463,8.212363205772537,79,工况2
17,节能,1.1252704214660951,1958.98361564948,8.269109404245656,9.349719683402913,82,工况2
18,节能,1.1246391754013105,1957.8846791851722,8.338124808874717,8.72620840673326,80,工况2
19,节能,1.1246391754013105,1957.8846791851722,8.305755015542944,9.013295375224754,78,工况2
20,节能,1.1246119779109227,1957.8373310659645,8.287699609147193,9.177512125101394,86,工况2
21,节能,1.1244937575456464,1957.6315211964481,8.287470118420735,9.179618520715943,84,工况2
22,节能,1.124442625292174,1957.5170831589376,8.293619061337377,9.123346753677676,83,工况2
23,节能,1.124325176410137,1957.338038246865,8.267407681914932,9.365643855591028,80,工况2
24,节能,1.124325176410137,1957.338038246865,8.313432965760395,8.94435673443066,71,工况2
25,节能,1.124325176410137,1957.338038246865,8.32028161857355,8.883309225730052,73,工况2
26,节能,1.124325176410137,1957.338038246865,8.284556518301798,9.20640325939048,74,工况2
27,节能,1.1243095135416021,1957.3107707543154,8.27505007523687,9.294340731836714,75,工况2
28,节能,1.1242796536372104,1957.258787637766,8.28782395312037,9.176371027725644,74,工况2
29,节能,1.1242796536372104,1957.258787637766,8.301554050943066,9.051239555299398,76,工况2
30,节能,1.1242442686926997,1957.188647081538,8.363189336138348,8.51020839533359,71,工况2
31,节能,1.1242442686926997,1957.188647081538,8.281128794685072,9.238014411463341,71,工况2
32,节能,1.1242442686926997,1957.188647081538,8.309484675150076,8.979741462768184,72,工况2
33,节能,1.1233879061562493,1955.7063441795765,8.315429977476688,8.926512572667644,69,工况2
34,节能,1.1227600232341621,1954.6132626114033,8.302895080769213,9.039109708153367,53,工况2
35,节能,1.1226413961245225,1954.4067446405027,8.356400452615524,8.568179766675229,63,工况2
36,节能,1.122610284535139,1954.3297178755754,8.303102885657918,9.037231532120314,64,工况2
37,节能,1.12259703173577,1954.3192445075783,8.330292356959397,8.794824379351757,67,工况2
38,节能,1.12259703173577,1954.3192445075783,8.23633984542366,9.661181230013364,74,工况2
39,节能,1.12259703173577,1954.3192445075783,8.298102223573077,9.082536857094285,59,工况2
40,节能,1.1225969671578373,1954.3290220151362,8.277506839333197,9.271534755150867,53,工况2
41,节能,1.1222998357895633,1953.8121221504978,8.367020915374866,8.477663247021114,47,工况2
42,节能,1.122185758790224,1953.6135254679893,8.354100302287428,8.58791055136305,42,工况2
43,节能,1.1221580792125492,1953.5653380828785,8.348978013439071,8.632013166548209,44,工况2
44,节能,1.1221413551193595,1953.5362231040076,8.405865896432937,8.154662668928603,74,工况2
45,节能,1.1221413551193595,1953.5362231040076,8.381437869675812,8.356317979775676,87,工况2
46,节能,1.1209503192011459,1951.4627483152622,8.303259462960426,9.035816617559513,90,工况2
47,节能,1.120904941968809,1951.3837510778199,8.339701637401639,8.71245951505672,95,工况2
48,节能,1.1208814849722428,1951.3423074880461,8.33507029190003,8.752903508000667,93,工况2
49,节能,1.1208813857944324,1951.3392564212675,8.354946914707666,8.580642996461581,83,工况2
50,节能,1.1208813491529939,1951.3394643316626,8.26463111508482,9.391684326487443,55,工况2
51,节能,1.1208811860238148,1951.3395861905133,8.335353475102025,8.750425183684985,44,工况2
52,节能,1.1208811860238148,1951.3395861905133,8.378229849230074,8.383168263808727,14,工况2
53,节能,1.120881111353604,1951.3400118022942,8.29502069687826,9.110568104212621,9,工况2
54,节能,1.1208810929828663,1951.3394412556024,8.441439758002215,7.869669044187247,7,工况2
55,节能,1.120881068293599,1951.3406485668645,8.33996794472662,8.71013963218387,4,工况2
56,节能,1.1208810245786076,1951.340231423238,8.322304732690169,8.865355444830692,3,工况2
57,节能,1.1208810245786076,1951.340231423238,8.366872545006524,8.478921174357014,6,工况2
58,节能,1.1203419960955876,1950.4037184375757,8.354679899605078,8.582934463646115,6,工况2
59,节能,1.1189867862066873,1948.044433133815,8.316493936280546,8.917020181680142,8,工况2
60,节能,1.1189212584119739,1947.8812588585572,8.362861827434065,8.512996019118932,21,工况2
61,节能,1.118909988091163,1947.9107352713677,8.329691468865764,8.800110672683203,39,工况2
62,节能,1.118905255433916,1947.8909745232074,8.30084456482678,9.057663562701618,67,工况2
63,节能,1.118902861740395,1947.897027041388,8.271531149412699,9.327104440177335,68,工况2
64,节能,1.118902861740395,1947.897027041388,8.324552121714982,8.84545391392047,67,工况2
65,节能,1.1189028548661772,1947.8960019554013,8.383899265446118,8.335775066536355,55,工况2
66,节能,1.1189028224219404,1947.896438795149,8.334258316412505,8.760013537287938,37,工况2
67,节能,1.1189028224219404,1947.896438795149,8.365787599939114,8.488125330160953,7,工况2
68,节能,1.1179304885705457,1946.2055242609104,8.337610604694522,8.730696613401681,9,工况2
69,节能,1.1171323874435792,1944.8161097685952,8.295685226857232,9.104515869750237,7,工况2
70,节能,1.117019102339252,1944.6188916963515,8.316335757173457,8.918430779530988,33,工况2
71,节能,1.1170189627975766,1944.6031368983695,8.322452041999533,8.864049591627376,52,工况2
72,节能,1.116630561713283,1943.9050248029112,8.340692472483358,8.70383117985566,68,工况2
73,节能,1.116630561713283,1943.9050248029112,8.20921750880467,9.926800869353974,75,工况2
74,节能,1.1159427364740486,1942.7450460374293,8.327072241394776,8.823190376607535,75,工况2
75,节能,1.1159427364740486,1942.7450460374293,8.309183770260818,8.982443917449126,67,工况2
76,节能,1.1155520097820337,1942.0648298216183,8.344876736488354,8.667488139806062,47,工况2
77,节能,1.1147857011979578,1940.7307629767965,8.214638769934057,9.873130701107689,54,工况2
78,节能,1.11476693587254,1940.698094416125,8.29979392074796,9.067184944207412,75,工况2
79,节能,1.11476693587254,1940.698094416125,8.281625815172113,9.233424069882668,88,工况2
80,节能,1.114765312294671,1940.6952679289236,8.308891221689326,8.985072103002905,92,工况2
81,节能,1.114747512858325,1940.6642808848283,8.306434731370041,9.007170977364787,82,工况2
82,节能,1.1147445446410433,1940.6522769427377,8.272198315866534,9.320883784320621,82,工况2
83,节能,1.1147435839760031,1940.6571445651423,8.385012547343553,8.32650016280284,82,工况2
84,节能,1.1147434180945612,1940.6553670370365,8.386537645483694,8.31381111137452,74,工况2
85,节能,1.1147434180945612,1940.6553670370365,8.296265899524816,9.099230660869772,72,工况2
86,节能,1.1147434180945612,1940.6553670370365,8.292248939012575,9.135855421987847,48,工况2
87,节能,1.1147433958688355,1940.6538225328193,8.311992962955115,8.957245911217774,25,工况2
88,节能,1.1143945766561625,1940.0498541441827,8.255181820751424,9.480849727576693,14,工况2
89,节能,1.1136833029589,1938.8115975503906,8.344686307701197,8.669138836225292,13,工况2
90,节能,1.1136703858616648,1938.7889463080433,8.306382733944028,9.00763933924797,34,工况2
91,节能,1.1136703858616648,1938.7889463080433,8.2806411290415,9.24252057236726,58,工况2
92,节能,1.1136702752130083,1938.786911245929,8.30646951902628,9.006857644447239,68,工况2
93,节能,1.113669861533147,1938.7861995215299,8.346929295267392,8.649715856500103,65,工况2
94,节能,1.113669861533147,1938.7861995215299,8.294344665720184,9.116729214435432,49,工况2
95,节能,1.113669861533147,1938.7861995215299,8.228823823855416,9.734068444330514,30,工况2
96,节能,1.1136344587176654,1938.726564596114,8.352619973265435,8.600632898897366,12,工况2
97,节能,1.113611295488664,1938.6862397237692,8.381407649254678,8.35657051504,8,工况2
98,节能,1.1135606901142818,1938.5981408122652,8.393401228155973,8.256943960929032,21,工况2
99,节能,1.1135581066892004,1938.5936433267627,8.34691400105939,8.64984814806521,45,工况2
100,节能,1.113264039056525,1938.0817008964682,8.275284914102704,9.29215831566867,75,工况2
101,节能,1.1127385520746578,1937.1668804514647,8.360360197750838,8.534319042687676,94,工况2
102,节能,1.1126827901931624,1937.0698045751747,8.275065078084713,9.29420129130291,94,工况2
103,节能,1.1124989373222514,1936.7393162229653,8.322310775192246,8.865301876063846,91,工况2
104,节能,1.1124986935436798,1936.7395576406716,8.326884505319764,8.824846963233584,85,工况2
105,节能,1.1124968752757516,1936.7445046116136,8.330032469326316,8.797110342476982,73,工况2
106,节能,1.1124968752757516,1936.7445046116136,8.317569792615553,8.907431907755763,74,工况2
107,节能,1.1124968752757516,1936.7445046116136,8.378378202774583,8.381924683329647,58,工况2
108,节能,1.1124968721840702,1936.7444370170515,8.423297686124718,8.013744104030398,27,工况2
109,节能,1.1124968708602345,1936.7443583567979,8.328408829478146,8.811405283155059,6,工况2
110,节能,1.1124968682145047,1936.7443378995615,8.313142476036349,8.946955355568308,6,工况2
111,节能,1.1124968682145047,1936.7443378995615,8.397752478816598,8.221093980752693,8,工况2
112,节能,1.1124968682145047,1936.7443378995615,8.284497384601652,9.206947684177013,4,工况2
113,节能,1.1124968682145047,1936.7443378995615,8.323051989715799,8.85873322024991,5,工况2
114,节能,1.1124968681971623,1936.7443495229536,8.329127716460636,8.80507315491454,4,工况2
115,节能,1.1124968681395488,1936.7443007545598,8.319288459414883,8.892136148190742,4,工况2
116,节能,1.1124968680895853,1936.7443152865142,8.287299358799215,9.181186162741412,3,工况2
117,节能,1.1124968680664546,1936.7443336782712,8.414833026074579,8.081865629633528,5,工况2
118,节能,1.1124968680437148,1936.7443302328265,8.292162997938153,9.136640600957659,6,工况2
119,节能,1.1123454942255147,1936.4826059235065,8.235610334828648,9.66823173547752,2,工况2
120,节能,1.1122986453874097,1936.4010467671396,8.345709244921261,8.660275385593481,8,工况2
121,节能,1.1122067267786802,1936.2410256335172,8.248518569045412,9.544233953709092,11,工况2
122,节能,1.1122067267786802,1936.2410256335172,8.27218361621898,9.321020799034176,17,工况2
123,节能,1.1121631036449102,1936.1650821067985,8.307511256424498,8.997479749498622,26,工况2
124,节能,1.1120799792427731,1936.0203708100817,8.375239243048036,8.408276544419689,39,工况2
125,节能,1.1117518541598794,1935.4491377544443,8.33758772160767,8.730896400976427,59,工况2
126,节能,1.1114762838026688,1934.9693972365776,8.371451486877266,8.4401854391929,64,工况2
127,节能,1.1114762838026688,1934.9693972365776,8.384584122140325,8.330068209593282,70,工况2
128,节能,1.1113446749812614,1934.6348295529228,8.328379683052257,8.811662107868873,68,工况2
129,节能,1.1112449381791127,1934.56664757085,8.424588121068899,8.003409558068562,75,工况2
130,节能,1.111185210230585,1934.4626671672688,8.301679858360425,9.050100913853326,75,工况2
131,节能,1.111185210230585,1934.4626671672688,8.273044017825239,9.31300442691098,67,工况2
132,节能,1.111185210230585,1934.4626671672688,8.311171652444084,8.964605613321181,79,工况2
133,节能,1.1111833679962237,1934.4594590289153,8.335698095516797,8.747410128083446,82,工况2
134,节能,1.1111810728951608,1934.4518071797381,8.275274862172207,9.292251720267672,70,工况2
135,节能,1.1111800940592709,1934.4476627046233,8.342008899848272,8.69238075678965,59,工况2
136,节能,1.1111800940592709,1934.4476627046233,8.318349661336468,8.900487988251971,41,工况2
137,节能,1.1111800940592709,1934.4476627046233,8.308508925622998,8.988507717392638,20,工况2
138,节能,1.1111800940592709,1934.4476627046233,8.351919959043576,8.606655571976056,14,工况2
139,节能,1.111179852668359,1934.4486020227248,8.283963240444749,9.211866835136345,12,工况2
140,节能,1.111179852668359,1934.4486020227248,8.389549797467316,8.28880632675555,9,工况2
141,节能,1.111179852668359,1934.4486020227248,8.263905500245276,9.39850154504141,3,工况2
142,节能,1.1111797631047766,1934.4512378324948,8.232934114455746,9.694140707814068,2,工况2
143,节能,1.1111797631047766,1934.4512378324948,8.348192664018052,8.638794975787192,5,工况2
144,节能,1.1111797522426137,1934.4493223139605,8.280236082933541,9.246264977630025,2,工况2
145,节能,1.111179724321124,1934.4506282633033,8.286796689102154,9.185802426939361,4,工况2
146,节能,1.1111797174639138,1934.4501176452331,8.290691280702568,9.150097052022081,6,工况2
147,节能,1.1111797153331793,1934.4502343799911,8.356411898203719,8.568081699379263,6,工况2
148,节能,1.1111797153331793,1934.4502343799911,8.232158290271148,9.701664574845708,2,工况2
149,节能,1.1111797153331793,1934.4502343799911,8.353169054153613,8.59591175201073,7,工况2
150,节能,1.1111797145772415,1934.4502277722322,8.253713060733611,9.494785051909888,4,工况2
151,节能,1.1111797145589326,1934.450213804073,8.364792438294813,8.496576591409598,4,工况2
152,节能,1.1111797145589326,1934.450213804073,8.278381614913158,9.263427789363128,3,工况2
153,节能,1.1111797144582474,1934.4502205966066,8.382810871735183,8.344852610769465,3,工况2
154,节能,1.1111797144496722,1934.4502413644348,8.456265055195292,7.753859438840772,6,工况2
155,节能,1.1111797143961044,1934.450227519283,8.402715782768178,8.180391285991707,3,工况2
156,节能,1.1111797143961044,1934.450227519283,8.286773718952599,9.18601342861825,4,工况2
157,节能,1.1111797143818622,1934.4502190287162,8.346867733798288,8.650248362106312,9,工况2
158,节能,1.111179714381434,1934.4502212035454,8.284695366102621,9.205125059284113,2,工况2
159,节能,1.1111797143265765,1934.45022665037,8.408370714287276,8.13426228456904,3,工况2
160,节能,1.11117971431586,1934.4502254855324,8.34184084451707,8.693841680471229,9,工况2
161,节能,1.11117971431586,1934.4502254855324,8.355538615851133,8.575567321978179,9,工况2
162,节能,1.11117971431586,1934.4502254855324,8.346711935960494,8.651596157086551,7,工况2
163,节能,1.11117971431586,1934.4502254855324,8.374392074532386,8.415402789718117,4,工况2
164,节能,1.11117971431586,1934.4502254855324,8.310330464407748,8.972149704868508,4,工况2
165,节能,1.11117971431586,1934.4502254855324,8.288561719102484,9.169603510071246,2,工况2
166,节能,1.1111797143140374,1934.450224230488,8.35768348575257,8.557193557452761,6,工况2
167,节能,1.1111797143140374,1934.450224230488,8.357661800242672,8.557379126570423,6,工况2
168,节能,1.1111797143140374,1934.450224230488,8.28936513821506,9.16223943397236,4,工况2
169,节能,1.1111797143140374,1934.450224230488,8.27654544484805,9.280452643650843,4,工况2
170,节能,1.1111797143140374,1934.450224230488,8.25464599411764,9.485931180639005,2,工况2
171,节能,1.1111797143140374,1934.450224230488,8.28691561312146,9.184710079348669,4,工况2
172,节能,1.1111797143140374,1934.450224230488,8.308519772633122,8.988410219487212,7,工况2
173,节能,1.1111797143140374,1934.450224230488,8.342010019652788,8.692371023027876,6,工况2
174,节能,1.111179714314014,1934.4502242567005,8.381941935940386,8.352106903206003,5,工况2
175,节能,1.1111797143138666,1934.450224265723,8.255485988474002,9.477966397637143,3,工况2
176,节能,1.1111797143138666,1934.450224265723,8.236060732475103,9.663878167150537,4,工况2
177,节能,1.1111797143138666,1934.450224265723,8.294496433717853,9.115345691687155,3,工况2
178,节能,1.1111797143138578,1934.4502242602819,8.26610045974995,9.377894838461991,5,工况2
179,节能,1.1111797143138296,1934.4502242395904,8.31822496452079,8.901597919963127,2,工况2
180,节能,1.1111242864256812,1933.550316047859,8.338584586336776,8.722197214977065,8,工况2
181,节能,1.1107203110085633,1933.607794224917,8.315351063152251,8.927217030172422,8,工况2
182,节能,1.1107203110085633,1933.607794224917,8.316932018417067,8.913114649961853,6,工况2
183,节能,1.1107043005992419,1933.6189292960228,8.325206704063893,8.839665730548319,18,工况2
184,节能,1.1107042292290816,1933.6190667097812,8.324587673768054,8.845139445463507,53,工况2
185,节能,1.1104137824867262,1933.1196883756395,8.311805430072763,8.958925846878106,64,工况2
186,节能,1.1103866033870817,1933.0723722728824,8.316888913491931,8.913498857382118,44,工况2
187,节能,1.1103809538400427,1933.0625369747404,8.30767971172389,8.995964204008054,24,工况2
188,节能,1.1103790660082373,1933.059250447782,8.251188226730429,9.518788097163085,20,工况2
189,节能,1.1103785210276598,1933.0583016909304,8.295654153805037,9.10479877924248,50,工况2
190,节能,1.1103785210276598,1933.0583016909304,8.313402802665376,8.94462652798161,70,工况2
191,节能,1.1103785210276598,1933.0583016909304,8.289093614505077,9.164727536989425,90,工况2
192,节能,1.1103785210276598,1933.0583016909304,8.332200336852441,8.77806002938016,93,工况2
193,节能,1.1103785210276598,1933.0583016909304,8.271223410251025,9.329975197178117,95,工况2
194,节能,1.1103784801206955,1933.0582304759837,8.35831998308256,8.551748659616536,99,工况2
195,节能,1.1103784801206955,1933.0582304759837,8.306651490003276,9.005218806876973,94,工况2
196,节能,1.1103783987196194,1933.058088764826,8.308034992173956,8.992768681483833,98,工况2
197,节能,1.1103783987196194,1933.058088764826,8.281722314441115,9.232533094199479,93,工况2
198,节能,1.1103783987196194,1933.058088764826,8.325488093370513,8.837178693066935,97,工况2
199,节能,1.1103783951559156,1933.0580825607728,8.34091478630046,8.701896412993333,92,工况2
200,节能,1.1103783951559156,1933.0580825607728,8.432212598176417,7.94261978471756,96,工况2
201,节能,1.1103783808291663,1933.0580576193306,8.327378711776015,8.820486744401821,99,工况2
202,节能,1.1103783808291663,1933.0580576193306,8.323063999888248,8.85862682597516,98,工况2
203,节能,1.1103783808291663,1933.0580576193306,8.391250493272068,8.274721568948348,96,工况2
204,节能,1.1103783808291663,1933.0580576193306,8.367369661841147,8.474707207405537,96,工况2
205,节能,1.1103783808291663,1933.0580576193306,8.34235261417277,8.689393574407653,94,工况2
206,节能,1.1103783773048126,1933.0580514837823,8.266442337989536,9.37468928826874,92,工况2
207,节能,1.1103783773048126,1933.0580514837823,8.298371165611025,9.080094509561881,94,工况2
208,节能,1.1103783773048126,1933.0580514837823,8.27618725223469,9.283777428657606,93,工况2
209,节能,1.1102757220857642,1932.8793389820223,8.284256139282864,9.20916908514667,96,工况2
210,节能,1.1102757220857642,1932.8793389820223,8.362426817037807,8.516700066481691,99,工况2
211,节能,1.1102471609760771,1932.8293912301747,8.306683093817222,9.004934212114417,92,工况2
212,节能,1.1102471609760771,1932.8293912301747,8.26972578138801,9.3439585056142,92,工况2
213,节能,1.1102468673403383,1932.825719725188,8.396460840493965,8.231719521492762,79,工况2
214,节能,1.1102467266494258,1932.8271028255688,8.266706540458921,9.37221279937071,64,工况2
215,节能,1.1102467266494258,1932.8271028255688,8.377276848276436,8.391161239210293,29,工况2
216,节能,1.1102467264472302,1932.8270462826858,8.334221148534407,8.76033913445407,10,工况2
217,节能,1.1102467264472302,1932.8270462826858,8.277465772494377,9.271915515592532,5,工况2
218,节能,1.1102467264414193,1932.8270488281278,8.30028987022592,9.062689193492542,2,工况2
219,节能,1.110246726440621,1932.8270517018404,8.2966999884784,9.095281642528404,4,工况2
220,节能,1.1102467264373097,1932.827049455708,8.398233099949586,8.217143698619841,5,工况2
221,节能,1.1102467264373097,1932.827049455708,8.24756922739422,9.553298994759777,6,工况2
222,节能,1.1102467264373097,1932.827049455708,8.347833813509558,8.641895568048312,9,工况2
223,节能,1.110246726436984,1932.8270519208988,8.345122699006566,8.665356524756069,4,工况2
224,节能,1.110246726436984,1932.8270519208988,8.371163486572275,8.442616565239284,9,工况2
225,节能,1.110246726436984,1932.8270519208988,8.255258271797848,9.48012493439999,3,工况2
226,节能,1.1102467264368854,1932.8270515876152,8.35010155881999,8.62232015431613,4,工况2
227,节能,1.1102467264368854,1932.8270515876152,8.4159085175766,8.07317832422732,9,工况2
228,节能,1.1102467264368854,1932.8270515876152,8.335375815974484,8.750229693735713,6,工况2
229,节能,1.1102467264368843,1932.8270516615557,8.301503018914534,9.051701470200761,4,工况2
230,节能,1.1102467264368843,1932.8270516615557,8.303267965499673,9.035739790500706,3,工况2
231,节能,1.1102467264368843,1932.8270516615557,8.299796433813093,9.067162157809717,5,工况2
232,节能,1.1102467264368843,1932.8270516615557,8.201844238032539,10.000264360349567,0,工况2
233,节能,1.1102467264368843,1932.8270516615557,8.294714164609152,9.113361215393946,7,工况2
234,节能,1.1102467264368843,1932.8270516615557,8.369991185505878,8.452519657210393,2,工况2
235,节能,1.1102467264368843,1932.8270516615557,8.369991185505878,8.452519657210393,9,工况2
236,节能,1.110246726436884,1932.8270516610276,8.312110741362657,8.9561910031823,3,工况2
237,节能,1.1102467264368838,1932.8270516540115,8.256370349336576,9.469588160336905,3,工况2
238,节能,1.1102467264368838,1932.8270516540115,8.398769469699465,8.212737453103532,7,工况2
239,节能,1.1102467264368838,1932.8270516540115,8.285090217126887,9.201491123704763,3,工况2
240,节能,1.1102467264368838,1932.8270516540115,8.428436913729136,7.972665296201048,8,工况2
241,节能,1.1102467264368838,1932.8270516540115,8.276341114664575,9.282349113988722,5,工况2
242,节能,1.1102467264368838,1932.8270516540115,8.333583275474512,8.76592890137482,3,工况2
243,节能,1.1102467264368836,1932.8270516599537,8.24899038134188,9.539731928908214,3,工况2
244,节能,1.1102467264368836,1932.8270516599537,8.29275939356532,9.131193173028821,6,工况2
245,节能,1.1102467264368836,1932.8270516599537,8.2956167063006,9.105139737619151,3,工况2
246,节能,1.1102467264368836,1932.8270516599537,8.412300022468637,8.10236297337951,9,工况2
247,节能,1.1102467264368836,1932.8270516599537,8.33870312956723,8.721163318824441,5,工况2
248,节能,1.1102467264368836,1932.8270516599537,8.362994126819213,8.511869829478572,4,工况2
249,节能,1.1102467264368836,1932.8270516599537,8.360130598943332,8.536278737125896,3,工况2
250,节能,1.1102467264368836,1932.8270516599537,8.290735777124999,9.149689914496516,6,工况2
251,节能,1.1102467264368836,1932.8270516599537,8.326705355389562,8.82642807557495,5,工况2
252,节能,1.1102467264368836,1932.8270516599537,8.372873053204914,8.428195679911596,6,工况2
253,节能,1.1102467264368836,1932.8270516599537,8.398233257223664,8.217142406276242,5,工况2
254,节能,1.1102467264368836,1932.8270516599537,8.316695250402452,8.915225240271837,8,工况2
255,节能,1.1102467264368836,1932.8270516599537,8.353439686866919,8.593585731852714,4,工况2
256,节能,1.1102467264368836,1932.8270516599537,8.322496333095534,8.863657001850132,4,工况2
257,节能,1.1102467264368836,1932.8270516599537,8.312467859598371,8.952993155091447,4,工况2
258,节能,1.1102467264368836,1932.8270516599537,8.25164635107528,9.514428307341477,3,工况2
259,节能,1.1102467264368836,1932.8270516599537,8.348806435829443,8.633494353799248,7,工况2
260,节能,1.1102467264368836,1932.8270516599537,8.346990914840664,8.649182881121133,6,工况2
261,节能,1.1102467264368836,1932.8270516599537,8.356020103671497,8.571439284639533,5,工况2
262,节能,1.1102467264368836,1932.8270516599537,8.320454301923622,8.881775358573693,3,工况2
263,节能,1.1102467264368836,1932.8270516599537,8.262597497907223,9.410802850350747,6,工况2
264,节能,1.1102467264368836,1932.8270516599537,8.219347612598925,9.826748969866543,4,工况2
265,节能,1.1102467264368836,1932.8270516599537,8.31464930872802,8.93348394287909,1,工况2
266,节能,1.1102467264368836,1932.8270516599537,8.268203498757291,9.358193483430243,5,工况2
267,节能,1.1102467264368836,1932.8270516599537,8.252998007447244,9.501576757090776,2,工况2
268,节能,1.1102467264368836,1932.8270516599537,8.303480714909682,9.033817646666016,4,工况2
269,节能,1.1102467264368836,1932.8270516599537,8.291776304601816,9.140174362191479,6,工况2
270,节能,1.1102467264368836,1932.8270516599537,8.31917079456302,8.893182501631674,3,工况2
271,节能,1.1102467264368836,1932.8270516599537,8.297093491497371,9.091703325829059,3,工况2
272,节能,1.1102467264368836,1932.8270516599537,8.282366888836357,9.226583957300372,2,工况2
273,节能,1.1102467264368836,1932.8270516599537,8.420307175481566,8.037745160885887,12,工况2
274,节能,1.1102467264368836,1932.8270516599537,8.334997778311681,8.753538235455403,6,工况2
275,节能,1.1102467264368836,1932.8270516599537,8.354519148056294,8.58431429455626,5,工况2
276,节能,1.1102467264368836,1932.8270516599537,8.385252889679414,8.324499192772706,8,工况2
277,节能,1.1102467264368836,1932.8270516599537,8.288561150284371,9.169608725909292,4,工况2
278,节能,1.1102467264368836,1932.8270516599537,8.242151554025188,9.605196102161694,1,工况2
279,节能,1.1102467264368836,1932.8270516599537,8.357843484401585,8.555824527568602,5,工况2
280,节能,1.1102467264368836,1932.8270516599537,8.371721775242628,8.437904463541662,7,工况2
281,节能,1.1102467264368836,1932.8270516599537,8.401599727174538,8.189526154006687,7,工况2
282,节能,1.1102467264368836,1932.8270516599537,8.383752461546083,8.336998880654086,5,工况2
283,节能,1.1102467264368836,1932.8270516599537,8.365329956195536,8.492010756615752,6,工况2
284,节能,1.1102467264368836,1932.8270516599537,8.270812741267017,9.333807515466432,4,工况2
285,节能,1.1102467264368836,1932.8270516599537,8.2891342451455,9.164355175804992,7,工况2
286,节能,1.1102467264368836,1932.8270516599537,8.295767608957984,9.103765851501024,2,工况2
287,节能,1.1102467264368836,1932.8270516599537,8.250012173860846,9.529989280520596,3,工况2
288,节能,1.1102467264368836,1932.8270516599537,8.401263312411713,8.192281694981787,7,工况2
289,节能,1.1102467264368836,1932.8270516599537,8.250561713105295,9.524753616145052,6,工况2
290,节能,1.1102467264368836,1932.8270516599537,8.277755368917038,9.269230790790113,5,工况2
291,节能,1.1102467264368836,1932.8270516599537,8.26992997191593,9.342050752573249,2,工况2
292,节能,1.1102467264368836,1932.8270516599537,8.251889148836886,9.512118505864155,5,工况2
293,节能,1.1102467264368836,1932.8270516599537,8.382486404817135,8.347560678693116,6,工况2
294,节能,1.1102467264368836,1932.8270516599537,8.311644037110801,8.96037187114246,4,工况2
295,节能,1.1102467264368836,1932.8270516599537,8.268873716694841,9.351923555638319,7,工况2
296,节能,1.1102467264368836,1932.8270516599537,8.262964934716674,9.407345610174584,3,工况2
297,节能,1.1102467264368836,1932.8270516599537,8.253679179362825,9.495106753692589,2,工况2
298,节能,1.1102467264368836,1932.8270516599537,8.283553187561322,9.215644962256851,4,工况2
299,节能,1.1102467264368836,1932.8270516599537,8.35022928429388,8.621218934716785,4,工况2
300,节能,1.1102467264368836,1932.8270516599537,8.350919059459788,8.615274282468208,5,工况2
0,最大除尘指数,-8.039409938051303,2132.4615694061413,8.039409938051303,11.764021268967292,0,工况2
1,最大除尘指数,-8.039409938051303,2132.4615694061413,8.039409938051303,11.764021268967292,0,工况2
2,最大除尘指数,-8.178588017185449,2173.413888133009,8.178588017185449,10.23555813399879,0,工况2
3,最大除尘指数,-8.180024854794583,2084.6691921146903,8.180024854794583,10.220861859729549,0,工况2
4,最大除尘指数,-8.280633471320026,2187.6242176384117,8.280633471320026,9.242591349286513,2,工况2
5,最大除尘指数,-8.336565511304043,2194.125653094121,8.336565511304043,8.73982577630961,6,工况2
6,最大除尘指数,-8.4089702066911,2209.549816666888,8.4089702066911,8.129387317517592,14,工况2
7,最大除尘指数,-8.437330254449611,2211.900227503726,8.437330254449611,7.902076019765326,39,工况2
8,最大除尘指数,-8.51872829432731,2220.7190053243066,8.51872829432731,7.2843446179755915,74,工况2
9,最大除尘指数,-8.53349158233525,2136.512736575248,8.53349158233525,7.177593676774861,98,工况2
10,最大除尘指数,-8.58759395609044,2237.586723787028,8.58759395609044,6.799586561958341,100,工况2
11,最大除尘指数,-8.613271775199879,2151.671061322313,8.613271775199879,6.627210598843767,100,工况2
12,最大除尘指数,-8.630678780028457,2239.2815097057505,8.630678780028457,6.5128489465203,100,工况2
13,最大除尘指数,-8.681351740402024,2158.0469250061433,8.681351740402024,6.191045824546216,100,工况2
14,最大除尘指数,-8.739034243491496,2254.3188220428538,8.739034243491496,5.844035235523407,100,工况2
15,最大除尘指数,-8.751313643511905,2174.5913895308076,8.751313643511905,5.772712783776901,100,工况2
16,最大除尘指数,-8.874424932581116,2191.4736129533035,8.874424932581116,5.104032094504667,100,工况2
17,最大除尘指数,-8.874424932581116,2191.4736129533035,8.874424932581116,5.104032094504667,100,工况2
18,最大除尘指数,-8.89736511627972,2193.8124331302256,8.89736511627972,4.988277453317917,100,工况2
19,最大除尘指数,-8.89736511627972,2193.8124331302256,8.89736511627972,4.988277453317917,100,工况2
20,最大除尘指数,-8.946220224600335,2197.497080683332,8.946220224600335,4.750431908945007,100,工况2
21,最大除尘指数,-8.955242239533048,2206.58031740765,8.955242239533048,4.707766196078784,100,工况2
22,最大除尘指数,-8.955242239533048,2206.58031740765,8.955242239533048,4.707766196078784,100,工况2
23,最大除尘指数,-8.996963655151811,2212.3334396086993,8.996963655151811,4.515392482039415,100,工况2
24,最大除尘指数,-9.01184690051638,2216.463081512334,9.01184690051638,4.44868642049183,100,工况2
25,最大除尘指数,-9.098636625064726,2228.7817054050556,9.098636625064726,4.078866542654804,100,工况2
26,最大除尘指数,-9.098636625064726,2228.7817054050556,9.098636625064726,4.078866542654804,100,工况2
27,最大除尘指数,-9.207609394962187,2253.968262811674,9.207609394962187,3.6577432970834116,100,工况2
28,最大除尘指数,-9.207609394962187,2253.968262811674,9.207609394962187,3.6577432970834116,100,工况2
29,最大除尘指数,-9.276008290538645,2260.484420256336,9.276008290538645,3.4159221169321166,100,工况2
30,最大除尘指数,-9.276008290538645,2260.484420256336,9.276008290538645,3.4159221169321166,100,工况2
31,最大除尘指数,-9.276008290538645,2260.484420256336,9.276008290538645,3.4159221169321166,100,工况2
32,最大除尘指数,-9.276008290538645,2260.484420256336,9.276008290538645,3.4159221169321166,100,工况2
33,最大除尘指数,-9.299115163993074,2265.800358450737,9.299115163993074,3.337895780853233,100,工况2
34,最大除尘指数,-9.326653029170805,2273.9601859956456,9.326653029170805,3.247231338874399,100,工况2
35,最大除尘指数,-9.344294609905353,2268.216713014054,9.344294609905353,3.1904473970026785,100,工况2
36,最大除尘指数,-9.36139083713528,2277.3967896132253,9.36139083713528,3.13636639115187,100,工况2
37,最大除尘指数,-9.366869370439405,2273.8346174940903,9.366869370439405,3.1192306855506224,100,工况2
38,最大除尘指数,-9.366869370439405,2273.8346174940903,9.366869370439405,3.1192306855506224,100,工况2
39,最大除尘指数,-9.371442936505654,2274.4685364919696,9.371442936505654,3.1049972515204836,100,工况2
40,最大除尘指数,-9.371442936505654,2274.4685364919696,9.371442936505654,3.1049972515204836,100,工况2
41,最大除尘指数,-9.372787483806153,2276.1905427016372,9.372787483806153,3.1008252412090096,100,工况2
42,最大除尘指数,-9.375998847449354,2274.23348126781,9.375998847449354,3.0908833358463026,100,工况2
43,最大除尘指数,-9.378082364075967,2274.611317449333,9.378082364075967,3.084450133194724,100,工况2
44,最大除尘指数,-9.385164583167171,2279.360863479937,9.385164583167171,3.062682553942683,100,工况2
45,最大除尘指数,-9.385164583167171,2279.360863479937,9.385164583167171,3.062682553942683,100,工况2
46,最大除尘指数,-9.385164583167171,2279.360863479937,9.385164583167171,3.062682553942683,100,工况2
47,最大除尘指数,-9.385164583167171,2279.360863479937,9.385164583167171,3.062682553942683,100,工况2
48,最大除尘指数,-9.388266368776666,2287.907616678486,9.388266368776666,3.0531974871968908,100,工况2
49,最大除尘指数,-9.388649121596261,2287.9719999206327,9.388649121596261,3.0520290908676437,100,工况2
50,最大除尘指数,-9.389307148945752,2288.0593750862927,9.389307148945752,3.0500214328737876,100,工况2
51,最大除尘指数,-9.393522260444037,2299.6743948689063,9.393522260444037,3.0371923095494417,100,工况2
52,最大除尘指数,-9.393522260444037,2299.6743948689063,9.393522260444037,3.0371923095494417,100,工况2
53,最大除尘指数,-9.393522260444037,2299.6743948689063,9.393522260444037,3.0371923095494417,100,工况2
54,最大除尘指数,-9.393973055907857,2299.738399669003,9.393973055907857,3.0358234655910525,100,工况2
55,最大除尘指数,-9.394181072501615,2299.7480754136295,9.394181072501615,3.035192029611347,100,工况2
56,最大除尘指数,-9.395825069854887,2307.762019501377,9.395825069854887,3.030206281349395,100,工况2
57,最大除尘指数,-9.396596732740866,2308.0687931150906,9.396596732740866,3.027868885581984,100,工况2
58,最大除尘指数,-9.397522569847267,2308.096000465731,9.397522569847267,3.0250668695197693,100,工况2
59,最大除尘指数,-9.399035316411544,2309.1503547658185,9.399035316411544,3.020494169546297,100,工况2
60,最大除尘指数,-9.399654635423364,2309.553117423275,9.399654635423364,3.0186240992268294,100,工况2
61,最大除尘指数,-9.401293138066595,2310.4323752454466,9.401293138066595,3.0136821254854813,100,工况2
62,最大除尘指数,-9.403683316637085,2311.7420791695204,9.403683316637085,3.0064874887094177,100,工况2
63,最大除尘指数,-9.403683316637085,2311.7420791695204,9.403683316637085,3.0064874887094177,100,工况2
64,最大除尘指数,-9.40379141190428,2318.9535568786882,9.40379141190428,3.0061625192051595,100,工况2
65,最大除尘指数,-9.40620841346398,2320.2653019795744,9.40620841346398,2.9989053934825685,100,工况2
66,最大除尘指数,-9.406379092971333,2319.319781504434,9.406379092971333,2.9983935854662245,100,工况2
67,最大除尘指数,-9.410082305242659,2321.6954250066447,9.410082305242659,2.9873104318474972,100,工况2
68,最大除尘指数,-9.410082622231542,2321.694015044409,9.410082622231542,2.98730948490345,100,工况2
69,最大除尘指数,-9.410306984933639,2321.5239986522574,9.410306984933639,2.9866393192583156,100,工况2
70,最大除尘指数,-9.410871801015741,2324.476445057811,9.410871801015741,2.9849528936443477,100,工况2
71,最大除尘指数,-9.411851883513917,2322.4130253090234,9.411851883513917,2.9820288267028867,100,工况2
72,最大除尘指数,-9.412693082424697,2322.873280391037,9.412693082424697,2.9795214020712404,100,工况2
73,最大除尘指数,-9.41316757621321,2325.2521294501275,9.41316757621321,2.978107973031385,100,工况2
74,最大除尘指数,-9.413314089065752,2325.06897027553,9.413314089065752,2.9776716738995748,100,工况2
75,最大除尘指数,-9.413314089065752,2325.06897027553,9.413314089065752,2.9776716738995748,100,工况2
76,最大除尘指数,-9.413393056450154,2325.28323818812,9.413393056450154,2.9774365442397874,100,工况2
77,最大除尘指数,-9.413426901271928,2325.852759929216,9.413426901271928,2.977335775135871,100,工况2
78,最大除尘指数,-9.413584497177736,2325.1098239531216,9.413584497177736,2.9768665961788066,100,工况2
79,最大除尘指数,-9.415079034130443,2326.001982346278,9.415079034130443,2.9724208820170963,100,工况2
80,最大除尘指数,-9.415182127954422,2326.0178393059687,9.415182127954422,2.972114459577296,100,工况2
81,最大除尘指数,-9.415182127954422,2326.0178393059687,9.415182127954422,2.972114459577296,100,工况2
82,最大除尘指数,-9.416784260252653,2326.9342947604987,9.416784260252653,2.967356551424457,100,工况2
83,最大除尘指数,-9.41681353469317,2326.938848559381,9.41681353469317,2.967269684993091,100,工况2
84,最大除尘指数,-9.416898427762886,2325.438691133618,9.416898427762886,2.9670177950528602,100,工况2
85,最大除尘指数,-9.418480222427748,2327.874324441166,9.418480222427748,2.9623282920273195,100,工况2
86,最大除尘指数,-9.419434853870868,2326.849170482657,9.419434853870868,2.9595017096817577,100,工况2
87,最大除尘指数,-9.421133486955615,2327.799648253822,9.421133486955615,2.954478869352432,100,工况2
88,最大除尘指数,-9.421218208774453,2326.321386034442,9.421218208774453,2.9542285711319103,100,工况2
89,最大除尘指数,-9.421222829805457,2326.3226023076127,9.421222829805457,2.9542149195816347,100,工况2
90,最大除尘指数,-9.421222829805457,2326.3226023076127,9.421222829805457,2.9542149195816347,100,工况2
91,最大除尘指数,-9.421250082173012,2326.3251388626472,9.421250082173012,2.954134411327834,100,工况2
92,最大除尘指数,-9.421250082173012,2326.3251388626472,9.421250082173012,2.954134411327834,100,工况2
93,最大除尘指数,-9.421366722865372,2324.14701793359,9.421366722865372,2.953789859139566,100,工况2
94,最大除尘指数,-9.421395080307008,2322.7149042985043,9.421395080307008,2.9537060984036567,100,工况2
95,最大除尘指数,-9.421408710113761,2322.715003549719,9.421408710113761,2.953665840234685,100,工况2
96,最大除尘指数,-9.423868118714221,2327.7767018944737,9.423868118714221,2.9464104946511016,100,工况2
97,最大除尘指数,-9.423881412880299,2327.7790735957865,9.423881412880299,2.94637132484102,100,工况2
98,最大除尘指数,-9.424005726625104,2324.1635860102415,9.424005726625104,2.9460050731535716,100,工况2
99,最大除尘指数,-9.424005726625104,2324.1635860102415,9.424005726625104,2.9460050731535716,100,工况2
100,最大除尘指数,-9.42401688614615,2324.1650615791336,9.42401688614615,2.945972197331396,100,工况2
101,最大除尘指数,-9.42412734078925,2321.3677949996672,9.42412734078925,2.945646818993864,100,工况2
102,最大除尘指数,-9.42412734078925,2321.3677949996672,9.42412734078925,2.945646818993864,100,工况2
103,最大除尘指数,-9.424135355819121,2321.3688988300996,9.424135355819121,2.9456232096412323,100,工况2
104,最大除尘指数,-9.424190755864137,2319.999911756208,9.424190755864137,2.9454600265030386,100,工况2
105,最大除尘指数,-9.424191329207515,2319.9999955397006,9.424191329207515,2.9454583377435206,100,工况2
106,最大除尘指数,-9.424194125617243,2320.000450293074,9.424194125617243,2.945450101046689,100,工况2
107,最大除尘指数,-9.424205250964803,2320.002589701875,9.424205250964803,2.945417332072876,100,工况2
108,最大除尘指数,-9.424228126297361,2319.3243496508,9.424228126297361,2.945349955442517,100,工况2
109,最大除尘指数,-9.42433776309894,2316.6628208182615,9.42433776309894,2.945027054395115,100,工况2
110,最大除尘指数,-9.424340013624326,2316.663233160997,9.424340013624326,2.9450204265444255,100,工况2
111,最大除尘指数,-9.424343681129558,2316.663833646597,9.424343681129558,2.945009625686407,100,工况2
112,最大除尘指数,-9.424395273426713,2315.3601887690834,9.424395273426713,2.94485768979407,100,工况2
113,最大除尘指数,-9.424395273426713,2315.3601887690834,9.424395273426713,2.94485768979407,100,工况2
114,最大除尘指数,-9.424400014914479,2315.3610197036287,9.424400014914479,2.9448437268204644,100,工况2
115,最大除尘指数,-9.424406062178267,2315.362083031602,9.424406062178267,2.944825918627478,100,工况2
116,最大除尘指数,-9.424409402670989,2315.3626908656397,9.424409402670989,2.944816081474361,100,工况2
117,最大除尘指数,-9.424409402670989,2315.3626908656397,9.424409402670989,2.944816081474361,100,工况2
118,最大除尘指数,-9.424410075026868,2315.3627802825786,9.424410075026868,2.9448141015106204,100,工况2
119,最大除尘指数,-9.424410826414562,2315.3627427138326,9.424410826414562,2.9448118888143764,100,工况2
120,最大除尘指数,-9.424412854118167,2315.3632812475335,9.424412854118167,2.9448059176147474,100,工况2
121,最大除尘指数,-9.424415397966317,2315.363613626003,9.424415397966317,2.944798426485187,100,工况2
122,最大除尘指数,-9.424417759273378,2315.3640347635583,9.424417759273378,2.9447914729200795,100,工况2
123,最大除尘指数,-9.424419090511845,2315.3642441191478,9.424419090511845,2.944787552703003,100,工况2
124,最大除尘指数,-9.424419090511845,2315.3642441191478,9.424419090511845,2.944787552703003,100,工况2
125,最大除尘指数,-9.424419582403976,2315.3643041684704,9.424419582403976,2.9447861041855354,100,工况2
126,最大除尘指数,-9.424419582403976,2315.3643041684704,9.424419582403976,2.9447861041855354,100,工况2
127,最大除尘指数,-9.424419582403976,2315.3643041684704,9.424419582403976,2.9447861041855354,100,工况2
128,最大除尘指数,-9.424419762166835,2315.364330365345,9.424419762166835,2.9447855748224145,100,工况2
129,最大除尘指数,-9.424421239863282,2315.3645348427053,9.424421239863282,2.9447812233264483,100,工况2
130,最大除尘指数,-9.424421239863282,2315.3645348427053,9.424421239863282,2.9447812233264483,100,工况2
131,最大除尘指数,-9.424421239863282,2315.3645348427053,9.424421239863282,2.9447812233264483,100,工况2
132,最大除尘指数,-9.424421239863282,2315.3645348427053,9.424421239863282,2.9447812233264483,100,工况2
133,最大除尘指数,-9.424421697328317,2315.36459536368,9.424421697328317,2.9447798761923125,100,工况2
134,最大除尘指数,-9.424421743846208,2315.364603030018,9.424421743846208,2.944779739207364,100,工况2
135,最大除尘指数,-9.424421743846208,2315.364603030018,9.424421743846208,2.944779739207364,100,工况2
136,最大除尘指数,-9.424421743846208,2315.364603030018,9.424421743846208,2.944779739207364,100,工况2
137,最大除尘指数,-9.424421775510604,2315.3646065980965,9.424421775510604,2.944779645962695,100,工况2
138,最大除尘指数,-9.424421775510604,2315.3646065980965,9.424421775510604,2.944779645962695,100,工况2
139,最大除尘指数,-9.424421816172256,2315.3646154770095,9.424421816172256,2.9447795262230927,100,工况2
140,最大除尘指数,-9.424421825842892,2315.3646165137725,9.424421825842892,2.944779497745202,100,工况2
141,最大除尘指数,-9.424421825842892,2315.3646165137725,9.424421825842892,2.944779497745202,100,工况2
142,最大除尘指数,-9.424421840383124,2315.36461854002,9.424421840383124,2.944779454927425,100,工况2
143,最大除尘指数,-9.424421845835118,2315.3646187376457,9.424421845835118,2.944779438872504,100,工况2
144,最大除尘指数,-9.424421845835118,2315.3646187376457,9.424421845835118,2.944779438872504,100,工况2
145,最大除尘指数,-9.424421845835118,2315.3646187376457,9.424421845835118,2.944779438872504,100,工况2
146,最大除尘指数,-9.424421856216192,2315.364620644467,9.424421856216192,2.9447794083025314,100,工况2
147,最大除尘指数,-9.424421856216192,2315.364620644467,9.424421856216192,2.9447794083025314,100,工况2
148,最大除尘指数,-9.42442185810566,2315.3646209211715,9.42442185810566,2.9447794027384644,100,工况2
149,最大除尘指数,-9.424421858758043,2315.3646210429997,9.424421858758043,2.9447794008173407,100,工况2
150,最大除尘指数,-9.424421867789244,2315.364622734795,9.424421867789244,2.9447793742224473,100,工况2
151,最大除尘指数,-9.424421871303052,2315.364623221689,9.424421871303052,2.944779363875058,100,工况2
152,最大除尘指数,-9.424421871303052,2315.364623221689,9.424421871303052,2.944779363875058,100,工况2
153,最大除尘指数,-9.424421871322608,2315.3646232054825,9.424421871322608,2.94477936381747,100,工况2
154,最大除尘指数,-9.424421871794191,2315.3646232456376,9.424421871794191,2.94477936242876,100,工况2
155,最大除尘指数,-9.42442187206908,2315.3646233025593,9.42442187206908,2.9447793616192715,100,工况2
156,最大除尘指数,-9.424421873407473,2315.3646234728985,9.424421873407473,2.9447793576780006,100,工况2
157,最大除尘指数,-9.424421874523668,2315.364623718664,9.424421874523668,2.9447793543910525,100,工况2
158,最大除尘指数,-9.424421874599496,2315.364623649217,9.424421874599496,2.944779354167758,100,工况2
159,最大除尘指数,-9.424421875812005,2315.36462381673,9.424421875812005,2.944779350597186,100,工况2
160,最大除尘指数,-9.42442187698984,2315.364624018541,9.42442187698984,2.9447793471287222,100,工况2
161,最大除尘指数,-9.42442187698984,2315.364624018541,9.42442187698984,2.9447793471287222,100,工况2
162,最大除尘指数,-9.42442187698984,2315.364624018541,9.42442187698984,2.9447793471287222,100,工况2
163,最大除尘指数,-9.42442187698984,2315.364624018541,9.42442187698984,2.9447793471287222,100,工况2
164,最大除尘指数,-9.424421877059897,2315.3646240374405,9.424421877059897,2.944779346922418,100,工况2
165,最大除尘指数,-9.424421877330085,2315.364624086278,9.424421877330085,2.9447793461267753,100,工况2
166,最大除尘指数,-9.424421877624747,2315.364624132672,9.424421877624747,2.9447793452590605,100,工况2
167,最大除尘指数,-9.424421877624747,2315.364624132672,9.424421877624747,2.9447793452590605,100,工况2
168,最大除尘指数,-9.424421877624747,2315.364624132672,9.424421877624747,2.9447793452590605,100,工况2
169,最大除尘指数,-9.424421878340862,2315.364624231901,9.424421878340862,2.9447793431502594,100,工况2
170,最大除尘指数,-9.424421878340862,2315.364624231901,9.424421878340862,2.9447793431502594,100,工况2
171,最大除尘指数,-9.424421878340862,2315.364624231901,9.424421878340862,2.9447793431502594,100,工况2
172,最大除尘指数,-9.424421878340862,2315.364624231901,9.424421878340862,2.9447793431502594,100,工况2
173,最大除尘指数,-9.424421878340862,2315.364624231901,9.424421878340862,2.9447793431502594,100,工况2
174,最大除尘指数,-9.42442187853314,2315.364624265404,9.42442187853314,2.9447793425840425,100,工况2
175,最大除尘指数,-9.42442187853314,2315.364624265404,9.42442187853314,2.9447793425840425,100,工况2
176,最大除尘指数,-9.424421878539878,2315.3646242663863,9.424421878539878,2.9447793425642015,100,工况2
177,最大除尘指数,-9.424421878539878,2315.3646242663863,9.424421878539878,2.9447793425642015,100,工况2
178,最大除尘指数,-9.424421878546093,2315.3646242664377,9.424421878546093,2.9447793425458983,100,工况2
179,最大除尘指数,-9.424421878623145,2315.3646242776367,9.424421878623145,2.9447793423189994,100,工况2
180,最大除尘指数,-9.424421878623145,2315.3646242776367,9.424421878623145,2.9447793423189994,100,工况2
181,最大除尘指数,-9.424421878623145,2315.3646242776367,9.424421878623145,2.9447793423189994,100,工况2
182,最大除尘指数,-9.424421878623145,2315.3646242776367,9.424421878623145,2.9447793423189994,100,工况2
183,最大除尘指数,-9.424421878623145,2315.3646242776367,9.424421878623145,2.9447793423189994,100,工况2
184,最大除尘指数,-9.424421878623145,2315.3646242776367,9.424421878623145,2.9447793423189994,100,工况2
185,最大除尘指数,-9.424421878623146,2315.3646242776367,9.424421878623146,2.944779342318994,100,工况2
186,最大除尘指数,-9.424421878623146,2315.3646242776367,9.424421878623146,2.944779342318994,100,工况2
187,最大除尘指数,-9.424421878623146,2315.3646242776367,9.424421878623146,2.944779342318994,100,工况2
188,最大除尘指数,-9.42442187862374,2315.36462427772,9.42442187862374,2.944779342317247,100,工况2
189,最大除尘指数,-9.42442187862374,2315.36462427772,9.42442187862374,2.944779342317247,100,工况2
190,最大除尘指数,-9.424421878623894,2315.3646242777404,9.424421878623894,2.944779342316792,100,工况2
191,最大除尘指数,-9.424421878623894,2315.3646242777404,9.424421878623894,2.944779342316792,100,工况2
192,最大除尘指数,-9.424421878623894,2315.3646242777404,9.424421878623894,2.944779342316792,100,工况2
193,最大除尘指数,-9.424421878624068,2315.3646242777763,9.424421878624068,2.9447793423162794,100,工况2
194,最大除尘指数,-9.424421878624239,2315.3646242778004,9.424421878624239,2.944779342315777,100,工况2
195,最大除尘指数,-9.424421878624239,2315.3646242778004,9.424421878624239,2.944779342315777,100,工况2
196,最大除尘指数,-9.424421878624292,2315.3646242778073,9.424421878624292,2.94477934231562,100,工况2
197,最大除尘指数,-9.424421878624292,2315.3646242778073,9.424421878624292,2.94477934231562,100,工况2
198,最大除尘指数,-9.424421878624292,2315.3646242778073,9.424421878624292,2.94477934231562,100,工况2
199,最大除尘指数,-9.424421878624338,2315.3646242778127,9.424421878624338,2.944779342315484,100,工况2
200,最大除尘指数,-9.424421878624353,2315.364624277815,9.424421878624353,2.9447793423154422,100,工况2
0,节能,852.649388971939,2057.940793112513,7.41844252400548,21.25863468040375,0,工况3
1,节能,852.649388971939,2057.940793112513,7.41844252400548,21.25863468040375,0,工况3
2,节能,816.1091074615704,2183.7816102171514,7.434829992309982,20.913098443202244,0,工况3
3,节能,747.9830497885577,2193.9896164489587,7.466342422587228,20.264351369818474,0,工况3
4,节能,747.9830497885577,2193.9896164489587,7.466342422587228,20.264351369818474,0,工况3
5,节能,631.0558841398072,2154.2147707817185,7.523972003388082,19.129538741166915,0,工况3
6,节能,487.93469585520654,2166.5383780614366,7.602403443558026,17.68651051433809,0,工况3
7,节能,468.4159680226897,2162.03766813367,7.613950507093594,17.48345784092554,0,工况3
8,节能,412.75694407539925,2171.806729271281,7.648279818356141,16.893448032756165,0,工况3
9,节能,353.674679393545,2182.1459683705016,7.687370563342043,16.245811332618857,0,工况3
10,节能,353.674679393545,2182.1459683705016,7.687370563342043,16.245811332618857,0,工况3
11,节能,353.674679393545,2182.1459683705016,7.687370563342043,16.245811332618857,0,工况3
12,节能,297.26767383344617,2189.032471833148,7.727884732664125,15.600780453588184,0,工况3
13,节能,297.26767383344617,2189.032471833148,7.727884732664125,15.600780453588184,0,工况3
14,节能,280.54563715441105,2190.9686861163837,7.740624787893468,15.403286363047686,0,工况3
15,节能,217.98801470605463,2211.505811285315,7.792055321940174,14.631113938012593,0,工况3
16,节能,214.23541954159455,2202.962349599446,7.795358788104781,14.582860294189912,0,工况3
17,节能,170.49828721646443,2211.24560159079,7.836301093579461,13.99786168501141,0,工况3
18,节能,152.5389755271637,2220.118203980163,7.854638849170127,13.743511551487433,0,工况3
19,节能,133.94691988357374,2219.1546920310316,7.874803923728273,13.469148192133003,0,工况3
20,节能,112.33390053300852,2232.47053192287,7.900123924223467,13.132390694388322,0,工况3
21,节能,88.87594565251949,2230.6741810217964,7.930572902560238,12.738549277395297,0,工况3
22,节能,54.88805524962603,2241.520584807027,7.983194572240945,12.085556990520605,0,工况3
23,节能,48.806292448507314,2252.7672395012614,7.994249640272807,11.952686137175357,0,工况3
24,节能,48.806292448507314,2252.7672395012614,7.994249640272807,11.952686137175357,0,工况3
25,节能,18.25819883373498,2263.912099950071,8.065808958437632,11.127246233567035,0,工况3
26,节能,18.25819883373498,2263.912099950071,8.065808958437632,11.127246233567035,0,工况3
27,节能,7.707282755165885,2278.9444505694546,8.106617830705673,10.682296559094322,0,工况3
28,节能,5.343716476094684,2275.2772113763936,8.119904644733296,10.54130163226903,0,工况3
29,节能,3.7142153780931384,2278.8017295224045,8.131518586138048,10.419583753083186,0,工况3
30,节能,1.9932226531093344,2278.5043971168184,8.149382756129574,10.23509927487975,0,工况3
31,节能,1.4173498602673278,2276.4472405708,8.160127559962195,10.125713855783179,0,工况3
32,节能,1.4173498602673278,2276.4472405708,8.160127559962195,10.125713855783179,0,工况3
33,节能,1.1937504622920143,2295.8247426839293,8.179462413799651,9.93181519996293,1,工况3
34,节能,1.184422969796884,2277.8860790067624,8.187381687700464,9.853473050964688,8,工况3
35,节能,1.1837228484653797,2276.5396034019177,8.196809374228629,9.761014117568166,25,工况3
36,节能,1.182570236644939,2274.322896628044,8.193545606292219,9.79292384712234,53,工况3
37,节能,1.1822665664732699,2273.7388771735973,8.205487370387146,9.676674553044784,79,工况3
38,节能,1.1819911719940834,2273.2092376222117,8.194965507540683,9.779028729507635,82,工况3
39,节能,1.1819911719940834,2273.2092376222117,8.203936965015606,9.691688957449514,83,工况3
40,节能,1.1818062990328642,2272.8536893463975,8.19916180648774,9.738078980331501,89,工况3
41,节能,1.1814675908897445,2272.198430750457,8.198399928711241,9.745501033281995,85,工况3
42,节能,1.1783002320347362,2266.1108099774924,8.186422126951182,9.86293259472612,88,工况3
43,节能,1.1782153377181632,2265.9475409538077,8.199196777941047,9.737738431511923,91,工况3
44,节能,1.1782153377181632,2265.9475409538077,8.199518481483711,9.734606270401649,90,工况3
45,节能,1.177013691031098,2263.63653016615,8.191267603617629,9.815257582334384,89,工况3
46,节能,1.1767682772643184,2263.164549617647,8.191267603617629,9.815257582334384,87,工况3
47,节能,1.176448024560168,2262.548638583202,8.184274363453058,9.884138605934192,90,工况3
48,节能,1.1757056749316288,2259.565920634918,8.18346684597101,9.892123444167806,86,工况3
49,节能,1.1746434428681942,2259.0780612477397,8.20010689980269,9.728879934649756,90,工况3
50,节能,1.173910376020128,2257.66822471909,8.201134933449087,9.718883457972762,91,工况3
51,节能,1.173287093838728,2256.4695264157745,8.19614784979038,9.76747340320112,92,工况3
52,节能,1.1732477839175248,2256.393925448418,8.19970483204019,9.732792390120103,93,工况3
53,节能,1.1718713697228182,2253.7468012258887,8.199730747392326,9.732540164646315,97,工况3
54,节能,1.1716769887427696,2253.3729670975686,8.194609190915187,9.782513780879158,93,工况3
55,节能,1.1681105291060883,2246.513940411241,8.19869308236158,9.742644522798411,92,工况3
56,节能,1.1678542336292383,2246.0210321228033,8.183440729728261,9.892381792638506,92,工况3
57,节能,1.1670278812443877,2244.4317885486703,8.188397529736934,9.843468561185265,89,工况3
58,节能,1.1664027648073911,2243.2295625990696,8.198517356565663,9.744356707194587,82,工况3
59,节能,1.166397610369717,2243.2196495678954,8.200763941182444,9.72248975748932,88,工况3
60,节能,1.164722974716171,2239.998984873023,8.199797981625183,9.731885826771796,94,工况3
61,节能,1.164722974716171,2239.998984873023,8.180555179840288,9.920967977408171,93,工况3
62,节能,1.1644673039626716,2239.5072780545497,8.195039748521838,9.778302751769,90,工况3
63,节能,1.1644673039626716,2239.5072780545497,8.198321403509889,9.746266330760093,77,工况3
64,节能,1.16444413153693,2239.46271277056,8.195401034591434,9.774770625292957,92,工况3
65,节能,1.1640903723668317,2238.7823619926394,8.195640110238854,9.772433995004166,95,工况3
66,节能,1.1640889704374815,2238.7796657975873,8.199099245424074,9.738688223967847,94,工况3
67,节能,1.163814845271552,2238.252467393555,8.201595957858702,9.714403848148509,93,工况3
68,节能,1.1629077721951975,2236.5079815249433,8.200017531386504,9.729749428092823,98,工况3
69,节能,1.1624962577171354,2235.7165555523043,8.193018290356797,9.798089173681113,96,工况3
70,节能,1.1603668306193229,2231.621234483684,8.197567946254132,9.753612493005628,89,工况3
71,节能,1.1598887690577069,2230.7018249451303,8.193018290356797,9.798089173681113,92,工况3
72,节能,1.159881713413274,2230.6882555069806,8.193261236857323,9.795709051337429,87,工况3
73,节能,1.159530133108673,2229.9983651463517,8.210108537575637,9.63206018672508,85,工况3
74,节能,1.1582353805118148,2227.522022756287,8.202255316627935,9.708000682007212,84,工况3
75,节能,1.1571541638383895,2225.4426233596273,8.199625103492325,9.733568402458797,87,工况3
76,节能,1.1570001844613487,2225.1464897246337,8.20108472374859,9.719371452451275,88,工况3
77,节能,1.156180296033223,2222.6584833276643,8.19285554984583,9.799683849475384,91,工况3
78,节能,1.1551733519694969,2221.6331195790176,8.196221615958466,9.766752920690228,92,工况3
79,节能,1.1551733519694969,2221.6331195790176,8.198519290509106,9.744337862178051,89,工况3
80,节能,1.1551220153598132,2221.534388845552,8.199526747287505,9.734525806388755,95,工况3
81,节能,1.1546524802486415,2220.3039339440465,8.197826896192625,9.751087122636845,92,工况3
82,节能,1.1545163213416216,2220.3596267874573,8.197392626598559,9.755322642895566,85,工况3
83,节能,1.154228084831938,2219.8073056858457,8.193237118951462,9.795945306175144,71,工况3
84,节能,1.153887280141177,2219.159742087162,8.198213178119548,9.747321181317876,70,工况3
85,节能,1.1509397778336654,2213.4910961343803,8.196384531332328,9.765161896091444,69,工况3
86,节能,1.1508954735479136,2213.4058899890015,8.197439644629306,9.754863977618447,62,工况3
87,节能,1.1504712029859254,2212.5899314745775,8.190982505539248,9.818056292344385,68,工况3
88,节能,1.1500656492233585,2211.809969169221,8.198119438632514,9.748234933032016,78,工况3
89,节能,1.1494844109516194,2210.4893846840746,8.192705798023216,9.801151479880318,73,工况3
90,节能,1.1493211287627072,2210.3781050158736,8.205735583114024,9.674272977330029,75,工况3
91,节能,1.1493211287627072,2210.3781050158736,8.177717872418024,9.949156784731922,65,工况3
92,节能,1.1492536731697938,2210.2483742018258,8.193436831948674,9.793989123921538,71,工况3
93,节能,1.1490232913282026,2209.8053031003706,8.197921016537597,9.750169390142336,76,工况3
94,节能,1.1487610382251432,2209.300937085975,8.192360409202609,9.804537272704383,85,工况3
95,节能,1.1487205879209132,2209.2231429303,8.19717919309193,9.757404977827647,94,工况3
96,节能,1.1486972110764733,2209.1781845076093,8.192587282830342,9.802313134073817,90,工况3
97,节能,1.148681875651292,2209.1486913683957,8.19622764087248,9.766694077020942,94,工况3
98,节能,1.1469975981830312,2205.9094835043384,8.176054472819867,9.96571997991669,97,工况3
99,节能,1.1469975981830312,2205.9094835043384,8.195641459913906,9.772420805402701,94,工况3
100,节能,1.1464866230189548,2204.672685463734,8.196365580392458,9.765346956840887,90,工况3
101,节能,1.14639679813361,2204.6939783363887,8.19832273964706,9.746253308420073,76,工况3
102,节能,1.1458108720302362,2203.627167936355,8.194779132762848,9.7808514636651,63,工况3
103,节能,1.1456869223440163,2203.3887874996885,8.190652253543625,9.821299260496946,59,工况3
104,节能,1.1456495254481998,2202.395363752072,8.195503205094566,9.773771983076932,61,工况3
105,节能,1.1455681020627302,2203.06613198997,8.175841433243237,9.96784329884948,61,工况3
106,节能,1.1452554049346757,2202.446754116383,8.176311075675455,9.963163075780335,64,工况3
107,节能,1.1449892764777323,2202.0470727175466,8.19260236243651,9.802165320166706,75,工况3
108,节能,1.1439111354093998,2199.97358833453,8.174870397320538,9.97752713367933,76,工况3
109,节能,1.1431945076073775,2198.5953674322996,8.19560286346569,9.772797993415283,81,工况3
110,节能,1.143161499232216,2198.531885618633,8.178169798984165,9.944661512313223,68,工况3
111,节能,1.1430745198904582,2197.6567678188267,8.194214173917333,9.786378803428898,45,工况3
112,节能,1.1430745198904582,2197.6567678188267,8.19474903867191,9.78114581392758,44,工况3
113,节能,1.1426307436832615,2197.511134833526,8.197396526377291,9.755284599369972,35,工况3
114,节能,1.1426280335574903,2197.505922710894,8.192473720252961,9.803426373227573,42,工况3
115,节能,1.141042863900515,2194.457319309436,8.19800375297462,9.749362729237216,62,工况3
116,节能,1.1410419300939845,2194.455523409702,8.196161141050721,9.767343582031986,70,工况3
117,节能,1.1410180533388068,2194.4096035570665,8.191421205122182,9.813750059783985,73,工况3
118,节能,1.1410180025834193,2194.4095059441415,8.176306487146219,9.963208792150281,75,工况3
119,节能,1.1405429898639128,2193.495959948575,8.192049783986876,9.807583282269068,61,工况3
120,节能,1.140495137633854,2193.4039303852514,8.195151332101148,9.777211714620432,63,工况3
121,节能,1.1404721191785763,2193.35486367482,8.194469861830056,9.783876864530928,54,工况3
122,节能,1.1404721191785763,2193.35486367482,8.190191157363461,9.825828868282377,47,工况3
123,节能,1.1396360256038922,2191.751683355888,8.191240293707477,9.815525639797372,55,工况3
124,节能,1.1390603430607267,2190.644528830483,8.191422932356323,9.813733109154473,62,工况3
125,节能,1.1387514037103899,2190.0503756746134,8.196312625566192,9.765864092784716,74,工况3
126,节能,1.1379517621562898,2188.5125024564063,8.194871101700482,9.779951970510183,83,工况3
127,节能,1.1354394162577304,2183.6807507140707,8.196237898547965,9.76659389395637,85,工况3
128,节能,1.1354394162577304,2183.6807507140707,8.197280723891094,9.756414350992904,87,工况3
129,节能,1.1354394162577304,2183.6807507140707,8.19498270434755,9.77886056288519,89,工况3
130,节能,1.1353004397827566,2183.4134707087646,8.201935909935864,9.711101977652604,80,工况3
131,节能,1.1352742132389162,2183.3630317349875,8.18676024003004,9.859598371923884,82,工况3
132,节能,1.133342754530476,2179.648444111879,8.195303779252821,9.775721320149307,84,工况3
133,节能,1.133342754530476,2179.648444111879,8.1935968875389,9.792421666655128,86,工况3
134,节能,1.133342754530476,2179.648444111879,8.195080269953712,9.777906528968012,91,工况3
135,节能,1.1327953684817949,2178.595709496012,8.19489436815054,9.779724428393141,66,工况3
136,节能,1.1327953684817949,2178.595709496012,8.17560579084014,9.970192422163784,46,工况3
137,节能,1.1327470737576164,2178.5028289265697,8.18950609967919,9.83256243403006,36,工况3
138,节能,1.1316343110298919,2176.3627600564464,8.195651062321078,9.772326967089612,37,工况3
139,节能,1.1312382940379186,2175.601138899082,8.19398876403953,9.788584998518857,57,工况3
140,节能,1.1310381059114825,2175.2161364480826,8.189740690263587,9.830256077997829,67,工况3
141,节能,1.1301031764632534,2173.4131306129257,8.194584988231211,9.782750546833862,84,工况3
142,节能,1.1301031764632534,2173.4131306129257,8.192643560234076,9.801761500862426,78,工况3
143,节能,1.1295855736856555,2172.4226217823825,8.193815030868796,9.79028574816168,70,工况3
144,节能,1.1295440076679557,2172.3426818829607,8.18923298559225,9.835248212086734,77,工况3
145,节能,1.1292287737392335,2171.7364229736204,8.192747625624369,9.800741529799048,77,工况3
146,节能,1.129228224199742,2171.7353660974964,8.188932246071694,9.838206504734046,73,工况3
147,节能,1.1291630357150841,2171.6099953933644,8.189834069118687,9.829338182796596,77,工况3
148,节能,1.1291630357150841,2171.6099953933644,8.19411715228273,9.78732833995929,84,工况3
149,节能,1.1291630357150841,2171.6099953933644,8.190304113349649,9.824719044774234,86,工况3
150,节能,1.1277881951412072,2167.205096984864,8.194001485028938,9.788460478824774,88,工况3
151,节能,1.1277881951412072,2167.205096984864,8.194020640953148,9.78827297361363,86,工况3
152,节能,1.1277881951412072,2167.205096984864,8.189491350494775,9.832707457376166,74,工况3
153,节能,1.1277768147513252,2167.209713539946,8.188695794101614,9.840533043090595,53,工况3
154,节能,1.1277369354358606,2167.2118765843056,8.188580389609706,9.841668750338131,17,工况3
155,节能,1.1274897461404663,2168.391919481832,8.192322760863947,9.804906404192597,5,工况3
156,节能,1.1272815168026975,2167.9914521472397,8.188671843966375,9.84076872801013,11,工况3
157,节能,1.1272815168026975,2167.9914521472397,8.192614697396845,9.802044411591991,32,工况3
158,节能,1.1270855462783722,2167.614561002235,8.181006323536911,9.916493204699417,61,工况3
159,节能,1.1270851440586374,2167.6137874519427,8.194353189276116,9.785018441026173,90,工况3
160,节能,1.1268783619891045,2167.216103508294,8.193872911192479,9.789719099652688,95,工况3
161,节能,1.1268706240802562,2167.2012219370176,8.193238923831688,9.795927625683124,76,工况3
162,节能,1.1266693224464803,2166.8140779851083,8.1936124620889,9.792269155281913,53,工况3
163,节能,1.126664248204928,2166.8043191873744,8.192975834446095,9.798505169310793,34,工况3
164,节能,1.1266636744946197,2166.8032158258575,8.175230143347992,9.973938403483588,47,工况3
165,节能,1.1252523707346185,2164.0889918787248,8.192815571136824,9.800075636015865,74,工况3
166,节能,1.1249470932841161,2163.5018813004376,8.188815557319842,9.839354579753966,92,工况3
167,节能,1.1246521130181109,2162.934574300616,8.19413152481256,9.787187672301652,91,工况3
168,节能,1.124632474581993,2162.6191799193443,8.188466455737315,9.842790113649073,76,工况3
169,节能,1.1244999440683674,2162.3994092786434,8.182377900329149,9.902901296063476,54,工况3
170,节能,1.124442454006794,2162.5313574132415,8.195785598233714,9.77101232659768,52,工况3
171,节能,1.1244098437365693,2162.4686412362744,8.192017584239148,9.807899089061006,56,工况3
172,节能,1.122749161895146,2158.7270981108986,8.188867600853012,9.83884251830238,52,工况3
173,节能,1.122749161895146,2158.7270981108986,8.193983388494305,9.788637617641633,51,工况3
174,节能,1.122749161895146,2158.7270981108986,8.192968321061292,9.798578789527195,47,工况3
175,节能,1.122749161895146,2158.7270981108986,8.192769534341739,9.800526810474976,48,工况3
176,节能,1.1226215175117555,2158.5050144611278,8.196395870801341,9.765051164968527,34,工况3
177,节能,1.121943651613354,2157.725652583672,8.191743422107894,9.810588412216822,16,工况3
178,节能,1.121748341400171,2157.2837725257727,8.192379197133826,9.804353067462902,13,工况3
179,节能,1.1212759583115586,2156.441542670246,8.190786831077164,9.819977623199662,27,工况3
180,节能,1.1205077074590764,2154.964040150724,8.192246632824661,9.80565286090531,58,工况3
181,节能,1.1199456299560888,2153.8830508825085,8.19250312741365,9.803138086531785,70,工况3
182,节能,1.1193038123782555,2152.648705244937,8.192082722634972,9.807260239055001,72,工况3
183,节能,1.1192900684845575,2152.6222729442097,8.190793010447457,9.81991694210914,81,工况3
184,节能,1.1192494842955256,2152.544221300852,8.193984692038677,9.788624857726465,80,工况3
185,节能,1.1189643372978952,2151.764763108844,8.194702736833511,9.78159870944528,82,工况3
186,节能,1.1187561070560894,2151.595356601273,8.192566642341522,9.802515460696528,74,工况3
187,节能,1.1187561070560894,2151.595356601273,8.19364056170782,9.791994000116185,81,工况3
188,节能,1.1187561070560894,2151.595356601273,8.18898597188089,9.837677953327104,59,工况3
189,节能,1.118362030797489,2150.837467868596,8.191256902268073,9.81536261939877,49,工况3
190,节能,1.117965188963264,2150.07426037195,8.188461768470525,9.842836249540417,61,工况3
191,节能,1.117965188963264,2150.07426037195,8.188734003139066,9.840157052978158,78,工况3
192,节能,1.1179636004082087,2150.0712052577396,8.191962322630978,9.808441104313612,93,工况3
193,节能,1.1170147276517615,2147.8483207865484,8.192764997018417,9.80057127873473,95,工况3
194,节能,1.1170076817188923,2147.850229442539,8.193862788922353,9.789818194335405,90,工况3
195,节能,1.1170076817188923,2147.850229442539,8.192562777829052,9.80255334271296,83,工况3
196,节能,1.1170076817188923,2147.850229442539,8.192200810649762,9.806102187540183,60,工况3
197,节能,1.1170076817188923,2147.850229442539,8.19457538833443,9.782844460680131,32,工况3
198,节能,1.1164167197469559,2147.0962393764576,8.191569925119456,9.812290667424953,15,工况3
199,节能,1.1152358575388275,2144.825201365786,8.193356668188756,9.794774278384356,9,工况3
200,节能,1.1151101992022325,2144.583534847203,8.187969641514684,9.847681366689335,25,工况3
201,节能,1.1150972234839018,2144.5585799038217,8.192247378688396,9.805645547227169,54,工况3
202,节能,1.1146679760760405,2143.7330499033487,8.191050057396303,9.817393086809796,73,工况3
203,节能,1.1146418911300189,2143.6828832509536,8.194820835956223,9.780443579430234,78,工况3
204,节能,1.1146387305890468,2143.676780728827,8.186305371760225,9.864084210531866,73,工况3
205,节能,1.1146372920841765,2143.6723178304774,8.191492787367938,9.813047594657736,77,工况3
206,节能,1.1146368866002159,2143.6703868183445,8.17549230183769,9.971323993565251,84,工况3
207,节能,1.1142825864854582,2142.246918274541,8.192770404199111,9.800518285418187,71,工况3
208,节能,1.1142181975428724,2142.2571801518543,8.186866030737166,9.8585553732109,62,工况3
209,节能,1.113940904971418,2140.224870730172,8.19150113725838,9.81296565712751,34,工况3
210,节能,1.1130912164463205,2140.6172603290674,8.19130844401688,9.814856731481482,18,工况3
211,节能,1.1126720604924347,2139.894498609846,8.191304821042255,9.814892290522776,19,工况3
212,节能,1.1126720604924347,2139.894498609846,8.193963500295274,9.788832297950727,22,工况3
213,节能,1.1125711260828481,2139.7003812274975,8.1908540285712,9.819317767482461,42,工况3
214,节能,1.1124294571975315,2139.4239666270782,8.191947058349776,9.808590824259468,60,工况3
215,节能,1.1124294571975315,2139.4239666270782,8.18916937182216,9.835873889205903,60,工况3
216,节能,1.1123736704916212,2139.320633997034,8.185778370959579,9.869283960824403,66,工况3
217,节能,1.1111318459788868,2136.932353085349,8.176567897699535,9.960604644617776,68,工况3
218,节能,1.1111318459788868,2136.932353085349,8.187424525886659,9.85305095509244,51,工况3
219,节能,1.1111140383645663,2136.897946165063,8.190518958112426,9.8226084820715,29,工况3
220,节能,1.1111140383645663,2136.897946165063,8.187362104245542,9.853666017899478,28,工况3
221,节能,1.1111127853907692,2136.890722494331,8.187372141369575,9.85356711592782,24,工况3
222,节能,1.1111127853907692,2136.890722494331,8.189762463769517,9.830042041188998,21,工况3
223,节能,1.1111127181938545,2136.8916804254786,8.188630382522822,9.841176748945774,28,工况3
224,节能,1.1108760545002934,2136.440414087985,8.1882704668871,9.844719379817496,24,工况3
225,节能,1.1102322191542733,2135.202187872123,8.186766703581823,9.859534644105205,10,工况3
226,节能,1.1101698232634778,2135.082187893522,8.186944745472026,9.857779390179644,19,工况3
227,节能,1.109677352253471,2133.756640575655,8.187741096707274,9.849932260335947,49,工况3
228,节能,1.1088665442734749,2132.57571753277,8.188911784838268,9.838407808633287,61,工况3
229,节能,1.1088665442734749,2132.57571753277,8.190177909455535,9.825959040820777,70,工况3
230,节能,1.1086447692955068,2132.1491991792195,8.190324296405176,9.824520753925276,83,工况3
231,节能,1.1085886657526465,2132.0390046533726,8.188324675204951,9.844185728604504,80,工况3
232,节能,1.108588615760822,2132.036113042814,8.187770490093119,9.849642741731465,62,工况3
233,节能,1.108588574339301,2132.0377706833915,8.187101780557185,9.85623149449377,47,工况3
234,节能,1.108588574339301,2132.0377706833915,8.186748649883132,9.859712646779698,32,工况3
235,节能,1.1085885667170197,2132.037379034251,8.186781223691678,9.859391483618401,26,工况3
236,节能,1.1085885667170197,2132.037379034251,8.187214509331225,9.855120476223783,20,工况3
237,节能,1.1085885667170197,2132.037379034251,8.186718571225525,9.86000921816072,9,工况3
238,节能,1.1085884370850914,2132.036151279916,8.186074983930295,9.866357037293138,7,工况3
239,节能,1.1085884370850914,2132.036151279916,8.186765885083208,9.859542714123956,12,工况3
240,节能,1.1085884370850914,2132.036151279916,8.18334555093778,9.893323382381482,7,工况3
241,节能,1.108588423448878,2132.036474915678,8.186063626435326,9.866469095029903,3,工况3
242,节能,1.108588423448878,2132.036474915678,8.18674051388026,9.859792865756445,6,工况3
243,节能,1.108588423448878,2132.036474915678,8.18679319787572,9.85927342615707,5,工况3
244,节能,1.1085884183616541,2132.0370802356506,8.186113074604517,9.865981228258931,3,工况3
245,节能,1.1085884183616541,2132.0370802356506,8.186625680419967,9.860925164900658,1,工况3
246,节能,1.1085884183616541,2132.0370802356506,8.17769242331502,9.949409985069574,1,工况3
247,节能,1.108588417263271,2132.036703885977,8.18611490565048,9.865963163210363,2,工况3
248,节能,1.108588415713892,2132.03691428822,8.189556728992029,9.832064630752411,3,工况3
249,节能,1.108588415713892,2132.03691428822,8.18674068362472,9.859791192111366,4,工况3
250,节能,1.1085884156108217,2132.0369559496203,8.186115977518343,9.865952588207188,2,工况3
251,节能,1.108588414887489,2132.036955695114,8.18955693213028,9.832062633484199,1,工况3
252,节能,1.108588414887489,2132.036955695114,8.186115535883838,9.865956945353236,2,工况3
253,节能,1.108588414887489,2132.036955695114,8.187096962307555,9.856278984391935,5,工况3
254,节能,1.108588414887489,2132.036955695114,8.18751695340323,9.852140304147257,7,工况3
255,节能,1.108588414616003,2132.036904231494,8.187277011938553,9.854504524747975,4,工况3
256,节能,1.108588414616003,2132.036904231494,8.186740546476615,9.859792544363133,3,工况3
257,节能,1.108588414616003,2132.036904231494,8.173483709876146,9.991372442621115,1,工况3
258,节能,1.1085884145694427,2132.036879482954,8.17276109592884,9.998594956931397,1,工况3
259,节能,1.1085884145694427,2132.036879482954,8.186115756430604,9.865954769448573,4,工况3
260,节能,1.1085884145217997,2132.0368898676384,8.186687314962962,9.860317410014154,6,工况3
261,节能,1.1085884145217997,2132.0368898676384,8.186714082065992,9.86005348141445,2,工况3
262,节能,1.1085884145217997,2132.0368898676384,8.186740614108034,9.859791877531398,4,工况3
263,节能,1.1085884145217997,2132.0368898676384,8.18674063969695,9.859791625230017,6,工况3
264,节能,1.1085884145217997,2132.0368898676384,8.187276802295944,9.854506590672232,4,工况3
265,节能,1.1085884145217997,2132.0368898676384,8.18674061610988,9.859791857793615,3,工况3
266,节能,1.1085884145213272,2132.0368941373913,8.186740616251052,9.859791856401683,3,工况3
267,节能,1.108588414515109,2132.0368907326374,8.1867406222666,9.859791797089642,4,工况3
268,节能,1.1085884145150555,2132.0368922221032,8.187276834301272,9.854506275275519,3,工况3
269,节能,1.1085884145144431,2132.0368900174476,8.186740620903691,9.859791810527629,3,工况3
270,节能,1.1085884145144431,2132.0368900174476,8.186292944866,9.864206791224623,2,工况3
271,节能,1.1085884145144431,2132.0368900174476,8.186918117251055,9.858041888802443,5,工况3
272,节能,1.1085884145144431,2132.0368900174476,8.186120989851013,9.865903136894644,6,工况3
273,节能,1.1085884145139238,2132.0368930075447,8.18649424205324,9.862221353981376,2,工况3
274,节能,1.108588414513879,2132.0368929633364,8.188932438872948,9.838204607915676,3,工况3
275,节能,1.108588414513879,2132.0368929633364,8.184039387581072,9.886461412913068,3,工况3
276,节能,1.108588414513793,2132.036892873477,8.183979399432856,9.887054501214596,3,工况3
277,节能,1.1085884145137697,2132.036892951507,8.186115442679824,9.865957864900064,4,工况3
278,节能,1.1085884145137495,2132.03689281881,8.173483644781438,9.991373093006612,1,工况3
279,节能,1.1085884145137412,2132.036892909495,8.17328261820886,9.99338182639247,1,工况3
280,节能,1.108588414513721,2132.036893043364,8.186115444845067,9.865957843537874,2,工况3
281,节能,1.1085884145136968,2132.0368928190105,8.172583663810162,10.00036918621638,0,工况3
282,节能,1.108588414513684,2132.0368930030427,8.186740621187777,9.859791807726605,4,工况3
283,节能,1.108588414513684,2132.0368930030427,8.18612099068691,9.86590312864777,2,工况3
284,节能,1.10858841451368,2132.0368930105797,8.186115444567843,9.86595784627295,2,工况3
285,节能,1.1085884145136782,2132.0368930225613,8.186918117879852,9.858041882603741,2,工况3
286,节能,1.108588414513677,2132.0368929701526,8.186008157959094,9.86701638821501,2,工况3
287,节能,1.1085884145136704,2132.036893034388,8.186633334244581,9.860849691397744,2,工况3
288,节能,1.1085884145136704,2132.036893034388,8.186740621480316,9.859791804842228,7,工况3
289,节能,1.1085884145136704,2132.036893034388,8.184204199980819,9.884832135748825,3,工况3
290,节能,1.1085884145136704,2132.036893034388,8.18745808043068,9.852720346007171,2,工况3
291,节能,1.1085884145136704,2132.036893034388,8.186740621540915,9.859791804244738,3,工况3
292,节能,1.1085884145136704,2132.036893034388,8.183354224358006,9.893237573802486,2,工况3
293,节能,1.1085884145136666,2132.036893016167,8.185353142459935,9.873481554040508,1,工况3
294,节能,1.1085884145136626,2132.0368930314385,8.187015426543748,9.857082656390778,3,工况3
295,节能,1.1085884145136626,2132.0368930314385,8.181912915983228,9.90750706086663,1,工况3
296,节能,1.1085884145136626,2132.0368930314385,8.18660604203297,9.861118819466716,5,工况3
297,节能,1.1085884145136626,2132.0368930314385,8.186115445091964,9.865957841101993,2,工况3
298,节能,1.1085884145136626,2132.0368930314385,8.18660604203143,9.861118819481902,4,工况3
299,节能,1.1085884145136626,2132.0368930314385,8.185620728181984,9.870839904799299,4,工况3
300,节能,1.1085884145136626,2132.0368930314385,8.186740621546654,9.859791804188148,2,工况3
0,最大除尘指数,-7.140118439461967,2140.3171420377976,7.140118439461967,28.080832756332292,0,工况3
1,最大除尘指数,-7.203500197357898,2126.463381065726,7.203500197357898,26.356251024566003,0,工况3
2,最大除尘指数,-7.31554021262288,2025.7565491489531,7.31554021262288,23.562711990722335,0,工况3
3,最大除尘指数,-7.374960675253759,2206.841184749258,7.374960675253759,22.20339043446584,0,工况3
4,最大除尘指数,-7.431481515211393,2088.5304555195844,7.431481515211393,20.983242847325254,0,工况3
5,最大除尘指数,-7.553131901717707,2049.628040062359,7.553131901717707,18.57977777785816,0,工况3
6,最大除尘指数,-7.652598510468289,2066.9398957958538,7.652598510468289,16.820647746152293,0,工况3
7,最大除尘指数,-7.652598510468289,2066.9398957958538,7.652598510468289,16.820647746152293,0,工况3
8,最大除尘指数,-7.666217323848966,2173.9712590529043,7.666217323848966,16.59312330660456,0,工况3
9,最大除尘指数,-7.716999760874714,2181.970642264616,7.716999760874714,15.771522081798642,0,工况3
10,最大除尘指数,-7.770722508634118,2093.6837762025866,7.770722508634118,14.946589789796441,0,工况3
11,最大除尘指数,-7.8442725520127015,2206.1179964689227,7.8442725520127015,13.886721874149485,0,工况3
12,最大除尘指数,-7.846242521846742,2095.9826342170427,7.846242521846742,13.859392378942584,0,工况3
13,最大除尘指数,-7.882873886150062,2240.35432219386,7.882873886150062,13.360890079338832,0,工况3
14,最大除尘指数,-7.906122012249052,2250.9156871343366,7.906122012249052,13.053857219813885,0,工况3
15,最大除尘指数,-7.9420477616698655,2145.6009397887665,7.9420477616698655,12.593211678155713,0,工况3
16,最大除尘指数,-8.071442324463051,2168.1697036426885,8.071442324463051,11.064738612139376,0,工况3
17,最大除尘指数,-8.071442324463051,2168.1697036426885,8.071442324463051,11.064738612139376,0,工况3
18,最大除尘指数,-8.087148593340773,2273.9973605092514,8.087148593340773,10.892310498226578,0,工况3
19,最大除尘指数,-8.15034737615154,2285.1507575983633,8.15034737615154,10.225231053499545,0,工况3
20,最大除尘指数,-8.15034737615154,2285.1507575983633,8.15034737615154,10.225231053499545,0,工况3
21,最大除尘指数,-8.15034737615154,2285.1507575983633,8.15034737615154,10.225231053499545,0,工况3
22,最大除尘指数,-8.15034737615154,2285.1507575983633,8.15034737615154,10.225231053499545,0,工况3
23,最大除尘指数,-8.15034737615154,2285.1507575983633,8.15034737615154,10.225231053499545,0,工况3
24,最大除尘指数,-8.165853422457092,2186.358790629715,8.165853422457092,10.067901082528987,0,工况3
25,最大除尘指数,-8.179970242414319,2379.7494696166586,8.179970242414319,9.926772820449466,2,工况3
26,最大除尘指数,-8.195515513054612,2279.219118203035,8.195515513054612,9.773651688622149,7,工况3
27,最大除尘指数,-8.20115609349766,2279.9432968154283,8.20115609349766,9.718677808102496,28,工况3
28,最大除尘指数,-8.205234808783082,2282.242321357382,8.205234808783082,9.679118818142673,63,工况3
29,最大除尘指数,-8.2207924122502,2287.6047169321155,8.2207924122502,9.529700236925981,88,工况3
30,最大除尘指数,-8.230711528811135,2290.8752361464044,8.230711528811135,9.435641291501648,94,工况3
31,最大除尘指数,-8.23707673435448,2291.904779349956,8.23707673435448,9.375772236804345,97,工况3
32,最大除尘指数,-8.238820532443828,2292.1202712384597,8.238820532443828,9.359437029882331,97,工况3
33,最大除尘指数,-8.240302838380291,2288.7673522217,8.240302838380291,9.345573758154377,96,工况3
34,最大除尘指数,-8.24679870565076,2293.2850648566673,8.24679870565076,9.285062899485872,98,工况3
35,最大除尘指数,-8.25187740508527,2294.661750697087,8.25187740508527,9.238026399014755,98,工况3
36,最大除尘指数,-8.255894219816033,2291.347641516012,8.255894219816033,9.200993385662139,98,工况3
37,最大除尘指数,-8.255894219816033,2291.347641516012,8.255894219816033,9.200993385662139,98,工况3
38,最大除尘指数,-8.255894219816033,2291.347641516012,8.255894219816033,9.200993385662139,99,工况3
39,最大除尘指数,-8.255894219816033,2291.347641516012,8.255894219816033,9.200993385662139,100,工况3
40,最大除尘指数,-8.257109463573322,2302.0013215171066,8.257109463573322,9.189818727231554,99,工况3
41,最大除尘指数,-8.258640692449331,2302.7534465870694,8.258640692449331,9.17575777944311,96,工况3
42,最大除尘指数,-8.259508285016494,2305.987608640181,8.259508285016494,9.167800412570891,97,工况3
43,最大除尘指数,-8.260259309023727,2306.461317272303,8.260259309023727,9.160917759209992,99,工况3
44,最大除尘指数,-8.264129417795107,2304.736486464802,8.264129417795107,9.125532527549785,98,工况3
45,最大除尘指数,-8.264129417795107,2304.736486464802,8.264129417795107,9.125532527549785,100,工况3
46,最大除尘指数,-8.264129417795107,2304.736486464802,8.264129417795107,9.125532527549785,100,工况3
47,最大除尘指数,-8.264908783852528,2305.3348070429442,8.264908783852528,9.118423167998548,98,工况3
48,最大除尘指数,-8.265678106697928,2305.029501536138,8.265678106697928,9.111410854453743,99,工况3
49,最大除尘指数,-8.265684528793088,2305.086611308835,8.265684528793088,9.111352340294088,98,工况3
50,最大除尘指数,-8.265684528793088,2305.086611308835,8.265684528793088,9.111352340294088,99,工况3
51,最大除尘指数,-8.26725285068913,2303.341299484924,8.26725285068913,9.097074006354744,99,工况3
52,最大除尘指数,-8.269889474458637,2311.91608361361,8.269889474458637,9.073120037475396,98,工况3
53,最大除尘指数,-8.269889474458637,2311.91608361361,8.269889474458637,9.073120037475396,98,工况3
54,最大除尘指数,-8.27148670450592,2315.9450573715167,8.27148670450592,9.058639744786666,99,工况3
55,最大除尘指数,-8.2715951483793,2312.879411393086,8.2715951483793,9.057657444068399,99,工况3
56,最大除尘指数,-8.271743246472953,2312.896835961137,8.271743246472953,9.056316121594069,100,工况3
57,最大除尘指数,-8.273613842518701,2321.4635907040847,8.273613842518701,9.039391247204716,100,工况3
58,最大除尘指数,-8.273613842518701,2321.4635907040847,8.273613842518701,9.039391247204716,100,工况3
59,最大除尘指数,-8.27406051362985,2318.1025489490266,8.27406051362985,9.03535451388541,100,工况3
60,最大除尘指数,-8.274115930303525,2321.1225868925003,8.274115930303525,9.034853818466345,100,工况3
61,最大除尘指数,-8.276596219457772,2329.716585404388,8.276596219457772,9.01247253603006,99,工况3
62,最大除尘指数,-8.27671794862724,2329.7423009779277,8.27671794862724,9.011375522004055,100,工况3
63,最大除尘指数,-8.27671794862724,2329.7423009779277,8.27671794862724,9.011375522004055,100,工况3
64,最大除尘指数,-8.276816328899102,2329.763989989679,8.276816328899102,9.010489024038025,100,工况3
65,最大除尘指数,-8.27696352109916,2329.795243493232,8.27696352109916,9.009162847938756,100,工况3
66,最大除尘指数,-8.27698663039964,2327.5503598618593,8.27698663039964,9.008954654893031,100,工况3
67,最大除尘指数,-8.277095295928229,2326.8301750118117,8.277095295928229,9.007975745261264,99,工况3
68,最大除尘指数,-8.277223913048644,2323.9589583431452,8.277223913048644,9.00681723986355,99,工况3
69,最大除尘指数,-8.277223913048644,2323.9589583431452,8.277223913048644,9.00681723986355,100,工况3
70,最大除尘指数,-8.2772307654558,2323.9599288441696,8.2772307654558,9.006755521696107,96,工况3
71,最大除尘指数,-8.27730170839048,2323.9714161454976,8.27730170839048,9.00611657869196,100,工况3
72,最大除尘指数,-8.27732547962043,2323.975287010662,8.27732547962043,9.005902494768343,98,工况3
73,最大除尘指数,-8.27732547962043,2323.975287010662,8.27732547962043,9.005902494768343,100,工况3
74,最大除尘指数,-8.277420366880845,2321.178344496724,8.277420366880845,9.005047989894504,99,工况3
75,最大除尘指数,-8.277481781400386,2321.1873241843073,8.277481781400386,9.004494966180776,98,工况3
76,最大除尘指数,-8.277514385252706,2321.1930361572954,8.277514385252706,9.004201389742569,99,工况3
77,最大除尘指数,-8.277514385252706,2321.1930361572954,8.277514385252706,9.004201389742569,100,工况3
78,最大除尘指数,-8.27755668419558,2319.1394744127747,8.27755668419558,9.0038205295974,98,工况3
79,最大除尘指数,-8.277563175463357,2319.14049996913,8.277563175463357,9.003762083577032,100,工况3
80,最大除尘指数,-8.277582273243263,2319.14499350351,8.277582273243263,9.003590133352365,99,工况3
81,最大除尘指数,-8.277636458459565,2317.80372262411,8.277636458459565,9.003102285090701,99,工况3
82,最大除尘指数,-8.277702891742273,2315.82572053627,8.277702891742273,9.00250419931797,97,工况3
83,最大除尘指数,-8.277704970474659,2315.8261808159714,8.277704970474659,9.002485485540385,100,工况3
84,最大除尘指数,-8.277724646068533,2315.829849224992,8.277724646068533,9.002308358034663,96,工况3
85,最大除尘指数,-8.277770622598528,2315.183225330088,8.277770622598528,9.001894472648997,100,工况3
86,最大除尘指数,-8.277770622598528,2315.183225330088,8.277770622598528,9.001894472648997,100,工况3
87,最大除尘指数,-8.277770622598528,2315.183225330088,8.277770622598528,9.001894472648997,98,工况3
88,最大除尘指数,-8.27777646063716,2315.184819312815,8.27777646063716,9.001841919394709,100,工况3
89,最大除尘指数,-8.27778029481308,2315.185336523064,8.27778029481308,9.001807404815345,99,工况3
90,最大除尘指数,-8.277781343406595,2315.1855376219714,8.277781343406595,9.001797965583433,99,工况3
91,最大除尘指数,-8.27780131662696,2315.18978583183,8.27780131662696,9.001618172484518,99,工况3
92,最大除尘指数,-8.27780131662696,2315.18978583183,8.27780131662696,9.001618172484518,99,工况3
93,最大除尘指数,-8.27780131662696,2315.18978583183,8.27780131662696,9.001618172484518,99,工况3
94,最大除尘指数,-8.27780131662696,2315.18978583183,8.27780131662696,9.001618172484518,98,工况3
95,最大除尘指数,-8.27780131662696,2315.18978583183,8.27780131662696,9.001618172484518,99,工况3
96,最大除尘指数,-8.27780131662696,2315.18978583183,8.27780131662696,9.001618172484518,98,工况3
97,最大除尘指数,-8.27780131662696,2315.18978583183,8.27780131662696,9.001618172484518,100,工况3
98,最大除尘指数,-8.27780131662696,2315.18978583183,8.27780131662696,9.001618172484518,99,工况3
99,最大除尘指数,-8.27780131662696,2315.18978583183,8.27780131662696,9.001618172484518,98,工况3
100,最大除尘指数,-8.277801971089513,2315.189881431709,8.277801971089513,9.001612281264432,100,工况3
101,最大除尘指数,-8.277801971089513,2315.189881431709,8.277801971089513,9.001612281264432,100,工况3
102,最大除尘指数,-8.277801971089513,2315.189881431709,8.277801971089513,9.001612281264432,100,工况3
103,最大除尘指数,-8.277801971089513,2315.189881431709,8.277801971089513,9.001612281264432,99,工况3
104,最大除尘指数,-8.277802040218596,2315.189896422169,8.277802040218596,9.00161165899125,99,工况3
105,最大除尘指数,-8.27780204721433,2315.189897970633,8.27780204721433,9.001611596018373,99,工况3
106,最大除尘指数,-8.27780204721433,2315.189897970633,8.27780204721433,9.001611596018373,98,工况3
107,最大除尘指数,-8.27780208594103,2315.1899078338183,8.27780208594103,9.001611247415667,99,工况3
108,最大除尘指数,-8.277802484859194,2315.189955938806,8.277802484859194,9.00160765651015,98,工况3
109,最大除尘指数,-8.277802506194355,2315.1899616072105,8.277802506194355,9.0016074644594,99,工况3
110,最大除尘指数,-8.277802572363633,2315.1899738605234,8.277802572363633,9.001606868829553,99,工况3
111,最大除尘指数,-8.277802572363633,2315.1899738605234,8.277802572363633,9.001606868829553,100,工况3
112,最大除尘指数,-8.277802590627324,2315.189978844406,8.277802590627324,9.001606704426989,100,工况3
113,最大除尘指数,-8.277802590627324,2315.189978844406,8.277802590627324,9.001606704426989,98,工况3
114,最大除尘指数,-8.277802590627324,2315.189978844406,8.277802590627324,9.001606704426989,99,工况3
115,最大除尘指数,-8.277802595373586,2315.189979186631,8.277802595373586,9.001606661703002,99,工况3
116,最大除尘指数,-8.277802595373586,2315.189979186631,8.277802595373586,9.001606661703002,100,工况3
117,最大除尘指数,-8.277802610031646,2315.189982124358,8.277802610031646,9.001606529756916,100,工况3
118,最大除尘指数,-8.277802610031646,2315.189982124358,8.277802610031646,9.001606529756916,99,工况3
119,最大除尘指数,-8.277802610031646,2315.189982124358,8.277802610031646,9.001606529756916,99,工况3
120,最大除尘指数,-8.277802612783226,2315.189982473635,8.277802612783226,9.001606504988274,99,工况3
121,最大除尘指数,-8.277802612783226,2315.189982473635,8.277802612783226,9.001606504988274,100,工况3
122,最大除尘指数,-8.277802612783226,2315.189982473635,8.277802612783226,9.001606504988274,99,工况3
123,最大除尘指数,-8.27780261425341,2315.189982473063,8.27780261425341,9.001606491754258,99,工况3
124,最大除尘指数,-8.277802618245705,2315.1899831675196,8.277802618245705,9.001606455817193,99,工况3
125,最大除尘指数,-8.27780261829501,2315.18998317768,8.27780261829501,9.001606455373373,99,工况3
126,最大除尘指数,-8.27780261829501,2315.18998317768,8.27780261829501,9.001606455373373,99,工况3
127,最大除尘指数,-8.277802619039605,2315.189983371657,8.277802619039605,9.001606448670817,99,工况3
128,最大除尘指数,-8.277802619072151,2315.18998339128,8.277802619072151,9.001606448377846,100,工况3
129,最大除尘指数,-8.277802619685186,2315.189983483822,8.277802619685186,9.001606442859547,100,工况3
130,最大除尘指数,-8.277802619685186,2315.189983483822,8.277802619685186,9.001606442859547,99,工况3
131,最大除尘指数,-8.277802619685186,2315.189983483822,8.277802619685186,9.001606442859547,99,工况3
132,最大除尘指数,-8.277802619723197,2315.189983499118,8.277802619723197,9.001606442517392,100,工况3
133,最大除尘指数,-8.27780261986911,2315.1899835230774,8.27780261986911,9.001606441203936,100,工况3
134,最大除尘指数,-8.277802619882372,2315.189983527282,8.277802619882372,9.001606441084554,99,工况3
135,最大除尘指数,-8.277802619882372,2315.189983527282,8.277802619882372,9.001606441084554,99,工况3
136,最大除尘指数,-8.27780261991763,2315.189983534352,8.27780261991763,9.001606440767183,98,工况3
137,最大除尘指数,-8.27780261992487,2315.189983533825,8.27780261992487,9.001606440702007,100,工况3
138,最大除尘指数,-8.277802619980879,2315.189983539581,8.277802619980879,9.001606440197842,100,工况3
139,最大除尘指数,-8.277802620003293,2315.189983544328,8.277802620003293,9.001606439996078,98,工况3
140,最大除尘指数,-8.277802620031657,2315.189983547474,8.277802620031657,9.00160643974075,96,工况3
141,最大除尘指数,-8.277802620080237,2315.189983558067,8.277802620080237,9.001606439303453,98,工况3
142,最大除尘指数,-8.277802620080237,2315.189983558067,8.277802620080237,9.001606439303453,99,工况3
143,最大除尘指数,-8.277802620092388,2315.1899835606537,8.277802620092388,9.00160643919408,99,工况3
144,最大除尘指数,-8.27780262010014,2315.1899835622967,8.27780262010014,9.0016064391243,100,工况3
145,最大除尘指数,-8.277802620111988,2315.1899835648173,8.277802620111988,9.001606439017646,98,工况3
146,最大除尘指数,-8.277802620111988,2315.1899835648173,8.277802620111988,9.001606439017646,100,工况3
147,最大除尘指数,-8.277802620111988,2315.1899835648173,8.277802620111988,9.001606439017646,100,工况3
148,最大除尘指数,-8.277802620111988,2315.1899835648173,8.277802620111988,9.001606439017646,99,工况3
149,最大除尘指数,-8.277802620112919,2315.1899835647073,8.277802620112919,9.001606439009267,99,工况3
150,最大除尘指数,-8.2778026201184,2315.1899835652275,8.2778026201184,9.001606438959922,100,工况3
151,最大除尘指数,-8.277802620119104,2315.189983565433,8.277802620119104,9.001606438953589,100,工况3
152,最大除尘指数,-8.277802620120362,2315.1899835656113,8.277802620120362,9.001606438942268,100,工况3
153,最大除尘指数,-8.277802620121918,2315.189983566043,8.277802620121918,9.001606438928263,99,工况3
154,最大除尘指数,-8.277802620122191,2315.189983566095,8.277802620122191,9.0016064389258,100,工况3
155,最大除尘指数,-8.277802620123087,2315.189983566228,8.277802620123087,9.00160643891774,100,工况3
156,最大除尘指数,-8.277802620123776,2315.1899835663094,8.277802620123776,9.001606438911535,100,工况3
157,最大除尘指数,-8.27780262012422,2315.189983566522,8.27780262012422,9.001606438907539,99,工况3
158,最大除尘指数,-8.27780262012513,2315.1899835665963,8.27780262012513,9.001606438899351,100,工况3
159,最大除尘指数,-8.277802620125744,2315.189983566758,8.277802620125744,9.00160643889382,98,工况3
160,最大除尘指数,-8.277802620125744,2315.189983566758,8.277802620125744,9.00160643889382,100,工况3
161,最大除尘指数,-8.277802620125744,2315.189983566758,8.277802620125744,9.00160643889382,99,工况3
162,最大除尘指数,-8.277802620126653,2315.1899835669037,8.277802620126653,9.001606438885632,98,工况3
163,最大除尘指数,-8.277802620126781,2315.1899835669224,8.277802620126781,9.001606438884481,100,工况3
164,最大除尘指数,-8.277802620126856,2315.1899835669255,8.277802620126856,9.00160643888381,100,工况3
165,最大除尘指数,-8.277802620127115,2315.1899835669888,8.277802620127115,9.001606438881474,100,工况3
166,最大除尘指数,-8.277802620127268,2315.1899835670015,8.277802620127268,9.0016064388801,98,工况3
167,最大除尘指数,-8.277802620127378,2315.189983567022,8.277802620127378,9.001606438879108,99,工况3
168,最大除尘指数,-8.277802620127531,2315.189983567052,8.277802620127531,9.001606438877733,100,工况3
169,最大除尘指数,-8.277802620127549,2315.1899835670574,8.277802620127549,9.001606438877575,100,工况3
170,最大除尘指数,-8.27780262012785,2315.1899835671275,8.27780262012785,9.001606438874855,100,工况3
171,最大除尘指数,-8.27780262012789,2315.1899835671306,8.27780262012789,9.001606438874504,98,工况3
172,最大除尘指数,-8.277802620128089,2315.189983567157,8.277802620128089,9.001606438872711,100,工况3
173,最大除尘指数,-8.277802620128153,2315.1899835671647,8.277802620128153,9.001606438872138,100,工况3
174,最大除尘指数,-8.277802620128153,2315.1899835671647,8.277802620128153,9.001606438872138,100,工况3
175,最大除尘指数,-8.277802620128163,2315.189983567168,8.277802620128163,9.001606438872042,99,工况3
176,最大除尘指数,-8.277802620128163,2315.189983567168,8.277802620128163,9.001606438872042,98,工况3
177,最大除尘指数,-8.277802620128185,2315.189983567172,8.277802620128185,9.00160643887185,100,工况3
178,最大除尘指数,-8.277802620128185,2315.189983567172,8.277802620128185,9.00160643887185,99,工况3
179,最大除尘指数,-8.277802620128234,2315.189983567183,8.277802620128234,9.001606438871402,99,工况3
180,最大除尘指数,-8.277802620128234,2315.189983567183,8.277802620128234,9.001606438871402,100,工况3
181,最大除尘指数,-8.277802620128234,2315.189983567183,8.277802620128234,9.001606438871402,100,工况3
182,最大除尘指数,-8.277802620128309,2315.189983567193,8.277802620128309,9.001606438870729,100,工况3
183,最大除尘指数,-8.277802620128309,2315.189983567193,8.277802620128309,9.001606438870729,100,工况3
184,最大除尘指数,-8.277802620128313,2315.1899835671934,8.277802620128313,9.001606438870697,100,工况3
185,最大除尘指数,-8.277802620128313,2315.1899835671934,8.277802620128313,9.001606438870697,100,工况3
186,最大除尘指数,-8.277802620128313,2315.1899835671934,8.277802620128313,9.001606438870697,100,工况3
187,最大除尘指数,-8.277802620128313,2315.1899835671934,8.277802620128313,9.001606438870697,99,工况3
188,最大除尘指数,-8.277802620128316,2315.189983567194,8.277802620128316,9.001606438870667,99,工况3
189,最大除尘指数,-8.277802620128334,2315.1899835671984,8.277802620128334,9.001606438870505,99,工况3
190,最大除尘指数,-8.277802620128337,2315.1899835671984,8.277802620128337,9.001606438870475,100,工况3
191,最大除尘指数,-8.277802620128341,2315.1899835671993,8.277802620128341,9.001606438870441,99,工况3
192,最大除尘指数,-8.277802620128341,2315.1899835671993,8.277802620128341,9.001606438870441,99,工况3
193,最大除尘指数,-8.277802620128341,2315.1899835671993,8.277802620128341,9.001606438870441,99,工况3
194,最大除尘指数,-8.277802620128341,2315.1899835671993,8.277802620128341,9.001606438870441,98,工况3
195,最大除尘指数,-8.277802620128345,2315.1899835672,8.277802620128345,9.00160643887041,100,工况3
196,最大除尘指数,-8.277802620128345,2315.1899835672,8.277802620128345,9.00160643887041,100,工况3
197,最大除尘指数,-8.277802620128345,2315.1899835672,8.277802620128345,9.00160643887041,98,工况3
198,最大除尘指数,-8.277802620128345,2315.1899835672,8.277802620128345,9.00160643887041,100,工况3
199,最大除尘指数,-8.277802620128345,2315.1899835672,8.277802620128345,9.00160643887041,99,工况3
200,最大除尘指数,-8.277802620128345,2315.1899835672,8.277802620128345,9.00160643887041,100,工况3
0,节能,504.14886599039596,2042.572365880343,7.240343292517204,17.379847664474234,0,工况4
1,节能,504.14886599039596,2042.572365880343,7.240343292517204,17.379847664474234,0,工况4
2,节能,225.12752755701086,2100.107344838335,7.424243972133341,14.460353673687154,0,工况4
3,节能,225.12752755701086,2100.107344838335,7.424243972133341,14.460353673687154,0,工况4
4,节能,225.12752755701086,2100.107344838335,7.424243972133341,14.460353673687154,0,工况4
5,节能,216.46979352778166,2101.2130092126986,7.43144276255774,14.35663040709035,0,工况4
6,节能,179.3544887631752,2108.4820617412884,7.464085209247044,13.89556102034633,0,工况4
7,节能,124.38066345801803,2109.520871314894,7.519493805724456,13.14656938873041,0,工况4
8,节能,100.89964386860582,2120.033318426123,7.546940016787256,12.790652497829054,0,工况4
9,节能,92.63237290721999,2122.042816646484,7.557361655332259,12.65804513396032,0,工况4
10,节能,58.32063096301396,2128.1981345117542,7.606741882456721,12.048169803441203,0,工况4
11,节能,58.32063096301396,2128.1981345117542,7.606741882456721,12.048169803441203,0,工况4
12,节能,23.902788354818497,2138.332335248175,7.675544914666681,11.247093420641109,0,工况4
13,节能,23.902788354818497,2138.332335248175,7.675544914666681,11.247093420641109,0,工况4
14,节能,4.50679646645254,2152.760383195433,7.748039275117571,10.460595332901239,0,工况4
15,节能,1.1841908334477644,2182.634012389538,7.873729485485548,9.22507354119908,1,工况4
16,节能,1.1823949122470279,2179.32387133323,7.873729485485548,9.22507354119908,2,工况4
17,节能,1.1721904122849292,2160.5155103261973,7.918277441044229,8.823134622730418,11,工况4
18,节能,1.1721904122849292,2160.5155103261973,7.925677313866704,8.758085522989543,24,工况4
19,节能,1.1719669816366676,2159.5705843497744,7.928096115071295,8.736927054556899,53,工况4
20,节能,1.1718613609349655,2159.9090213651552,7.9385328458680915,8.64621628423273,83,工况4
21,节能,1.1717908627493927,2159.7790830703325,7.868332624764326,9.274994565484496,71,工况4
22,节能,1.1700243074860421,2156.523067659937,7.914090309188141,8.86015570276358,68,工况4
23,节能,1.1700243074860421,2156.523067659937,7.93390001334731,8.686365687134773,80,工况4
24,节能,1.1700243074860421,2156.523067659937,7.890312450949236,9.07335590619621,71,工况4
25,节能,1.1696670218121585,2155.864538779345,7.855566706019637,9.39415738559143,82,工况4
26,节能,1.1687956968314523,2154.2585615288735,7.891948694042396,9.058521829650154,85,工况4
27,节能,1.168057712958575,2152.612214789654,7.8832437986034645,9.137719518708542,84,工况4
28,节能,1.1679558585956789,2152.710618877631,7.853035104641154,9.417969776401373,78,工况4
29,节能,1.1679558585956789,2152.710618877631,7.828278106244455,9.654040583988584,77,工况4
30,节能,1.1669845772710052,2150.920407709842,7.882542222322989,9.144132575341665,83,工况4
31,节能,1.1669845772710052,2150.920407709842,7.8226940863287115,9.708099732087407,78,工况4
32,节能,1.1660807621174294,2149.2533092104586,7.840310366492648,9.538576694045068,79,工况4
33,节能,1.1660807621174294,2149.2533092104586,7.818298391173725,9.750867507231156,81,工况4
34,节能,1.1659251551294318,2148.9677403403907,7.891395259994099,9.063536511577787,84,工况4
35,节能,1.1657950167775248,2148.7278766417658,7.885322590907617,9.118743827789102,88,工况4
36,节能,1.1657289445268766,2148.6060959815322,7.855446422682321,9.395287414153485,94,工况4
37,节能,1.1652857484021957,2147.7892217847684,7.888473914444392,9.090052946607056,93,工况4
38,节能,1.165248374577617,2147.720336451092,7.882960350502766,9.140309955060623,92,工况4
39,节能,1.164833523550614,2146.955706345845,7.862640735361612,9.327937338030166,88,工况4
40,节能,1.1640565239101148,2145.5235842629286,7.851106512224767,9.436150727676985,93,工况4
41,节能,1.1632757241385336,2144.0844579919058,7.894567465009748,9.034830670075399,91,工况4
42,节能,1.1630132543024565,2143.431166462603,7.8713248363032005,9.247283299383422,90,工况4
43,节能,1.162385894953056,2142.444374830828,7.883238136097462,9.137771261246664,89,工况4
44,节能,1.162332996574171,2142.346875510876,7.885992501640833,9.112637129125286,89,工况4
45,节能,1.162320071293562,2142.323052359843,7.950054740399437,8.547167204397725,86,工况4
46,节能,1.1615656695258754,2140.884261503239,7.824554972949625,9.690050857844225,85,工况4
47,节能,1.1615656695258754,2140.884261503239,7.887892019923789,9.095343937858791,81,工况4
48,节能,1.1615626539121533,2140.927023196685,7.857128392282987,9.379498108621677,76,工况4
49,节能,1.1612326016019925,2140.3186893220445,7.820404374900494,9.730353947132677,68,工况4
50,节能,1.1611471245779181,2140.1611428736574,7.889694731282109,9.078962428037435,67,工况4
51,节能,1.1609314103867354,2139.7635505960175,7.945569878717274,8.585586154525924,66,工况4
52,节能,1.1609049149906936,2139.7147157706336,7.881115835169485,9.157184955237566,66,工况4
53,节能,1.1604185585661442,2138.818290934043,7.8365581206028745,9.574435011780455,79,工况4
54,节能,1.1603261446373658,2138.647958772644,7.882223211087279,9.147050121714319,80,工况4
55,节能,1.1597375024983165,2137.563006653842,7.882798829416531,9.14178642709056,89,工况4
56,节能,1.1597375024983165,2137.563006653842,7.864074063107739,9.314576923842948,94,工况4
57,节能,1.1584960402180846,2135.2748131284425,7.882474979775208,9.14474747078662,96,工况4
58,节能,1.1579202139461913,2134.213482495944,7.881537018588293,9.153328912879015,95,工况4
59,节能,1.1566960476232095,2131.957167907203,7.82260362947285,9.708977935984745,96,工况4
60,节能,1.1566960476232095,2131.957167907203,7.831926523043542,9.618882794276804,94,工况4
61,节能,1.156691658999917,2131.949079043318,7.855613897365625,9.393714073120318,87,工况4
62,节能,1.1562816739897452,2131.193417706905,7.851004058035978,9.43711755037175,89,工况4
63,节能,1.1562816739897452,2131.193417706905,7.8996601802374675,8.988935814250684,86,工况4
64,节能,1.154880867154938,2128.611529251025,7.8537197107692585,9.411524383107755,95,工况4
65,节能,1.1547729993906273,2128.412713448221,7.852086932018197,9.426903872370461,94,工况4
66,节能,1.154651471047151,2128.188719233396,7.852063713771057,9.427122751095315,94,工况4
67,节能,1.1544465554073262,2127.8110302389205,7.85587775186116,9.391235826395,92,工况4
68,节能,1.15437456411464,2127.678339932954,7.861366522064922,9.339830695544928,93,工况4
69,节能,1.1543656659933597,2127.6619394157365,7.88212518559372,9.147946809765532,93,工况4
70,节能,1.1543656659933597,2127.6619394157365,7.795567757120012,9.975049151236574,97,工况4
71,节能,1.1543630511854592,2127.657119948723,7.8514716869403625,9.432705513109601,97,工况4
72,节能,1.1543516401446932,2127.636087759494,7.825372490077715,9.682132312510111,96,工况4
73,节能,1.1543516401446932,2127.636087759494,7.973276334617415,8.350975118546192,91,工况4
74,节能,1.1539894145985505,2126.9684539838922,7.852009880398885,9.427630258563179,92,工况4
75,节能,1.1534017103675216,2125.885230564459,7.879329794701561,9.173554672276893,92,工况4
76,节能,1.1525404116319735,2124.297733125755,7.868567865464549,9.272812965878922,86,工况4
77,节能,1.1525404116319735,2124.297733125755,7.866382383492471,9.293100692601724,87,工况4
78,节能,1.1516960116435018,2122.741382508233,7.82887827580132,9.648248261091137,86,工况4
79,节能,1.1516960116435018,2122.741382508233,7.823663515478718,9.69869297754368,91,工况4
80,节能,1.150873612446669,2121.2255825137822,7.882750736386947,9.142226093868024,91,工况4
81,节能,1.1508626040813346,2121.205292513285,7.8580691949009704,9.370678001886029,96,工况4
82,节能,1.1503750969685544,2120.3067467927967,7.942626228114793,8.610896354298518,95,工况4
83,节能,1.1503244531664414,2120.213402982081,7.923589678146104,8.77638831330352,94,工况4
84,节能,1.1493627484695852,2118.440842916638,7.919560641240086,8.811820035647196,96,工况4
85,节能,1.149005931270095,2117.7831775017276,7.86482328579288,9.30760084515364,99,工况4
86,节能,1.14897464295403,2117.725508635439,7.884095894167486,9.129936624796974,95,工况4
87,节能,1.1489585955013524,2117.6959308722635,7.860153861038966,9.351163614324104,92,工况4
88,节能,1.148167149940891,2116.237182881293,7.879490061695565,9.172084572052656,95,工况4
89,节能,1.1479602994877312,2115.8559277475824,7.895028149681011,9.030669420663749,92,工况4
90,节能,1.1479203413118797,2115.7822790828377,7.8553502732656035,9.396190808987994,97,工况4
91,节能,1.1475767160270187,2115.1489282638054,7.954107264119214,8.512599696695801,91,工况4
92,节能,1.1475173600049366,2115.0395265787247,7.8509468843235375,9.437657120841322,99,工况4
93,节能,1.1475010685194853,2115.009499028051,7.8708543122688095,9.251635392230453,92,工况4
94,节能,1.1474046947657484,2114.8318683397647,7.952160823247839,8.529185104688764,97,工况4
95,节能,1.1468430213494707,2113.796623455582,7.878962366970362,9.176925909962335,96,工况4
96,节能,1.1461684512864394,2112.5532938150163,7.869581977111212,9.263414064825911,96,工况4
97,节能,1.1461684512864394,2112.5532938150163,7.8278364837335515,9.658304967186151,99,工况4
98,节能,1.1460469232039803,2112.3293000812837,7.83485448273718,9.590760284036632,97,工况4
99,节能,1.1448949204989203,2110.2059934187014,7.881477264643499,9.153875876731018,94,工况4
100,节能,1.1447233474193914,2109.889759558066,7.814701080042869,9.786007578440476,93,工况4
101,节能,1.144593673072808,2109.6507510879837,7.849638757036881,9.450010856010598,91,工况4
102,节能,1.1442081003141868,2108.940085042067,7.933631651407202,8.688697089898955,82,工况4
103,节能,1.1437106526139291,2108.017832348671,7.846967710394499,9.47528601631694,80,工况4
104,节能,1.1437106526139291,2108.017832348671,7.8592057026295965,9.360034203439689,84,工况4
105,节能,1.1437106526139291,2108.017832348671,7.854477520375373,9.404394941243007,87,工况4
106,节能,1.1437106526139291,2108.017832348671,7.838543079375023,9.555449002472157,87,工况4
107,节能,1.1431425821997379,2106.976181917904,7.877147486341925,9.193596057613286,94,工况4
108,节能,1.143044125914012,2106.794712823659,7.86472111393331,9.308551868623217,88,工况4
109,节能,1.1430387141685237,2106.7759272511285,7.878045706127968,9.185341895310353,93,工况4
110,节能,1.1430380901323742,2106.782848572063,7.872041623542568,9.240657339700974,86,工况4
111,节能,1.1430378759684152,2106.7831587038954,7.878319631629852,9.182826140502135,88,工况4
112,节能,1.143037739902196,2106.7809939084345,7.852010280046252,9.427626490836325,83,工况4
113,节能,1.1430369071981699,2106.78061383837,7.877109264317762,9.193947462179596,68,工况4
114,节能,1.1430369071981699,2106.78061383837,7.900550939575282,8.980932400823939,48,工况4
115,节能,1.1430369071981699,2106.78061383837,7.805052499739266,9.88088564166298,26,工况4
116,节能,1.1430369071981699,2106.78061383837,7.877611432426088,9.189331714012228,9,工况4
117,节能,1.1430367554395178,2106.779423894147,7.81203146023653,9.812167400950543,3,工况4
118,节能,1.143036742522079,2106.7795292234505,7.905417967791903,8.937328147058913,6,工况4
119,节能,1.143036742522079,2106.7795292234505,7.934593037480298,8.680347911558332,10,工况4
120,节能,1.1430367388580156,2106.77931182228,7.866807907363057,9.289147097659432,4,工况4
121,节能,1.1430367190887354,2106.7790811352475,7.866807907363057,9.289147097659432,6,工况4
122,节能,1.1430367190887354,2106.7790811352475,7.85118261602905,9.43543262803423,3,工况4
123,节能,1.1430367190887354,2106.7790811352475,7.872633465402804,9.235189949945896,6,工况4
124,节能,1.1424298571749782,2105.6625271955545,7.882158886674114,9.147638519269549,9,工况4
125,节能,1.1424131614998332,2105.631754665146,7.831546214442912,9.622541633831897,7,工况4
126,节能,1.1424043281129799,2105.6154734627876,7.861678336052136,9.336918859695016,18,工况4
127,节能,1.142400495014042,2105.608408510182,7.876997087757587,9.194978865428885,33,工况4
128,节能,1.1424003702499752,2105.6081785520637,7.8792490055574484,9.174295825845512,60,工况4
129,节能,1.1424003397018951,2105.6081222475586,7.853622715834613,9.412437297573536,84,工况4
130,节能,1.1424003397018951,2105.6081222475586,7.862074444728796,9.333221157515728,96,工况4
131,节能,1.142138059944425,2105.124702934348,7.913714290444311,8.863487913828715,92,工况4
132,节能,1.1419475425223922,2104.7735519259663,7.84706374113755,9.474376141248861,97,工况4
133,节能,1.1417392932456418,2104.3897185592045,7.920513257288062,8.803429751463542,96,工况4
134,节能,1.141730042222367,2104.372667592858,7.810986263925826,9.822428403564944,93,工况4
135,节能,1.1416991027620722,2104.3156417179252,7.8761263695962365,9.202988587119274,96,工况4
136,节能,1.1411736850917638,2103.3472213877435,7.859401518955904,9.358201535366879,98,工况4
137,节能,1.140400356648248,2101.921865848846,7.894598571419595,9.034549633300722,99,工况4
138,节能,1.140400356648248,2101.921865848846,7.931995509803507,8.702924664679268,96,工况4
139,节能,1.1403495866520041,2101.8256841130933,7.936567931092144,8.663222064348517,92,工况4
140,节能,1.1397132685914615,2100.655463745494,7.852640856817918,9.421683522505075,96,工况4
141,节能,1.139677562335749,2100.589651981062,7.884228666685681,9.128724500590511,92,工况4
142,节能,1.1390006020612415,2099.3419168369937,7.879924246602175,9.168103055788999,91,工况4
143,节能,1.1383930425460347,2098.2220972733003,7.952811779895877,8.52363478164835,87,工况4
144,节能,1.1383850654875056,2098.2073944071976,7.835779686679074,9.581890978407024,90,工况4
145,节能,1.1377900705682258,2097.1107332007955,7.8687713493962335,9.27092628939953,91,工况4
146,节能,1.1377600349684953,2097.055373270873,7.846052613195789,9.483960792533802,87,工况4
147,节能,1.1377600349684953,2097.055373270873,7.854740108889382,9.401925779351203,87,工况4
148,节能,1.13774938499657,2097.035743840972,7.9401902335164305,8.631898020892388,87,工况4
149,节能,1.1377427788985188,2097.009267192859,7.825740601311217,9.678568866754066,74,工况4
150,节能,1.137739912947623,2097.0115309643547,7.7961685054955145,9.969058456293709,60,工况4
151,节能,1.1377391653956526,2097.01573065508,7.8699572723803985,9.259938201629167,51,工况4
152,节能,1.1377391653956526,2097.01573065508,7.878145716594168,9.184423310919987,32,工况4
153,节能,1.13773906954113,2097.014679405465,7.874080431586288,9.221836605638936,20,工况4
154,节能,1.13773906954113,2097.014679405465,7.877932962810666,9.18637753960607,8,工况4
155,节能,1.13773906954113,2097.014679405465,7.823559445658309,9.69970237130286,7,工况4
156,节能,1.13773906954113,2097.014679405465,7.811426451066638,9.818105648370567,2,工况4
157,节能,1.13773906954113,2097.014679405465,7.850854864363975,9.438525613626668,7,工况4
158,节能,1.1377390679785615,2097.0147520927108,7.852272953842877,9.425150425605779,3,工况4
159,节能,1.1377390662551854,2097.0149034805263,7.833322487491406,9.605464543747196,3,工况4
160,节能,1.137739066151259,2097.0148993656735,7.86248384315932,9.329400933472325,4,工况4
161,节能,1.137739066151259,2097.0148993656735,7.877900984610671,9.186671308121335,6,工况4
162,节能,1.137739066151259,2097.0148993656735,7.854100344635209,9.407942719891725,3,工况4
163,节能,1.1377390659697975,2097.014889383696,7.830173238962795,9.635762221245928,3,工况4
164,节能,1.1377390659035327,2097.0148967191585,7.851852804780461,9.429111225725189,6,工况4
165,节能,1.1377390659035327,2097.0148967191585,7.805792202166099,9.87357942911929,2,工况4
166,节能,1.1377390659035327,2097.0148967191585,7.950645365266278,8.542120525399515,7,工况4
167,节能,1.1377390659035327,2097.0148967191585,7.822683593903403,9.708201594133119,5,工况4
168,节能,1.1377390658994,2097.0148838671103,7.951815670796434,8.532129481936414,5,工况4
169,节能,1.1377390658946718,2097.0148872417817,7.877230827398976,9.192829885526983,3,工况4
170,节能,1.1377390658460167,2097.0148933562696,7.846843056286401,9.476467223263896,5,工况4
171,节能,1.1377390658460167,2097.0148933562696,7.901707096121162,8.97055503712506,5,工况4
172,节能,1.1377390658460167,2097.0148933562696,7.79304501390347,10.00024540729666,0,工况4
173,节能,1.137739065844182,2097.0148944795733,7.852084297914445,9.426928703846025,2,工况4
174,节能,1.1373116134673227,2096.228867953739,7.881658808351954,9.152214198995754,3,工况4
175,节能,1.137233861162422,2096.0855592737316,7.820391336840988,9.730480812893493,12,工况4
176,节能,1.137108545413085,2095.8220610279377,7.898337659326594,9.000831734399215,19,工况4
177,节能,1.1371027913587985,2095.843978775635,7.900259377068007,8.98355128575817,30,工况4
178,节能,1.1371027913587985,2095.843978775635,7.927807852552472,8.73944594619,38,工况4
179,节能,1.1366335456883354,2094.9790915196368,7.850721224188637,9.439787064132966,48,工况4
180,节能,1.1366335456883354,2094.9790915196368,7.892637910160134,9.052280701392432,60,工况4
181,节能,1.1366194505283977,2094.953112112753,7.855870300409521,9.39130580499532,62,工况4
182,节能,1.1366194505283977,2094.953112112753,7.87902415313319,9.176358920440036,71,工况4
183,节能,1.1366186277240273,2094.9515955659654,7.878969189507004,9.17686330026263,65,工况4
184,节能,1.1363736752196907,2094.500112872227,7.836168377177547,9.578167312150043,81,工况4
185,节能,1.1362489298116834,2094.270189144804,7.875199620296982,9.21152140362358,89,工况4
186,节能,1.1362258174560331,2094.2275897493996,7.8168753871786025,9.764752907797003,92,工况4
187,节能,1.1361238315431326,2094.0387962431223,7.881332700879084,9.155199291143328,90,工况4
188,节能,1.1360031729584141,2093.8172239203045,7.829699241749391,9.640330628308396,79,工况4
189,节能,1.1356498491426938,2093.1659973140886,7.8815813686618394,9.152922971070378,85,工况4
190,节能,1.135523622423743,2092.93334331756,7.855288682380094,9.396769546522636,84,工况4
191,节能,1.1350378889678008,2092.0380667017052,7.853342985017308,9.41507061464441,81,工况4
192,节能,1.1350378889678008,2092.0380667017052,7.849053157059973,9.455546402799506,73,工况4
193,节能,1.1350378889678008,2092.0380667017052,7.956100897377614,8.49564560056542,81,工况4
194,节能,1.1350202384953276,2092.0055343425056,7.964855502298234,8.421594198133118,72,工况4
195,节能,1.1350196720899521,2091.9933919880823,7.840591913507396,9.535891514271832,75,工况4
196,节能,1.135017041571939,2091.996071512435,7.852590612978219,9.422156915954131,64,工况4
197,节能,1.1348862202621102,2091.758519464634,7.864970180236592,9.306233710719884,79,工况4
198,节能,1.1347139382296239,2091.4301290777753,7.856337132214441,9.38692266792931,80,工况4
199,节能,1.1343866084560377,2090.8376630535518,7.826187957241501,9.674240069903528,68,工况4
200,节能,1.1341845570801512,2090.465253309443,7.873521706070457,9.226990520731182,55,工况4
201,节能,1.1341016921287708,2090.3125212866903,7.812310817812071,9.80942668049295,58,工况4
202,节能,1.133469288881859,2089.125241777061,7.879966226706837,9.167718185941661,66,工况4
203,节能,1.133469288881859,2089.125241777061,7.8131414863070665,9.801281682160589,64,工况4
204,节能,1.133469288881859,2089.125241777061,7.878308636384633,9.182927108482437,76,工况4
205,节能,1.133469288881859,2089.125241777061,7.845829698423353,9.486075143146895,84,工况4
206,节能,1.1333952825480897,2089.0105068360435,7.841807366494222,9.524308127405881,77,工况4
207,节能,1.1333952825480897,2089.0105068360435,7.87197549090643,9.241268468938067,63,工况4
208,节能,1.133366126583097,2088.956768199449,7.876929726236384,9.195598274054607,60,工况4
209,节能,1.1333605133633795,2088.9464222282354,7.867115432130958,9.286290894053414,45,工况4
210,节能,1.1333198722610416,2088.851906258539,7.883604463577607,9.134424457576896,43,工况4
211,节能,1.1333182463583231,2088.853499183636,7.848370314492635,9.462005257320211,49,工况4
212,节能,1.1333157267739402,2088.863874102842,7.798687671989313,9.943976344528345,68,工况4
213,节能,1.1333145739639472,2088.8602202971706,7.878494990723316,9.181215989616126,75,工况4
214,节能,1.133314474233198,2088.8586753299837,7.930333044771942,8.71740500580197,67,工况4
215,节能,1.132773645805367,2087.8647409174987,7.899326284710968,8.991937680834077,45,工况4
216,节能,1.1325876589027848,2087.5219403080287,7.87731824333171,9.192026320850761,23,工况4
217,节能,1.1325876252336247,2087.521878250924,7.854474171420618,9.404426436188905,21,工况4
218,节能,1.1325842091577898,2087.512191395039,7.924970672191747,8.764276538370043,32,工况4
219,节能,1.1322687799276874,2086.9342004968216,7.875338941445244,9.210238133279816,46,工况4
220,节能,1.1322653946924521,2086.92796102143,7.8806476871673015,9.161472876692606,50,工况4
221,节能,1.1318875839323905,2086.2033009193415,7.855628437908604,9.393577484410148,55,工况4
222,节能,1.1318875839323905,2086.2033009193415,7.858262627840869,9.36886557938804,56,工况4
223,节能,1.131878151200539,2086.20656973286,7.916811444035402,8.836078797438276,65,工况4
224,节能,1.131878151200539,2086.20656973286,7.909586029018765,8.900154341304166,65,工况4
225,节能,1.1318773480863826,2086.2115060933124,7.852757141128148,9.420587992233182,60,工况4
226,节能,1.1318773480863826,2086.2115060933124,7.872708183477806,9.234499940108986,53,工况4
227,节能,1.1318771294600647,2086.2109874574207,7.852404668340969,9.423909078401532,31,工况4
228,节能,1.131837469727683,2086.13923376863,7.817865324805981,9.755091194507312,34,工况4
229,节能,1.1317710520318467,2086.0168164032343,7.880905987363341,9.159106772048348,31,工况4
230,节能,1.131655180949945,2085.8032493351,7.831749973159982,9.620581156832552,30,工况4
231,节能,1.1315820555693143,2085.668468741951,7.928302488108014,8.735124174428378,23,工况4
232,节能,1.1314116412455855,2085.3543706349037,7.854026932794652,9.40863339963437,31,工况4
233,节能,1.1312728716348177,2085.0985982848797,7.851578650706911,9.431696609358207,52,工况4
234,节能,1.1312601959426327,2085.0752351612073,7.874365667910701,9.219206577968748,68,工况4
235,节能,1.1312586081347153,2085.070465422277,7.881209681284251,9.15632562933015,82,工况4
236,节能,1.1312586081347153,2085.070465422277,7.975087740377966,8.335861806413035,80,工况4
237,节能,1.1312586081347153,2085.070465422277,7.794989684516067,9.980817120865899,69,工况4
238,节能,1.1312573520439548,2085.069993446944,7.911473770568491,8.883368998334433,55,工况4
239,节能,1.130717613391073,2084.075177486284,7.979402865142517,8.299969019320065,35,工况4
240,节能,1.130717613391073,2084.075177486284,7.874301142512148,9.219801470140156,32,工况4
241,节能,1.1301257438877208,2082.984276870923,7.893067816439754,9.048389905472737,53,工况4
242,节能,1.1298152699911546,2082.4120288282393,7.857607486898739,9.375005517853335,85,工况4
243,节能,1.1297971135811382,2082.3785639533853,7.820943565659125,9.725108844388714,93,工况4
244,节能,1.1297747497714923,2082.337304793156,7.842746056622105,9.515371948199533,84,工况4
245,节能,1.1297446652860312,2082.2818756327897,7.853342043622764,9.415079477944696,83,工况4
246,节能,1.1297446652860312,2082.2818756327897,7.864846505575496,9.307384727194457,78,工况4
247,节能,1.1295711140669094,2081.962014346171,7.89063340428242,9.070444249652882,70,工况4
248,节能,1.1295711140669094,2081.962014346171,7.871815986658947,9.242742608073593,71,工况4
249,节能,1.1295168070905253,2081.8619187784484,7.8832153850443785,9.137979157530612,65,工况4
250,节能,1.1294824162898267,2081.7981179172116,7.872274893133906,9.238502026733904,60,工况4
251,节能,1.129477998276936,2081.789483786801,7.860067078286946,9.351975169251123,49,工况4
252,节能,1.129477998276936,2081.789483786801,7.7956065065202935,9.974662631552938,50,工况4
253,节能,1.1288720618794952,2080.673560629431,7.852846598550313,9.419745288409736,56,工况4
254,节能,1.1288051366103975,2080.550207733517,7.865729553652597,9.299169486768239,61,工况4
255,节能,1.128804706149043,2080.5494143313326,7.852886031770585,9.419373844842525,56,工况4
256,节能,1.128785345252182,2080.513729413999,7.796153397731767,9.96920906761135,57,工况4
257,节能,1.1284636713636613,2079.920838175398,7.8686328398921415,9.272210489737272,76,工况4
258,节能,1.128415459666985,2079.8319770847793,7.872537440032785,9.23607680505765,91,工况4
259,节能,1.1284055511390068,2079.813714242704,7.871681650295547,9.243984327905602,96,工况4
260,节能,1.1283185202342791,2079.653303768799,7.8550519660566405,9.398994178554995,95,工况4
261,节能,1.1283185202342791,2079.653303768799,7.8705957580744865,9.254027750629282,92,工况4
262,节能,1.1278684861209913,2078.823826175616,7.874167080926059,9.221037574203857,90,工况4
263,节能,1.1278634123641935,2078.808390426254,7.873890917875389,9.223584435729022,82,工况4
264,节能,1.1278622313732092,2078.811521046674,7.918887332802824,8.81775510626717,70,工况4
265,节能,1.1278204411785977,2078.5319087642283,7.9748264971755125,8.338039778124323,56,工况4
266,节能,1.1277448512926915,2078.595949406314,7.872300935207043,9.238261440121148,46,工况4
267,节能,1.127736678630616,2078.580886014744,7.857904173592399,9.372224491030426,29,工况4
268,节能,1.127735437274737,2078.5785980173314,7.859586102608213,9.356474323760857,28,工况4
269,节能,1.1277304772202312,2078.569408135388,7.825118703477643,9.68458981977917,39,工况4
270,节能,1.1277286130936712,2078.5646770305043,7.8841874907763385,9.12910039186174,57,工况4
271,节能,1.1277286130936712,2078.5646770305043,7.875956487707835,9.20455214100537,59,工况4
272,节能,1.1277286130936712,2078.5646770305043,7.853906843094883,9.40976334744076,63,工况4
273,节能,1.1276457004909608,2078.413200219189,7.870744621687609,9.252650265153664,48,工况4
274,节能,1.1276457004909608,2078.413200219189,7.883282567866545,9.137365262923725,26,工况4
275,节能,1.1275975385311527,2078.324430800772,7.865608477454824,9.300295463015226,30,工况4
276,节能,1.1275961643483843,2078.321897984299,7.934854317205234,8.678080208908916,46,工况4
277,节能,1.127580275227453,2078.289067309406,7.874854379151427,9.214702148855746,79,工况4
278,节能,1.1275247671747546,2077.790589074881,7.864344774251295,9.31205570534852,86,工况4
279,节能,1.1275247671747546,2077.790589074881,7.931659092668086,8.7058529702032,74,工况4
280,节能,1.1274373938635573,2077.7985695709594,7.809408017839654,9.837942852338243,44,工况4
281,节能,1.1273867625503935,2077.8139798930465,7.871193949174933,9.24849372895185,34,工况4
282,节能,1.127354416887615,2077.8247443390014,7.870212974034581,9.257570722810403,30,工况4
283,节能,1.127354416887615,2077.8247443390014,7.879274311467702,9.174063664876238,42,工况4
284,节能,1.127354416887615,2077.8247443390014,7.908217305864819,8.91234452921793,45,工况4
285,节能,1.1271984496538674,2077.5445548432285,7.872158172715954,9.239580411485253,43,工况4
286,节能,1.1267484775280252,2076.759489262908,7.870679560793909,9.253252270432297,38,工况4
287,节能,1.126745807528183,2076.7545680692087,7.817923255702387,9.75452608969856,30,工况4
288,节能,1.1267419409068666,2076.7427432486065,7.842230461564135,9.52027929194315,30,工况4
289,节能,1.126313905092936,2075.936675914797,7.9107552663501375,8.889754029994329,40,工况4
290,节能,1.126313905092936,2075.936675914797,7.815303109940022,9.780117882368938,65,工况4
291,节能,1.1263080154338734,2075.9455116565614,7.925299051083382,8.761399007440456,73,工况4
292,节能,1.1263080154338734,2075.9455116565614,7.889662672867697,9.07925348984285,87,工况4
293,节能,1.1262113482939777,2075.769482836438,7.923520400963959,8.77699633781615,86,工况4
294,节能,1.1262042868453475,2075.7564675710582,7.8480882761576565,9.464674281894471,86,工况4
295,节能,1.1261825067698212,2075.7163237595264,7.871448339591306,9.246141300011692,88,工况4
296,节能,1.1261803318662476,2075.7123150994526,7.872423734819704,9.237127054847106,87,工况4
297,节能,1.126180273100449,2075.7122067856344,7.871254723757842,9.247931672682482,93,工况4
298,节能,1.126180273100449,2075.7122067856344,7.852827626615743,9.41992400089627,93,工况4
299,节能,1.1261799891498747,2075.711683423889,7.873416421595657,9.227962030723711,96,工况4
300,节能,1.1255584134134453,2074.5660299487167,7.853334740204494,9.415148240459262,93,工况4
0,最大除尘指数,-7.759096866020583,2319.6929830299296,7.759096866020583,10.345563508614035,0,工况4
1,最大除尘指数,-7.759096866020583,2319.6929830299296,7.759096866020583,10.345563508614035,0,工况4
2,最大除尘指数,-7.759096866020583,2319.6929830299296,7.759096866020583,10.345563508614035,0,工况4
3,最大除尘指数,-7.759096866020583,2319.6929830299296,7.759096866020583,10.345563508614035,0,工况4
4,最大除尘指数,-7.759096866020583,2319.6929830299296,7.759096866020583,10.345563508614035,0,工况4
5,最大除尘指数,-7.759096866020583,2319.6929830299296,7.759096866020583,10.345563508614035,0,工况4
6,最大除尘指数,-7.759096866020583,2319.6929830299296,7.759096866020583,10.345563508614035,0,工况4
7,最大除尘指数,-7.759096866020583,2319.6929830299296,7.759096866020583,10.345563508614035,0,工况4
8,最大除尘指数,-7.779664067056509,2324.58695255344,7.779664067056509,10.13495743679463,0,工况4
9,最大除尘指数,-7.804870756688108,2239.683078874218,7.804870756688108,9.882681587163002,1,工况4
10,最大除尘指数,-7.884668283647888,2276.2713473353588,7.884668283647888,9.124712240450163,4,工况4
11,最大除尘指数,-7.884668283647888,2276.2713473353588,7.884668283647888,9.124712240450163,17,工况4
12,最大除尘指数,-7.884668283647888,2276.2713473353588,7.884668283647888,9.124712240450163,48,工况4
13,最大除尘指数,-7.893491095271235,2342.003664656395,7.893491095271235,9.044560724029658,87,工况4
14,最大除尘指数,-7.901627349763482,2339.5332633799135,7.901627349763482,8.971270434740438,97,工况4
15,最大除尘指数,-7.92391830030211,2289.1052102918743,7.92391830030211,8.773504671494306,100,工况4
16,最大除尘指数,-7.94374898641517,2376.3348610767325,7.94374898641517,8.601233824300953,99,工况4
17,最大除尘指数,-7.953650626685257,2361.0313321873723,7.953650626685257,8.51648775602676,99,工况4
18,最大除尘指数,-7.975111203291242,2386.185683290218,7.975111203291242,8.335666225104859,100,工况4
19,最大除尘指数,-8.028830791290883,2384.459245289618,8.028830791290883,7.89969266881957,100,工况4
20,最大除尘指数,-8.039015028951356,2378.7595617927327,8.039015028951356,7.819648606947938,100,工况4
21,最大除尘指数,-8.039015028951356,2378.7595617927327,8.039015028951356,7.819648606947938,100,工况4
22,最大除尘指数,-8.111409171687312,2409.2760671755827,8.111409171687312,7.273557238359732,100,工况4
23,最大除尘指数,-8.12043989066275,2412.7660642194865,8.12043989066275,7.208167489609161,100,工况4
24,最大除尘指数,-8.12043989066275,2412.7660642194865,8.12043989066275,7.208167489609161,100,工况4
25,最大除尘指数,-8.125651856988972,2396.8081004648757,8.125651856988972,7.170696496979101,100,工况4
26,最大除尘指数,-8.127531594759844,2404.830914606899,8.127531594759844,7.157230128516171,100,工况4
27,最大除尘指数,-8.127921151307334,2404.831213171389,8.127921151307334,7.154442525657446,100,工况4
28,最大除尘指数,-8.135299404629302,2434.504811162648,8.135299404629302,7.101849497259707,100,工况4
29,最大除尘指数,-8.146948201935425,2384.125185161944,8.146948201935425,7.019601467330468,100,工况4
30,最大除尘指数,-8.151014244464427,2417.067020382615,8.151014244464427,6.9911174171505515,100,工况4
31,最大除尘指数,-8.151014244464427,2417.067020382615,8.151014244464427,6.9911174171505515,100,工况4
32,最大除尘指数,-8.154141245143533,2394.267078495828,8.154141245143533,6.969290332679072,100,工况4
33,最大除尘指数,-8.154141245143533,2394.267078495828,8.154141245143533,6.969290332679072,100,工况4
34,最大除尘指数,-8.155304042835681,2397.8070389740574,8.155304042835681,6.961191167722057,100,工况4
35,最大除尘指数,-8.157013704515302,2398.5034623929378,8.157013704515302,6.949300053725469,100,工况4
36,最大除尘指数,-8.157013704515302,2398.5034623929378,8.157013704515302,6.949300053725469,100,工况4
37,最大除尘指数,-8.157679972027788,2399.306664462388,8.157679972027788,6.944671502962881,100,工况4
38,最大除尘指数,-8.15997841831883,2408.477022951316,8.15997841831883,6.928727878305851,100,工况4
39,最大除尘指数,-8.162236394808174,2392.686726856934,8.162236394808174,6.913100623282373,100,工况4
40,最大除尘指数,-8.162236394808174,2392.686726856934,8.162236394808174,6.913100623282373,100,工况4
41,最大除尘指数,-8.163681538432996,2391.7796671051133,8.163681538432996,6.903117415311002,100,工况4
42,最大除尘指数,-8.164657296278966,2406.8292762780457,8.164657296278966,6.896384929503458,100,工况4
43,最大除尘指数,-8.164657296278966,2406.8292762780457,8.164657296278966,6.896384929503458,100,工况4
44,最大除尘指数,-8.166457650686167,2394.864277368514,8.166457650686167,6.883980162341089,100,工况4
45,最大除尘指数,-8.16650825459892,2395.1112445076847,8.16650825459892,6.883631814823511,100,工况4
46,最大除尘指数,-8.166877004029178,2394.442377617589,8.166877004029178,6.881093947461017,100,工况4
47,最大除尘指数,-8.166877004029178,2394.442377617589,8.166877004029178,6.881093947461017,100,工况4
48,最大除尘指数,-8.169315677533357,2387.244450388748,8.169315677533357,6.864333650723672,100,工况4
49,最大除尘指数,-8.169315677533357,2387.244450388748,8.169315677533357,6.864333650723672,100,工况4
50,最大除尘指数,-8.170307320171116,2395.7814637491447,8.170307320171116,6.8575300587193,100,工况4
51,最大除尘指数,-8.1705790896768,2395.823041369924,8.1705790896768,6.855666644386096,100,工况4
52,最大除尘指数,-8.171558719441993,2394.819048186403,8.171558719441993,6.848953917811223,100,工况4
53,最大除尘指数,-8.172130282090595,2388.708324969383,8.172130282090595,6.8450404300780505,100,工况4
54,最大除尘指数,-8.172684587870787,2390.8878337914707,8.172684587870787,6.8412472359938405,100,工况4
55,最大除尘指数,-8.173265967090204,2389.7982249528677,8.173265967090204,6.837271032968841,100,工况4
56,最大除尘指数,-8.174640917577705,2396.58859459116,8.174640917577705,6.827876583760155,100,工况4
57,最大除尘指数,-8.17579154379046,2388.1760638412447,8.17579154379046,6.820024768104157,100,工况4
58,最大除尘指数,-8.175905020647473,2397.311731084332,8.175905020647473,6.8192508970377785,100,工况4
59,最大除尘指数,-8.176900273882623,2396.3347990283282,8.176900273882623,6.81246739173394,100,工况4
60,最大除尘指数,-8.17700246695359,2388.890863323083,8.17700246695359,6.811771240341845,100,工况4
61,最大除尘指数,-8.179733363325035,2391.7810053752296,8.179733363325035,6.793194376269034,100,工况4
62,最大除尘指数,-8.180345314567779,2390.745527042278,8.180345314567779,6.789038544241251,100,工况4
63,最大除尘指数,-8.180377917843499,2390.753392658417,8.180377917843499,6.788817202953963,100,工况4
64,最大除尘指数,-8.182603078961,2391.9060605111163,8.182603078961,6.773727785298927,100,工况4
65,最大除尘指数,-8.182603078961,2391.9060605111163,8.182603078961,6.773727785298927,100,工况4
66,最大除尘指数,-8.182603078961,2391.9060605111163,8.182603078961,6.773727785298927,100,工况4
67,最大除尘指数,-8.182622014177669,2391.912881887474,8.182622014177669,6.773599524509981,100,工况4
68,最大除尘指数,-8.183132425143768,2398.1352500763774,8.183132425143768,6.7701430872095,100,工况4
69,最大除尘指数,-8.18424023472049,2387.0143926198116,8.18424023472049,6.7626472106302495,100,工况4
70,最大除尘指数,-8.18424023472049,2387.0143926198116,8.18424023472049,6.7626472106302495,100,工况4
71,最大除尘指数,-8.184802203799181,2391.4786458198323,8.184802203799181,6.758847879661022,100,工况4
72,最大除尘指数,-8.18617554009434,2393.857364819426,8.18617554009434,6.749572079408895,100,工况4
73,最大除尘指数,-8.186833858058254,2394.2411845459465,8.186833858058254,6.7451301771127445,100,工况4
74,最大除尘指数,-8.188438002149251,2393.4447977589434,8.188438002149251,6.734318690305873,100,工况4
75,最大除尘指数,-8.191996020333052,2395.43785224055,8.191996020333052,6.7104004379713595,100,工况4
76,最大除尘指数,-8.191996020333052,2395.43785224055,8.191996020333052,6.7104004379713595,100,工况4
77,最大除尘指数,-8.191996020333052,2395.43785224055,8.191996020333052,6.7104004379713595,100,工况4
78,最大除尘指数,-8.192167703842092,2389.760735742846,8.192167703842092,6.709248471766738,100,工况4
79,最大除尘指数,-8.192280009325557,2389.559448865341,8.192280009325557,6.708495028682111,100,工况4
80,最大除尘指数,-8.192432206778031,2384.3236031954057,8.192432206778031,6.707474090522877,100,工况4
81,最大除尘指数,-8.192453071109671,2384.3267163442656,8.192453071109671,6.707334145018923,100,工况4
82,最大除尘指数,-8.19248651280855,2384.3317540974103,8.19248651280855,6.707109844120691,100,工况4
83,最大除尘指数,-8.19342420983533,2393.742831306975,8.19342420983533,6.700823554939526,100,工况4
84,最大除尘指数,-8.194606537480606,2393.0630771069245,8.194606537480606,6.69290566769526,100,工况4
85,最大除尘指数,-8.195815689209327,2390.2116958074375,8.195815689209327,6.684817819939946,100,工况4
86,最大除尘指数,-8.195815689209327,2390.2116958074375,8.195815689209327,6.684817819939946,100,工况4
87,最大除尘指数,-8.195992036305059,2384.760079929749,8.195992036305059,6.683639075669026,100,工况4
88,最大除尘指数,-8.19885482403488,2386.4083897991823,8.19885482403488,6.664532597677035,100,工况4
89,最大除尘指数,-8.19885482403488,2386.4083897991823,8.19885482403488,6.664532597677035,100,工况4
90,最大除尘指数,-8.198916570309532,2386.4171103542694,8.198916570309532,6.664121100321181,100,工况4
91,最大除尘指数,-8.19916199046062,2381.191157221512,8.19916199046062,6.662485791390957,100,工况4
92,最大除尘指数,-8.199731197058103,2380.4332993930225,8.199731197058103,6.658694539627984,100,工况4
93,最大除尘指数,-8.199731197058103,2380.4332993930225,8.199731197058103,6.658694539627984,100,工况4
94,最大除尘指数,-8.199731197058103,2380.4332993930225,8.199731197058103,6.658694539627984,100,工况4
95,最大除尘指数,-8.199877314408004,2380.45538098081,8.199877314408004,6.657721659907084,100,工况4
96,最大除尘指数,-8.19992259608186,2380.4618802207024,8.19992259608186,6.657420193951751,100,工况4
97,最大除尘指数,-8.200364634604979,2379.698309850849,8.200364634604979,6.654478008089092,100,工况4
98,最大除尘指数,-8.200437634242924,2379.5041836030564,8.200437634242924,6.653992251334036,100,工况4
99,最大除尘指数,-8.202092199458153,2381.717586057378,8.202092199458153,6.6429918901296094,100,工况4
100,最大除尘指数,-8.20257875882463,2380.960555378533,8.20257875882463,6.639760466407526,100,工况4
101,最大除尘指数,-8.202713148984573,2380.7755115003006,8.202713148984573,6.63886820789319,100,工况4
102,最大除尘指数,-8.204000563828552,2381.5972539971185,8.204000563828552,6.630326729807711,100,工况4
103,最大除尘指数,-8.205824039285398,2382.505113296015,8.205824039285398,6.618247508174148,100,工况4
104,最大除尘指数,-8.205824039285398,2382.505113296015,8.205824039285398,6.618247508174148,100,工况4
105,最大除尘指数,-8.205999789060693,2377.468357073203,8.205999789060693,6.617084454867914,100,工况4
106,最大除尘指数,-8.206274325282697,2371.445014619078,8.206274325282697,6.615268074843453,100,工况4
107,最大除尘指数,-8.206274325282697,2371.445014619078,8.206274325282697,6.615268074843453,100,工况4
108,最大除尘指数,-8.20788967592851,2372.3291751877796,8.20788967592851,6.604590723441527,100,工况4
109,最大除尘指数,-8.210579649760936,2385.164286419691,8.210579649760936,6.586848421084663,100,工况4
110,最大除尘指数,-8.211049851722477,2374.107142134911,8.211049851722477,6.583752000065366,100,工况4
111,最大除尘指数,-8.211055044195211,2374.107677300576,8.211055044195211,6.5837178142013695,100,工况4
112,最大除尘指数,-8.21322741441182,2381.4942451438747,8.21322741441182,6.569431065379548,100,工况4
113,最大除尘指数,-8.214395704525016,2375.9413477789312,8.214395704525016,6.561760545585223,100,工况4
114,最大除尘指数,-8.214395704525016,2375.9413477789312,8.214395704525016,6.561760545585223,100,工况4
115,最大除尘指数,-8.21463190947579,2370.187952269373,8.21463190947579,6.560210808293579,100,工况4
116,最大除尘指数,-8.21463190947579,2370.187952269373,8.21463190947579,6.560210808293579,100,工况4
117,最大除尘指数,-8.214638927067158,2370.1889957759868,8.214638927067158,6.560164771576369,100,工况4
118,最大除尘指数,-8.218781715025013,2372.5170837436535,8.218781715025013,6.533043617344039,100,工况4
119,最大除尘指数,-8.218795359218685,2372.519072804683,8.218795359218685,6.5329544798397645,100,工况4
120,最大除尘指数,-8.218811780073286,2372.5214321756202,8.218811780073286,6.532847204024915,100,工况4
121,最大除尘指数,-8.219008447793803,2368.106127992596,8.219008447793803,6.531562530187898,100,工况4
122,最大除尘指数,-8.219008447793803,2368.106127992596,8.219008447793803,6.531562530187898,100,工况4
123,最大除尘指数,-8.219008447793803,2368.106127992596,8.219008447793803,6.531562530187898,100,工况4
124,最大除尘指数,-8.220515200864325,2373.4728650962147,8.220515200864325,6.521728488886714,100,工况4
125,最大除尘指数,-8.223284256138708,2370.5017107212625,8.223284256138708,6.503694442375527,100,工况4
126,最大除尘指数,-8.223296134490306,2370.503467752192,8.223296134490306,6.5036171896650705,100,工况4
127,最大除尘指数,-8.223296134490306,2370.503467752192,8.223296134490306,6.5036171896650705,100,工况4
128,最大除尘指数,-8.223303482113595,2370.5045923341827,8.223303482113595,6.503569403711506,100,工况4
129,最大除尘指数,-8.223306203018355,2370.5049548419474,8.223306203018355,6.503551708142631,100,工况4
130,最大除尘指数,-8.223309606010375,2370.5054635668193,8.223309606010375,6.503529576645724,100,工况4
131,最大除尘指数,-8.223309606010375,2370.5054635668193,8.223309606010375,6.503529576645724,100,工况4
132,最大除尘指数,-8.223522580421433,2365.199997855591,8.223522580421433,6.502144638747742,100,工况4
133,最大除尘指数,-8.223522580421433,2365.199997855591,8.223522580421433,6.502144638747742,100,工况4
134,最大除尘指数,-8.22357097654815,2364.1675795855363,8.22357097654815,6.501829967746365,100,工况4
135,最大除尘指数,-8.22357097654815,2364.1675795855363,8.22357097654815,6.501829967746365,100,工况4
136,最大除尘指数,-8.22357097654815,2364.1675795855363,8.22357097654815,6.501829967746365,100,工况4
137,最大除尘指数,-8.22357097654815,2364.1675795855363,8.22357097654815,6.501829967746365,100,工况4
138,最大除尘指数,-8.223613607020102,2363.1432123883237,8.223613607020102,6.501552797574274,100,工况4
139,最大除尘指数,-8.223613607020102,2363.1432123883237,8.223613607020102,6.501552797574274,100,工况4
140,最大除尘指数,-8.223613607020102,2363.1432123883237,8.223613607020102,6.501552797574274,100,工况4
141,最大除尘指数,-8.223613645207289,2363.1432441947272,8.223613645207289,6.501552549298268,100,工况4
142,最大除尘指数,-8.223777312209952,2359.1327535314945,8.223777312209952,6.500488546753294,100,工况4
143,最大除尘指数,-8.223778317295944,2359.1329463697775,8.223778317295944,6.500482013206603,100,工况4
144,最大除尘指数,-8.223778317295944,2359.1329463697775,8.223778317295944,6.500482013206603,100,工况4
145,最大除尘指数,-8.223858882392992,2357.1786384483767,8.223858882392992,6.499958322338231,100,工况4
146,最大除尘指数,-8.223858882392992,2357.1786384483767,8.223858882392992,6.499958322338231,100,工况4
147,最大除尘指数,-8.223858882392992,2357.1786384483767,8.223858882392992,6.499958322338231,100,工况4
148,最大除尘指数,-8.223858882392992,2357.1786384483767,8.223858882392992,6.499958322338231,100,工况4
149,最大除尘指数,-8.223937903032802,2355.2569539676433,8.223937903032802,6.49944471176605,100,工况4
150,最大除尘指数,-8.223937903032802,2355.2569539676433,8.223937903032802,6.49944471176605,100,工况4
151,最大除尘指数,-8.223976313549706,2354.308049624987,8.223976313549706,6.499195069529557,100,工况4
152,最大除尘指数,-8.223976870310524,2354.308136596908,8.223976870310524,6.499191451033396,100,工况4
153,最大除尘指数,-8.223976870310524,2354.308136596908,8.223976870310524,6.499191451033396,100,工况4
154,最大除尘指数,-8.223976943880535,2354.3081477962082,8.223976943880535,6.49919097288783,100,工况4
155,最大除尘指数,-8.223976943880535,2354.3081477962082,8.223976943880535,6.49919097288783,100,工况4
156,最大除尘指数,-8.224128863344669,2350.590488515568,8.224128863344669,6.498203694273243,100,工况4
157,最大除尘指数,-8.224128863344669,2350.590488515568,8.224128863344669,6.498203694273243,100,工况4
158,最大除尘指数,-8.224128863344669,2350.590488515568,8.224128863344669,6.498203694273243,100,工况4
159,最大除尘指数,-8.22412894262462,2350.590499035351,8.22412894262462,6.49820317909599,100,工况4
160,最大除尘指数,-8.22412894262462,2350.590499035351,8.22412894262462,6.49820317909599,100,工况4
161,最大除尘指数,-8.224128943834774,2350.590500191941,8.224128943834774,6.498203171232164,100,工况4
162,最大除尘指数,-8.224312107985723,2346.111405969741,8.224312107985723,6.497013042363413,100,工况4
163,最大除尘指数,-8.224312107985723,2346.111405969741,8.224312107985723,6.497013042363413,100,工况4
164,最大除尘指数,-8.224312147908163,2346.1114158682735,8.224312147908163,6.497012782986801,100,工况4
165,最大除尘指数,-8.224312147908163,2346.1114158682735,8.224312147908163,6.497012782986801,100,工况4
166,最大除尘指数,-8.224453365310962,2342.655591159031,8.224453365310962,6.496095356495455,100,工况4
167,最大除尘指数,-8.224453384926775,2342.6555951611626,8.224453384926775,6.4960952290692635,100,工况4
168,最大除尘指数,-8.224453412563264,2342.655600984534,8.224453412563264,6.496095049540004,100,工况4
169,最大除尘指数,-8.224453427549337,2342.655603911052,8.224453427549337,6.496094952189051,100,工况4
170,最大除尘指数,-8.224556471888251,2340.1346138472672,8.224556471888251,6.495425600866205,100,工况4
171,最大除尘指数,-8.224556471888251,2340.1346138472672,8.224556471888251,6.495425600866205,100,工况4
172,最大除尘指数,-8.224623824231402,2338.4865210878097,8.224623824231402,6.494988133464612,100,工况4
173,最大除尘指数,-8.224623825804994,2338.4865214387664,8.224623825804994,6.494988123244157,100,工况4
174,最大除尘指数,-8.224623831620775,2338.4865226374704,8.224623831620775,6.494988085470725,100,工况4
175,最大除尘指数,-8.224623839483257,2338.4865243202444,8.224623839483257,6.494988034403996,100,工况4
176,最大除尘指数,-8.22462384035823,2338.486524494599,8.22462384035823,6.494988028721057,100,工况4
177,最大除尘指数,-8.224657143487844,2337.6720270440933,8.224657143487844,6.494771728894645,100,工况4
178,最大除尘指数,-8.224657143487844,2337.6720270440933,8.224657143487844,6.494771728894645,100,工况4
179,最大除尘指数,-8.224657143487844,2337.6720270440933,8.224657143487844,6.494771728894645,100,工况4
180,最大除尘指数,-8.224657146861013,2337.672027513255,8.224657146861013,6.494771706986686,100,工况4
181,最大除尘指数,-8.224657150319338,2337.6720283646514,8.224657150319338,6.494771684525655,100,工况4
182,最大除尘指数,-8.22478777183084,2334.475964598029,8.22478777183084,6.493923383035777,100,工况4
183,最大除尘指数,-8.224819821293426,2333.6920843396338,8.224819821293426,6.493715259616416,100,工况4
184,最大除尘指数,-8.224819821835775,2333.692084439116,8.224819821835775,6.493715256094561,100,工况4
185,最大除尘指数,-8.224819824282308,2333.6920848540676,8.224819824282308,6.493715240207467,100,工况4
186,最大除尘指数,-8.224819828158726,2333.692085705512,8.224819828158726,6.493715215035116,100,工况4
187,最大除尘指数,-8.224945592351897,2330.615054032485,8.224945592351897,6.4928985895326115,100,工况4
188,最大除尘指数,-8.224945592351897,2330.615054032485,8.224945592351897,6.4928985895326115,100,工况4
189,最大除尘指数,-8.224976456395051,2329.860095976986,8.224976456395051,6.49269819552285,100,工况4
190,最大除尘指数,-8.224976458962251,2329.8600966139984,8.224976458962251,6.492698178854796,100,工况4
191,最大除尘指数,-8.224976460309158,2329.860096822619,8.224976460309158,6.492698170109738,100,工况4
192,最大除尘指数,-8.224976460309158,2329.860096822619,8.224976460309158,6.492698170109738,100,工况4
193,最大除尘指数,-8.224976460624838,2329.8600968947867,8.224976460624838,6.492698168060124,100,工况4
194,最大除尘指数,-8.225127366479668,2326.1679596492063,8.225127366479668,6.4917184558169305,100,工况4
195,最大除尘指数,-8.22512736679067,2326.167959735545,8.22512736679067,6.491718453798,100,工况4
196,最大除尘指数,-8.225127370120731,2326.1679604088686,8.225127370120731,6.491718432180177,100,工况4
197,最大除尘指数,-8.225127370484428,2326.167960475401,8.225127370484428,6.491718429819161,100,工况4
198,最大除尘指数,-8.225244191249315,2323.3098752342717,8.225244191249315,6.490960106601567,100,工况4
199,最大除尘指数,-8.225244191249315,2323.3098752342717,8.225244191249315,6.490960106601567,100,工况4
200,最大除尘指数,-8.225244191249315,2323.3098752342717,8.225244191249315,6.490960106601567,100,工况4
0,节能,1.1702894772411356,2151.072295581905,8.528395858133495,8.569938933055644,2,工况5
1,节能,1.1224363772135342,2063.115016866774,8.528395858133495,8.569938933055644,3,工况5
2,节能,1.1106365741944222,2041.4261699093768,8.667146945605197,7.459657632890767,5,工况5
3,节能,1.1106365741944222,2041.4261699093768,8.667146945605197,7.459657632890767,15,工况5
4,节能,1.10138522369277,2024.3923306735558,8.710775916379601,7.141197994873235,33,工况5
5,节能,1.098116165068899,2018.4127995228002,8.735258633447556,6.968484934316913,76,工况5
6,节能,1.0932779132667845,2009.519760994322,8.733605769303217,6.98001241726244,92,工况5
7,节能,1.0828653290867607,1990.3807173725118,8.75485940587588,6.83322715578318,96,工况5
8,节能,1.0828653290867607,1990.3807173725118,8.695570616061577,7.25061178171832,90,工况5
9,节能,1.0790843511393367,1983.4310206768844,8.560520987527228,8.29900375040031,93,工况5
10,节能,1.0752659647755156,1976.412564747155,8.527176561849615,8.580394600732811,88,工况5
11,节能,1.07390644288794,1973.9136703073832,8.559657673813785,8.30617148770372,92,工况5
12,节能,1.0738025161151492,1973.7226457736529,8.516711742562332,8.670658352821123,86,工况5
13,节能,1.0729274188843645,1972.1141570657828,8.477703465922106,9.015569247392401,90,工况5
14,节能,1.0729274188843645,1972.1141570657828,8.477677654573075,9.01580195440019,75,工况5
15,节能,1.0729274188843645,1972.1141570657828,8.509135732549895,8.736596807128612,86,工况5
16,节能,1.0724739825779723,1971.2807100465116,8.466418495148464,9.117885917333773,82,工况5
17,节能,1.0724739825779723,1971.2807100465116,8.510239596375142,8.72695811483807,82,工况5
18,节能,1.0724587515023236,1971.252714285209,8.489580086259132,8.909128086110023,84,工况5
19,节能,1.0714508166013648,1969.4000608320532,8.522794904456873,8.61807343776243,87,工况5
20,节能,1.0714508166013648,1969.4000608320532,8.504816764190142,8.774411493746738,88,工况5
21,节能,1.0712234661179263,1968.9821750560789,8.401967239026558,9.724896298232041,86,工况5
22,节能,1.071126340899156,1968.8036522449609,8.519857596980057,8.643424583134353,93,工况5
23,节能,1.0710908334065588,1968.7383870391318,8.41170682007967,9.630639637787706,91,工况5
24,节能,1.0710849302061516,1968.7275365520532,8.488281892584538,8.920701370394397,90,工况5
25,节能,1.071078369147405,1968.7154768762432,8.519906945274698,8.642998055395603,90,工况5
26,节能,1.071078369147405,1968.7154768762432,8.48796712287202,8.923509778978017,93,工况5
27,节能,1.0710755913204693,1968.7098134215603,8.48169608068832,8.979645315421921,86,工况5
28,节能,1.0710746836087646,1968.7081852449646,8.465152084620481,9.129440218752679,75,工况5
29,节能,1.071074111772997,1968.703674685639,8.48832602165887,8.92030771678639,67,工况5
30,节能,1.0710740025504375,1968.7040076812896,8.546098752958587,8.419561193371743,49,工况5
31,节能,1.0710740025504375,1968.7040076812896,8.481289731229394,8.983294930896607,28,工况5
32,节能,1.0710740025504375,1968.7040076812896,8.423835064197304,9.514542340533692,18,工况5
33,节能,1.0710737876462368,1968.7054373499268,8.399518272082764,9.74874143385521,10,工况5
34,节能,1.0710737817367542,1968.705459005658,8.42348031088482,9.517918254718733,11,工况5
35,节能,1.0710737629623612,1968.7053649160778,8.515706809110526,8.679376167127,9,工况5
36,节能,1.0710737629623612,1968.7053649160778,8.395841214401129,9.784654104447624,3,工况5
37,节能,1.0710737596875093,1968.7054766601773,8.520883760151914,8.634559568402139,4,工况5
38,节能,1.071073752658848,1968.7051797316112,8.494570604237417,8.864777680021438,3,工况5
39,节能,1.0707206337716135,1968.0407841058573,8.476492840857743,9.026490330827626,5,工况5
40,节能,1.0707176939317393,1968.0496714858177,8.509785056597073,8.730925766102155,3,工况5
41,节能,1.0707174641837582,1968.048937644829,8.488219181675111,8.921260813231465,6,工况5
42,节能,1.0707174641837582,1968.048937644829,8.422328899780998,9.52888360308297,3,工况5
43,节能,1.0707174641837582,1968.048937644829,8.48377807022337,8.960969236293641,4,工况5
44,节能,1.0707174586706203,1968.0493393698323,8.501294456935588,8.80537216148807,5,工况5
45,节能,1.0697573107477791,1966.2872809644248,8.451249638421128,9.257248133018413,5,工况5
46,节能,1.0697573107477791,1966.2872809644248,8.520635089463434,8.636706997264977,7,工况5
47,节能,1.0697549118708818,1966.2242437180385,8.515162681721229,8.684100138526103,6,工况5
48,节能,1.0697363024248243,1966.2439463818307,8.493273240489694,8.87628598482966,23,工况5
49,节能,1.0697363024248243,1966.2439463818307,8.452994356705176,9.241110924475695,17,工况5
50,节能,1.0697363024248243,1966.2439463818307,8.55170416608995,8.372498101763327,25,工况5
51,节能,1.0697362461204012,1966.2447096502901,8.420874372241808,9.542753711483352,20,工况5
52,节能,1.0697362317137142,1966.245391885301,8.500548379448398,8.81194410270793,18,工况5
53,节能,1.06973622913374,1966.245126294336,8.433426664069064,9.423718924674944,5,工况5
54,节能,1.0697362282087866,1966.2452872622125,8.540700494881513,8.465135056654066,2,工况5
55,节能,1.0697362274791127,1966.2452017392638,8.443461954946326,9.329622098315104,3,工况5
56,节能,1.0697362259449574,1966.245304532089,8.569900353007645,8.221528264526013,6,工况5
57,节能,1.0697362259449574,1966.245304532089,8.544530732442869,8.432773594006823,9,工况5
58,节能,1.069736225196466,1966.245310407091,8.442162862338847,9.341750017352945,2,工况5
59,节能,1.0697190219362283,1966.2169035036686,8.490188552625387,8.903708830201635,4,工况5
60,节能,1.0696226657041783,1966.0397941428648,8.441281230375916,9.34998963437912,11,工况5
61,节能,1.0695942785831318,1965.984899709011,8.442826277199021,9.335554616859005,14,工况5
62,节能,1.0695942785831318,1965.984899709011,8.546542932468066,8.415822227258381,29,工况5
63,节能,1.0695941726227272,1965.9857507021895,8.466351253882848,9.118499036135798,38,工况5
64,节能,1.0695941726227272,1965.9857507021895,8.45122349441443,9.257490157739344,51,工况5
65,节能,1.0695941726227272,1965.9857507021895,8.478580354940716,9.007667058900358,50,工况5
66,节能,1.0695941703685143,1965.985987143988,8.45884207497873,9.187229207349615,54,工况5
67,节能,1.0695941703685143,1965.985987143988,8.505681651207277,8.766825899976434,46,工况5
68,节能,1.0695941696987765,1965.9860140212766,8.540189683822646,8.469460245838992,35,工况5
69,节能,1.0695941696987765,1965.9860140212766,8.548629541188939,8.398280007444898,9,工况5
70,节能,1.0695941696987765,1965.9860140212766,8.545334234309506,8.426000566117787,10,工况5
71,节能,1.0695941696616462,1965.9860030711345,8.42653039023002,9.488932076384117,3,工况5
72,节能,1.069594169485723,1965.9859615162904,8.472377478894726,9.063714147999471,7,工况5
73,节能,1.069594169485723,1965.9859615162904,8.464172480003135,9.138387842395938,4,工况5
74,节能,1.069594169485723,1965.9859615162904,8.487931542749784,8.923827284195124,6,工况5
75,节能,1.069594169485723,1965.9859615162904,8.507293097011747,8.752710011710493,5,工况5
76,节能,1.069594169485723,1965.9859615162904,8.504304475945805,8.778907673177565,8,工况5
77,节能,1.069594169485723,1965.9859615162904,8.511829341108756,8.713095501062723,5,工况5
78,节能,1.0695941694837319,1965.9859617186482,8.487028804768245,8.931886799293125,7,工况5
79,节能,1.0695941694836206,1965.985961465355,8.553826083256725,8.35475118970991,4,工况5
80,节能,1.0695941694824438,1965.985961818057,8.581884654204055,8.123587044269412,5,工况5
81,节能,1.0695941694824438,1965.985961818057,8.519353807636307,8.64778014538364,6,工况5
82,节能,1.0695941694824018,1965.9859613067642,8.47840847147614,9.009215460990735,6,工况5
83,节能,1.0695941694801046,1965.9859614023028,8.446624666844025,9.300161803273527,4,工况5
84,节能,1.069594169480092,1965.985961570472,8.452938321172656,9.24162876955615,4,工况5
85,节能,1.0695941694800666,1965.985961403002,8.469007875464198,9.094306783864969,6,工况5
86,节能,1.069594169479927,1965.9859614940242,8.447017326564497,9.296510721202853,6,工况5
87,节能,1.069594169479419,1965.9859612835498,8.520757234783705,8.635652128347674,2,工况5
88,节能,1.069594169479419,1965.9859612835498,8.459337781378961,9.18267616760984,1,工况5
89,节能,1.069594169479419,1965.9859612835498,8.429106562267997,9.4645184152963,3,工况5
90,节能,1.069594169479419,1965.9859612835498,8.540389206410337,8.46777056578467,4,工况5
91,节能,1.0695941694793578,1965.9859612669352,8.473917803676745,9.049763831247692,2,工况5
92,节能,1.0695941694792686,1965.9859612417622,8.533847167357308,8.52334865029744,7,工况5
93,节能,1.0695941694792446,1965.985961425219,8.52463082402291,8.602265863274226,5,工况5
94,节能,1.0695941694792446,1965.985961425219,8.501138021872077,8.806749738189229,4,工况5
95,节能,1.0695941694792281,1965.9859613790352,8.48459560386574,8.953646336241158,8,工况5
96,节能,1.0695941694792281,1965.9859613790352,8.52632854500166,8.58767400600926,4,工况5
97,节能,1.0695941694792177,1965.9859613493513,8.45134709327204,9.256346013240451,8,工况5
98,节能,1.0695941694792177,1965.9859613493513,8.428461107044086,9.47062931009158,2,工况5
99,节能,1.069594169479217,1965.9859613764393,8.4488597671421,9.279398221842417,7,工况5
100,节能,1.069594169479217,1965.9859613764393,8.507457936613367,8.751267337387263,8,工况5
101,节能,1.069594169479217,1965.9859613764393,8.483273466190115,8.96549211854849,5,工况5
102,节能,1.069594169479217,1965.9859613764393,8.4873323257449,8.929176195671776,4,工况5
103,节能,1.0695941694792168,1965.9859613657086,8.466142461700572,9.120403106219193,5,工况5
104,节能,1.0695941694792168,1965.9859613657086,8.416273831768196,9.586756677265164,8,工况5
105,节能,1.0695941694792168,1965.9859613657086,8.47763539090783,9.01618300328811,5,工况5
106,节能,1.0695941694792168,1965.9859613657086,8.487483080083685,8.92783018507952,4,工况5
107,节能,1.0693264971253746,1965.4954159893605,8.513832695524714,8.695657555738553,7,工况5
108,节能,1.0693264971253746,1965.4954159893605,8.532321953673188,8.536358497169598,6,工况5
109,节能,1.0693228306000018,1965.4886766643435,8.532321953673188,8.536358497169598,13,工况5
110,节能,1.0688725142183082,1964.660964280574,8.554604133906968,8.348253298286256,16,工况5
111,节能,1.068801261749847,1964.5299973583901,8.558159688418995,8.318623335293383,37,工况5
112,节能,1.0687852294640035,1964.5005289178175,8.487483080071149,8.927830185191437,55,工况5
113,节能,1.0687852294640035,1964.5005289178175,8.508726611218538,8.740171866512533,71,工况5
114,节能,1.0687852294640035,1964.5005289178175,8.487628719665706,8.926530034302017,84,工况5
115,节能,1.0687852294640035,1964.5005289178175,8.487089696851802,8.931342934654515,87,工况5
116,节能,1.0687846446650964,1964.4994540173316,8.480142612692989,8.993605747763759,94,工况5
117,节能,1.0687224252921188,1964.2156780307816,8.548943426477802,8.395644324571489,91,工况5
118,节能,1.0686522397509803,1964.2560847073507,8.385314530918428,9.888198092437031,90,工况5
119,节能,1.068647182890686,1964.2437897529674,8.468276821369852,9.100957644847929,85,工况5
120,节能,1.068647182890686,1964.2437897529674,8.383520720628086,9.90595156234617,77,工况5
121,节能,1.068647182890686,1964.2437897529674,8.384200492755438,9.899220060781968,62,工况5
122,节能,1.0686470990502455,1964.2449857263857,8.487218558021722,8.930192105505192,74,工况5
123,节能,1.0686470990502455,1964.2449857263857,8.58163396777064,8.125623772611487,56,工况5
124,节能,1.0686470601696272,1964.24469418375,8.443582458482874,9.328497913593077,28,工况5
125,节能,1.0686470522618399,1964.2451601189678,8.447602626051976,9.29107107031012,10,工况5
126,节能,1.0686470522618399,1964.2451601189678,8.48780025779916,8.924998925327252,8,工况5
127,节能,1.0686470522618399,1964.2451601189678,8.475568278897285,9.034839739602058,4,工况5
128,节能,1.0686470508024195,1964.245085142188,8.489456156723865,8.910232258631746,6,工况5
129,节能,1.0686470508024195,1964.245085142188,8.48468766876377,8.952822057648355,5,工况5
130,节能,1.0686470508024195,1964.245085142188,8.547923635621318,8.404210492995713,6,工况5
131,节能,1.0686470508024195,1964.245085142188,8.374055629855624,10.000157423275827,0,工况5
132,节能,1.0686470508024195,1964.245085142188,8.384219143291707,9.899035436740862,1,工况5
133,节能,1.0686470508024195,1964.245085142188,8.48738128636833,8.928739028340603,7,工况5
134,节能,1.0686470508024195,1964.245085142188,8.504353842108468,8.778474302890366,8,工况5
135,节能,1.0686470508024195,1964.245085142188,8.443140023599083,9.33262607963841,5,工况5
136,节能,1.0686470508024193,1964.2450851421877,8.530816695095565,8.549217599728326,4,工况5
137,节能,1.0686470508024193,1964.2450851421877,8.564912016965398,8.26264247077334,3,工况5
138,节能,1.0682929871071698,1963.5957537172465,8.513962213229052,8.694531387065192,6,工况5
139,节能,1.0680598765077722,1963.1672804532188,8.473924090247657,9.049706939444459,14,工况5
140,节能,1.0680461583587062,1963.1420655547033,8.48511743404651,8.948975272212062,37,工况5
141,节能,1.0680444766049833,1963.1389743760576,8.512034254033118,8.71131025809928,69,工况5
142,节能,1.0680444766049833,1963.1389743760576,8.452530788860408,9.245395799438613,87,工况5
143,节能,1.0680444766049833,1963.1389743760576,8.508600371930552,8.741275289232025,95,工况5
144,节能,1.0680444766049833,1963.1389743760576,8.532239064482317,8.537066098344251,94,工况5
145,节能,1.0679718889381102,1962.9981411759393,8.502731749739686,8.792725354202664,94,工况5
146,节能,1.0679718889381102,1962.9981411759393,8.49052248467683,8.90073609282028,88,工况5
147,节能,1.0679718889381102,1962.9981411759393,8.458191760335824,9.19320574013365,94,工况5
148,节能,1.0679718889381102,1962.9981411759393,8.492612294646191,8.882154668384434,87,工况5
149,节能,1.0679714280213388,1963.0013304057497,8.542617079679646,8.448926445041234,86,工况5
150,节能,1.0679714280213388,1963.0013304057497,8.518556519034215,8.65467767122094,75,工况5
151,节能,1.0679714273951104,1963.0015022734297,8.474049922304472,9.048568267848891,47,工况5
152,节能,1.0679714273951104,1963.0015022734297,8.535784884962169,8.50684879875453,13,工况5
153,节能,1.0679714273237262,1963.0014498016828,8.489768235060872,8.90745200201762,5,工况5
154,节能,1.0679714273195873,1963.0014584414196,8.476962857033113,9.022248731253603,7,工况5
155,节能,1.0679714273195184,1963.0014601493397,8.506104667460939,8.763118174397107,10,工况5
156,节能,1.0679714273195176,1963.0014592754558,8.465132838891414,9.129615923176441,4,工况5
157,节能,1.067971427319509,1963.0014593005951,8.458647786529578,9.189014353275308,2,工况5
158,节能,1.0679714273194956,1963.0014599346596,8.47830663657811,9.010132960244471,3,工况5
159,节能,1.0679714273194956,1963.0014599346596,8.48732116762598,8.929275829037477,5,工况5
160,节能,1.0679714273194956,1963.0014599346596,8.508336513791692,8.743582050176546,7,工况5
161,节能,1.0679714273194956,1963.0014599346596,8.487267151502236,8.929758166932503,5,工况5
162,节能,1.0679714273194953,1963.0014599044296,8.454028004339069,9.231563807061766,4,工况5
163,节能,1.0679714273194947,1963.0014597982358,8.480254464972663,8.992599848715475,4,工况5
164,节能,1.067971427319494,1963.0014598297416,8.449402162160457,9.274366487190802,4,工况5
165,节能,1.067971427319494,1963.0014598297416,8.47506168704196,9.039417875353543,5,工况5
166,节能,1.067971427319494,1963.0014598297416,8.449401190473692,9.274375498974347,5,工况5
167,节能,1.0679714273194938,1963.0014598786177,8.451753979829313,9.252580496599192,6,工况5
168,节能,1.0679714273194938,1963.0014598786177,8.433769665180597,9.420487132894777,3,工况5
169,节能,1.0679714273194938,1963.0014598786177,8.517285973683096,8.66568082022126,4,工况5
170,节能,1.0679714273194938,1963.0014598786177,8.506590928636541,8.75885804610312,7,工况5
171,节能,1.0679714273194938,1963.0014598786177,8.458965980708651,9.186090927529873,7,工况5
172,节能,1.0679714273194938,1963.0014598786177,8.543885144698304,8.43821944699063,8,工况5
173,节能,1.06782847531625,1962.741949198065,8.453045189942396,9.240641180831295,5,工况5
174,节能,1.06782847531625,1962.741949198065,8.50094538034697,8.808446447313099,6,工况5
175,节能,1.0677942975860122,1962.679128186623,8.436981560412264,9.390278055359111,7,工况5
176,节能,1.0677458576466294,1962.5900922569388,8.478040761525167,9.012528848311616,19,工况5
177,节能,1.0677377992624864,1962.5752803943915,8.497316769001046,8.840466935851797,40,工况5
178,节能,1.0677323601002873,1962.5652828413542,8.46854309110817,9.09853465783576,59,工况5
179,节能,1.0677323601002873,1962.5652828413542,8.484013058066596,8.958863764849369,84,工况5
180,节能,1.0677323601002873,1962.5652828413542,8.450227173771376,9.266718182558826,92,工况5
181,节能,1.0677323601002873,1962.5652828413542,8.542977500387984,8.445881825692107,96,工况5
182,节能,1.0677323601002873,1962.5652828413542,8.406083864294352,9.684944833428922,92,工况5
183,节能,1.0677323601002873,1962.5652828413542,8.47994798171085,8.995356352438836,98,工况5
184,节能,1.0677323601002873,1962.5652828413542,8.449084231294373,9.277315563336778,97,工况5
185,节能,1.0677323601002873,1962.5652828413542,8.43145405987016,9.442326538890224,94,工况5
186,节能,1.0677323601002873,1962.5652828413542,8.544191119576148,8.43563795878153,96,工况5
187,节能,1.0677323601002873,1962.5652828413542,8.512329910084155,8.708735087210199,99,工况5
188,节能,1.0677323601002873,1962.5652828413542,8.4882294995106,8.921168765604904,98,工况5
189,节能,1.0677323601002873,1962.5652828413542,8.47455461561709,9.04400266816607,92,工况5
190,节能,1.0677323601002873,1962.5652828413542,8.511907834768627,8.712411605149141,96,工况5
191,节能,1.0677323601002873,1962.5652828413542,8.4438211492201,9.326271553265242,95,工况5
192,节能,1.0675088140187046,1962.1543898168252,8.487662088528284,8.926232171117709,97,工况5
193,节能,1.0674003916812387,1961.9551021270008,8.446373041677404,9.302502252482492,94,工况5
194,节能,1.0673818311553012,1961.920986607796,8.479613239942514,8.99836797796137,94,工况5
195,节能,1.067380892909101,1961.9192620469535,8.589148744458482,8.064790385451715,94,工况5
196,节能,1.067380627351946,1961.9187739346953,8.436220076284354,9.3974313262604,94,工况5
197,节能,1.0673806092909555,1961.9187407373563,8.488801187432383,8.916070098735423,91,工况5
198,节能,1.0673806092909555,1961.9187407373563,8.578573696036685,8.150528477509202,92,工况5
199,节能,1.0672951098018892,1961.7615868145078,8.515556705154806,8.68067907360613,95,工况5
200,节能,1.067128059820026,1961.0608231091853,8.495959171833013,8.85247687921595,96,工况5
201,节能,1.0670393023665583,1961.2913952099134,8.454311427155176,9.228947741994272,87,工况5
202,节能,1.0669758199712736,1961.1747102149527,8.42848870741197,9.47036792084576,89,工况5
203,节能,1.0669534595745849,1961.1181388048567,8.477372809488799,9.018550796270976,85,工况5
204,节能,1.066951282593077,1961.1232047458923,8.488696020710425,8.91700782190823,84,工况5
205,节能,1.066951282593077,1961.1232047458923,8.525412877131307,8.59554106443426,85,工况5
206,节能,1.0669510013639874,1961.1253503191826,8.463141844955738,9.14781104028791,90,工况5
207,节能,1.0669509999695086,1961.1263858170619,8.487884725715924,8.924245081099182,77,工况5
208,节能,1.066950987681168,1961.1258324181092,8.451055195878482,9.259048310893217,51,工况5
209,节能,1.066950987681168,1961.1258324181092,8.432628694053653,9.431241770914172,32,工况5
210,节能,1.066950987681168,1961.1258324181092,8.521657317095285,8.627882827647586,11,工况5
211,节能,1.066950987681168,1961.1258324181092,8.498839779779033,8.827013057227722,9,工况5
212,节能,1.066950987681168,1961.1258324181092,8.547268381554288,8.409719190702617,6,工况5
213,节能,1.066950987681168,1961.1258324181092,8.493711528693806,8.8723964658136,4,工况5
214,节能,1.066950987681168,1961.1258324181092,8.48621102850136,8.939194071785867,4,工况5
215,节能,1.066950987681168,1961.1258324181092,8.519292981694711,8.648306170751527,4,工况5
216,节能,1.066950987681168,1961.1258324181092,8.48751519152184,8.92754350421556,5,工况5
217,节能,1.0669509876810577,1961.1258327938801,8.483334739179943,8.964942792870687,1,工况5
218,节能,1.0667169780986525,1960.6787904889336,8.470143899198511,9.083981301618289,5,工况5
219,节能,1.0667169780986525,1960.6787904889336,8.500712469936946,8.8104982651224,4,工况5
220,节能,1.0667169780986525,1960.6787904889336,8.472136279183223,9.065900576909529,10,工况5
221,节能,1.0667169780986525,1960.6787904889336,8.463440831924988,9.145076372825041,11,工况5
222,节能,1.0667169780986525,1960.6787904889336,8.441999254988078,9.343278521358672,10,工况5
223,节能,1.0667169780986525,1960.6787904889336,8.42885363412391,9.466912561134416,22,工况5
224,节能,1.0667169780986525,1960.6787904889336,8.515630027713364,8.680042607340386,30,工况5
225,节能,1.0667169780986525,1960.6787904889336,8.591820603100421,8.043271166522283,26,工况5
226,节能,1.0667169780986525,1960.6787904889336,8.551795992002475,8.37172932478238,19,工况5
227,节能,1.0664866302213416,1960.2755459151576,8.487602699137224,8.92676231035298,6,工况5
228,节能,1.0664553754759023,1960.218097550178,8.495418861057567,8.857261260273097,9,工况5
229,节能,1.0661824984451787,1959.7165308589404,8.489232658658231,8.912223900861697,15,工况5
230,节能,1.0660334158411209,1959.4425068114049,8.470634873408,9.079522395773168,41,工况5
231,节能,1.0660334158411209,1959.4425068114049,8.512743216119823,8.705136458154403,69,工况5
232,节能,1.0660334158411209,1959.4425068114049,8.48731848540521,8.929299779358695,85,工况5
233,节能,1.066030631340712,1959.4341831080533,8.488100365353656,8.92232086759867,92,工况5
234,节能,1.066030631340712,1959.4341831080533,8.463951614110075,9.140406423497538,93,工况5
235,节能,1.0660075240714508,1959.3949159635813,8.492556459548045,8.882650618207673,86,工况5
236,节能,1.065888590526807,1959.1763079543034,8.42942490876688,9.461505898532701,71,工况5
237,节能,1.065834455163485,1959.076803444934,8.499090069631634,8.824804021891811,62,工况5
238,节能,1.0658070500154395,1959.0264309038973,8.54052167314976,8.466648942118196,63,工况5
239,节能,1.0657997290688381,1959.0129745021113,8.49641783271483,8.848417525368836,84,工况5
240,节能,1.0657988873872466,1959.0114274336393,8.488925581356684,8.914961062766599,91,工况5
241,节能,1.0657988873872466,1959.0114274336393,8.494581029376294,8.86468526396474,95,工况5
242,节能,1.0656294999848903,1958.7000817747103,8.48791684293808,8.923958463740036,97,工况5
243,节能,1.0653517982376037,1958.189646923642,8.528755592158385,8.56685658887547,97,工况5
244,节能,1.0651333371034784,1957.788100381169,8.431384195685439,9.442986242380298,92,工况5
245,节能,1.0651286599533727,1957.7795034586038,8.38141881171417,9.926794867926938,88,工况5
246,节能,1.0651240084292737,1957.7709536383961,8.462748945132068,9.15140591980012,80,工况5
247,节能,1.0646891746223717,1956.9716992885967,8.503208420557991,8.788535117374096,78,工况5
248,节能,1.0645130327849568,1956.6479385149382,8.531529144671675,8.543128882482884,82,工况5
249,节能,1.0645130327849568,1956.6479385149382,8.48667635437034,8.935035401179977,74,工况5
250,节能,1.0645130327849568,1956.6479385149382,8.48492560380934,8.950692120927432,73,工况5
251,节能,1.0645130327849568,1956.6479385149382,8.561406108083103,8.291661381507723,85,工况5
252,节能,1.0645130327849568,1956.6479385149382,8.497583703331676,8.838107426658828,96,工况5
253,节能,1.0645130327849568,1956.6479385149382,8.462369710243353,9.154877110362385,93,工况5
254,节能,1.0645130327849568,1956.6479385149382,8.438678941334077,9.374352696061495,95,工况5
255,节能,1.0643709215067878,1956.3867282423482,8.45777547295743,9.197033552329923,90,工况5
256,节能,1.0643709215067878,1956.3867282423482,8.534889060712539,8.514472854593585,93,工况5
257,节能,1.0643132350419189,1956.2806965648679,8.483745563797847,8.961260530107168,94,工况5
258,节能,1.0642711535529403,1956.1962588537833,8.496438797082918,8.84823202583128,95,工况5
259,节能,1.0642711535529403,1956.1962588537833,8.543815499053137,8.438807152693412,78,工况5
260,节能,1.064268670534757,1956.1941025999881,8.467413611205155,9.108817075677704,69,工况5
261,节能,1.0636611626053256,1955.082142719562,8.458820342987146,9.187428866306915,62,工况5
262,节能,1.0636611626053256,1955.082142719562,8.509081308306758,8.73707230273656,49,工况5
263,节能,1.0636611626053256,1955.082142719562,8.462470895461365,9.153950818990383,27,工况5
264,节能,1.0636611626053256,1955.082142719562,8.380163274343849,9.939266157297778,6,工况5
265,节能,1.0636611626053256,1955.082142719562,8.51588160865098,8.677859148752473,10,工况5
266,节能,1.063653673142689,1955.06837657375,8.460247406310895,9.174327174227852,10,工况5
267,节能,1.063653673142689,1955.06837657375,8.484912522477321,8.9508092086687,17,工况5
268,节能,1.063639596512575,1955.0384398130068,8.451160868241061,9.258069937077414,21,工况5
269,节能,1.063639596512575,1955.0384398130068,8.56328536470981,8.276093854181095,34,工况5
270,节能,1.063639596512575,1955.0384398130068,8.395602152849426,9.786993518661564,39,工况5
271,节能,1.063639596512575,1955.0384398130068,8.481276536077035,8.983413467623961,43,工况5
272,节能,1.0635528438321147,1954.8830453879386,8.483338291951569,8.964910942532887,35,工况5
273,节能,1.0635528438321147,1954.8830453879386,8.410386420247196,9.643364331745202,20,工况5
274,节能,1.0633320827902093,1954.477271457282,8.523991302760754,8.607768954680937,24,工况5
275,节能,1.0633050069994743,1954.427504297563,8.4830496390834,8.96749906330559,36,工况5
276,节能,1.0632664246811045,1954.3462381017264,8.542667463394624,8.448500767463058,56,工况5
277,节能,1.0632651505101904,1954.3492899747139,8.469348731059227,9.091207466754575,73,工况5
278,节能,1.0632651505101904,1954.3492899747139,8.52642104214527,8.586879707429189,79,工况5
279,节能,1.0632647819914445,1954.3529233376348,8.435682441958942,9.402485066322425,80,工况5
280,节能,1.0632646452923928,1954.351805477943,8.52762782719383,8.576523439535944,67,工况5
281,节能,1.0632646452923928,1954.351805477943,8.616427136412433,7.847769322243595,43,工况5
282,节能,1.0632646452923928,1954.351805477943,8.452980654681902,9.241237547260154,15,工况5
283,节能,1.0632646452923928,1954.351805477943,8.433897786928272,9.419280240935564,4,工况5
284,节能,1.0631286239417497,1954.103300144437,8.55036331838963,8.383731876296306,7,工况5
285,节能,1.062948907483302,1953.77296897224,8.46234124219681,9.15513773553978,7,工况5
286,节能,1.06276040637178,1953.4264910054062,8.545034199504425,8.428529038851197,19,工况5
287,节能,1.0627417194639623,1953.353726711171,8.48728017766604,8.92964184719749,37,工况5
288,节能,1.0627417194639623,1953.353726711171,8.467515866815148,9.107885695651538,57,工况5
289,节能,1.0627311930625718,1953.3697043892753,8.605375093328783,7.934984270831585,63,工况5
290,节能,1.0627311930625718,1953.3697043892753,8.500128744456037,8.815642678775857,71,工况5
291,节能,1.0627311779539008,1953.3693184480576,8.517527948923814,8.663584193694891,67,工况5
292,节能,1.0627311735743596,1953.3696299152728,8.494442876602887,8.865910029419751,52,工况5
293,节能,1.0627311731899745,1953.3694556515554,8.566596562401749,8.24873539094959,30,工况5
294,节能,1.0627311731899745,1953.3694556515554,8.444250486283284,9.322268298660378,5,工况5
295,节能,1.062731171343337,1953.369635472024,8.613995315523532,7.86687691531823,9,工况5
296,节能,1.062731171343337,1953.369635472024,8.529931096667973,8.556792126891413,6,工况5
297,节能,1.062731171343337,1953.369635472024,8.46376695079107,9.142094477140745,4,工况5
298,节能,1.0625802516824079,1953.0953543347246,8.485287353735712,8.94745479429835,9,工况5
299,节能,1.0625802516824079,1953.0953543347246,8.48371771139523,8.961510126219318,6,工况5
300,节能,1.0624562668323,1952.7607631608919,8.537871038305514,8.489120705881227,17,工况5
0,最大除尘指数,-8.321293535287612,2066.0591928727995,8.321293535287612,10.541954156449167,0,工况5
1,最大除尘指数,-8.321293535287612,2066.0591928727995,8.321293535287612,10.541954156449167,0,工况5
2,最大除尘指数,-8.46458317186453,2144.728716768882,8.46458317186453,9.134635551453208,1,工况5
3,最大除尘指数,-8.505849550878713,2210.137196320316,8.505849550878713,8.765354076351105,7,工况5
4,最大除尘指数,-8.594248107515345,2224.6835461245437,8.594248107515345,8.023769769695022,26,工况5
5,最大除尘指数,-8.653574050947988,2180.141241624313,8.653574050947988,7.561597021447809,64,工况5
6,最大除尘指数,-8.689276036563315,2169.08122132797,8.689276036563315,7.296395276745612,93,工况5
7,最大除尘指数,-8.751781449042182,2219.9714967268224,8.751781449042182,6.854291935614727,100,工况5
8,最大除尘指数,-8.78011173862429,2204.9803344977436,8.78011173862429,6.662832713150629,100,工况5
9,最大除尘指数,-8.87202997963052,2243.3101169560605,8.87202997963052,6.077700914620648,100,工况5
10,最大除尘指数,-8.977817887104532,2278.9920886216637,8.977817887104532,5.467593518997577,100,工况5
11,最大除尘指数,-8.979161972998432,2236.8092493544027,8.979161972998432,5.460249540249852,100,工况5
12,最大除尘指数,-9.024068595758033,2259.0131873390633,9.024068595758033,5.220472261193781,100,工况5
13,最大除尘指数,-9.025895380580383,2275.094985806875,9.025895380580383,5.210944287130418,100,工况5
14,最大除尘指数,-9.103570396234323,2292.176066047198,9.103570396234323,4.821504753281579,100,工况5
15,最大除尘指数,-9.156332123309705,2310.2582024722283,9.156332123309705,4.573708399153745,100,工况5
16,最大除尘指数,-9.181241187209302,2269.1797400147116,9.181241187209302,4.461188801089553,100,工况5
17,最大除尘指数,-9.181241187209302,2269.1797400147116,9.181241187209302,4.461188801089553,100,工况5
18,最大除尘指数,-9.201274660912986,2309.892316678785,9.201274660912986,4.3727049711186226,100,工况5
19,最大除尘指数,-9.236321861349897,2285.9066756784523,9.236321861349897,4.222108313748184,100,工况5
20,最大除尘指数,-9.328966312582994,2329.380262993676,9.328966312582994,3.848525748391158,100,工况5
21,最大除尘指数,-9.328966312582994,2329.380262993676,9.328966312582994,3.848525748391158,100,工况5
22,最大除尘指数,-9.328966312582994,2329.380262993676,9.328966312582994,3.848525748391158,100,工况5
23,最大除尘指数,-9.406019109015297,2304.4259226143836,9.406019109015297,3.5631228166400155,100,工况5
24,最大除尘指数,-9.406019109015297,2304.4259226143836,9.406019109015297,3.5631228166400155,100,工况5
25,最大除尘指数,-9.418834413920322,2310.6894892818445,9.418834413920322,3.5177516549145937,100,工况5
26,最大除尘指数,-9.429597794297052,2337.9718419262917,9.429597794297052,3.4800917930658852,100,工况5
27,最大除尘指数,-9.432918565632013,2312.3261575693846,9.432918565632013,3.4685543711688265,100,工况5
28,最大除尘指数,-9.447847191305971,2316.2189391862144,9.447847191305971,3.4171582128614273,100,工况5
29,最大除尘指数,-9.447847191305971,2316.2189391862144,9.447847191305971,3.4171582128614273,100,工况5
30,最大除尘指数,-9.449027752927146,2313.2768819918983,9.449027752927146,3.4131264273757145,100,工况5
31,最大除尘指数,-9.45110810439276,2322.847136857331,9.45110810439276,3.4060333054616496,100,工况5
32,最大除尘指数,-9.460679914577815,2322.4806164100996,9.460679914577815,3.373586934157904,100,工况5
33,最大除尘指数,-9.46730104494285,2316.7565841225287,9.46730104494285,3.351323760290884,100,工况5
34,最大除尘指数,-9.46730104494285,2316.7565841225287,9.46730104494285,3.351323760290884,100,工况5
35,最大除尘指数,-9.46730104494285,2316.7565841225287,9.46730104494285,3.351323760290884,100,工况5
36,最大除尘指数,-9.471004480469484,2330.658160338822,9.471004480469484,3.3389353029018,100,工况5
37,最大除尘指数,-9.47131702705542,2330.8444469184396,9.47131702705542,3.337891893137788,100,工况5
38,最大除尘指数,-9.47151970328236,2331.904494125824,9.47151970328236,3.3372154503547073,100,工况5
39,最大除尘指数,-9.476617869299638,2337.816761701075,9.476617869299638,3.3202450676244784,100,工况5
40,最大除尘指数,-9.476617869299638,2337.816761701075,9.476617869299638,3.3202450676244784,100,工况5
41,最大除尘指数,-9.477282761664293,2331.603761679881,9.477282761664293,3.318038195777652,100,工况5
42,最大除尘指数,-9.48070138133334,2333.421329409239,9.48070138133334,3.3067144519539435,100,工况5
43,最大除尘指数,-9.48070138133334,2333.421329409239,9.48070138133334,3.3067144519539435,100,工况5
44,最大除尘指数,-9.480803858005949,2333.5085239531927,9.480803858005949,3.3063756082217246,100,工况5
45,最大除尘指数,-9.482455402250569,2333.7643566560237,9.482455402250569,3.300919489366436,100,工况5
46,最大除尘指数,-9.483033205045272,2335.011459973097,9.483033205045272,3.2990127597702816,100,工况5
47,最大除尘指数,-9.486189344013729,2329.1950628995187,9.486189344013729,3.288617030853808,100,工况5
48,最大除尘指数,-9.486932532123244,2334.346873092764,9.486932532123244,3.2861738777533467,100,工况5
49,最大除尘指数,-9.487191805806747,2334.3906193089983,9.487191805806747,3.285321969790862,100,工况5
50,最大除尘指数,-9.487482906646424,2334.5799453762215,9.487482906646424,3.2843657489919384,100,工况5
51,最大除尘指数,-9.48778109012641,2339.6424788664394,9.48778109012641,3.2833865513808886,100,工况5
52,最大除尘指数,-9.488500438073569,2339.5297109702224,9.488500438073569,3.2810255033147753,100,工况5
53,最大除尘指数,-9.4892133089449,2338.5293345666328,9.4892133089449,3.278687389291076,100,工况5
54,最大除尘指数,-9.489805366368563,2346.4993178984378,9.489805366368563,3.276746792611397,100,工况5
55,最大除尘指数,-9.490089558737715,2340.416485282242,9.490089558737715,3.2758156984884814,100,工况5
56,最大除尘指数,-9.49088991969812,2339.4422626910205,9.49088991969812,3.2731949124172606,100,工况5
57,最大除尘指数,-9.49089308488241,2339.4387802764113,9.49089308488241,3.27318455216854,100,工况5
58,最大除尘指数,-9.494404860458594,2342.7089481087746,9.494404860458594,3.261710022381151,100,工况5
59,最大除尘指数,-9.495841925397796,2342.16843836755,9.495841925397796,3.257026099622817,100,工况5
60,最大除尘指数,-9.496189066178664,2341.3643324977033,9.496189066178664,3.2558956492633504,100,工况5
61,最大除尘指数,-9.49895712074147,2344.221988884858,9.49895712074147,3.2468956144956564,100,工况5
62,最大除尘指数,-9.49895712074147,2344.221988884858,9.49895712074147,3.2468956144956564,100,工况5
63,最大除尘指数,-9.499656789553853,2347.923816180932,9.499656789553853,3.2446246574486803,100,工况5
64,最大除尘指数,-9.501534334141724,2350.3996380762615,9.501534334141724,3.238538445338633,100,工况5
65,最大除尘指数,-9.501655959873704,2350.4168123991844,9.501655959873704,3.2381445796822588,100,工况5
66,最大除尘指数,-9.501818049427012,2345.745845280989,9.501818049427012,3.237619752809416,100,工况5
67,最大除尘指数,-9.502990947723505,2357.4777438885512,9.502990947723505,3.233824580227462,100,工况5
68,最大除尘指数,-9.504288424386896,2351.855033043292,9.504288424386896,3.2296314891082916,100,工况5
69,最大除尘指数,-9.504288424386896,2351.855033043292,9.504288424386896,3.2296314891082916,100,工况5
70,最大除尘指数,-9.506317524452296,2359.3575216610534,9.506317524452296,3.2230848877433185,100,工况5
71,最大除尘指数,-9.506317524452296,2359.3575216610534,9.506317524452296,3.2230848877433185,100,工况5
72,最大除尘指数,-9.507167306667984,2353.739091356377,9.507167306667984,3.2203471309393326,100,工况5
73,最大除尘指数,-9.507640419653738,2360.360786587411,9.507640419653738,3.218823903250864,100,工况5
74,最大除尘指数,-9.509739923960595,2355.182633951331,9.509739923960595,3.212073057797291,100,工况5
75,最大除尘指数,-9.509761434788166,2355.1863804963605,9.509761434788166,3.212003964190733,100,工况5
76,最大除尘指数,-9.509794671533653,2355.192011032349,9.509794671533653,3.2118972094065716,100,工况5
77,最大除尘指数,-9.512526222123824,2367.436299383513,9.512526222123824,3.203135721360292,100,工况5
78,最大除尘指数,-9.5126209721635,2365.124432877215,9.5126209721635,3.202832238501341,100,工况5
79,最大除尘指数,-9.512705183865304,2361.7255678602737,9.512705183865304,3.2025625339042456,100,工况5
80,最大除尘指数,-9.512748563826543,2361.7335263507616,9.512748563826543,3.2024236098789403,100,工况5
81,最大除尘指数,-9.514830289681266,2371.46556276319,9.514830289681266,3.1957639760234766,100,工况5
82,最大除尘指数,-9.514830289681266,2371.46556276319,9.514830289681266,3.1957639760234766,100,工况5
83,最大除尘指数,-9.514830289681266,2371.46556276319,9.514830289681266,3.1957639760234766,100,工况5
84,最大除尘指数,-9.515292938463638,2371.1147536473723,9.515292938463638,3.1942858016753672,100,工况5
85,最大除尘指数,-9.515292938463638,2371.1147536473723,9.515292938463638,3.1942858016753672,100,工况5
86,最大除尘指数,-9.515292938463638,2371.1147536473723,9.515292938463638,3.1942858016753672,100,工况5
87,最大除尘指数,-9.51656673288813,2377.9371302327418,9.51656673288813,3.190219528578771,100,工况5
88,最大除尘指数,-9.517083955082972,2373.4996492717255,9.517083955082972,3.1885699028804577,100,工况5
89,最大除尘指数,-9.517344863654504,2367.6889734144706,9.517344863654504,3.187738086180641,100,工况5
90,最大除尘指数,-9.517628565058917,2367.3190333144485,9.517628565058917,3.1868338486814785,100,工况5
91,最大除尘指数,-9.517720784055609,2367.334961563434,9.517720784055609,3.186539975611879,100,工况5
92,最大除尘指数,-9.517920951805506,2362.162408073324,9.517920951805506,3.185902196908497,100,工况5
93,最大除尘指数,-9.518009590606555,2362.1795440442966,9.518009590606555,3.1856198148726906,100,工况5
94,最大除尘指数,-9.518009590606555,2362.1795440442966,9.518009590606555,3.1856198148726906,100,工况5
95,最大除尘指数,-9.518066689880557,2362.189249902624,9.518066689880557,3.185437923486996,100,工况5
96,最大除尘指数,-9.518066689880557,2362.189249902624,9.518066689880557,3.185437923486996,100,工况5
97,最大除尘指数,-9.518079464278253,2362.1903627453003,9.518079464278253,3.185397231696032,100,工况5
98,最大除尘指数,-9.518257167404045,2358.21543287178,9.518257167404045,3.1848312269429697,100,工况5
99,最大除尘指数,-9.518257167404045,2358.21543287178,9.518257167404045,3.1848312269429697,100,工况5
100,最大除尘指数,-9.518290686694973,2357.2415540971842,9.518290686694973,3.1847244754476427,100,工况5
101,最大除尘指数,-9.51831338378383,2357.2454527523046,9.51831338378383,3.184652192293549,100,工况5
102,最大除尘指数,-9.51831338378383,2357.2454527523046,9.51831338378383,3.184652192293549,100,工况5
103,最大除尘指数,-9.51831338378383,2357.2454527523046,9.51831338378383,3.184652192293549,100,工况5
104,最大除尘指数,-9.518350954378828,2356.2799582960233,9.518350954378828,3.1845325452634428,100,工况5
105,最大除尘指数,-9.518352783486588,2357.252288523927,9.518352783486588,3.184526720415581,100,工况5
106,最大除尘指数,-9.518354896932621,2356.2807083617363,9.518354896932621,3.1845199900973276,100,工况5
107,最大除尘指数,-9.518527550691148,2352.5041231218615,9.518527550691148,3.1839702182133887,100,工况5
108,最大除尘指数,-9.518533125612569,2352.505356885843,9.518533125612569,3.1839524678790956,100,工况5
109,最大除尘指数,-9.518541934801197,2352.506739778998,9.518541934801197,3.183924419964762,100,工况5
110,最大除尘指数,-9.518541934801197,2352.506739778998,9.518541934801197,3.183924419964762,100,工况5
111,最大除尘指数,-9.518541978598998,2352.5067546576834,9.518541978598998,3.1839242805158774,100,工况5
112,最大除尘指数,-9.518541978598998,2352.5067546576834,9.518541978598998,3.1839242805158774,100,工况5
113,最大除尘指数,-9.518542613226323,2352.506965081937,9.518542613226323,3.183922259911169,100,工况5
114,最大除尘指数,-9.518546939161107,2352.507754803308,9.518546939161107,3.183908486500908,100,工况5
115,最大除尘指数,-9.518546939161107,2352.507754803308,9.518546939161107,3.183908486500908,100,工况5
116,最大除尘指数,-9.518547539054866,2352.5077890908015,9.518547539054866,3.183906576494649,100,工况5
117,最大除尘指数,-9.518700947701769,2348.8511653039295,9.518700947701769,3.183418175158338,100,工况5
118,最大除尘指数,-9.518702410066684,2348.851381035831,9.518702410066684,3.183413519842692,100,工况5
119,最大除尘指数,-9.518702410066684,2348.851381035831,9.518702410066684,3.183413519842692,100,工况5
120,最大除尘指数,-9.51881022453659,2346.1856383624554,9.51881022453659,3.183070320302827,100,工况5
121,最大除尘指数,-9.518810438688394,2346.1856672258327,9.518810438688394,3.183069638642649,100,工况5
122,最大除尘指数,-9.51881125927315,2346.1857647161496,9.51881125927315,3.183067026665299,100,工况5
123,最大除尘指数,-9.51881125927315,2346.1857647161496,9.51881125927315,3.183067026665299,100,工况5
124,最大除尘指数,-9.518811383724803,2346.185792973454,9.518811383724803,3.183066630527372,100,工况5
125,最大除尘指数,-9.518917127777335,2343.5835653995223,9.518917127777335,3.1827300579579654,100,工况5
126,最大除尘指数,-9.518917127777335,2343.5835653995223,9.518917127777335,3.1827300579579654,100,工况5
127,最大除尘指数,-9.518917601866733,2343.583626305479,9.518917601866733,3.182728549059749,100,工况5
128,最大除尘指数,-9.518917718146152,2343.5836408199857,9.518917718146152,3.182728178973941,100,工况5
129,最大除尘指数,-9.518919949560248,2343.5840543536015,9.518919949560248,3.1827210769973444,100,工况5
130,最大除尘指数,-9.51895379905147,2342.7301240933502,9.51895379905147,3.1826133453315264,100,工况5
131,最大除尘指数,-9.518987465223633,2341.8830644768095,9.518987465223633,3.182506200726299,100,工况5
132,最大除尘指数,-9.519057417905946,2340.209213874701,9.519057417905946,3.1822835836675005,100,工况5
133,最大除尘指数,-9.519092475707096,2339.382241745982,9.519092475707096,3.1821720217579927,100,工况5
134,最大除尘指数,-9.519092475707096,2339.382241745982,9.519092475707096,3.1821720217579927,100,工况5
135,最大除尘指数,-9.519092475707096,2339.382241745982,9.519092475707096,3.1821720217579927,100,工况5
136,最大除尘指数,-9.519092475707096,2339.382241745982,9.519092475707096,3.1821720217579927,100,工况5
137,最大除尘指数,-9.51909271001014,2339.382253870892,9.51909271001014,3.1821712761654872,100,工况5
138,最大除尘指数,-9.519159310506947,2337.7469019604414,9.519159310506947,3.1819593490348765,100,工况5
139,最大除尘指数,-9.519225542289714,2336.136657294117,9.519225542289714,3.181748609173411,100,工况5
140,最大除尘指数,-9.519321999987781,2333.7669647846683,9.519321999987781,3.1814417198278995,100,工况5
141,最大除尘指数,-9.51932255891395,2333.767033011623,9.51932255891395,3.181439941637363,100,工况5
142,最大除尘指数,-9.519322828059655,2333.767067602288,9.519322828059655,3.1814390853665833,100,工况5
143,最大除尘指数,-9.519322828059655,2333.767067602288,9.519322828059655,3.1814390853665833,100,工况5
144,最大除尘指数,-9.519354403629693,2332.98906812702,9.519354403629693,3.1813386311998797,100,工况5
145,最大除尘指数,-9.519354590375311,2332.9890925258333,9.519354590375311,3.1813380370988855,100,工况5
146,最大除尘指数,-9.519354593364064,2332.9890928415266,9.519354593364064,3.1813380275906544,100,工况5
147,最大除尘指数,-9.519479348750561,2329.935058144683,9.519479348750561,3.180941163291436,100,工况5
148,最大除尘指数,-9.519479377519739,2329.9350647766205,9.519479377519739,3.1809410717783777,100,工况5
149,最大除尘指数,-9.51951013633284,2329.1857142888266,9.51951013633284,3.1808432313111985,100,工况5
150,最大除尘指数,-9.51951013633284,2329.1857142888266,9.51951013633284,3.1808432313111985,100,工况5
151,最大除尘指数,-9.519570643014799,2327.7035044741115,9.519570643014799,3.180650774863952,100,工况5
152,最大除尘指数,-9.519570643014799,2327.7035044741115,9.519570643014799,3.180650774863952,100,工况5
153,最大除尘指数,-9.519570664471807,2327.703505260182,9.519570664471807,3.1806507066167016,100,工况5
154,最大除尘指数,-9.519570699966188,2327.7035095704564,9.519570699966188,3.1806505937214764,100,工况5
155,最大除尘指数,-9.519570699966188,2327.7035095704564,9.519570699966188,3.1806505937214764,100,工况5
156,最大除尘指数,-9.519570721259793,2327.703514024317,9.519570721259793,3.1806505259939595,100,工况5
157,最大除尘指数,-9.519570727037129,2327.7035146880744,9.519570727037129,3.180650507618273,100,工况5
158,最大除尘指数,-9.519570732341442,2327.7035156202364,9.519570732341442,3.1806504907471056,100,工况5
159,最大除尘指数,-9.519570757044274,2327.7035197948258,9.519570757044274,3.180650412176033,100,工况5
160,最大除尘指数,-9.519570757044274,2327.7035197948258,9.519570757044274,3.180650412176033,100,工况5
161,最大除尘指数,-9.519570757504978,2327.7035197947325,9.519570757504978,3.180650410710696,100,工况5
162,最大除尘指数,-9.519718389043412,2324.0916524777977,9.519718389043412,3.180180881056887,100,工况5
163,最大除尘指数,-9.519718389043412,2324.0916524777977,9.519718389043412,3.180180881056887,100,工况5
164,最大除尘指数,-9.519718391943277,2324.091652843453,9.519718391943277,3.1801808718347915,100,工况5
165,最大除尘指数,-9.519718417271859,2324.0916556758093,9.519718417271859,3.1801807912853204,100,工况5
166,最大除尘指数,-9.519718417271859,2324.0916556758093,9.519718417271859,3.1801807912853204,100,工况5
167,最大除尘指数,-9.51974731764926,2323.3848745811465,9.51974731764926,3.180088884188329,100,工况5
168,最大除尘指数,-9.51974731764926,2323.3848745811465,9.51974731764926,3.180088884188329,100,工况5
169,最大除尘指数,-9.51986080801728,2320.6078676819866,9.51986080801728,3.1797279952096282,100,工况5
170,最大除尘指数,-9.519860808231282,2320.6078676158318,9.519860808231282,3.179727994529157,100,工况5
171,最大除尘指数,-9.519860823010003,2320.6078696230634,9.519860823010003,3.179727947536846,100,工况5
172,最大除尘指数,-9.519860826579539,2320.607870033721,9.519860826579539,3.1797279361866937,100,工况5
173,最大除尘指数,-9.519860826579539,2320.607870033721,9.519860826579539,3.1797279361866937,100,工况5
174,最大除尘指数,-9.519971160557407,2317.908544292123,9.519971160557407,3.1793771235085884,100,工况5
175,最大除尘指数,-9.519971160557407,2317.908544292123,9.519971160557407,3.1793771235085884,100,工况5
176,最大除尘指数,-9.51997116074226,2317.908544249559,9.51997116074226,3.179377122920871,100,工况5
177,最大除尘指数,-9.519971167384575,2317.908545432788,9.519971167384575,3.1793771018024466,100,工况5
178,最大除尘指数,-9.520078450020291,2315.2836824502724,9.520078450020291,3.179036028142999,100,工况5
179,最大除尘指数,-9.520078451803071,2315.2836827395768,9.520078451803071,3.179036022475477,100,工况5
180,最大除尘指数,-9.520078454811909,2315.2836831354107,9.520078454811909,3.1790360129102733,100,工况5
181,最大除尘指数,-9.520078456874748,2315.2836835426224,9.520078456874748,3.179036006352435,100,工况5
182,最大除尘指数,-9.520078457547884,2315.2836835648404,9.520078457547884,3.1790360042125103,100,工况5
183,最大除尘指数,-9.520078457547884,2315.2836835648404,9.520078457547884,3.1790360042125103,100,工况5
184,最大除尘指数,-9.520078458446026,2315.2836837359905,9.520078458446026,3.1790360013572845,100,工况5
185,最大除尘指数,-9.520078458772531,2315.2836837322543,9.520078458772531,3.1790360003193134,100,工况5
186,最大除尘指数,-9.520078458772531,2315.2836837322543,9.520078458772531,3.1790360003193134,100,工况5
187,最大除尘指数,-9.520078459068445,2315.2836838099743,9.520078459068445,3.179035999378591,100,工况5
188,最大除尘指数,-9.520078459395474,2315.2836838433814,9.520078459395474,3.1790359983389536,100,工况5
189,最大除尘指数,-9.520078459549051,2315.283683901634,9.520078459549051,3.1790359978507277,100,工况5
190,最大除尘指数,-9.520078459716348,2315.2836838875596,9.520078459716348,3.1790359973188838,100,工况5
191,最大除尘指数,-9.520078459716348,2315.2836838875596,9.520078459716348,3.1790359973188838,100,工况5
192,最大除尘指数,-9.520078459941395,2315.2836839251413,9.520078459941395,3.1790359966034525,100,工况5
193,最大除尘指数,-9.520078459978736,2315.283683944824,9.520078459978736,3.1790359964847448,100,工况5
194,最大除尘指数,-9.520078460060326,2315.2836839585616,9.520078460060326,3.1790359962253674,100,工况5
195,最大除尘指数,-9.520078460060326,2315.2836839585616,9.520078460060326,3.1790359962253674,100,工况5
196,最大除尘指数,-9.520078460107104,2315.2836839539477,9.520078460107104,3.179035996076657,100,工况5
197,最大除尘指数,-9.520078460151517,2315.2836839615943,9.520078460151517,3.179035995935468,100,工况5
198,最大除尘指数,-9.520078460171447,2315.283683967572,9.520078460171447,3.1790359958721077,100,工况5
199,最大除尘指数,-9.520078460235956,2315.283683974438,9.520078460235956,3.1790359956670327,100,工况5
200,最大除尘指数,-9.520078460495224,2315.2836840254945,9.520078460495224,3.17903599484281,100,工况5
0,节能,1.1973371796051504,1996.6182541866503,8.940805841464165,6.131980350106553,6,工况6
1,节能,1.1423951671303296,1904.9997636749354,9.285032429392619,4.346153358956631,15,工况6
2,节能,1.1423951671303296,1904.9997636749354,9.041330039488395,5.545537545568526,38,工况6
3,节能,1.1360111570991354,1894.3541149969278,9.131726526038863,5.066230611426169,77,工况6
4,节能,1.1296524861780382,1883.7507205231877,9.144034337131053,5.004258554598864,85,工况6
5,节能,1.1237583501268142,1873.9219606441918,9.019594967153903,5.667389640292785,87,工况6
6,节能,1.1158250738666953,1860.6928348254457,8.971072051303842,5.949169004420635,84,工况6
7,节能,1.1061877935565692,1844.6221989881315,9.093733810427587,5.2624136354473245,86,工况6
8,节能,1.1061877935565692,1844.6221989881315,8.885225545657292,6.482446933804648,80,工况6
9,节能,1.1061877935565692,1844.6221989881315,8.775865870589566,7.2315813104580515,80,工况6
10,节能,1.1061877935565692,1844.6221989881315,8.726825202148177,7.595062733357169,89,工况6
11,节能,1.105494312224561,1843.4657849804403,8.598218076395275,8.637433772187524,79,工况6
12,节能,1.104504047116835,1841.81446952457,8.688157234781091,7.894500384652411,80,工况6
13,节能,1.104504047116835,1841.81446952457,8.65715923112785,8.143046450834929,79,工况6
14,节能,1.1040367399918662,1841.0352120589896,8.568715186537341,8.896059371563279,82,工况6
15,节能,1.1038774880472593,1840.7696516596027,8.570202907818821,8.882834354723656,78,工况6
16,节能,1.1036778077596199,1840.4366750227011,8.542801993370485,9.129597467243599,86,工况6
17,节能,1.1034974379141882,1840.1358994917746,8.671883270806124,8.024026290833442,84,工况6
18,节能,1.1031971804054987,1839.635205424124,8.623856871441458,8.418795169804623,85,工况6
19,节能,1.1027669137108456,1838.9177146860543,8.547599674252016,9.085901475546137,88,工况6
20,节能,1.102559034472198,1838.5710658977096,8.567741005444079,8.904729967086988,85,工况6
21,节能,1.1025199614221963,1838.5059096775494,8.740678630729198,7.490570532981159,82,工况6
22,节能,1.1025199614221963,1838.5059096775494,8.507836321558973,9.454466510205432,82,工况6
23,节能,1.102348125265908,1838.2193644902636,8.656254163692468,8.15041979318508,92,工况6
24,节能,1.102348125265908,1838.2193644902636,8.626580842110565,8.39589382415047,78,工况6
25,节能,1.102348125265908,1838.2193644902636,8.573688455110705,8.851926711811329,78,工况6
26,节能,1.102348125265908,1838.2193644902636,8.55897943531691,8.983092169834842,81,工况6
27,节能,1.1023321855551935,1838.187346252793,8.480077044445803,9.720592306895686,79,工况6
28,节能,1.1023321855551935,1838.187346252793,8.612193611766749,8.517560607894511,85,工况6
29,节能,1.1023321855551935,1838.187346252793,8.66753852102453,8.058964521282295,75,工况6
30,节能,1.1018248153846917,1837.3467196920978,8.578441115077794,8.809956328578036,71,工况6
31,节能,1.1017782850176245,1837.2691280313336,8.601580753517519,8.608437650866826,67,工况6
32,节能,1.1016210840767815,1836.9757789775776,8.560347247435896,8.970813386947372,73,工况6
33,节能,1.1014141834650049,1836.6500586305506,8.606612507364279,8.565230905616755,70,工况6
34,节能,1.1014071728600852,1836.6502803744538,8.52983337838462,9.248766761920228,76,工况6
35,节能,1.1014071728600852,1836.6502803744538,8.45559940585232,9.961465428334906,72,工况6
36,节能,1.1014055012047284,1836.6406909304278,8.53714303647714,9.181407924071358,65,工况6
37,节能,1.1014055012047284,1836.6406909304278,8.528841129028493,9.257948399268264,64,工况6
38,节能,1.101405294207611,1836.6383517272327,8.64150579507018,8.271515979311733,56,工况6
39,节能,1.1014029500814115,1836.6360917874476,8.59432056968317,8.671163917325226,60,工况6
40,节能,1.1014029500814115,1836.6360917874476,8.704871167086553,7.76364880799684,59,工况6
41,节能,1.1014005754650327,1836.6392461716343,8.676464203121748,7.987352832943036,52,工况6
42,节能,1.1001071681686367,1834.4824590274793,8.687996212480835,7.895771677614233,45,工况6
43,节能,1.1001071681686367,1834.4824590274793,8.684344661166632,7.924656197618669,35,工况6
44,节能,1.0999300890855943,1834.1871710036382,8.566860891968469,8.912570589740405,30,工况6
45,节能,1.0998717874460922,1834.0231721243658,8.646484277718825,8.230438716593216,31,工况6
46,节能,1.0998490987759102,1834.0521157046949,8.620655165014547,8.445792876709868,43,工况6
47,节能,1.0998432898886061,1834.0419141650834,8.56478385483084,8.931101567949995,46,工况6
48,节能,1.0992766777941392,1833.0975757465687,8.513816626281045,9.398094647953831,53,工况6
49,节能,1.098272671933258,1830.8474271915122,8.564746491529514,8.931435269623108,47,工况6
50,节能,1.098272671933258,1830.8474271915122,8.628670619614184,8.378366594497804,35,工况6
51,节能,1.098272671933258,1830.8474271915122,8.535591319877648,9.195665926482457,34,工况6
52,节能,1.0980212610626605,1831.0041070016089,8.652171728375409,8.183761365897974,50,工况6
53,节能,1.0975939680168627,1830.2893623352252,8.663364404408659,8.092673883457811,63,工况6
54,节能,1.0975908993446495,1830.2864577898051,8.596495694267007,8.652323553016029,71,工况6
55,节能,1.0975901895247508,1830.2852689736458,8.575157094910649,8.838935961637526,72,工况6
56,节能,1.0975901895247508,1830.2852689736458,8.623658336363551,8.42046676188888,82,工况6
57,节能,1.0975901895247508,1830.2852689736458,8.670242298452447,8.037204305563662,78,工况6
58,节能,1.0975896297580612,1830.2835167959634,8.50783722892311,9.454457931565473,73,工况6
59,节能,1.0975895192792544,1830.283181589543,8.60608588894455,8.569742701874118,63,工况6
60,节能,1.0975893232442324,1830.282579838491,8.555132703752152,9.017714262288713,40,工况6
61,节能,1.0975892681741874,1830.2821789656764,8.505745126540067,9.474258330543414,26,工况6
62,节能,1.0975892681741874,1830.2821789656764,8.697135869482238,7.823935810369686,17,工况6
63,节能,1.0975892681741874,1830.2821789656764,8.647219505949467,8.224389689678373,9,工况6
64,节能,1.0975892681741874,1830.2821789656764,8.593427495700645,8.678911367226029,8,工况6
65,节能,1.0975892681741874,1830.2821789656764,8.58144341244465,8.783545885730327,4,工况6
66,节能,1.0975892681741874,1830.2821789656764,8.511425586939698,9.420592748193586,3,工况6
67,节能,1.0975892681741874,1830.2821789656764,8.64846853002073,8.21412364158974,7,工况6
68,节能,1.0975892681741874,1830.2821789656764,8.611724314029479,8.521558817916937,7,工况6
69,节能,1.0975892681741874,1830.2821789656764,8.575511878537728,8.835800608096473,9,工况6
70,节能,1.0975892681741874,1830.2821789656764,8.587394431673308,8.731430060213551,4,工况6
71,节能,1.0975892681741874,1830.2821789656764,8.609172472829727,8.543332252152355,10,工况6
72,节能,1.0975892653600898,1830.2820576973734,8.557464678190748,8.996709683723408,4,工况6
73,节能,1.0975892551956932,1830.282054808345,8.576639136274624,8.82584599526062,4,工况6
74,节能,1.0975892551956932,1830.282054808345,8.558063635561075,8.991322651611993,4,工况6
75,节能,1.0975869715060314,1830.2799079446195,8.600721617866853,8.615836644463702,10,工况6
76,节能,1.097465356926945,1830.0771096913663,8.617237736741984,8.474705142730194,15,工况6
77,节能,1.0974615733658857,1830.0708004184182,8.623604258741468,8.42092213302078,29,工况6
78,节能,1.0974615456702073,1830.0707542345212,8.642301327607553,8.264938335928361,54,工况6
79,节能,1.0974615456702073,1830.0707542345212,8.617839459828687,8.46960725090623,75,工况6
80,节能,1.0974615456702073,1830.0707542345212,8.530845223611706,9.239413174405223,91,工况6
81,节能,1.0974615188959131,1830.0707095870775,8.6201761909743,8.449839161202373,94,工况6
82,节能,1.0974615188959131,1830.0707095870775,8.573921978088855,8.849859824865415,96,工况6
83,节能,1.0974615188959131,1830.0707095870775,8.457512055489577,9.942430844144868,97,工况6
84,节能,1.0974615188959131,1830.0707095870775,8.55611108687532,9.008895797466952,90,工况6
85,节能,1.0974615188959131,1830.0707095870775,8.641321750317884,8.273038448518204,95,工况6
86,节能,1.0974615173071132,1830.0707069376758,8.609421959570408,8.541201069896116,94,工况6
87,节能,1.0974615173071132,1830.0707069376758,8.524574038092847,9.297537311640246,95,工况6
88,节能,1.0974615173071132,1830.0707069376758,8.604868464093213,8.580182072894429,96,工况6
89,节能,1.0974615147435793,1830.070702662858,8.60538640565558,8.575739190662212,97,工况6
90,节能,1.0974615147435793,1830.070702662858,8.493867251072828,9.58746337791763,95,工况6
91,节能,1.0974615133627454,1830.07070036025,8.569904821627636,8.885482599666396,97,工况6
92,节能,1.097017075362493,1829.329578277621,8.70852184965093,7.735357862708471,95,工况6
93,节能,1.0969527540212596,1829.2223192980885,8.554417614090069,9.024165042701606,94,工况6
94,节能,1.0967584250596751,1828.8982662588733,8.580441193700072,8.792353332817932,96,工况6
95,节能,1.0967224776676423,1828.8300832117698,8.579085102640976,8.804284652710633,91,工况6
96,节能,1.0967213640830245,1828.8361921504318,8.613182266393297,8.509143843514707,79,工况6
97,节能,1.0967213640830245,1828.8361921504318,8.650214256570841,8.199796537104632,80,工况6
98,节能,1.096721012656264,1828.834533652971,8.59747404489171,8.643862686384757,65,工况6
99,节能,1.0967210023390677,1828.8343011614897,8.600860433295912,8.61464071641175,65,工况6
100,节能,1.0967210016030853,1828.8342659207765,8.52100027261556,9.330823973442245,40,工况6
101,节能,1.0967210009535062,1828.8341146220268,8.517020052369833,9.36803671625934,9,工况6
102,节能,1.0967210007283212,1828.8341559065002,8.617891187185116,8.469169151844106,7,工况6
103,节能,1.0967210007239208,1828.834173803643,8.643996826693984,8.250937013499236,7,工况6
104,节能,1.0967210007162251,1828.8341675143602,8.615461797794085,8.489769074017019,9,工况6
105,节能,1.0962682415793155,1828.0808613528386,8.541963936820064,9.13725179313471,7,工况6
106,节能,1.096260395216221,1828.0677771589708,8.746119641956467,7.4499249314743174,10,工况6
107,节能,1.0962519214401663,1828.053646723333,8.584010140308918,8.761029822423374,10,工况6
108,节能,1.0962207836422282,1828.0017229237405,8.689253412307561,7.885851352051685,25,工况6
109,节能,1.0962187263556586,1827.998292297858,8.646715630115564,8.228534805115656,43,工况6
110,节能,1.0962185231016717,1827.9979533619025,8.538145639899913,9.172207226157143,81,工况6
111,节能,1.0962185231016717,1827.9979533619025,8.513015582919511,9.405625945327808,96,工况6
112,节能,1.0962185231016717,1827.9979533619025,8.589117981537967,8.716393966565791,96,工况6
113,节能,1.0962185231016717,1827.9979533619025,8.570669369404243,8.87869181996929,93,工况6
114,节能,1.0962185231016717,1827.9979533619025,8.59719140561985,8.646306126730337,96,工况6
115,节能,1.0962185231016717,1827.9979533619025,8.60741768627941,8.558337138018922,92,工况6
116,节能,1.0955142743887711,1826.8235842204313,8.611726933400247,8.521536496824101,96,工况6
117,节能,1.0955142743887711,1826.8235842204313,8.617708116457997,8.470719750729122,91,工况6
118,节能,1.0955142743887711,1826.8235842204313,8.631633961882315,8.353575377203262,91,工况6
119,节能,1.0955142743887711,1826.8235842204313,8.537921552659604,9.174262831070806,86,工况6
120,节能,1.0955142743887711,1826.8235842204313,8.556074904716112,9.00922176466605,81,工况6
121,节能,1.0955142743887711,1826.8235842204313,8.52550320343814,9.288902374437159,93,工况6
122,节能,1.0955142743887711,1826.8235842204313,8.610465525039379,8.532292416586007,97,工况6
123,节能,1.0955142743887711,1826.8235842204313,8.505614241449141,9.475498450861316,96,工况6
124,节能,1.0955005547549694,1826.800706060665,8.569290122581725,8.89094617639854,96,工况6
125,节能,1.0955005547549694,1826.800706060665,8.669883818637983,8.040085997555277,95,工况6
126,节能,1.0955005547549694,1826.800706060665,8.56072757617816,8.96740217750645,93,工况6
127,节能,1.0955004776267416,1826.8005774455762,8.601219545039077,8.611547653178242,95,工况6
128,节能,1.0955004776267416,1826.8005774455762,8.612792857331007,8.512458026484262,96,工况6
129,节能,1.0955004228225849,1826.8004860569667,8.500037574345408,9.528487765921678,95,工况6
130,节能,1.0955004228225849,1826.8004860569667,8.543406831833064,9.124077205149257,95,工况6
131,节能,1.0955001377062688,1826.8000106115776,8.588238996024666,8.724058918788106,95,工况6
132,节能,1.095500129428624,1826.7999968082004,8.502194566898405,9.507957039041885,97,工况6
133,节能,1.0955001291508153,1826.799996344941,8.588816151345357,8.719025234513666,95,工况6
134,节能,1.0954191239220001,1826.6649161676178,8.57970417654027,8.798835836664104,95,工况6
135,节能,1.095313304428902,1826.4884569920678,8.700822113794748,7.795147963603857,96,工况6
136,节能,1.0952715225768237,1826.4187837120808,8.67255747851072,8.018618253761261,98,工况6
137,节能,1.095260394872726,1826.400227721749,8.55349071457666,9.0325334146094,98,工况6
138,节能,1.095099210033558,1826.1314441262316,8.573496732045943,8.853623993028352,94,工况6
139,节能,1.095099210033558,1826.1314441262316,8.511293251686258,9.421839507215738,98,工况6
140,节能,1.0950412283659108,1826.0347568621887,8.530676914055288,9.240968386813057,95,工况6
141,节能,1.0950265454982164,1826.0102724628387,8.641989780202806,8.267513657163809,96,工况6
142,节能,1.0950250703535793,1826.007812587074,8.523762506365236,9.305085620589132,97,工况6
143,节能,1.0950193661557577,1825.9983005584743,8.614028079815881,8.501949738301425,97,工况6
144,节能,1.0950193661557577,1825.9983005584743,8.592396626835225,8.687862799824114,98,工况6
145,节能,1.0950193661557577,1825.9983005584743,8.498893828356422,9.539392170330727,97,工况6
146,节能,1.0950193661557577,1825.9983005584743,8.511703088374134,9.417978882885185,96,工况6
147,节能,1.0950193661557577,1825.9983005584743,8.604179220367897,8.586097948055965,94,工况6
148,节能,1.0950193661557577,1825.9983005584743,8.55977040512748,8.975989624442725,98,工况6
149,节能,1.0950193661557577,1825.9983005584743,8.633141585089051,8.34099082187285,93,工况6
150,节能,1.0950193661557577,1825.9983005584743,8.612152430757101,8.517911376862541,95,工况6
151,节能,1.0950193646665634,1825.99829807517,8.49214865569321,9.603954514918124,96,工况6
152,节能,1.0950193643441284,1825.998297537494,8.59297109051273,8.682873371470356,97,工况6
153,节能,1.095019363897022,1825.998296791922,8.503599112919359,9.494612049834906,95,工况6
154,节能,1.095019363897022,1825.998296791922,8.52748953844379,9.27046981516612,97,工况6
155,节能,1.0950193637946484,1825.9982966212092,8.523841255184308,9.304352884936552,94,工况6
156,节能,1.0950193625201543,1825.9982944959281,8.513146807708244,9.40439177502887,92,工况6
157,节能,1.0950193625201543,1825.9982944959281,8.61893344563422,8.460346687181529,95,工况6
158,节能,1.0950193625201543,1825.9982944959281,8.637731181058923,8.302796758715749,99,工况6
159,节能,1.0950193625201543,1825.9982944959281,8.511291306531595,9.421857834168616,92,工况6
160,节能,1.0950193625201543,1825.9982944959281,8.516431207838597,9.37355465789357,94,工况6
161,节能,1.0950193625201543,1825.9982944959281,8.452309934490334,9.994287337353597,92,工况6
162,节能,1.0950193625201543,1825.9982944959281,8.51270516539253,9.408546069678904,89,工况6
163,节能,1.0950193625201543,1825.9982944959281,8.568410296764172,8.898772102608133,96,工况6
164,节能,1.0950193625201543,1825.9982944959281,8.59162124345328,8.69460183659463,96,工况6
165,节能,1.0950193625201543,1825.9982944959281,8.525523888414323,9.288710235699973,94,工况6
166,节能,1.094350387587869,1824.8827461072658,8.683497531312248,7.931372254754012,95,工况6
167,节能,1.094350387587869,1824.8827461072658,8.567689368812074,8.905189789223133,97,工况6
168,节能,1.094350387587869,1824.8827461072658,8.607470301463312,8.55788685138257,94,工况6
169,节能,1.094350387587869,1824.8827461072658,8.531166703057929,9.23644337036555,91,工况6
170,节能,1.094350387587869,1824.8827461072658,8.480517659625395,9.716310209818408,93,工况6
171,节能,1.094350387587869,1824.8827461072658,8.527543740721454,9.269967348204679,94,工况6
172,节能,1.094350387587869,1824.8827461072658,8.64335382266483,8.256244105301066,96,工况6
173,节能,1.0941172217262511,1824.4939306395017,8.610677225344814,8.530486318857818,94,工况6
174,节能,1.0941172217262511,1824.4939306395017,8.53368945384487,9.213171492500901,90,工况6
175,节能,1.0939074638959916,1824.1441492078477,8.590554328216626,8.70388319009905,95,工况6
176,节能,1.0938943780206438,1824.1223278712714,8.625588180702703,8.404232241862235,94,工况6
177,节能,1.0938866366769329,1824.1094188023571,8.591984617085117,8.691443021497706,93,工况6
178,节能,1.0938858546838455,1824.108114790672,8.574567460868392,8.844149235988809,93,工况6
179,节能,1.0938858546838455,1824.108114790672,8.626503347633637,8.39654448476169,91,工况6
180,节能,1.0937460211239634,1823.874935496682,8.574257050851784,8.846894974630377,99,工况6
181,节能,1.093363834913541,1823.2376213154928,8.57149636309897,8.871352233131082,94,工况6
182,节能,1.0933491302049103,1823.2131004953137,8.613391411090753,8.507364387288352,94,工况6
183,节能,1.0933190511938602,1823.1629422745941,8.616551381989494,8.480523793481739,99,工况6
184,节能,1.0933190511938602,1823.1629422745941,8.61550940568347,8.489364903650962,96,工况6
185,节能,1.0933190511938602,1823.1629422745941,8.517163061416941,9.366697098046325,93,工况6
186,节能,1.0933190511938602,1823.1629422745941,8.646719474725028,8.228503169673678,98,工况6
187,节能,1.0933190511938602,1823.1629422745941,8.510322980297254,9.430985684941124,98,工况6
188,节能,1.0930673338742263,1822.7431913440819,8.574255509213813,8.84690861335011,95,工况6
189,节能,1.0930673338742263,1822.7431913440819,8.582980725980436,8.770053195652846,94,工况6
190,节能,1.0930673338742263,1822.7431913440819,8.61489685323556,8.494566677921025,96,工况6
191,节能,1.0929955707726733,1822.6235228655794,8.534684623699226,9.2040073826478,94,工况6
192,节能,1.0929825210720983,1822.6017618522046,8.575859361746735,8.832730849122767,96,工况6
193,节能,1.0929825210720983,1822.6017618522046,8.589332943016997,8.71452047899798,93,工况6
194,节能,1.0929822253689025,1822.601268752676,8.59201293647026,8.691196888660517,99,工况6
195,节能,1.0929822253689025,1822.601268752676,8.534158137979972,9.208854436935143,94,工况6
196,节能,1.0929822253689025,1822.601268752676,8.540029945989104,9.154940253469478,96,工况6
197,节能,1.0929141104702513,1822.4876838307798,8.657289595754518,8.141984954816687,94,工况6
198,节能,1.0929141104702513,1822.4876838307798,8.618076157365614,8.467602752970423,99,工况6
199,节能,1.0929141104702513,1822.4876838307798,8.5936178775741,8.677259217095092,96,工况6
200,节能,1.0929141104702513,1822.4876838307798,8.640126981093433,8.282928727373084,95,工况6
201,节能,1.0929141104702513,1822.4876838307798,8.682358806682744,7.9404090479192435,95,工况6
202,节能,1.0929141104702513,1822.4876838307798,8.542357537072053,9.133656076210409,94,工况6
203,节能,1.0929041953632743,1822.4711499053997,8.592191329278325,8.689646579928178,96,工况6
204,节能,1.0929041953632743,1822.4711499053997,8.541554890166246,9.140990119928695,97,工况6
205,节能,1.0929041953632743,1822.4711499053997,8.689137951275747,7.88676191315168,97,工况6
206,节能,1.0929041953632743,1822.4711499053997,8.504248424933639,9.48844908522003,98,工况6
207,节能,1.092903471107872,1822.469942174126,8.64933232369852,8.207031397078527,95,工况6
208,节能,1.092903471107872,1822.469942174126,8.58988188361838,8.709738037643678,95,工况6
209,节能,1.092903471107872,1822.469942174126,8.595966193877763,8.656906174848178,96,工况6
210,节能,1.092903471107872,1822.469942174126,8.56447713885151,8.933841299652165,97,工况6
211,节能,1.0929032147599032,1822.4695147013617,8.551366532280861,9.051740554686246,98,工况6
212,节能,1.0929032147599032,1822.4695147013617,8.49580186254733,9.568933291293861,94,工况6
213,节能,1.0929032147599032,1822.4695147013617,8.655287799793584,8.158299871532344,94,工况6
214,节能,1.0929031375669735,1822.4693859783797,8.628964089854884,8.375908153993844,98,工况6
215,节能,1.0929031375669735,1822.4693859783797,8.515066089572555,9.386359406584448,92,工况6
216,节能,1.0929029780261996,1822.4691199363433,8.653999137783549,8.168819939593442,92,工况6
217,节能,1.0929029780261996,1822.4691199363433,8.546517972823253,9.095735025677616,97,工况6
218,节能,1.0929029780261996,1822.4691199363433,8.524105876107285,9.301891084224794,95,工况6
219,节能,1.092902955033874,1822.4690815955169,8.59030537457881,8.706050323229004,95,工况6
220,节能,1.092902955033874,1822.4690815955169,8.57494874098286,8.840777780531047,91,工况6
221,节能,1.092902955033874,1822.4690815955169,8.574029795394349,8.848905708261162,94,工况6
222,节能,1.092902955033874,1822.4690815955169,8.50380047467323,9.492700390574207,97,工况6
223,节能,1.092902955033874,1822.4690815955169,8.758955119629547,7.354912654760208,93,工况6
224,节能,1.0929029550191354,1822.4690815709394,8.648538637461288,8.213547790590766,95,工况6
225,节能,1.0929029550191354,1822.4690815709394,8.562988958389663,8.94714636543748,92,工况6
226,节能,1.0929029550191354,1822.4690815709394,8.578030982999673,8.813570315330525,96,工况6
227,节能,1.0929029550191354,1822.4690815709394,8.52870813227408,9.259179758239448,94,工况6
228,节能,1.0929029550191354,1822.4690815709394,8.605357783496345,8.575984650347658,92,工况6
229,节能,1.0929029549584364,1822.4690814697205,8.667043300792052,8.062956471931841,96,工况6
230,节能,1.0929029549584364,1822.4690814697205,8.56894266364432,8.894035951863481,97,工况6
231,节能,1.092902954910774,1822.4690813902416,8.583890084915534,8.762081694445339,97,工况6
232,节能,1.0929029548029292,1822.469081210405,8.543833834637555,9.120182030278748,93,工况6
233,节能,1.0929029547724585,1822.4690811595935,8.521483803213604,9.326313325152233,96,工况6
234,节能,1.0929029547724585,1822.4690811595935,8.597806669677862,8.640988001529395,94,工况6
235,节能,1.0929029547724585,1822.4690811595935,8.489428673511288,9.630112658790162,95,工况6
236,节能,1.0929029547724585,1822.4690811595935,8.621647751707718,8.437413854228218,96,工况6
237,节能,1.0929029547724585,1822.4690811595935,8.657821204005062,8.137657758727382,95,工况6
238,节能,1.0929029547724585,1822.4690811595935,8.634311995094965,8.3312341535206,96,工况6
239,节能,1.0929029547724585,1822.4690811595935,8.639562151893182,8.28760848889046,91,工况6
240,节能,1.0929029547724585,1822.4690811595935,8.608561716565472,8.548551739598045,95,工况6
241,节能,1.0929029547724585,1822.4690811595935,8.58908039064331,8.716721629771714,96,工况6
242,节能,1.0929029547724585,1822.4690811595935,8.532964351332131,9.219854408907338,94,工况6
243,节能,1.092902954771691,1822.4690811583139,8.564611561218513,8.932640472269076,93,工况6
244,节能,1.0929029547706375,1822.4690811565567,8.78116968929175,7.193327848644401,93,工况6
245,节能,1.0929029547706375,1822.4690811565567,8.596199922405225,8.654883045356302,95,工况6
246,节能,1.092902954770396,1822.469081156154,8.653033155795185,8.176714684998307,92,工况6
247,节能,1.092902954770267,1822.4690811559394,8.594575189146944,8.668956351274865,93,工况6
248,节能,1.092902954770267,1822.4690811559394,8.539039713000893,9.164010267285871,93,工况6
249,节能,1.092902954770045,1822.469081155569,8.56085015736946,8.966303010034666,95,工况6
250,节能,1.0929029547700155,1822.4690811555197,8.629829107619964,8.368665977399257,96,工况6
251,节能,1.0929029547700155,1822.4690811555197,8.526347554921909,9.281062586168915,97,工况6
252,节能,1.0929029547699762,1822.4690811554542,8.520463743680951,9.335831573728834,97,工况6
253,节能,1.092902954769963,1822.469081155432,8.492967196915584,9.596096498743686,90,工况6
254,节能,1.092902954769948,1822.4690811554074,8.58819126217068,8.724475361681835,95,工况6
255,节能,1.092902954769948,1822.4690811554074,8.485614149976428,9.666917101249261,93,工况6
256,节能,1.092902954769906,1822.4690811553373,8.696914772890855,7.8256658471541325,95,工况6
257,节能,1.092902954769906,1822.4690811553373,8.573804014537323,8.850903847338001,94,工况6
258,节能,1.0929029547699025,1822.4690811553312,8.594415293084737,8.670342594083312,94,工况6
259,节能,1.0929029547699025,1822.4690811553312,8.579224395384285,8.803058365156941,95,工况6
260,节能,1.0929029547699025,1822.4690811553312,8.583898279366757,8.762009894288468,92,工况6
261,节能,1.0929029547698992,1822.4690811553257,8.512644361182016,9.409118166287525,96,工况6
262,节能,1.0929029547698992,1822.4690811553257,8.621161253369683,8.441519640693773,95,工况6
263,节能,1.0929029547698987,1822.469081155325,8.593660498075497,8.67688939583755,98,工况6
264,节能,1.0929029547698985,1822.4690811553248,8.517402694163817,9.364452799606006,90,工况6
265,节能,1.0929029547698985,1822.4690811553248,8.557771648069242,8.993948388683835,93,工况6
266,节能,1.0929029547698978,1822.4690811553237,8.568184593874783,8.900780807860475,90,工况6
267,节能,1.0929029547698976,1822.4690811553232,8.52689034287466,9.276026304148662,95,工况6
268,节能,1.0929029547698976,1822.4690811553232,8.600660752675168,8.616361064971908,94,工况6
269,节能,1.0929029547698976,1822.4690811553232,8.638597930279447,8.295603433951612,96,工况6
270,节能,1.0929029547698976,1822.4690811553232,8.612913196088584,8.511433709495178,95,工况6
271,节能,1.0929029547698976,1822.4690811553232,8.563287835452781,8.944472668181783,97,工况6
272,节能,1.0929029547698976,1822.4690811553232,8.580872904616683,8.78855839711797,96,工况6
273,节能,1.0929029547698976,1822.4690811553232,8.565972407445747,8.920492789621896,97,工况6
274,节能,1.0929029547698976,1822.4690811553232,8.618873885141042,8.460850604609307,92,工况6
275,节能,1.0929029547698976,1822.4690811553232,8.523692023765978,9.305741490323415,96,工况6
276,节能,1.0929029547698976,1822.4690811553232,8.642595064952832,8.262510971403929,93,工况6
277,节能,1.0929029547698976,1822.4690811553232,8.486561482143559,9.657763656083334,95,工况6
278,节能,1.0929029547698976,1822.4690811553232,8.576951134098502,8.823092780037124,95,工况6
279,节能,1.0929029547698976,1822.4690811553232,8.654453009359127,8.165113185675596,90,工况6
280,节能,1.0929029547698976,1822.4690811553232,8.530242172950667,9.244986689014594,95,工况6
281,节能,1.0929029547698976,1822.4690811553232,8.6875061870955,7.899641754313536,95,工况6
282,节能,1.0929029547698976,1822.4690811553232,8.661179584570657,8.110374246912512,97,工况6
283,节能,1.0929029547698976,1822.4690811553232,8.705411857852207,7.759452209411868,97,工况6
284,节能,1.0929029547698976,1822.4690811553232,8.636384550768277,8.313985087908856,98,工况6
285,节能,1.0929029547698976,1822.4690811553232,8.605247583525953,8.576929775677641,99,工况6
286,节能,1.0929029547698976,1822.4690811553232,8.523817488495945,9.304574021219818,92,工况6
287,节能,1.0929029547698976,1822.4690811553232,8.571187723655152,8.874090704928692,95,工况6
288,节能,1.0929029547698976,1822.4690811553232,8.554060768907448,9.027385847154369,97,工况6
289,节能,1.0929023439888836,1822.4680626481368,8.661986801086366,8.103830060514847,95,工况6
290,节能,1.0929023439888836,1822.4680626481368,8.5804575055175,8.7922099147253,96,工况6
291,节能,1.0929023439888836,1822.4680626481368,8.510083554421175,9.433243977287045,100,工况6
292,节能,1.0929023439888836,1822.4680626481368,8.53907487070773,9.163688087363033,96,工况6
293,节能,1.0929023439888836,1822.4680626481368,8.653300743042264,8.174526993137878,97,工况6
294,节能,1.0929023439888836,1822.4680626481368,8.58893006196455,8.718032101515712,94,工况6
295,节能,1.0929023439888836,1822.4680626481368,8.587469725481657,8.73077266234129,94,工况6
296,节能,1.0929023439888836,1822.4680626481368,8.67897934625982,7.967288739883911,95,工况6
297,节能,1.0929023439888836,1822.4680626481368,8.54197220956456,9.137176203297894,96,工况6
298,节能,1.0929023439888836,1822.4680626481368,8.562915326568326,8.947805184374857,97,工况6
299,节能,1.0929000630467383,1822.4642590656524,8.510571335439794,9.428643741975872,96,工况6
300,节能,1.0929000630467383,1822.4642590656524,8.523366589294332,9.308770392216408,93,工况6
0,最大除尘指数,-8.94974050809174,1969.506640235631,8.94974050809174,6.07743717529351,6,工况6
1,最大除尘指数,-8.94974050809174,1969.506640235631,8.94974050809174,6.07743717529351,10,工况6
2,最大除尘指数,-9.057587571001248,1982.381877750082,9.057587571001248,5.456109701853611,26,工况6
3,最大除尘指数,-9.110924214543195,1966.5262249826303,9.110924214543195,5.172723729968375,67,工况6
4,最大除尘指数,-9.413724370128453,2003.3152507514503,9.413724370128453,3.82133266841674,96,工况6
5,最大除尘指数,-9.445238596103367,2045.285035780258,9.445238596103367,3.702784121208351,100,工况6
6,最大除尘指数,-9.445238596103367,2045.285035780258,9.445238596103367,3.702784121208351,100,工况6
7,最大除尘指数,-9.488106024484933,2013.0011183872448,9.488106024484933,3.5474093392902812,100,工况6
8,最大除尘指数,-9.59540119855825,2031.759757244626,9.59540119855825,3.1864976536360397,100,工况6
9,最大除尘指数,-9.657245865273039,2035.7388032225094,9.657245865273039,2.9953998626183775,100,工况6
10,最大除尘指数,-9.668165253752385,2043.6313441583015,9.668165253752385,2.9628698549831163,100,工况6
11,最大除尘指数,-9.788690485699904,2180.505211225743,9.788690485699904,2.626449967945029,100,工况6
12,最大除尘指数,-9.788690485699904,2180.505211225743,9.788690485699904,2.626449967945029,100,工况6
13,最大除尘指数,-9.832070742263006,2187.8077220481114,9.832070742263006,2.5149498317086487,100,工况6
14,最大除尘指数,-9.879681425331256,2194.6962334443065,9.879681425331256,2.3980170643448213,100,工况6
15,最大除尘指数,-9.896032246066223,2196.060487250261,9.896032246066223,2.359126331355128,100,工况6
16,最大除尘指数,-9.969710040712048,2197.129087478694,9.969710040712048,2.19155986469996,100,工况6
17,最大除尘指数,-9.982292013979784,2208.5488900714186,9.982292013979784,2.1641584604188,100,工况6
18,最大除尘指数,-9.997453890479413,2201.53664611028,9.997453890479413,2.131593255767022,100,工况6
19,最大除尘指数,-10.168730203225135,2226.2488610980904,10.168730203225135,1.796056439971023,100,工况6
20,最大除尘指数,-10.168730203225135,2226.2488610980904,10.168730203225135,1.796056439971023,100,工况6
21,最大除尘指数,-10.218887630378907,2237.5040856546757,10.218887630378907,1.7081927966659183,100,工况6
22,最大除尘指数,-10.218887630378907,2237.5040856546757,10.218887630378907,1.7081927966659183,100,工况6
23,最大除尘指数,-10.218887630378907,2237.5040856546757,10.218887630378907,1.7081927966659183,100,工况6
24,最大除尘指数,-10.295210354193072,2245.3875437777874,10.295210354193072,1.5826699201778387,100,工况6
25,最大除尘指数,-10.295210354193072,2245.3875437777874,10.295210354193072,1.5826699201778387,100,工况6
26,最大除尘指数,-10.354182504991286,2263.0570565528105,10.354182504991286,1.492035198503701,100,工况6
27,最大除尘指数,-10.388314201155943,2258.2127010903287,10.388314201155943,1.4419687925250972,100,工况6
28,最大除尘指数,-10.431463727729463,2263.1227775841735,10.431463727729463,1.381071808105835,100,工况6
29,最大除尘指数,-10.431463727729463,2263.1227775841735,10.431463727729463,1.381071808105835,100,工况6
30,最大除尘指数,-10.431463727729463,2263.1227775841735,10.431463727729463,1.381071808105835,100,工况6
31,最大除尘指数,-10.464983166786128,2288.0798668824536,10.464983166786128,1.3355463127791911,100,工况6
32,最大除尘指数,-10.46569959901067,2272.755389941983,10.46569959901067,1.334589827032866,100,工况6
33,最大除尘指数,-10.473091209268501,2267.3656040025285,10.473091209268501,1.3247614277743414,100,工况6
34,最大除尘指数,-10.490580714408726,2269.7147029187927,10.490580714408726,1.3017934407932383,100,工况6
35,最大除尘指数,-10.49972999629319,2288.9808758476292,10.49972999629319,1.289937286004996,100,工况6
36,最大除尘指数,-10.51182325928656,2270.618020857655,10.51182325928656,1.2744316808113625,100,工况6
37,最大除尘指数,-10.522519134020145,2282.2833410685266,10.522519134020145,1.2608731585841761,100,工况6
38,最大除尘指数,-10.527802560954504,2296.520558638653,10.527802560954504,1.2542289948099807,100,工况6
39,最大除尘指数,-10.534718491553942,2291.117558630335,10.534718491553942,1.2455847600444538,100,工况6
40,最大除尘指数,-10.5397534833668,2299.0232450982094,10.5397534833668,1.239329013008819,100,工况6
41,最大除尘指数,-10.544513943270639,2289.348195346239,10.544513943270639,1.2334432575015093,100,工况6
42,最大除尘指数,-10.544513943270639,2289.348195346239,10.544513943270639,1.2334432575015093,100,工况6
43,最大除尘指数,-10.555441237606203,2294.5999222172204,10.555441237606203,1.2200384325983678,100,工况6
44,最大除尘指数,-10.555441237606203,2294.5999222172204,10.555441237606203,1.2200384325983678,100,工况6
45,最大除尘指数,-10.557947448554163,2294.9729121673363,10.557947448554163,1.2169845873103622,100,工况6
46,最大除尘指数,-10.562240970930027,2295.632584526375,10.562240970930027,1.2117706378676012,100,工况6
47,最大除尘指数,-10.562240970930027,2295.632584526375,10.562240970930027,1.2117706378676012,100,工况6
48,最大除尘指数,-10.562240970930027,2295.632584526375,10.562240970930027,1.2117706378676012,100,工况6
49,最大除尘指数,-10.563910580115168,2297.115543414545,10.563910580115168,1.2097491425035396,100,工况6
50,最大除尘指数,-10.565528178262232,2297.3624459691678,10.565528178262232,1.2077938364083303,100,工况6
51,最大除尘指数,-10.569414618197913,2312.4246286406806,10.569414618197913,1.2031089279130787,100,工况6
52,最大除尘指数,-10.569439185752382,2307.5511430341476,10.569439185752382,1.2030793708320342,100,工况6
53,最大除尘指数,-10.570304784481387,2304.824525468017,10.570304784481387,1.202038437438055,100,工况6
54,最大除尘指数,-10.572227751010768,2311.952101500877,10.572227751010768,1.1997291787809825,100,工况6
55,最大除尘指数,-10.573649130558069,2318.395105716917,10.573649130558069,1.1980251196082863,100,工况6
56,最大除尘指数,-10.57399250153664,2316.3574518213645,10.57399250153664,1.1976138231682851,100,工况6
57,最大除尘指数,-10.574319999252843,2312.905594622652,10.574319999252843,1.197221671594182,100,工况6
58,最大除尘指数,-10.57469961152681,2317.898243807335,10.57469961152681,1.1967672778051717,100,工况6
59,最大除尘指数,-10.5771001634982,2320.2019817495125,10.5771001634982,1.1938978212748803,100,工况6
60,最大除尘指数,-10.577463122536143,2320.262167665972,10.577463122536143,1.1934645639023638,100,工况6
61,最大除尘指数,-10.577463122536143,2320.262167665972,10.577463122536143,1.1934645639023638,100,工况6
62,最大除尘指数,-10.578464654847608,2321.8493497904174,10.578464654847608,1.1922698689416933,100,工况6
63,最大除尘指数,-10.578464654847608,2321.8493497904174,10.578464654847608,1.1922698689416933,100,工况6
64,最大除尘指数,-10.579475572146656,2320.1205660130627,10.579475572146656,1.19106519172316,100,工况6
65,最大除尘指数,-10.57984906678623,2319.525589820386,10.57984906678623,1.1906204183240794,100,工况6
66,最大除尘指数,-10.57984906678623,2319.525589820386,10.57984906678623,1.1906204183240794,100,工况6
67,最大除尘指数,-10.57984906678623,2319.525589820386,10.57984906678623,1.1906204183240794,100,工况6
68,最大除尘指数,-10.579992904087467,2319.9800310123665,10.579992904087467,1.1904491750121924,100,工况6
69,最大除尘指数,-10.580068881235146,2319.2755901046035,10.580068881235146,1.190358731515281,100,工况6
70,最大除尘指数,-10.58039441364815,2317.224504100701,10.58039441364815,1.1899712942301885,100,工况6
71,最大除尘指数,-10.58039441364815,2317.224504100701,10.58039441364815,1.1899712942301885,100,工况6
72,最大除尘指数,-10.580597424173714,2316.8207768564484,10.580597424173714,1.1897297420519883,100,工况6
73,最大除尘指数,-10.580745454199395,2314.108761412612,10.580745454199395,1.1895536393622834,100,工况6
74,最大除尘指数,-10.580884630554548,2314.1255453644962,10.580884630554548,1.1893880931428245,100,工况6
75,最大除尘指数,-10.580884630554548,2314.1255453644962,10.580884630554548,1.1893880931428245,100,工况6
76,最大除尘指数,-10.581469294203957,2314.5001460802123,10.581469294203957,1.188692904405319,100,工况6
77,最大除尘指数,-10.584070032493285,2317.2861154632146,10.584070032493285,1.185605441835899,100,工况6
78,最大除尘指数,-10.584088127721136,2317.28866850413,10.584088127721136,1.1855839882293917,100,工况6
79,最大除尘指数,-10.584786264253895,2314.9660960231727,10.584786264253895,1.184756577590959,100,工况6
80,最大除尘指数,-10.584875389609904,2314.9768100652236,10.584875389609904,1.184650990444513,100,工况6
81,最大除尘指数,-10.584875389609904,2314.9768100652236,10.584875389609904,1.184650990444513,100,工况6
82,最大除尘指数,-10.587270321031431,2316.3514884836163,10.587270321031431,1.1818172272526755,100,工况6
83,最大除尘指数,-10.587271419014444,2316.3516863853624,10.587271419014444,1.181815929638148,100,工况6
84,最大除尘指数,-10.587368806013377,2314.3648675588965,10.587368806013377,1.1817008417355934,100,工况6
85,最大除尘指数,-10.587835235037469,2315.5946234760413,10.587835235037469,1.1811497906883053,100,工况6
86,最大除尘指数,-10.587835235037469,2315.5946234760413,10.587835235037469,1.1811497906883053,100,工况6
87,最大除尘指数,-10.587909484782005,2313.604730856052,10.587909484782005,1.1810620938738614,100,工况6
88,最大除尘指数,-10.5881870223962,2316.8284936786245,10.5881870223962,1.1807343502008134,100,工况6
89,最大除尘指数,-10.588760462710884,2314.073605694742,10.588760462710884,1.1800574636190524,100,工况6
90,最大除尘指数,-10.588760462710884,2314.073605694742,10.588760462710884,1.1800574636190524,100,工况6
91,最大除尘指数,-10.59006365028515,2313.6549147858623,10.59006365028515,1.1785206290049295,100,工况6
92,最大除尘指数,-10.59045713620143,2315.0160479433903,10.59045713620143,1.1780569889592682,100,工况6
93,最大除尘指数,-10.592288355949785,2314.673181906095,10.592288355949785,1.1759016817592465,100,工况6
94,最大除尘指数,-10.592326285656945,2315.783286256059,10.592326285656945,1.1758570809986606,100,工况6
95,最大除尘指数,-10.592326285656945,2315.783286256059,10.592326285656945,1.1758570809986606,100,工况6
96,最大除尘指数,-10.592596424033928,2315.2073684816814,10.592596424033928,1.1755394797753063,100,工况6
97,最大除尘指数,-10.592738573988374,2315.227217853302,10.592738573988374,1.175372388768078,100,工况6
98,最大除尘指数,-10.592778754557033,2313.9213826629507,10.592778754557033,1.1753251625859051,100,工况6
99,最大除尘指数,-10.593106394745067,2316.459547593324,10.593106394745067,1.174940141906202,100,工况6
100,最大除尘指数,-10.59359025955975,2315.7057640234125,10.59359025955975,1.1743717672315175,100,工况6
101,最大除尘指数,-10.59368117116175,2314.4074058799943,10.59368117116175,1.1742650080657124,100,工况6
102,最大除尘指数,-10.59449392975212,2316.1933135085856,10.59449392975212,1.1733110018339314,100,工况6
103,最大除尘指数,-10.59449392975212,2316.1933135085856,10.59449392975212,1.1733110018339314,100,工况6
104,最大除尘指数,-10.594534120937494,2314.888258879705,10.594534120937494,1.1732638460215863,100,工况6
105,最大除尘指数,-10.594565980790744,2314.891725480418,10.594565980790744,1.1732264666030834,100,工况6
106,最大除尘指数,-10.595447448143194,2315.378773290086,10.595447448143194,1.1721927614313543,100,工况6
107,最大除尘指数,-10.595447448143194,2315.378773290086,10.595447448143194,1.1721927614313543,100,工况6
108,最大除尘指数,-10.595447448143194,2315.378773290086,10.595447448143194,1.1721927614313543,100,工况6
109,最大除尘指数,-10.595447448143194,2315.378773290086,10.595447448143194,1.1721927614313543,100,工况6
110,最大除尘指数,-10.5954516196017,2315.379309963871,10.5954516196017,1.172187871688087,100,工况6
111,最大除尘指数,-10.5954516196017,2315.379309963871,10.5954516196017,1.172187871688087,100,工况6
112,最大除尘指数,-10.5954516196017,2315.379309963871,10.5954516196017,1.172187871688087,100,工况6
113,最大除尘指数,-10.595455346956141,2315.37991976166,10.595455346956141,1.1721835025365601,100,工况6
114,最大除尘指数,-10.59546143420635,2315.3806876458375,10.59546143420635,1.1721763671840082,100,工况6
115,最大除尘指数,-10.595462392209187,2315.3809471764243,10.595462392209187,1.1721752442362596,100,工况6
116,最大除尘指数,-10.595464036478136,2315.3811156811653,10.595464036478136,1.1721733168664878,100,工况6
117,最大除尘指数,-10.595470645337006,2315.382083346866,10.595470645337006,1.172165570164064,100,工况6
118,最大除尘指数,-10.595470645337006,2315.382083346866,10.595470645337006,1.172165570164064,100,工况6
119,最大除尘指数,-10.595472917535119,2315.382382496323,10.595472917535119,1.172162906774693,100,工况6
120,最大除尘指数,-10.595473222133224,2315.3824382701464,10.595473222133224,1.1721625497361474,100,工况6
121,最大除尘指数,-10.595473222133224,2315.3824382701464,10.595473222133224,1.1721625497361474,100,工况6
122,最大除尘指数,-10.595473789078541,2315.382529202041,10.595473789078541,1.172161885184267,100,工况6
123,最大除尘指数,-10.595473976231531,2315.382551623726,10.595473976231531,1.172161665810686,100,工况6
124,最大除尘指数,-10.595475661865523,2315.382788750645,10.595475661865523,1.1721596899768036,100,工况6
125,最大除尘指数,-10.595475886109362,2315.3828192400183,10.595475886109362,1.1721594271272437,100,工况6
126,最大除尘指数,-10.595476296742024,2315.382886658293,10.595476296742024,1.1721589458003967,100,工况6
127,最大除尘指数,-10.595476827909739,2315.3829592187894,10.595476827909739,1.172158323187574,100,工况6
128,最大除尘指数,-10.595476827909739,2315.3829592187894,10.595476827909739,1.172158323187574,100,工况6
129,最大除尘指数,-10.595476827909739,2315.3829592187894,10.595476827909739,1.172158323187574,100,工况6
130,最大除尘指数,-10.595477615136176,2315.3830560171464,10.595477615136176,1.172157400433917,100,工况6
131,最大除尘指数,-10.595477615136176,2315.3830560171464,10.595477615136176,1.172157400433917,100,工况6
132,最大除尘指数,-10.595477615136176,2315.3830560171464,10.595477615136176,1.172157400433917,100,工况6
133,最大除尘指数,-10.595477615136176,2315.3830560171464,10.595477615136176,1.172157400433917,100,工况6
134,最大除尘指数,-10.595477621724374,2315.3830567327486,10.595477621724374,1.1721573927115114,100,工况6
135,最大除尘指数,-10.595477625392968,2315.383057347358,10.595477625392968,1.1721573884113414,100,工况6
136,最大除尘指数,-10.595477651936829,2315.383060568417,10.595477651936829,1.1721573572977597,100,工况6
137,最大除尘指数,-10.595477886325769,2315.383090769338,10.595477886325769,1.1721570825570713,100,工况6
138,最大除尘指数,-10.595477886325769,2315.383090769338,10.595477886325769,1.1721570825570713,100,工况6
139,最大除尘指数,-10.595477886325769,2315.383090769338,10.595477886325769,1.1721570825570713,100,工况6
140,最大除尘指数,-10.595477895249973,2315.383091888593,10.595477895249973,1.1721570720965029,100,工况6
141,最大除尘指数,-10.595477895249973,2315.383091888593,10.595477895249973,1.1721570720965029,100,工况6
142,最大除尘指数,-10.595477895249973,2315.383091888593,10.595477895249973,1.1721570720965029,100,工况6
143,最大除尘指数,-10.595477897467244,2315.383092163602,10.595477897467244,1.172157069497512,100,工况6
144,最大除尘指数,-10.595477897467244,2315.383092163602,10.595477897467244,1.172157069497512,100,工况6
145,最大除尘指数,-10.595477902585397,2315.3830929302067,10.595477902585397,1.1721570634982328,100,工况6
146,最大除尘指数,-10.595477902585397,2315.3830929302067,10.595477902585397,1.1721570634982328,100,工况6
147,最大除尘指数,-10.595477902585397,2315.3830929302067,10.595477902585397,1.1721570634982328,100,工况6
148,最大除尘指数,-10.595477907732247,2315.3830934290995,10.595477907732247,1.1721570574653162,100,工况6
149,最大除尘指数,-10.595477911779355,2315.383094026808,10.595477911779355,1.1721570527214706,100,工况6
150,最大除尘指数,-10.59547791468418,2315.3830944696438,10.59547791468418,1.1721570493165596,100,工况6
151,最大除尘指数,-10.59547791468418,2315.3830944696438,10.59547791468418,1.1721570493165596,100,工况6
152,最大除尘指数,-10.59547791468418,2315.3830944696438,10.59547791468418,1.1721570493165596,100,工况6
153,最大除尘指数,-10.59547791468418,2315.3830944696438,10.59547791468418,1.1721570493165596,100,工况6
154,最大除尘指数,-10.59547791468418,2315.3830944696438,10.59547791468418,1.1721570493165596,100,工况6
155,最大除尘指数,-10.595477914788408,2315.383094482163,10.595477914788408,1.1721570491943882,100,工况6
156,最大除尘指数,-10.595477915005997,2315.3830945196078,10.595477915005997,1.1721570489393394,100,工况6
157,最大除尘指数,-10.595477915902164,2315.3830946525686,10.595477915902164,1.1721570478888912,100,工况6
158,最大除尘指数,-10.595477915917039,2315.383094653591,10.595477915917039,1.1721570478714551,100,工况6
159,最大除尘指数,-10.595477915917039,2315.383094653591,10.595477915917039,1.1721570478714551,100,工况6
160,最大除尘指数,-10.595477916179814,2315.383094686709,10.595477916179814,1.172157047563442,100,工况6
161,最大除尘指数,-10.595477916179814,2315.383094686709,10.595477916179814,1.172157047563442,100,工况6
162,最大除尘指数,-10.59547791625125,2315.38309470352,10.59547791625125,1.1721570474797076,100,工况6
163,最大除尘指数,-10.595477916269152,2315.3830947065167,10.595477916269152,1.1721570474587233,100,工况6
164,最大除尘指数,-10.595477916385585,2315.383094718355,10.595477916385585,1.1721570473222453,100,工况6
165,最大除尘指数,-10.595477916516895,2315.3830947381084,10.595477916516895,1.1721570471683296,100,工况6
166,最大除尘指数,-10.595477916744594,2315.383094764805,10.595477916744594,1.1721570469014309,100,工况6
167,最大除尘指数,-10.595477916744594,2315.383094764805,10.595477916744594,1.1721570469014309,100,工况6
168,最大除尘指数,-10.595477916919675,2315.3830947882752,10.595477916919675,1.172157046696208,100,工况6
169,最大除尘指数,-10.595477917022112,2315.3830948013297,10.595477917022112,1.1721570465761357,100,工况6
170,最大除尘指数,-10.595477917062947,2315.3830948075233,10.595477917062947,1.1721570465282707,100,工况6
171,最大除尘指数,-10.595477917062947,2315.3830948075233,10.595477917062947,1.1721570465282707,100,工况6
172,最大除尘指数,-10.595477917062947,2315.3830948075233,10.595477917062947,1.1721570465282707,100,工况6
173,最大除尘指数,-10.59547791709193,2315.383094811684,10.59547791709193,1.172157046494298,100,工况6
174,最大除尘指数,-10.595477917093868,2315.383094812105,10.595477917093868,1.1721570464920263,100,工况6
175,最大除尘指数,-10.59547791709901,2315.3830948126442,10.59547791709901,1.1721570464859985,100,工况6
176,最大除尘指数,-10.59547791709901,2315.3830948126442,10.59547791709901,1.1721570464859985,100,工况6
177,最大除尘指数,-10.595477917099606,2315.3830948129644,10.595477917099606,1.1721570464853008,100,工况6
178,最大除尘指数,-10.595477917102231,2315.383094812984,10.595477917102231,1.1721570464822235,100,工况6
179,最大除尘指数,-10.595477917106988,2315.383094813578,10.595477917106988,1.1721570464766475,100,工况6
180,最大除尘指数,-10.595477917113554,2315.383094814369,10.595477917113554,1.1721570464689517,100,工况6
181,最大除尘指数,-10.595477917114938,2315.383094814627,10.595477917114938,1.1721570464673297,100,工况6
182,最大除尘指数,-10.595477917119709,2315.3830948152854,10.595477917119709,1.172157046461737,100,工况6
183,最大除尘指数,-10.595477917119709,2315.3830948152854,10.595477917119709,1.172157046461737,100,工况6
184,最大除尘指数,-10.595477917119933,2315.3830948153236,10.595477917119933,1.1721570464614748,100,工况6
185,最大除尘指数,-10.595477917120997,2315.383094815523,10.595477917120997,1.1721570464602276,100,工况6
186,最大除尘指数,-10.595477917121844,2315.3830948156196,10.595477917121844,1.1721570464592341,100,工况6
187,最大除尘指数,-10.595477917122743,2315.3830948157442,10.595477917122743,1.1721570464581808,100,工况6
188,最大除尘指数,-10.595477917123088,2315.383094815827,10.595477917123088,1.1721570464577769,100,工况6
189,最大除尘指数,-10.59547791712384,2315.3830948158934,10.59547791712384,1.172157046456894,100,工况6
190,最大除尘指数,-10.59547791712384,2315.3830948158934,10.59547791712384,1.172157046456894,100,工况6
191,最大除尘指数,-10.595477917124562,2315.3830948160053,10.595477917124562,1.1721570464560485,100,工况6
192,最大除尘指数,-10.595477917124562,2315.3830948160053,10.595477917124562,1.1721570464560485,100,工况6
193,最大除尘指数,-10.595477917125146,2315.383094816107,10.595477917125146,1.1721570464553634,100,工况6
194,最大除尘指数,-10.595477917125146,2315.383094816107,10.595477917125146,1.1721570464553634,100,工况6
195,最大除尘指数,-10.595477917125283,2315.3830948161217,10.595477917125283,1.1721570464552031,100,工况6
196,最大除尘指数,-10.595477917125681,2315.3830948161744,10.595477917125681,1.1721570464547368,100,工况6
197,最大除尘指数,-10.595477917125681,2315.3830948161744,10.595477917125681,1.1721570464547368,100,工况6
198,最大除尘指数,-10.595477917125852,2315.383094816196,10.595477917125852,1.1721570464545368,100,工况6
199,最大除尘指数,-10.595477917125853,2315.383094816195,10.595477917125853,1.1721570464545348,100,工况6
200,最大除尘指数,-10.595477917126065,2315.383094816222,10.595477917126065,1.172157046454287,100,工况6
