代数,模式,当代最优适应度,当代最小预测电耗_kW,当代最大除尘指数,当代最小预测浓度_mg_Nm3,当代可行个体数,典型工况,重复编号,搜索边界
0,节能,1.219997842898014,1939.7083652382319,9.991395642724203,1.3808289941010212,10,工况1,1,历史边界
1,节能,1.1914266090188392,1894.2821690500748,10.048088584616208,1.304723443047624,29,工况1,1,历史边界
2,节能,1.1687842231295424,1858.2824125143638,9.933362155615173,1.46333419357162,70,工况1,1,历史边界
3,节能,1.1687842231295424,1858.2824125143638,9.741927082121622,1.7720775224280378,89,工况1,1,历史边界
4,节能,1.161716208803639,1847.0447807485473,9.49999462598308,2.257109598242168,86,工况1,1,历史边界
5,节能,1.161716208803639,1847.0447807485473,9.451389810614545,2.3695258486754573,93,工况1,1,历史边界
6,节能,1.1567863960172,1839.20673484004,9.15153838070083,3.1980501667272163,94,工况1,1,历史边界
7,节能,1.15535547288123,1836.9316705085653,8.9514884393781,3.9063023754114807,89,工况1,1,历史边界
8,节能,1.1512399906419195,1830.3883512944776,8.952444354610085,3.9025700656401714,89,工况1,1,历史边界
9,节能,1.142496247582109,1816.4864319957348,8.93118868873918,3.986409667716935,91,工况1,1,历史边界
10,节能,1.142496247582109,1816.4864319957348,8.85985145420879,4.281178095549904,89,工况1,1,历史边界
11,节能,1.142496247582109,1816.4864319957348,8.810601021787207,4.497306491428538,94,工况1,1,历史边界
12,节能,1.141472915483975,1814.859407945879,8.812605224113353,4.48830200571675,97,工况1,1,历史边界
13,节能,1.1404939142567851,1813.3028667757342,8.812605224113353,4.48830200571675,89,工况1,1,历史边界
14,节能,1.1397258160804025,1812.0816462082335,9.009848072910334,3.6848565949148937,94,工况1,1,历史边界
15,节能,1.139174774688455,1811.205530234935,8.864734120819657,4.260325479820807,90,工况1,1,历史边界
16,节能,1.139174774688455,1811.205530234935,8.859934228717485,4.280823737802507,93,工况1,1,历史边界
17,节能,1.1391528986899613,1811.1707489789487,8.822388325138396,4.444606580646288,92,工况1,1,历史边界
18,节能,1.1387361257038768,1810.5081100634627,8.895993375793868,4.129210828812128,94,工况1,1,历史边界
19,节能,1.1379257099450935,1809.2196075994755,8.797679387713751,4.555796117171984,88,工况1,1,历史边界
20,节能,1.1379257099450935,1809.2196075994755,8.824285008045337,4.436184560792037,89,工况1,1,历史边界
21,节能,1.1376078001900645,1808.7141540736268,8.770609232956653,4.680806616070121,83,工况1,1,历史边界
22,节能,1.1373565929225122,1808.314752680324,8.81880201979188,4.460574913533589,92,工况1,1,历史边界
23,节能,1.137308138399333,1808.2377134916967,8.746825299195697,4.7934690780246285,86,工况1,1,历史边界
24,节能,1.1373004604422507,1807.676810914317,8.849897497720585,4.32400555374302,86,工况1,1,历史边界
25,节能,1.1371205449439936,1807.9394534605792,8.757502744427628,4.742559351058528,78,工况1,1,历史边界
26,节能,1.137010264606474,1807.7641156971122,8.834705665312498,4.390196630293296,73,工况1,1,历史边界
27,节能,1.1369816364341745,1807.7185989729523,8.816859134272164,4.4692497242960005,75,工况1,1,历史边界
28,节能,1.1369816364341745,1807.7185989729523,8.718442340369515,4.931471102060307,61,工况1,1,历史边界
29,节能,1.1369816364341745,1807.7185989729523,8.80049280011951,4.54299679718317,61,工况1,1,历史边界
30,节能,1.136626582015604,1807.1540881176054,8.80021395006448,4.54426378873219,56,工况1,1,历史边界
31,节能,1.1359778830139362,1806.1227036054265,8.83915728186615,4.370696593845115,55,工况1,1,历史边界
32,节能,1.1359006967558236,1805.7731966304677,8.801437957893636,4.538704976985594,57,工况1,1,历史边界
33,节能,1.135799650055652,1805.8393260878697,8.8044354958018,4.525120407066471,56,工况1,1,历史边界
34,节能,1.135747399816256,1805.7562519848848,8.848783960683269,4.328823175879206,63,工况1,1,历史边界
35,节能,1.135601345977582,1805.1350289656436,8.791976973158265,4.581849367881493,74,工况1,1,历史边界
36,节能,1.1353881581821725,1805.1850719916993,8.844401749497521,4.347834618876469,69,工况1,1,历史边界
37,节能,1.1353881581821725,1805.1850719916993,8.868845040530184,4.242847573581397,71,工况1,1,历史边界
38,节能,1.1353871511767568,1805.1816617270456,8.781310196333516,4.630984523520219,60,工况1,1,历史边界
39,节能,1.1353870060858544,1805.1807079983723,8.81793925440743,4.464425003787211,57,工况1,1,历史边界
40,节能,1.1353870060858544,1805.1807079983723,8.838694810158982,4.372718384834915,65,工况1,1,历史边界
41,节能,1.1353870060858544,1805.1807079983723,8.80592097818327,4.518403410652831,43,工况1,1,历史边界
42,节能,1.135386876914406,1805.180802161781,8.80199683281506,4.536169117278416,20,工况1,1,历史边界
43,节能,1.1353868723751337,1805.1816593696929,8.799832602746884,4.545997062007023,15,工况1,1,历史边界
44,节能,1.1351160881851297,1804.7525121347724,8.898980369861949,4.116895302918733,17,工况1,1,历史边界
45,节能,1.1348285947975432,1804.2954184340758,8.964620555541083,3.855339715022245,14,工况1,1,历史边界
46,节能,1.134273473233844,1803.4128152826854,8.863760927409487,4.264473618646238,27,工况1,1,历史边界
47,节能,1.1342381816502665,1803.3567042163531,8.83177792561063,4.403068817278587,43,工况1,1,历史边界
48,节能,1.1338684130040053,1802.768798802806,8.750675104955919,4.775050629629287,63,工况1,1,历史边界
49,节能,1.133847488229227,1802.719024107133,8.797575693273508,4.556268552394246,86,工况1,1,历史边界
50,节能,1.133847488229227,1802.719024107133,8.88704848805705,4.166311840937883,92,工况1,1,历史边界
51,节能,1.133847488229227,1802.719024107133,8.84393976396472,4.349843719621409,90,工况1,1,历史边界
52,节能,1.133845094681957,1802.7317243566472,8.804154698962908,4.526391224984857,89,工况1,1,历史边界
53,节能,1.1338397456375178,1802.723165544434,8.839947596313037,4.367243733786355,83,工况1,1,历史边界
54,节能,1.1338397456375178,1802.723165544434,8.790543247609898,4.588423193783987,65,工况1,1,历史边界
55,节能,1.1338397456375178,1802.723165544434,8.781919267010188,4.628164785439878,59,工况1,1,历史边界
56,节能,1.1338397456375178,1802.723165544434,8.80617974777831,4.517234336498973,44,工况1,1,历史边界
57,节能,1.1338391604620575,1802.7214867492107,8.818623177054333,4.461372726301542,31,工况1,1,历史边界
58,节能,1.1338391604620575,1802.7214867492107,8.779382615621856,4.6399197288618765,23,工况1,1,历史边界
59,节能,1.1338390871949842,1802.7205561677943,8.886991407716712,4.166549662223117,21,工况1,1,历史边界
60,节能,1.1338390804289953,1802.720483502889,8.812830224025522,4.487292251761215,12,工况1,1,历史边界
61,节能,1.1335980420089282,1802.3389284682626,8.830391386883353,4.409178077096532,8,工况1,1,历史边界
62,节能,1.1335963890382459,1802.3363003643865,8.85269238696175,4.311937309700668,9,工况1,1,历史边界
63,节能,1.1335925798244995,1802.330243989933,8.926050184581333,4.006946569658994,14,工况1,1,历史边界
64,节能,1.1335923273958388,1802.329842646613,8.815712063556802,4.474379211154024,22,工况1,1,历史边界
65,节能,1.1335913450266715,1802.3282807506614,8.827758637277919,4.420801633181713,41,工况1,1,历史边界
66,节能,1.1335913450266715,1802.3282807506614,8.840853978511795,4.363287135174558,72,工况1,1,历史边界
67,节能,1.1335913450266715,1802.3282807506614,8.770158718904002,4.682915860314817,90,工况1,1,历史边界
68,节能,1.1335803138562388,1802.2802905482981,8.778157216332364,4.645608968283981,95,工况1,1,历史边界
69,节能,1.133571444136899,1802.296456848367,8.78311665402004,4.622626397504942,93,工况1,1,历史边界
70,节能,1.1335707037221883,1802.2922275667304,8.83145604863297,4.404486291875903,89,工况1,1,历史边界
71,节能,1.133570599046663,1802.2924864218598,8.799352432528277,4.548180438564322,84,工况1,1,历史边界
72,节能,1.133570599046663,1802.2924864218598,8.856293869634467,4.296435873027076,61,工况1,1,历史边界
73,节能,1.1335705812029349,1802.29291696503,8.816075772384256,4.472752135846314,31,工况1,1,历史边界
74,节能,1.1335705522210904,1802.2928810316678,8.791620089924349,4.583484844921028,6,工况1,1,历史边界
75,节能,1.1335705522210904,1802.2928810316678,8.838626214956813,4.373018342624266,11,工况1,1,历史边界
76,节能,1.1333712913100804,1801.852908508116,8.790749500737713,4.587476914738394,7,工况1,1,历史边界
77,节能,1.1333115465836012,1801.8834214554067,8.808554071989455,4.506521680338492,7,工况1,1,历史边界
78,节能,1.1333091552155805,1801.87916122503,8.784183923549476,4.6176954410027875,11,工况1,1,历史边界
79,节能,1.1333089805768097,1801.877072352308,8.807685397674243,4.5104380807651046,24,工况1,1,历史边界
80,节能,1.13330892940328,1801.877788532557,8.86864935569251,4.2436779157601485,40,工况1,1,历史边界
81,节能,1.1333089213440768,1801.877780680302,8.846684898070311,4.337919189977559,49,工况1,1,历史边界
82,节能,1.1333089213440768,1801.877780680302,8.81808712771353,4.46376488331036,37,工况1,1,历史边界
83,节能,1.1333089213440768,1801.877780680302,8.765202616522375,4.706182479010532,10,工况1,1,历史边界
84,节能,1.1333089205390714,1801.877730456114,8.763179520021062,4.715713177829378,3,工况1,1,历史边界
85,节能,1.1333089205390714,1801.877730456114,8.888378662953482,4.1607736017463335,3,工况1,1,历史边界
86,节能,1.1333089205390714,1801.877730456114,8.799249334020104,4.548649373355265,4,工况1,1,历史边界
87,节能,1.1333089205390714,1801.877730456114,8.779992696857423,4.637089864212192,2,工况1,1,历史边界
88,节能,1.1333089205082068,1801.877731964975,8.779551286514971,4.639137175456071,8,工况1,1,历史边界
89,节能,1.1333089204300162,1801.8776904380575,8.79924861447954,4.548652646294178,4,工况1,1,历史边界
90,节能,1.1333089204300162,1801.8776904380575,8.77564136351036,4.657311351280875,5,工况1,1,历史边界
91,节能,1.1333089204222841,1801.8776956754361,8.799248731899693,4.548652112190717,7,工况1,1,历史边界
92,节能,1.1333089204147493,1801.8776920251548,8.754736624256092,4.755696000543593,2,工况1,1,历史边界
93,节能,1.1333089204147493,1801.8776920251548,8.830859493753781,4.407114593548792,5,工况1,1,历史边界
94,节能,1.1333089204147493,1801.8776920251548,8.912104606842297,4.063217205855644,6,工况1,1,历史边界
95,节能,1.1333089204102884,1801.877692384878,8.840946713348789,4.3628825252143315,5,工况1,1,历史边界
96,节能,1.1333089204083993,1801.8776914433674,8.827453301751287,4.42215166707268,6,工况1,1,历史边界
97,节能,1.1333089204083993,1801.8776914433674,8.815580581462509,4.47496755058057,1,工况1,1,历史边界
98,节能,1.1333089204071882,1801.877692028629,8.906920643297585,4.084335466578496,10,工况1,1,历史边界
99,节能,1.1333089204071882,1801.877692028629,8.830977238674441,4.406595708739261,5,工况1,1,历史边界
100,节能,1.1333089204065894,1801.877692005444,8.799678344061046,4.546698375630098,4,工况1,1,历史边界
101,节能,1.1333089204065694,1801.8776920134487,8.745031255608776,4.802076489209936,1,工况1,1,历史边界
102,节能,1.1333089204063833,1801.8776922407915,8.848998625026057,4.327894031627746,4,工况1,1,历史边界
103,节能,1.1333089204062763,1801.8776921114345,8.926756570903683,4.004117116868831,9,工况1,1,历史边界
104,节能,1.1333089204061615,1801.8776920174307,8.859822534272345,4.281301908738665,4,工况1,1,历史边界
105,节能,1.1333089204061206,1801.8776921353356,8.858520387351744,4.286880424070334,10,工况1,1,历史边界
106,节能,1.133308920406084,1801.877692055014,8.897395315138073,4.123425981640599,12,工况1,1,历史边界
107,节能,1.133308920406084,1801.877692055014,8.783470562278564,4.620990701307059,6,工况1,1,历史边界
108,节能,1.1333089204060727,1801.8776920641074,8.818412727100188,4.462311720789422,3,工况1,1,历史边界
109,节能,1.133308920406053,1801.8776920385744,8.789758392072372,4.592025856736191,4,工况1,1,历史边界
110,节能,1.1333089204060507,1801.8776920441312,8.839099068181564,4.370951035603973,6,工况1,1,历史边界
111,节能,1.1333089204060427,1801.8776920396385,8.853962885848484,4.3064624767700455,4,工况1,1,历史边界
112,节能,1.1333089204060427,1801.8776920396385,8.878172117881297,4.203458185562231,5,工况1,1,历史边界
113,节能,1.1333089204060427,1801.8776920396385,8.80320322824397,4.5307000032109865,7,工况1,1,历史边界
114,节能,1.1333089204060427,1801.8776920396385,8.851937459066,4.315193740491051,2,工况1,1,历史边界
115,节能,1.1333089204060427,1801.8776920396385,8.902289925487752,4.103292730558981,5,工况1,1,历史边界
116,节能,1.1333089204060403,1801.8776920421976,8.808343133948155,4.507472377460393,6,工况1,1,历史边界
117,节能,1.1333089204060403,1801.8776920421976,8.801414275259708,4.538812466746889,8,工况1,1,历史边界
118,节能,1.1333089204060403,1801.8776920421976,8.804828385679233,4.5233428822729795,6,工况1,1,历史边界
119,节能,1.1333089204060403,1801.8776920421976,8.860484582040806,4.27846842041968,7,工况1,1,历史边界
120,节能,1.13330892040604,1801.8776920418563,8.831090799016694,4.406095322634951,3,工况1,1,历史边界
121,节能,1.13330892040604,1801.8776920416299,8.75313869435725,4.763301344157358,1,工况1,1,历史边界
122,节能,1.13330892040604,1801.8776920416299,8.799678340771631,4.546698390586075,3,工况1,1,历史边界
123,节能,1.1333089204060398,1801.8776920421924,8.799248611891061,4.548652658068269,7,工况1,1,历史边界
124,节能,1.1333089204060396,1801.8776920409455,8.818215377381927,4.46319244365266,4,工况1,1,历史边界
125,节能,1.1332229077545488,1801.7424921257373,8.979975460661603,3.7965935148820438,4,工况1,1,历史边界
126,节能,1.1329755295285595,1801.3491786316827,8.809400829180024,4.502707365828234,9,工况1,1,历史边界
127,节能,1.1329728320572536,1801.3448898473314,8.799248611889974,4.548652658073213,35,工况1,1,历史边界
128,节能,1.1329468766101765,1801.303622563039,8.801536410731263,4.538258150597485,76,工况1,1,历史边界
129,节能,1.1329468766101765,1801.303622563039,8.848368692171073,4.330621173138998,94,工况1,1,历史边界
130,节能,1.1329066660240823,1801.2396906383458,8.904514976875069,4.0941728432478435,95,工况1,1,历史边界
131,节能,1.132858293627923,1801.162782025742,8.79610460476079,4.562976159254569,96,工况1,1,历史边界
132,节能,1.132844438313702,1801.14075307786,8.886443656515091,4.168832519969173,95,工况1,1,历史边界
133,节能,1.132831977526622,1801.1209413273089,8.794506971001397,4.570271950459232,97,工况1,1,历史边界
134,节能,1.1328300421746995,1801.1178642576767,8.897609550063473,4.122542694401898,93,工况1,1,历史边界
135,节能,1.1328300421746995,1801.1178642576767,8.800228526899886,4.544197548229689,96,工况1,1,历史边界
136,节能,1.1328300421746995,1801.1178642576767,8.871710724618213,4.230706317612685,94,工况1,1,历史边界
137,节能,1.1328300421746995,1801.1178642576767,8.799299894016869,4.54841939947145,96,工况1,1,历史边界
138,节能,1.1328300421746995,1801.1178642576767,8.835285570148379,4.387651472083023,96,工况1,1,历史边界
139,节能,1.1328300421746995,1801.1178642576767,8.79534692065978,4.5664347638431195,93,工况1,1,历史边界
140,节能,1.1328300421746995,1801.1178642576767,8.797963037103884,4.554504051637244,97,工况1,1,历史边界
141,节能,1.1328300421746995,1801.1178642576767,8.758666962897076,4.737041188666138,97,工况1,1,历史边界
142,节能,1.1328300329391463,1801.1178495738147,8.790298410775533,4.589546746331394,96,工况1,1,历史边界
143,节能,1.1328300329391463,1801.1178495738147,8.857936541044475,4.2893840341662655,94,工况1,1,历史边界
144,节能,1.132830029507214,1801.1178441172904,8.89553746886417,4.131093793838955,96,工况1,1,历史边界
145,节能,1.1328300292268998,1801.1178436716111,8.83739095912433,4.378423476711966,97,工况1,1,历史边界
146,节能,1.1328300292268998,1801.1178436716111,8.81927656934673,4.4584586518692255,95,工况1,1,历史边界
147,节能,1.1328300281001102,1801.1178418800973,8.794529402567655,4.570169433250975,97,工况1,1,历史边界
148,节能,1.1328300281001102,1801.1178418800973,8.855456395568696,4.300035533746842,96,工况1,1,历史边界
149,节能,1.132830027967343,1801.1178416690068,8.799782766312154,4.54622362393836,99,工况1,1,历史边界
150,节能,1.1328300274696386,1801.1178408776927,8.887761934924175,4.1633404588951475,95,工况1,1,历史边界
151,节能,1.1328300273823715,1801.1178407389446,8.856216565377316,4.296768018648604,97,工况1,1,历史边界
152,节能,1.1328300273333929,1801.1178406610723,8.86157822484609,4.273791861922449,96,工况1,1,历史边界
153,节能,1.1328300272077492,1801.1178404613077,8.842171791857108,4.357540924206729,98,工况1,1,历史边界
154,节能,1.1328300272077492,1801.1178404613077,8.78001387228496,4.63699167289142,91,工况1,1,历史边界
155,节能,1.1328300271975271,1801.1178404450554,8.789258977369391,4.594319754721026,98,工况1,1,历史边界
156,节能,1.1328300271654785,1801.1178403941005,8.794673354239748,4.569511597068752,99,工况1,1,历史边界
157,节能,1.1328300271654785,1801.1178403941005,8.864300789118918,4.262172013958675,95,工况1,1,历史边界
158,节能,1.1328300271653184,1801.1178403938459,8.812358752952255,4.48940837906242,99,工况1,1,历史边界
159,节能,1.132830027149658,1801.1178403689469,8.86252655138303,4.269740832839216,96,工况1,1,历史边界
160,节能,1.132830027149658,1801.1178403689469,8.982202684059633,3.7881470625326084,99,工况1,1,历史边界
161,节能,1.132830027149658,1801.1178403689469,8.818906194432065,4.4601102589499835,98,工况1,1,历史边界
162,节能,1.132830027147334,1801.1178403652518,8.74622278865814,4.796358063890413,94,工况1,1,历史边界
163,节能,1.1328300271375233,1801.1178403496535,8.862353008061842,4.270481882144183,96,工况1,1,历史边界
164,节能,1.132790240674544,1801.0545827500493,8.871332630876642,4.232306223631964,90,工况1,1,历史边界
165,节能,1.132790240674544,1801.0545827500493,8.846654162025235,4.3380525225063655,98,工况1,1,历史边界
166,节能,1.132790240674544,1801.0545827500493,8.836582935255052,4.381962777117988,98,工况1,1,历史边界
167,节能,1.132790240674544,1801.0545827500493,8.799153157604026,4.549086867187944,95,工况1,1,历史边界
168,节能,1.132790240674544,1801.0545827500493,8.823416680367583,4.440038295539928,95,工况1,1,历史边界
169,节能,1.132790240674544,1801.0545827500493,8.84512573472388,4.344687990039593,96,工况1,1,历史边界
170,节能,1.132790240674544,1801.0545827500493,8.750492434095884,4.775922971907842,95,工况1,1,历史边界
171,节能,1.132790240674544,1801.0545827500493,8.919038190029436,4.035141994732569,97,工况1,1,历史边界
172,节能,1.132790240674544,1801.0545827500493,8.851367213460753,4.317655162498199,98,工况1,1,历史边界
173,节能,1.132790240674544,1801.0545827500493,8.842891190583229,4.35440724213543,96,工况1,1,历史边界
174,节能,1.1327841124593834,1801.0438560636433,8.80461786890468,4.524295222064987,94,工况1,1,历史边界
175,节能,1.1327841124593834,1801.0438560636433,8.7810712701081,4.632091119364502,92,工况1,1,历史边界
176,节能,1.1327841124593834,1801.0438560636433,8.826980588246204,4.424242572047804,93,工况1,1,历史边界
177,节能,1.1327841124593834,1801.0438560636433,8.938756920390254,3.9563534754717065,86,工况1,1,历史边界
178,节能,1.1327840903387365,1801.0437792281898,8.818114694129404,4.463641835007234,77,工况1,1,历史边界
179,节能,1.1327840903387365,1801.0437792281898,8.823269757520542,4.440690686531675,62,工况1,1,历史边界
180,节能,1.1327840903387365,1801.0437792281898,8.824839005615823,4.433727605959471,36,工况1,1,历史边界
181,节能,1.1327840872596113,1801.0437762014908,8.801435223533199,4.538717387457888,9,工况1,1,历史边界
182,节能,1.1327840826375757,1801.0437615871829,8.828658374432274,4.416825862542791,7,工况1,1,历史边界
183,节能,1.1327840821151467,1801.0437633544204,8.799200918022802,4.548869606082403,4,工况1,1,历史边界
184,节能,1.1327840787037602,1801.0437426107114,8.844432375056128,4.347701466051487,4,工况1,1,历史边界
185,节能,1.1327840782085261,1801.043713296118,8.799128662149588,4.549198300502834,7,工况1,1,历史边界
186,节能,1.1327840782085261,1801.043713296118,8.932769001732016,3.980114867911283,8,工况1,1,历史边界
187,节能,1.1327840778599925,1801.0437132579668,8.876274763896795,4.21144120461092,7,工况1,1,历史边界
188,节能,1.132784075358545,1801.0437030381509,8.973910193408093,3.8196908441324746,6,工况1,1,历史边界
189,节能,1.1327542768801193,1800.9974029170705,8.799501784099768,4.547501211391485,3,工况1,1,历史边界
190,节能,1.132315713265545,1800.3001184777324,8.826026839765776,4.428464199543336,13,工况1,1,历史边界
191,节能,1.1323116201629693,1800.2936107405653,8.854831218411942,4.302724658237788,27,工况1,1,历史边界
192,节能,1.132310244740067,1800.291423917593,8.79868616238826,4.551211765110994,50,工况1,1,历史边界
193,节能,1.1323102062006525,1800.29136264271,8.776836384510572,4.651749090582682,80,工况1,1,历史边界
194,节能,1.1323102062006525,1800.29136264271,8.786960840225607,4.60489027319805,95,工况1,1,历史边界
195,节能,1.1323102062006525,1800.29136264271,8.866869889022679,4.251236121962327,93,工况1,1,历史边界
196,节能,1.1323102062006525,1800.29136264271,8.799753019770131,4.546358860381831,95,工况1,1,历史边界
197,节能,1.1323102062006525,1800.29136264271,8.756952349325454,4.7451703509719865,96,工况1,1,历史边界
198,节能,1.1323102062006525,1800.29136264271,8.833199947607255,4.396812006283546,94,工况1,1,历史边界
199,节能,1.1323102058120114,1800.291362024799,8.875856677775163,4.213202317853488,97,工况1,1,历史边界
200,节能,1.1323102058120114,1800.291362024799,8.931800881928938,3.983969961728666,95,工况1,1,历史边界
201,节能,1.1323102056795358,1800.2913618141722,8.799721540260949,4.546501979779976,95,工况1,1,历史边界
202,节能,1.1323102056795358,1800.2913618141722,8.802651549559707,4.533200183412197,97,工况1,1,历史边界
203,节能,1.1323102054059744,1800.2913613792296,8.869828262671703,4.238677962067049,93,工况1,1,历史边界
204,节能,1.1323102053917595,1800.2913613566288,8.866082111569419,4.25458646941852,94,工况1,1,历史边界
205,节能,1.1323102053917595,1800.2913613566288,8.775597431649098,4.657515960131403,95,工况1,1,历史边界
206,节能,1.1323102053869378,1800.2913613489627,8.81087727126666,4.496064284438756,93,工况1,1,历史边界
207,节能,1.132310205320901,1800.291361243969,8.984821546081331,3.7782394071117724,94,工况1,1,历史边界
208,节能,1.132310205320901,1800.291361243969,8.871233398462898,4.232726226432839,95,工况1,1,历史边界
209,节能,1.132310205320901,1800.291361243969,8.877638831902413,4.20570042870069,96,工况1,1,历史边界
210,节能,1.1323102053190734,1800.2913612410632,8.906516008021345,4.085988467196899,96,工况1,1,历史边界
211,节能,1.13231020530758,1800.2913612227894,8.789491129259194,4.593253298502313,95,工况1,1,历史边界
212,节能,1.13231020530758,1800.2913612227894,8.799747962975173,4.546381850444521,97,工况1,1,历史边界
213,节能,1.132310205281654,1800.291361181569,8.824515724641836,4.435161177449027,96,工况1,1,历史边界
214,节能,1.1323102052808578,1800.291361180303,8.781056179853746,4.63216101932509,98,工况1,1,历史边界
215,节能,1.1323102052806535,1800.2913611799781,8.850955502351859,4.319433155077507,100,工况1,1,历史边界
216,节能,1.132310205280076,1800.29136117906,8.705113906625606,4.997639871378156,94,工况1,1,历史边界
217,节能,1.13231020527922,1800.291361177699,8.799747962297076,4.546381853527412,94,工况1,1,历史边界
218,节能,1.132310205278225,1800.2913611761173,8.799667777138678,4.546746420492707,97,工况1,1,历史边界
219,节能,1.1323102052769587,1800.2913611741037,8.850551018806847,4.321180648104776,97,工况1,1,历史边界
220,节能,1.1323102052769587,1800.2913611741037,8.777349392363428,4.649363318781856,95,工况1,1,历史边界
221,节能,1.1323102052769587,1800.2913611741037,8.804990393336588,4.52261012544692,91,工况1,1,历史边界
222,节能,1.1323102052767582,1800.2913611737852,8.911381918142611,4.066154708336757,97,工况1,1,历史边界
223,节能,1.1323102052758494,1800.2913611723402,8.800088890473992,4.5448321280380775,95,工况1,1,历史边界
224,节能,1.1323102052758494,1800.2913611723402,8.862187168356487,4.2711901563296095,95,工况1,1,历史边界
225,节能,1.1323102052758494,1800.2913611723402,8.890130820009572,4.153489656093134,93,工况1,1,历史边界
226,节能,1.1323102052755507,1800.2913611718652,8.812134061115819,4.4904172258111945,98,工况1,1,历史边界
227,节能,1.1323102052755507,1800.2913611718652,8.848997415424376,4.327899266658808,95,工况1,1,历史边界
228,节能,1.1323102052753897,1800.2913611716092,8.804846383538884,4.523261472515236,96,工况1,1,历史边界
229,节能,1.1323102052753897,1800.2913611716092,8.871552253533247,4.231376815358857,94,工况1,1,历史边界
230,节能,1.1323102052753897,1800.2913611716092,8.806338886389778,4.516515527295656,89,工况1,1,历史边界
231,节能,1.1323102052753866,1800.2913611716044,8.854762850824322,4.303018835198833,95,工况1,1,历史边界
232,节能,1.1323102052753762,1800.2913611715878,8.844594599815224,4.346996218434394,95,工况1,1,历史边界
233,节能,1.1323102052753762,1800.2913611715878,8.792539229268257,4.57927391917807,95,工况1,1,历史边界
234,节能,1.1323102052753642,1800.2913611715687,8.756370081734149,4.747934114429442,99,工况1,1,历史边界
235,节能,1.132310205275354,1800.2913611715524,8.995407472950447,3.7384541942639276,98,工况1,1,历史边界
236,节能,1.1323102052753506,1800.2913611715471,8.841229805188982,4.361647603578086,95,工况1,1,历史边界
237,节能,1.1323102052753384,1800.2913611715278,8.81471076194341,4.478861658043223,96,工况1,1,历史边界
238,节能,1.1323102052753384,1800.2913611715278,8.796434636955452,4.56147047869374,94,工况1,1,历史边界
239,节能,1.132310205275337,1800.2913611715255,8.832771229398992,4.398697403772192,97,工况1,1,历史边界
240,节能,1.132310205275337,1800.2913611715255,8.82661252956427,4.4258712526440585,95,工况1,1,历史边界
241,节能,1.1323102052753355,1800.2913611715232,8.866665354481208,4.252105735523191,92,工况1,1,历史边界
242,节能,1.1323102052753344,1800.2913611715212,8.799747962044941,4.546381854673711,95,工况1,1,历史边界
243,节能,1.1323102052753327,1800.2913611715187,8.789000211897388,4.5955087598709925,92,工况1,1,历史边界
244,节能,1.1323102052753327,1800.2913611715187,8.822506762522927,4.444080204239545,96,工况1,1,历史边界
245,节能,1.1323102052753324,1800.291361171518,8.828543384491141,4.417333782290994,95,工况1,1,历史边界
246,节能,1.1323102052753324,1800.291361171518,8.870430551679618,4.23612582156264,94,工况1,1,历史边界
247,节能,1.1323102052753322,1800.2913611715178,8.837352057424434,4.378593808141139,94,工况1,1,历史边界
248,节能,1.1323102052753315,1800.2913611715169,8.845210540733408,4.344319550011695,97,工况1,1,历史边界
249,节能,1.1323102052753315,1800.2913611715169,8.799747962044881,4.546381854673986,96,工况1,1,历史边界
250,节能,1.132310205275331,1800.2913611715162,8.799667777038879,4.546746420946469,95,工况1,1,历史边界
251,节能,1.132310205275331,1800.2913611715162,8.79974796204488,4.546381854673993,95,工况1,1,历史边界
252,节能,1.132310205275331,1800.2913611715162,8.84069516099924,4.363980156614441,98,工况1,1,历史边界
253,节能,1.132310205275331,1800.2913611715162,8.827267884231729,4.422971687486626,96,工况1,1,历史边界
254,节能,1.132310205275331,1800.2913611715162,8.792688787574374,4.578589101938805,95,工况1,1,历史边界
255,节能,1.1323102052753309,1800.2913611715157,8.961143976964355,3.8687664324770235,96,工况1,1,历史边界
256,节能,1.1322949076369067,1800.2670390324295,8.84950772280503,4.325691271146431,97,工况1,1,历史边界
257,节能,1.1322949076369067,1800.2670390324295,8.799253245123438,4.548631583152323,95,工况1,1,历史边界
258,节能,1.1322949076369067,1800.2670390324295,8.79992545839442,4.545574960103712,97,工况1,1,历史边界
259,节能,1.1322949076369067,1800.2670390324295,8.828305431955956,4.418385023131,98,工况1,1,历史边界
260,节能,1.1322949076369067,1800.2670390324295,8.804767060131347,4.5236202872594315,96,工况1,1,历史边界
261,节能,1.1322949076369067,1800.2670390324295,8.904607934267863,4.093792277303167,96,工况1,1,历史边界
262,节能,1.1322949076369067,1800.2670390324295,8.795893359767128,4.563940166941728,96,工况1,1,历史边界
263,节能,1.1322949076369067,1800.2670390324295,8.814880636198719,4.478100879374613,93,工况1,1,历史边界
264,节能,1.1322949076369067,1800.2670390324295,8.837573329235102,4.377625055943762,95,工况1,1,历史边界
265,节能,1.1322949076369067,1800.2670390324295,8.789046969296306,4.595293890858073,94,工况1,1,历史边界
266,节能,1.1322949076369067,1800.2670390324295,8.888771096032109,4.159141096897733,97,工况1,1,历史边界
267,节能,1.1322949076369067,1800.2670390324295,8.818767227686667,4.4607301090250635,91,工况1,1,历史边界
268,节能,1.1322949076369067,1800.2670390324295,8.799747962044865,4.546381854674059,94,工况1,1,历史边界
269,节能,1.1322949076369067,1800.2670390324295,8.784136390969236,4.617914937198429,98,工况1,1,历史边界
270,节能,1.1322949076369067,1800.2670390324295,8.831264809073993,4.40532868443871,93,工况1,1,历史边界
271,节能,1.1322949076369067,1800.2670390324295,8.800114642196403,4.544715092289652,99,工况1,1,历史边界
272,节能,1.1322949076369067,1800.2670390324295,8.756268907197594,4.74841450876449,93,工况1,1,历史边界
273,节能,1.1322949076369067,1800.2670390324295,8.802000082830528,4.536154374682579,95,工况1,1,历史边界
274,节能,1.1322949076369067,1800.2670390324295,8.820855162470503,4.451426111918763,95,工况1,1,历史边界
275,节能,1.1322949076369067,1800.2670390324295,8.79605673205434,4.5631946065015665,95,工况1,1,历史边界
276,节能,1.1322949076369067,1800.2670390324295,8.927912665133823,3.9994906550014417,98,工况1,1,历史边界
277,节能,1.1322949076369067,1800.2670390324295,8.813711481616927,4.483339533336864,96,工况1,1,历史边界
278,节能,1.1322949076369067,1800.2670390324295,8.799747962044865,4.546381854674059,93,工况1,1,历史边界
279,节能,1.1322949076369067,1800.2670390324295,8.809748539582896,4.501141999798845,98,工况1,1,历史边界
280,节能,1.1322949076369067,1800.2670390324295,8.824888622058841,4.433507625623718,87,工况1,1,历史边界
281,节能,1.1322949076369067,1800.2670390324295,8.865930028854908,4.255233567682892,91,工况1,1,历史边界
282,节能,1.1322949076369067,1800.2670390324295,8.995803837338771,3.7369726977795596,95,工况1,1,历史边界
283,节能,1.1322949076369067,1800.2670390324295,8.793914621511785,4.572979950678565,95,工况1,1,历史边界
284,节能,1.1322949076369067,1800.2670390324295,8.818298064300645,4.462823411279133,91,工况1,1,历史边界
285,节能,1.1322949076369067,1800.2670390324295,8.814031172421142,4.481906479995076,95,工况1,1,历史边界
286,节能,1.1322949076369067,1800.2670390324295,8.859701769220317,4.281818971607355,97,工况1,1,历史边界
287,节能,1.1322949076369067,1800.2670390324295,8.844923542092904,4.345566542750516,95,工况1,1,历史边界
288,节能,1.1322949076369067,1800.2670390324295,8.88250935988504,4.1852662500905415,95,工况1,1,历史边界
289,节能,1.1322949076369067,1800.2670390324295,8.843188792376397,4.3531115555408775,95,工况1,1,历史边界
290,节能,1.1322949076369067,1800.2670390324295,8.800104191652332,4.544762587283189,95,工况1,1,历史边界
291,节能,1.1322949076369067,1800.2670390324295,8.871056248189381,4.233476121461669,95,工况1,1,历史边界
292,节能,1.1322949076369067,1800.2670390324295,8.807439404390138,4.51154775472192,96,工况1,1,历史边界
293,节能,1.1322949076369067,1800.2670390324295,8.792131232245442,4.581142630492155,93,工况1,1,历史边界
294,节能,1.1322949076369067,1800.2670390324295,8.792446734573378,4.579697497311057,97,工况1,1,历史边界
295,节能,1.1322949076369067,1800.2670390324295,8.817387193003535,4.4668903209629995,92,工况1,1,历史边界
296,节能,1.1322949076369067,1800.2670390324295,8.862713249238958,4.268943755788965,98,工况1,1,历史边界
297,节能,1.1322949076369067,1800.2670390324295,8.83891145722937,4.37177115081865,96,工况1,1,历史边界
298,节能,1.1322949076369067,1800.2670390324295,8.90565708993214,4.089499504234419,96,工况1,1,历史边界
299,节能,1.1322949076369067,1800.2670390324295,8.81087727791275,4.496064254557507,96,工况1,1,历史边界
300,节能,1.1322949076369067,1800.2670390324295,8.860795194528729,4.277139681071316,98,工况1,1,历史边界
0,节能,1.18427138517021,1882.9058804483102,9.458704174995006,2.3522575036809563,9,工况1,2,历史边界
1,节能,1.1699906736212284,1860.2005815706389,9.44601259954598,2.3823016074884538,26,工况1,2,历史边界
2,节能,1.1699906736212284,1860.2005815706389,9.363353915334558,2.5875869620838823,58,工况1,2,历史边界
3,节能,1.1666748787321433,1854.9287074265874,9.369613228414739,2.571441029105838,82,工况1,2,历史边界
4,节能,1.1555704000272446,1837.2733891316498,9.399829539939203,2.4949037266773066,81,工况1,2,历史边界
5,节能,1.1555704000272446,1837.2733891316498,9.235869277958459,2.9394144767194454,89,工况1,2,历史边界
6,节能,1.1507716871744205,1829.643782639159,9.156894827322253,3.180965778371721,95,工况1,2,历史边界
7,节能,1.1507716871744205,1829.643782639159,8.99566897714262,3.737476700634794,90,工况1,2,历史边界
8,节能,1.1425032696152846,1816.4975965207962,8.94500116916305,3.9317259902300687,92,工况1,2,历史边界
9,节能,1.1397086345740322,1812.0543288553151,8.946500048664971,3.9258372211162933,89,工况1,2,历史边界
10,节能,1.1397086345740322,1812.0543288553151,8.907332360451347,4.082654221727609,85,工况1,2,历史边界
11,节能,1.1397086345740322,1812.0543288553151,8.859918814909424,4.280889722106479,86,工况1,2,历史边界
12,节能,1.138489287255444,1810.115654776697,8.825456612460428,4.430990150865432,90,工况1,2,历史边界
13,节能,1.1370762742706664,1807.8690662907268,8.883024984104315,4.183108781717151,87,工况1,2,历史边界
14,节能,1.134703826769554,1804.0970462902121,8.861111470105008,4.27578714015296,85,工况1,2,历史边界
15,节能,1.134656987646272,1804.0225754706287,8.793638515069057,4.57424275423149,82,工况1,2,历史边界
16,节能,1.134656987646272,1804.0225754706287,9.000028493719793,3.721218573538196,87,工况1,2,历史边界
17,节能,1.1345510737311004,1803.854180003006,8.823173054431107,4.441120135804488,85,工况1,2,历史边界
18,节能,1.134231060571575,1803.345382216083,8.832514919128734,4.399824979590993,90,工况1,2,历史边界
19,节能,1.134231060571575,1803.345382216083,8.873988722817163,4.221079745061253,82,工况1,2,历史边界
20,节能,1.134231060571575,1803.345382216083,8.844871857944863,4.345791145459181,83,工况1,2,历史边界
21,节能,1.1340101533860936,1802.9941557625984,8.746442405827432,4.795304816969293,76,工况1,2,历史边界
22,节能,1.1334458335454465,1802.0969280158895,8.757792713834368,4.741184353300348,69,工况1,2,历史边界
23,节能,1.1326237550610507,1800.7898826613855,8.797227200372499,4.557856656345253,72,工况1,2,历史边界
24,节能,1.1324220143032144,1800.469129442138,8.855504226260692,4.299829864990336,70,工况1,2,历史边界
25,节能,1.1324205405263503,1800.4665178242644,8.996453447965353,3.734545908923093,80,工况1,2,历史边界
26,节能,1.1323797556350013,1800.3898759763886,8.813923261881975,4.482390151035963,83,工况1,2,历史边界
27,节能,1.1323388300242732,1800.336872452785,8.933684942228307,3.976470988566951,76,工况1,2,历史边界
28,节能,1.1323001977004428,1800.2676858279874,8.817192102253731,4.467761854956354,79,工况1,2,历史边界
29,节能,1.1323001977004428,1800.2676858279874,8.887907109731941,4.162736090614947,74,工况1,2,历史边界
30,节能,1.1322873572086671,1800.2550343974192,8.873681824297623,4.222375386990998,66,工况1,2,历史边界
31,节能,1.1322873572086671,1800.2550343974192,8.811171027586383,4.494743731111262,61,工况1,2,历史边界
32,节能,1.1322873572086671,1800.2550343974192,8.811754637575612,4.4921213190781195,55,工况1,2,历史边界
33,节能,1.1322873572086671,1800.2550343974192,8.932799477490326,3.9799935727408142,49,工况1,2,历史边界
34,节能,1.1322840346205818,1800.245619021538,8.907176467233135,4.083290729445409,51,工况1,2,历史边界
35,节能,1.1322840346205818,1800.245619021538,8.835407273460172,4.387117512860841,50,工况1,2,历史边界
36,节能,1.1322840346205818,1800.245619021538,8.815132998965712,4.476970916032154,53,工况1,2,历史边界
37,节能,1.1322833523449491,1800.247229371434,8.875246467007178,4.215774043843185,36,工况1,2,历史边界
38,节能,1.1322833523449491,1800.247229371434,8.848014287542293,4.332156237329111,29,工况1,2,历史边界
39,节能,1.132283279751568,1800.246142792362,8.789951514485239,4.591139119249988,7,工况1,2,历史边界
40,节能,1.132283279751568,1800.246142792362,8.834984269228848,4.388973674686572,8,工况1,2,历史边界
41,节能,1.132283279751568,1800.246142792362,8.940067074826665,3.95117343548096,5,工况1,2,历史边界
42,节能,1.132283279751568,1800.246142792362,8.889252726098407,4.157138411810879,2,工况1,2,历史边界
43,节能,1.132283279751568,1800.246142792362,8.770451008637213,4.681547292106315,5,工况1,2,历史边界
44,节能,1.1322832317320917,1800.2462587797702,8.908585469172753,4.077541416235501,4,工况1,2,历史边界
45,节能,1.1322832317320917,1800.2462587797702,8.875807431985773,4.213409805436392,5,工况1,2,历史边界
46,节能,1.1322832317320917,1800.2462587797702,8.823719663276178,4.438693243597037,4,工况1,2,历史边界
47,节能,1.1322832317320917,1800.2462587797702,8.798495217126929,4.552080880404936,4,工况1,2,历史边界
48,节能,1.1322832301946417,1800.2461904649517,8.827994256620075,4.419760129513124,5,工况1,2,历史边界
49,节能,1.1322832270167524,1800.2461169858516,8.825682580744811,4.429989000741272,6,工况1,2,历史边界
50,节能,1.1320419403738802,1799.8648393735693,8.987825379181173,3.7669072350192385,6,工况1,2,历史边界
51,节能,1.1319445782964692,1799.7100407096943,8.917605221093854,4.04092837272149,11,工况1,2,历史边界
52,节能,1.1316863241152075,1799.2994352330802,8.861591169448777,4.273736539742891,14,工况1,2,历史边界
53,节能,1.131521528808385,1799.0374226098152,8.859327655298339,4.2834211593777125,43,工况1,2,历史边界
54,节能,1.1314631107402187,1798.944542105015,8.824423439222745,4.43557049704385,69,工况1,2,历史边界
55,节能,1.1312230209908198,1798.5628167617876,8.819405608448104,4.457883373488777,95,工况1,2,历史边界
56,节能,1.1312230209908198,1798.5628167617876,8.865834162253455,4.2556415220177035,96,工况1,2,历史边界
57,节能,1.131199765706747,1798.265638641945,8.83591588997533,4.384886719797044,96,工况1,2,历史边界
58,节能,1.1310832054877704,1798.3405202204997,8.801640070426373,4.537787740522965,92,工况1,2,历史边界
59,节能,1.1310832054877704,1798.3405202204997,8.871908642453246,4.2298690682336675,78,工况1,2,历史边界
60,节能,1.1310832054877704,1798.3405202204997,8.83082407721466,4.407270681059233,70,工况1,2,历史边界
61,节能,1.1310679624749966,1798.3162849322482,8.891630139251506,4.147266915233842,77,工况1,2,历史边界
62,节能,1.1310669823231863,1798.314726561734,8.850905042852176,4.319651117012504,78,工况1,2,历史边界
63,节能,1.1310643983755821,1798.3002501093454,8.85029161519732,4.322301723361514,67,工况1,2,历史边界
64,节能,1.131063519455772,1798.3053383408774,8.792345732530475,4.580160079474644,59,工况1,2,历史边界
65,节能,1.131063519455772,1798.3053383408774,8.948590266650987,3.9176399355878724,61,工况1,2,历史边界
66,节能,1.131063519455772,1798.3053383408774,8.819757937332191,4.4563130090730185,42,工况1,2,历史边界
67,节能,1.1310632316791716,1798.3060387681305,8.812318527308834,4.489588972035255,25,工况1,2,历史边界
68,节能,1.1310630729100382,1798.3077616835733,8.891257884818168,4.148811041115291,12,工况1,2,历史边界
69,节能,1.1310630729100382,1798.3077616835733,8.815690718690053,4.474474717201347,9,工况1,2,历史边界
70,节能,1.1310629644139094,1798.3072550917925,8.788724915248453,4.59677406219149,5,工况1,2,历史边界
71,节能,1.1310629402383985,1798.3048966866677,8.829797228586644,4.411798605259888,3,工况1,2,历史边界
72,节能,1.1310628353242278,1798.3060654435285,8.843758955542045,4.350630279109383,8,工况1,2,历史边界
73,节能,1.1310628353242278,1798.3060654435285,8.916846180994641,4.043996763763036,5,工况1,2,历史边界
74,节能,1.1310628353242278,1798.3060654435285,8.792880773445262,4.577710161897365,8,工况1,2,历史边界
75,节能,1.1310628353242278,1798.3060654435285,8.833856638779054,4.393925606495321,2,工况1,2,历史边界
76,节能,1.1310628350841139,1798.3060477284896,8.86716149985168,4.249996596210876,5,工况1,2,历史边界
77,节能,1.1310628350086518,1798.3060565627063,8.772512729260493,4.671905192578511,4,工况1,2,历史边界
78,节能,1.1310628311321655,1798.3058966705455,8.82080481353002,4.4516502421494515,5,工况1,2,历史边界
79,节能,1.131062828462669,1798.3059094034352,8.759001066845448,4.735458788859134,3,工况1,2,历史边界
80,节能,1.1308348447979562,1797.945644679995,8.757401317627028,4.7430403980752756,3,工况1,2,历史边界
81,节能,1.1307757552541746,1797.851696577514,8.811508945804658,4.493225131913661,6,工况1,2,历史边界
82,节能,1.1306394737834573,1797.635018892126,8.797039632342074,4.558711644722979,14,工况1,2,历史边界
83,节能,1.1305804344130288,1797.541150561649,8.861747773499168,4.273067307694056,33,工况1,2,历史边界
84,节能,1.1305731575861748,1797.5295809330605,8.796521867538184,4.561072596319776,59,工况1,2,历史边界
85,节能,1.1305731575861748,1797.5295809330605,8.878944399637131,4.2002131846828785,90,工况1,2,历史边界
86,节能,1.1305731575861748,1797.5295809330605,8.828599870035138,4.417084273836163,96,工况1,2,历史边界
87,节能,1.1305731575861748,1797.5295809330605,8.866718934139762,4.251877915253069,89,工况1,2,历史边界
88,节能,1.1305731575861748,1797.5295809330605,8.910630215853859,4.069212395228574,97,工况1,2,历史边界
89,节能,1.1300353535713485,1796.6745114323317,8.832244348508793,4.401015604030085,97,工况1,2,历史边界
90,节能,1.1300353535713485,1796.6745114323317,8.751635911282426,4.770464934110354,96,工况1,2,历史边界
91,节能,1.130018930734394,1796.648400308933,8.835189317919188,4.388073813643459,98,工况1,2,历史边界
92,节能,1.129971518996174,1796.573019072998,8.808258070448371,4.50785581514404,98,工况1,2,历史边界
93,节能,1.129971518996174,1796.573019072998,8.84518791497612,4.344417844643403,98,工况1,2,历史边界
94,节能,1.1299693529996906,1796.5695752951892,8.905616868681863,4.0896639923254225,99,工况1,2,历史边界
95,节能,1.1295005450546678,1795.8242045570817,8.806796001296227,4.514451432523105,96,工况1,2,历史边界
96,节能,1.1294968124185187,1795.8182699354713,8.797524955426235,4.55649973351696,95,工况1,2,历史边界
97,节能,1.1294934833818848,1795.8129770079106,8.751395110318544,4.771613804983708,92,工况1,2,历史边界
98,节能,1.1294934833818848,1795.8129770079106,8.855035639283644,4.301845181407231,96,工况1,2,历史边界
99,节能,1.1294930727695212,1795.8123241639391,8.862970267744966,4.267846699230574,97,工况1,2,历史边界
100,节能,1.1294928967284925,1795.8120442714314,8.898921174257032,4.11713901223976,96,工况1,2,历史边界
101,节能,1.1294928967284925,1795.8120442714314,8.875492798320897,4.214735694578844,95,工况1,2,历史边界
102,节能,1.1294928967284925,1795.8120442714314,8.821485419858726,4.448621451645363,93,工况1,2,历史边界
103,节能,1.1294927393420835,1795.81179403842,8.829371701180232,4.413676345964727,92,工况1,2,历史边界
104,节能,1.1294927393420835,1795.81179403842,8.788139683279018,4.599465028671956,94,工况1,2,历史边界
105,节能,1.1294927393420835,1795.81179403842,8.832570499723124,4.399580441499264,92,工况1,2,历史边界
106,节能,1.129492738870288,1795.8117932882992,8.789895364346982,4.591396919583983,91,工况1,2,历史边界
107,节能,1.1294926884964196,1795.8117131974905,8.847259768195505,4.335426166480758,97,工况1,2,历史边界
108,节能,1.1294926871643476,1795.8117110795922,8.788811628516427,4.596375478171931,95,工况1,2,历史边界
109,节能,1.1294926728321584,1795.8116882924476,8.806742806353256,4.514691584896994,96,工况1,2,历史边界
110,节能,1.1294926728321584,1795.8116882924476,8.807728865300277,4.510242026990389,97,工况1,2,历史边界
111,节能,1.1294926728321584,1795.8116882924476,8.77853644770754,4.643847541621648,94,工况1,2,历史边界
112,节能,1.1294926648751797,1795.811675641427,8.829435834382354,4.413393291844213,92,工况1,2,历史边界
113,节能,1.1294926648751797,1795.811675641427,8.790082250108098,4.590538933051314,96,工况1,2,历史边界
114,节能,1.1294926648751797,1795.811675641427,8.807194392805895,4.5126532716113825,99,工况1,2,历史边界
115,节能,1.1294926637813043,1795.811673902244,8.706308154438764,4.991675013359068,97,工况1,2,历史边界
116,节能,1.1294926603398634,1795.811668430602,8.86063949103219,4.277805698524121,95,工况1,2,历史边界
117,节能,1.1294926587759357,1795.81166594407,8.902698805179053,4.101615320446825,94,工况1,2,历史边界
118,节能,1.1294926587759357,1795.81166594407,8.932426909990323,3.9814766652551183,95,工况1,2,历史边界
119,节能,1.1294926587759357,1795.81166594407,8.793270092284144,4.575928319967216,96,工况1,2,历史边界
120,节能,1.1294926587759357,1795.81166594407,8.795885548093061,4.563975819094023,95,工况1,2,历史边界
121,节能,1.129492658055432,1795.8116647985212,8.847677791864315,4.333614234470407,98,工况1,2,历史边界
122,节能,1.129492657422555,1795.8116637922924,8.877455872641288,4.206469970938929,91,工况1,2,历史边界
123,节能,1.1294926571903108,1795.8116634230407,8.730272863666345,4.873472968888746,93,工况1,2,历史边界
124,节能,1.1292056007073354,1795.3508412296292,8.864408836572226,4.261711522004945,93,工况1,2,历史边界
125,节能,1.1292056007073354,1795.3508412296292,8.879489212905316,4.197925476054253,94,工况1,2,历史边界
126,节能,1.1292056007073354,1795.3508412296292,8.786995972132152,4.604728497465085,92,工况1,2,历史边界
127,节能,1.1292056007073354,1795.3508412296292,8.859785970930227,4.281458450306887,94,工况1,2,历史边界
128,节能,1.129205583132841,1795.3538307262459,8.856286887339934,4.296465872112514,95,工况1,2,历史边界
129,节能,1.129205583132841,1795.3538307262459,8.781413535951893,4.630505984073316,89,工况1,2,历史边界
130,节能,1.1292054604748598,1795.3522520008928,8.813819129925516,4.482856935395163,87,工况1,2,历史边界
131,节能,1.1292054604748598,1795.3522520008928,8.775904839990288,4.656084420920855,73,工况1,2,历史边界
132,节能,1.1292054603558273,1795.3525120568645,8.875444148480202,4.21494074578677,48,工况1,2,历史边界
133,节能,1.1292054594219287,1795.352383342966,8.880622578826374,4.193170385518334,17,工况1,2,历史边界
134,节能,1.129205459413848,1795.3523946415166,8.809625780330121,4.5016945905444965,3,工况1,2,历史边界
135,节能,1.1292054594053347,1795.3523779687653,8.802417550822176,4.5342610706503885,7,工况1,2,历史边界
136,节能,1.1292054594053347,1795.3523779687653,8.853157227902619,4.309933410487943,6,工况1,2,历史边界
137,节能,1.1292054594053347,1795.3523779687653,8.87518109602677,4.216049642133578,6,工况1,2,历史边界
138,节能,1.1292054594049346,1795.3523881571505,8.818176354186823,4.463366615080514,4,工况1,2,历史边界
139,节能,1.1292054594021232,1795.3523860127661,8.879871267323576,4.196321946415896,8,工况1,2,历史边界
140,节能,1.1292054594021232,1795.3523860127661,8.835069121602439,4.38860127565234,6,工况1,2,历史边界
141,节能,1.1292054594021232,1795.3523860127661,8.821802721521347,4.447210120583072,2,工况1,2,历史边界
142,节能,1.1292054594021232,1795.3523860127661,8.817492007390406,4.466422151128683,6,工况1,2,历史边界
143,节能,1.1292054594021232,1795.3523860127661,8.82784519176239,4.420419009534535,5,工况1,2,历史边界
144,节能,1.1292054594021232,1795.3523860127661,8.704606217949362,5.000177760723129,0,工况1,2,历史边界
145,节能,1.1292054594021181,1795.3523856074767,8.895205726299077,4.132464480835803,5,工况1,2,历史边界
146,节能,1.1292054594021181,1795.3523856074767,8.836583531437794,4.3819601646681825,1,工况1,2,历史边界
147,节能,1.1292054594021181,1795.3523856074767,8.826259107839059,4.427435728141263,10,工况1,2,历史边界
148,节能,1.1292054594021181,1795.3523856074767,8.812415131370987,4.489155280451684,4,工况1,2,历史边界
149,节能,1.1292054594021181,1795.3523856074767,8.875458395582948,4.21488069552067,7,工况1,2,历史边界
150,节能,1.1292054594021177,1795.3523856037184,8.802192356122726,4.535282277190255,4,工况1,2,历史边界
151,节能,1.1292054594021177,1795.3523856037184,8.795325830818287,4.566531070244015,2,工况1,2,历史边界
152,节能,1.1292054594021177,1795.3523856037184,8.887997756728579,4.162358768192368,5,工况1,2,历史边界
153,节能,1.1292054594021177,1795.3523856037184,8.75787970269862,4.740771940996143,2,工况1,2,历史边界
154,节能,1.1292054594021177,1795.3523856037184,8.841755510504525,4.3593552648484835,4,工况1,2,历史边界
155,节能,1.1292054594021177,1795.3523856037184,8.800648100063556,4.542291324816094,3,工况1,2,历史边界
156,节能,1.1292054594021175,1795.3523856039687,8.781610504075045,4.629594011818067,2,工况1,2,历史边界
157,节能,1.1292054594021175,1795.3523856044453,8.89670000410714,4.126294042192391,5,工况1,2,历史边界
158,节能,1.1292054594021175,1795.3523856044453,8.74948110233526,4.7807554577069284,5,工况1,2,历史边界
159,节能,1.1292054594021175,1795.3523856044453,8.832102615038815,4.401639419449787,8,工况1,2,历史边界
160,节能,1.1292054594021175,1795.3523856044453,8.827892669680464,4.420209142225022,6,工况1,2,历史边界
161,节能,1.1292054594021175,1795.3523856044453,8.804276545391383,4.5258397339794945,2,工况1,2,历史边界
162,节能,1.1292054594021175,1795.3523856044453,8.912765633700456,4.060532197681066,5,工况1,2,历史边界
163,节能,1.1292054594021175,1795.3523856044453,8.891458722676568,4.1479778864581895,5,工况1,2,历史边界
164,节能,1.1292054594021175,1795.3523856044453,8.808474517483097,4.50688020870725,5,工况1,2,历史边界
165,节能,1.1292054594021175,1795.3523856044453,8.834082268524813,4.392934318014129,6,工况1,2,历史边界
166,节能,1.1292054594021175,1795.3523856044453,8.817635866986068,4.465779659659356,7,工况1,2,历史边界
167,节能,1.1292054594021175,1795.3523856044453,8.95604039855052,3.888561455089108,7,工况1,2,历史边界
168,节能,1.1292054594021175,1795.3523856044453,8.775247040572252,4.659148198108214,5,工况1,2,历史边界
169,节能,1.1292054594021175,1795.3523856044453,8.891116961746498,4.149395745509188,6,工况1,2,历史边界
170,节能,1.1292054594021175,1795.3523856044453,8.775069904564104,4.659973574121144,5,工况1,2,历史边界
171,节能,1.1292054594021175,1795.3523856044453,8.843100883089045,4.353494251296497,5,工况1,2,历史边界
172,节能,1.1292054594021175,1795.3523856044453,8.803890147157333,4.527588848365895,5,工况1,2,历史边界
173,节能,1.1292054594021175,1795.3523856044453,8.8533545092418,4.309083224918571,5,工况1,2,历史边界
174,节能,1.1292054594021175,1795.3523856044453,8.843202599926675,4.353051450149162,5,工况1,2,历史边界
175,节能,1.1292054594021175,1795.3523856044453,8.880153077424978,4.1951395471165185,4,工况1,2,历史边界
176,节能,1.1292054594021175,1795.3523856044453,8.835238504673358,4.387857983843534,7,工况1,2,历史边界
177,节能,1.1292054594021175,1795.3523856044453,8.883023024387985,4.183116979431776,7,工况1,2,历史边界
178,节能,1.1292054594021175,1795.3523856044453,8.824834595455084,4.433747159454006,8,工况1,2,历史边界
179,节能,1.1292054594021175,1795.3523856044453,8.882161470561094,4.186722512831261,5,工况1,2,历史边界
180,节能,1.1292054594021175,1795.3523856044453,8.757085728516087,4.744537486197594,3,工况1,2,历史边界
181,节能,1.1292054594021175,1795.3523856044453,8.856327839216652,4.2962899273744535,4,工况1,2,历史边界
182,节能,1.1292054594021175,1795.3523856044453,8.797495165990819,4.556635471093258,4,工况1,2,历史边界
183,节能,1.1292054594021175,1795.3523856044453,8.773447674596346,4.667539257882332,5,工况1,2,历史边界
184,节能,1.1292054594021175,1795.3523856044453,8.769866435776052,4.684284797659293,2,工况1,2,历史边界
185,节能,1.1292054594021175,1795.3523856044453,8.767378235905735,4.6959547470477805,2,工况1,2,历史边界
186,节能,1.1292054594021175,1795.3523856044453,8.828129023984273,4.419164530224656,5,工况1,2,历史边界
187,节能,1.1292054594021175,1795.3523856044453,8.874614792298615,4.218437882935012,8,工况1,2,历史边界
188,节能,1.1292054594021175,1795.3523856044453,8.93242433912895,3.9814869010928406,5,工况1,2,历史边界
189,节能,1.1292054594021175,1795.3523856044453,8.736947812138585,4.841051115420578,2,工况1,2,历史边界
190,节能,1.1292054594021175,1795.3523856044453,8.890760784898548,4.150873927438182,6,工况1,2,历史边界
191,节能,1.1292054594021175,1795.3523856044453,8.857134538010238,4.292825513030459,8,工况1,2,历史边界
192,节能,1.1292054594021175,1795.3523856044453,8.753333649887377,4.762372802733739,4,工况1,2,历史边界
193,节能,1.1292054594021175,1795.3523856044453,8.784662834805037,4.615484504144869,3,工况1,2,历史边界
194,节能,1.1292054594021175,1795.3523856044453,8.892914445579784,4.141943972965425,7,工况1,2,历史边界
195,节能,1.1292054594021175,1795.3523856044453,8.875216441546334,4.215900626302008,5,工况1,2,历史边界
196,节能,1.1292054594021175,1795.3523856044453,8.883992677193113,4.1790627742218724,4,工况1,2,历史边界
197,节能,1.1292054594021175,1795.3523856044453,8.76008555923994,4.730326003554565,4,工况1,2,历史边界
198,节能,1.1292054594021175,1795.3523856044453,8.880648299997112,4.193062533653958,5,工况1,2,历史边界
199,节能,1.1292054594021175,1795.3523856044453,8.852846660769659,4.311272142022733,2,工况1,2,历史边界
200,节能,1.1292054594021175,1795.3523856044453,8.822497079432958,4.444123236876336,5,工况1,2,历史边界
201,节能,1.1292054594021175,1795.3523856044453,8.756515887511727,4.747241888670483,1,工况1,2,历史边界
202,节能,1.1292054594021175,1795.3523856044453,8.905283843525318,4.091026180125495,7,工况1,2,历史边界
203,节能,1.1292054594021175,1795.3523856044453,8.867684704900093,4.247773558139081,5,工况1,2,历史边界
204,节能,1.1292054594021175,1795.3523856044453,8.805873156361644,4.518619494101482,4,工况1,2,历史边界
205,节能,1.1292054594021175,1795.3523856044453,8.745118039405792,4.801659764861362,5,工况1,2,历史边界
206,节能,1.1292054594021175,1795.3523856044453,8.781294649824735,4.631056519721421,8,工况1,2,历史边界
207,节能,1.1292054594021175,1795.3523856044453,8.838173725607467,4.374997534596673,8,工况1,2,历史边界
208,节能,1.1292054594021175,1795.3523856044453,8.774338847274908,4.6633815273226995,10,工况1,2,历史边界
209,节能,1.1292054594021175,1795.3523856044453,8.852585783380812,4.312397002160661,4,工况1,2,历史边界
210,节能,1.1292054594021175,1795.3523856044453,8.831444070471328,4.404539049840633,4,工况1,2,历史边界
211,节能,1.1292054594021175,1795.3523856044453,8.82189089848785,4.4468179963736585,4,工况1,2,历史边界
212,节能,1.1292054594021175,1795.3523856044453,8.81206681725061,4.490719188974327,4,工况1,2,历史边界
213,节能,1.1292054594021175,1795.3523856044453,8.835651413795137,4.386046571257059,3,工况1,2,历史边界
214,节能,1.1292054594021175,1795.3523856044453,8.813244992616395,4.485431449804892,8,工况1,2,历史边界
215,节能,1.1292054594021175,1795.3523856044453,8.813636488028465,4.483675767664319,6,工况1,2,历史边界
216,节能,1.1292054594021175,1795.3523856044453,8.853897579849615,4.306743723787138,3,工况1,2,历史边界
217,节能,1.1292054594021175,1795.3523856044453,8.817917850515688,4.464520560879324,3,工况1,2,历史边界
218,节能,1.1292054594021175,1795.3523856044453,8.797883855932806,4.554864696879699,5,工况1,2,历史边界
219,节能,1.1292054594021175,1795.3523856044453,8.967465998975953,3.8443851566202603,4,工况1,2,历史边界
220,节能,1.1292054594021175,1795.3523856044453,8.943891234174995,3.9360923732224298,3,工况1,2,历史边界
221,节能,1.1292054594021175,1795.3523856044453,8.820566664142136,4.452710526177673,5,工况1,2,历史边界
222,节能,1.1292054594021175,1795.3523856044453,8.855274581970733,4.300817409754295,8,工况1,2,历史边界
223,节能,1.1292054594021175,1795.3523856044453,8.823268932514667,4.4406943501290925,7,工况1,2,历史边界
224,节能,1.1292054594021175,1795.3523856044453,8.822779968932386,4.44286621888544,4,工况1,2,历史边界
225,节能,1.1292054594021175,1795.3523856044453,8.7565719409795,4.746975796758021,3,工况1,2,历史边界
226,节能,1.1292054594021175,1795.3523856044453,8.778092800417308,4.645908229075138,4,工况1,2,历史边界
227,节能,1.1292054594021175,1795.3523856044453,8.82231461211731,4.444934218100311,4,工况1,2,历史边界
228,节能,1.1292054594021175,1795.3523856044453,8.896891686829354,4.125503178717581,6,工况1,2,历史边界
229,节能,1.1292054594021175,1795.3523856044453,8.81139685143824,4.49372882536807,7,工况1,2,历史边界
230,节能,1.1292054594021175,1795.3523856044453,8.817095717903527,4.468192498032904,8,工况1,2,历史边界
231,节能,1.1292054594021175,1795.3523856044453,8.874592344941531,4.218532576779318,4,工况1,2,历史边界
232,节能,1.1292054594021175,1795.3523856044453,8.910976621848427,4.067803039780377,10,工况1,2,历史边界
233,节能,1.1292054594021175,1795.3523856044453,8.893189976773444,4.140802895406931,8,工况1,2,历史边界
234,节能,1.1292054594021175,1795.3523856044453,8.834095882684716,4.392874512310985,6,工况1,2,历史边界
235,节能,1.1292054594021175,1795.3523856044453,8.870391042049928,4.236293192631535,7,工况1,2,历史边界
236,节能,1.1292054594021175,1795.3523856044453,8.845871644075425,4.34144845498822,4,工况1,2,历史边界
237,节能,1.1292054594021175,1795.3523856044453,8.828465629594454,4.417677264976423,8,工况1,2,历史边界
238,节能,1.1292054594021175,1795.3523856044453,8.901186715747928,4.107822020983967,8,工况1,2,历史边界
239,节能,1.1292054594021175,1795.3523856044453,8.878310099342059,4.20287822627427,3,工况1,2,历史边界
240,节能,1.1292054594021175,1795.3523856044453,8.878550158809267,4.201869406659726,4,工况1,2,历史边界
241,节能,1.1292054594021175,1795.3523856044453,8.804163357400945,4.526352033676568,5,工况1,2,历史边界
242,节能,1.1292054594021175,1795.3523856044453,8.799677066433894,4.546704184619108,4,工况1,2,历史边界
243,节能,1.1292054594021175,1795.3523856044453,8.814757521233147,4.478652234549543,2,工况1,2,历史边界
244,节能,1.1292054594021175,1795.3523856044453,8.938245459923715,3.9583775114291293,6,工况1,2,历史边界
245,节能,1.1292054594021175,1795.3523856044453,8.82924263801214,4.4142460257784215,4,工况1,2,历史边界
246,节能,1.1292054594021175,1795.3523856044453,8.926492363573782,4.005175173727921,6,工况1,2,历史边界
247,节能,1.1292054594021175,1795.3523856044453,8.894552096453982,4.1351664659071155,5,工况1,2,历史边界
248,节能,1.1292054594021175,1795.3523856044453,8.861167994241649,4.275545461806798,5,工况1,2,历史边界
249,节能,1.1292054594021175,1795.3523856044453,8.79082373505325,4.587136379169455,2,工况1,2,历史边界
250,节能,1.1292054594021175,1795.3523856044453,8.808849673054418,4.505189744601018,5,工况1,2,历史边界
251,节能,1.1292054594021175,1795.3523856044453,8.759453413937399,4.733317202253695,5,工况1,2,历史边界
252,节能,1.1292054594021175,1795.3523856044453,8.847563230879498,4.334110726023666,5,工况1,2,历史边界
253,节能,1.1292054594021175,1795.3523856044453,8.813402314704595,4.484725847867573,8,工况1,2,历史边界
254,节能,1.1292054594021175,1795.3523856044453,8.819338113876588,4.4581842665711475,3,工况1,2,历史边界
255,节能,1.1292054594021175,1795.3523856044453,8.793986881178368,4.572649520610566,3,工况1,2,历史边界
256,节能,1.1292054594021175,1795.3523856044453,8.75289121970994,4.764480286350668,2,工况1,2,历史边界
257,节能,1.1292054594021175,1795.3523856044453,8.704606204625229,5.000177827346163,0,工况1,2,历史边界
258,节能,1.1292054594021175,1795.3523856044453,8.729163381739903,4.8788829996774625,1,工况1,2,历史边界
259,节能,1.1292054594021175,1795.3523856044453,8.813876687539121,4.482598920273267,5,工况1,2,历史边界
260,节能,1.1292054594021175,1795.3523856044453,8.908307291789598,4.078675853816499,2,工况1,2,历史边界
261,节能,1.1292054594021175,1795.3523856044453,8.843131628343084,4.353360404067379,5,工况1,2,历史边界
262,节能,1.1292054594021175,1795.3523856044453,8.973141796295188,3.8226270114760825,8,工况1,2,历史边界
263,节能,1.1292054594021175,1795.3523856044453,8.86602365017896,4.254835205730015,2,工况1,2,历史边界
264,节能,1.1292054594021175,1795.3523856044453,8.909362512714816,4.07437421969469,4,工况1,2,历史边界
265,节能,1.1292054594021175,1795.3523856044453,8.830371521525736,4.409265667865837,5,工况1,2,历史边界
266,节能,1.1292054594021175,1795.3523856044453,8.934991394178496,3.9712793123652537,4,工况1,2,历史边界
267,节能,1.1292054594021175,1795.3523856044453,8.80314297983542,4.530972978898891,6,工况1,2,历史边界
268,节能,1.1292054594021175,1795.3523856044453,8.83923568644622,4.370353924647658,7,工况1,2,历史边界
269,节能,1.1292054594021175,1795.3523856044453,8.78982508896411,4.591719593098298,5,工况1,2,历史边界
270,节能,1.1292054594021175,1795.3523856044453,8.855483339412363,4.299919675822497,3,工况1,2,历史边界
271,节能,1.1292054594021175,1795.3523856044453,8.848457287244308,4.33023751843422,4,工况1,2,历史边界
272,节能,1.1292054594021175,1795.3523856044453,8.879406866423391,4.198271174681927,6,工况1,2,历史边界
273,节能,1.1292054594021175,1795.3523856044453,8.752875549456508,4.764554947549208,3,工况1,2,历史边界
274,节能,1.1292054594021175,1795.3523856044453,8.83192876226532,4.402404723193943,2,工况1,2,历史边界
275,节能,1.1292054594021175,1795.3523856044453,8.854653059361512,4.3034912958668485,6,工况1,2,历史边界
276,节能,1.1292054594021175,1795.3523856044453,8.783750467357406,4.619697443543637,5,工况1,2,历史边界
277,节能,1.1292054594021175,1795.3523856044453,8.89149144876293,4.147842141596862,6,工况1,2,历史边界
278,节能,1.1292054594021175,1795.3523856044453,8.81295376657307,4.486737914487661,3,工况1,2,历史边界
279,节能,1.1292054594021175,1795.3523856044453,8.833046946310661,4.39748477568737,2,工况1,2,历史边界
280,节能,1.1292054594021175,1795.3523856044453,8.704606204625229,5.000177827346163,0,工况1,2,历史边界
281,节能,1.1292054594021175,1795.3523856044453,8.840870651768244,4.3632143855756835,5,工况1,2,历史边界
282,节能,1.1292054594021175,1795.3523856044453,8.800645078212499,4.542305050964676,7,工况1,2,历史边界
283,节能,1.1292054594021175,1795.3523856044453,8.787314796439489,4.603260632099418,8,工况1,2,历史边界
284,节能,1.1292054594021175,1795.3523856044453,8.786244617959323,4.608189579522798,2,工况1,2,历史边界
285,节能,1.1292054594021175,1795.3523856044453,8.89866652423453,4.118187575284504,5,工况1,2,历史边界
286,节能,1.1292054594021175,1795.3523856044453,8.95566059925228,3.890038608494073,7,工况1,2,历史边界
287,节能,1.1292054594021175,1795.3523856044453,8.83086288979088,4.407099626849544,7,工况1,2,历史边界
288,节能,1.1292054594021175,1795.3523856044453,8.811522347864068,4.493164913847021,6,工况1,2,历史边界
289,节能,1.1292054594021175,1795.3523856044453,8.865379403523919,4.257577252261368,4,工况1,2,历史边界
290,节能,1.1292054594021175,1795.3523856044453,8.884752775397004,4.17588748303268,7,工况1,2,历史边界
291,节能,1.1292054594021175,1795.3523856044453,8.810703082812232,4.496847515140365,3,工况1,2,历史边界
292,节能,1.1292054594021175,1795.3523856044453,8.818733031628586,4.460882651019109,3,工况1,2,历史边界
293,节能,1.1292054594021175,1795.3523856044453,8.950608363786447,3.9097417300097193,7,工况1,2,历史边界
294,节能,1.1292054594021175,1795.3523856044453,8.764474491027055,4.709610418292671,4,工况1,2,历史边界
295,节能,1.1292054594021175,1795.3523856044453,8.745788870204043,4.798439743773783,3,工况1,2,历史边界
296,节能,1.1292054594021175,1795.3523856044453,8.74092615636138,4.821830007127242,1,工况1,2,历史边界
297,节能,1.1292054594021175,1795.3523856044453,8.85528139315616,4.3007881161891905,6,工况1,2,历史边界
298,节能,1.1292054594021175,1795.3523856044453,8.756704997117339,4.7463442245103025,5,工况1,2,历史边界
299,节能,1.1292054594021175,1795.3523856044453,8.871274905245706,4.232550543230723,3,工况1,2,历史边界
300,节能,1.1292054594021175,1795.3523856044453,8.881771880698933,4.188353935250124,5,工况1,2,历史边界
0,节能,1.2002071062777548,1908.2425248680922,9.505762073857925,2.244129303852905,9,工况1,3,历史边界
1,节能,1.1974602558285197,1903.875231249127,9.68316839214319,1.879322406412035,36,工况1,3,历史边界
2,节能,1.1948263844148272,1899.6875661283716,9.514229778571451,2.225206907266664,55,工况1,3,历史边界
3,节能,1.181937656811946,1879.195421085558,9.714360164885605,1.8216077987291754,83,工况1,3,历史边界
4,节能,1.1806897611922547,1877.2113572722078,9.697673233972147,1.8522598754997437,89,工况1,3,历史边界
5,节能,1.1608142652534865,1845.610755713677,9.412149589369733,2.4643549570156207,84,工况1,3,历史边界
6,节能,1.1608142652534865,1845.610755713677,9.31321899119106,2.7206224354874116,81,工况1,3,历史边界
7,节能,1.1608142652534865,1845.610755713677,9.212408288324939,3.0091913662181353,89,工况1,3,历史边界
8,节能,1.1594610727443564,1843.4592774590087,9.142600288289815,3.2267627614121728,96,工况1,3,历史边界
9,节能,1.152594121024987,1832.5413207008987,9.141292760776585,3.2309846019862576,90,工况1,3,历史边界
10,节能,1.1487834989263053,1826.4827070692413,9.079372267426356,3.437372648061577,88,工况1,3,历史边界
11,节能,1.1464984035802028,1822.8495706796941,8.978224143039496,3.803248381700463,90,工况1,3,历史边界
12,节能,1.144996747967609,1820.4620468242945,9.033769640780816,3.5977550046434117,89,工况1,3,历史边界
13,节能,1.144458123380991,1819.6056726737434,9.018870533983385,3.651759652186737,85,工况1,3,历史边界
14,节能,1.1436853777091442,1818.3770629244652,8.849107955189858,4.327420888129257,85,工况1,3,历史边界
15,节能,1.1436853777091442,1818.3770629244652,8.81888137407879,4.460220961836093,82,工况1,3,历史边界
16,节能,1.1434982914782346,1818.0796093435192,8.943331665466932,3.9382955036904783,87,工况1,3,历史边界
17,节能,1.143238859208036,1817.6671307906706,8.843626176597843,4.351207989557501,88,工况1,3,历史边界
18,节能,1.143238859208036,1817.6671307906706,8.882234794695428,4.186415536281843,78,工况1,3,历史边界
19,节能,1.1425619309846184,1816.5908638568621,8.956821804698855,3.885524096119962,78,工况1,3,历史边界
20,节能,1.1425619309846184,1816.5908638568621,8.807551203671709,4.511043395118214,79,工况1,3,历史边界
21,节能,1.1425619309846184,1816.5908638568621,8.775642843058483,4.657304460569704,77,工况1,3,历史边界
22,节能,1.1425619309846184,1816.5908638568621,8.898184615462641,4.120172644273979,87,工况1,3,历史边界
23,节能,1.1425547224122876,1816.5794027480306,8.897263670691553,4.123968843503312,87,工况1,3,历史边界
24,节能,1.1421243852535758,1815.8951977787472,8.79175372366665,4.582872377612482,86,工况1,3,历史边界
25,节能,1.1420384376681345,1815.7585473318443,8.958845740764435,3.877667996571506,81,工况1,3,历史边界
26,节能,1.141861275109967,1815.476871673084,8.887810460648922,4.163138434683737,79,工况1,3,历史边界
27,节能,1.1416859808025754,1815.1981663979839,8.933215714837017,3.978337295502383,80,工况1,3,历史边界
28,节能,1.1416859808025754,1815.1981663979839,8.819056420742765,4.4594402833657085,85,工况1,3,历史边界
29,节能,1.1416677294761426,1815.1682766855045,8.798599491238246,4.551606240963221,86,工况1,3,历史边界
30,节能,1.1416583450069688,1815.1542274810179,8.888016133987163,4.162282276151824,86,工况1,3,历史边界
31,节能,1.1416583450069688,1815.1542274810179,8.821888788327747,4.446827379881475,85,工况1,3,历史边界
32,节能,1.1416581517721869,1815.1539202516851,8.804014690502006,4.52702500241977,81,工况1,3,历史边界
33,节能,1.1416549930069422,1815.1488980433226,8.880121133144158,4.195273559972754,72,工况1,3,历史边界
34,节能,1.1416549930069422,1815.1488980433226,8.925997993160141,4.007155703352549,73,工况1,3,历史边界
35,节能,1.141654228737287,1815.1476829098272,8.959645114962324,3.874569527410209,61,工况1,3,历史边界
36,节能,1.1416509166201103,1815.1417560555549,8.768819856570094,4.6891898390327444,56,工况1,3,历史边界
37,节能,1.1416509166201103,1815.1417560555549,8.805607417186915,4.519820427877267,53,工况1,3,历史边界
38,节能,1.1416506823172163,1815.1416908061055,8.828359273838394,4.418147135368236,54,工况1,3,历史边界
39,节能,1.1416493311789793,1815.1391317590574,8.87276620289053,4.226243254765157,49,工况1,3,历史边界
40,节能,1.1416493311789793,1815.1391317590574,8.76026465933622,4.729478877574326,48,工况1,3,历史边界
41,节能,1.1416493311789793,1815.1391317590574,8.896273875312211,4.128052749591434,52,工况1,3,历史边界
42,节能,1.1416493311789793,1815.1391317590574,8.88365094140843,4.18049115356853,35,工况1,3,历史边界
43,节能,1.1416493311789793,1815.1391317590574,8.70469766999711,4.999720505136605,21,工况1,3,历史边界
44,节能,1.1416492606171518,1815.1385015220983,8.870855911543599,4.2343243268283155,13,工况1,3,历史边界
45,节能,1.1416492606171518,1815.1385015220983,8.908223793862984,4.079016429012086,12,工况1,3,历史边界
46,节能,1.14161721817222,1815.0888387872078,8.814941772701998,4.477827112314185,3,工况1,3,历史边界
47,节能,1.1411303425936532,1814.314741818042,8.795504460620101,4.565715424555441,7,工况1,3,历史边界
48,节能,1.1410062888338022,1814.1170651989728,8.711283660851318,4.966900586090513,11,工况1,3,历史边界
49,节能,1.140332965396565,1813.0469697244714,8.790097715942048,4.59046793708744,34,工况1,3,历史边界
50,节能,1.1400956704522245,1812.6696879192245,8.833237282024697,4.396647856932918,54,工况1,3,历史边界
51,节能,1.1393235084450863,1811.3610255573942,8.788479852525034,4.597900698204718,82,工况1,3,历史边界
52,节能,1.1393223210879735,1811.3959849251357,8.885453549909563,4.172962152635463,87,工况1,3,历史边界
53,节能,1.1392908564716215,1811.366907480862,8.759877816318312,4.731308797379492,82,工况1,3,历史边界
54,节能,1.1392850002723744,1811.3768574620979,8.794300494216435,4.571215702946102,80,工况1,3,历史边界
55,节能,1.1392712883571183,1811.3589799902404,8.813518578973559,4.484204464805064,67,工况1,3,历史边界
56,节能,1.1392712883571183,1811.3589799902404,8.739758850224113,4.827461845287548,60,工况1,3,历史边界
57,节能,1.1392712883571183,1811.3589799902404,8.822372338835844,4.444677634039749,61,工况1,3,历史边界
58,节能,1.1392675689672678,1811.3521079447282,8.74636377004242,4.79568191435443,60,工况1,3,历史边界
59,节能,1.1392675689672678,1811.3521079447282,8.813579789471314,4.483929992818108,60,工况1,3,历史边界
60,节能,1.1392674318512612,1811.35284842475,8.773651875491478,4.666586239494726,55,工况1,3,历史边界
61,节能,1.1392666788803907,1811.3516376348323,8.850325959868258,4.322153277880299,58,工况1,3,历史边界
62,节能,1.1392655787054635,1811.3497874162094,8.960393794676378,3.871669801422804,50,工况1,3,历史边界
63,节能,1.1388658267975844,1810.6821768119871,8.84315717632965,4.353249185894967,50,工况1,3,历史边界
64,节能,1.1388549702969146,1810.6874157924133,8.905772192855991,4.089028817973594,43,工况1,3,历史边界
65,节能,1.1388528619108986,1810.689392774917,9.044487231432475,3.5594016342273482,28,工况1,3,历史边界
66,节能,1.1388500099634047,1810.68594345276,8.936688924546488,3.964543663734247,23,工况1,3,历史边界
67,节能,1.138849615272674,1810.6875555974427,8.883200098748324,4.1823763222460535,43,工况1,3,历史边界
68,节能,1.138849615272674,1810.6875555974427,8.784149448379251,4.617854639583344,30,工况1,3,历史边界
69,节能,1.138849615272674,1810.6875555974427,8.874550092987088,4.218710821791144,14,工况1,3,历史边界
70,节能,1.138849615272674,1810.6875555974427,8.853743608295254,4.307406890865648,6,工况1,3,历史边界
71,节能,1.1388496062225935,1810.686298085199,8.82044089709353,4.453270565655368,6,工况1,3,历史边界
72,节能,1.1380297746919752,1809.385063023211,8.86314329919658,4.267108291406676,8,工况1,3,历史边界
73,节能,1.1380288083902783,1809.3835266733759,8.827768665818422,4.420757299215783,10,工况1,3,历史边界
74,节能,1.1380286491583307,1809.3832735060912,8.806438290971824,4.516066587271076,21,工况1,3,历史边界
75,节能,1.1380286491583307,1809.3832735060912,8.826213290001771,4.427638588318328,35,工况1,3,历史边界
76,节能,1.138028508952135,1809.3830505883768,8.853659752508177,4.307768107005562,69,工况1,3,历史边界
77,节能,1.1380285026083659,1809.3830405022427,8.86200914240459,4.271950606710865,88,工况1,3,历史边界
78,节能,1.1380284232416733,1809.3829143149396,8.77324791883093,4.668471718888534,97,工况1,3,历史边界
79,节能,1.1380284232416733,1809.3829143149396,8.879234189851703,4.198996180349335,99,工况1,3,历史边界
80,节能,1.1380284232416733,1809.3829143149396,8.892556224521453,4.143427970302647,97,工况1,3,历史边界
81,节能,1.1380283923274994,1809.3828651636381,8.833988143967545,4.393347820471983,95,工况1,3,历史边界
82,节能,1.1380283923274994,1809.3828651636381,8.84137119767207,4.361030942989679,94,工况1,3,历史边界
83,节能,1.1380283462079774,1809.382791836933,9.04180218433026,3.568971637476136,97,工况1,3,历史边界
84,节能,1.1380283375142188,1809.382778014485,8.79894042887627,4.550054691588032,88,工况1,3,历史边界
85,节能,1.1380283375142188,1809.382778014485,8.901760532789599,4.105465558857897,92,工况1,3,历史边界
86,节能,1.1380283375142188,1809.382778014485,8.836764303065909,4.381168102188251,96,工况1,3,历史边界
87,节能,1.1380283375142188,1809.382778014485,8.874050995120982,4.2208168968850925,94,工况1,3,历史边界
88,节能,1.1380283375142188,1809.382778014485,8.789465559590383,4.593370747969486,95,工况1,3,历史边界
89,节能,1.1380283369645718,1809.382777140586,8.869558036726737,4.239823517597198,91,工况1,3,历史边界
90,节能,1.138028336631953,1809.3827766117463,8.797737214613791,4.555532677222345,90,工况1,3,历史边界
91,节能,1.1380283358401149,1809.3827753527808,8.84574884694915,4.341981605116348,94,工况1,3,历史边界
92,节能,1.1380283345967008,1809.3827733758424,8.788167451905997,4.599337309616574,97,工况1,3,历史边界
93,节能,1.1380283334364591,1809.382771531142,8.825128843135637,4.432442731558028,96,工况1,3,历史边界
94,节能,1.1380283333477612,1809.382771390119,8.840229205115989,4.366014052658925,94,工况1,3,历史边界
95,节能,1.1380283333477612,1809.382771390119,8.879015471506873,4.1999146782863575,98,工况1,3,历史边界
96,节能,1.1380283330879712,1809.3827709770715,8.81493269852468,4.477867745095752,93,工况1,3,历史边界
97,节能,1.1380283329515444,1809.3827707601627,8.814723728091058,4.478803584838159,98,工况1,3,历史边界
98,节能,1.1380283329515444,1809.3827707601627,8.854052772947535,4.3060753987477565,94,工况1,3,历史边界
99,节能,1.137990117261713,1809.322010576298,8.846903237237283,4.336972155706326,96,工况1,3,历史边界
100,节能,1.137990117261713,1809.322010576298,8.885570844528877,4.172472715333104,97,工况1,3,历史边界
101,节能,1.137990117261713,1809.322010576298,8.818635607891776,4.461317268047103,95,工况1,3,历史边界
102,节能,1.1377258077013286,1808.9017774846782,8.853156265737752,4.309937557356444,95,工况1,3,历史边界
103,节能,1.1376491605076064,1808.772554073133,8.860109118278327,4.2800751318825485,91,工况1,3,历史边界
104,节能,1.1374960800238703,1808.3408931087579,8.90020392428078,4.111861137894463,82,工况1,3,历史边界
105,节能,1.1374063935336387,1808.3939320514667,8.793268222952962,4.575936873900707,82,工况1,3,历史边界
106,节能,1.1374006811567436,1808.3777599085247,8.850155155347492,4.32289158425084,72,工况1,3,历史边界
107,节能,1.1374006811567436,1808.3777599085247,8.870558392309887,4.235584307182221,69,工况1,3,历史边界
108,节能,1.1374006811567436,1808.3777599085247,8.825442291092527,4.431053609159954,63,工况1,3,历史边界
109,节能,1.137400076102236,1808.382204094637,8.87833226880318,4.202785051761658,54,工况1,3,历史边界
110,节能,1.1374000122218388,1808.3808479642357,8.886140822532822,4.170095175300431,40,工况1,3,历史边界
111,节能,1.1374000082962217,1808.3812431858976,8.870721454551465,4.234893699618239,25,工况1,3,历史边界
112,节能,1.137400007545856,1808.3811455950772,8.887242806641122,4.1655023277744245,21,工况1,3,历史边界
113,节能,1.137400007545856,1808.3811455950772,8.840213493561844,4.366082650063995,5,工况1,3,历史边界
114,节能,1.1374000075241557,1808.381131545919,8.836171569282214,4.383765738311753,5,工况1,3,历史边界
115,节能,1.1374000075241557,1808.381131545919,8.910405168299468,4.070128264579631,5,工况1,3,历史边界
116,节能,1.1374000075241557,1808.381131545919,8.911020117041728,4.067626113748593,5,工况1,3,历史边界
117,节能,1.1374000075241557,1808.381131545919,8.893334439028994,4.140204748886711,7,工况1,3,历史边界
118,节能,1.1374000075241557,1808.381131545919,8.865877077283535,4.255458894952524,9,工况1,3,历史边界
119,节能,1.1374000075239843,1808.3811314797372,8.767827837873702,4.693843911105579,3,工况1,3,历史边界
120,节能,1.1374000075239843,1808.3811314797372,8.823410879998919,4.440064049473614,5,工况1,3,历史边界
121,节能,1.1374000075239843,1808.3811314797372,8.791983951607424,4.58181739379019,5,工况1,3,历史边界
122,节能,1.137287018648696,1808.2041346151266,8.863505405851335,4.265563422818275,10,工况1,3,历史边界
123,节能,1.1371521903871227,1807.3227889172058,8.802181010478106,4.535333733183121,8,工况1,3,历史边界
124,节能,1.1368058810718025,1807.3805858680498,8.893028670760023,4.141470885688328,18,工况1,3,历史边界
125,节能,1.1367940218693284,1807.4203053792457,8.815412077390889,4.475721664367049,29,工况1,3,历史边界
126,节能,1.1367835772457044,1807.4034969311651,9.02206211840222,3.64012333200608,51,工况1,3,历史边界
127,节能,1.1367828195096013,1807.3988841120445,8.816131040043322,4.472504944137099,57,工况1,3,历史边界
128,节能,1.136782783557196,1807.4004964462322,8.74494489792021,4.802491203342482,64,工况1,3,历史边界
129,节能,1.1367827592237154,1807.3998301047982,8.867300021889982,4.2494079187929295,69,工况1,3,历史边界
130,节能,1.1367827591799022,1807.3998992190798,8.88297084469828,4.18333525887259,49,工况1,3,历史边界
131,节能,1.1367827591799022,1807.3998992190798,8.760711373746226,4.727366623030296,18,工况1,3,历史边界
132,节能,1.13678275912489,1807.3998675384037,8.78593815965347,4.609602013909455,5,工况1,3,历史边界
133,节能,1.13678275912489,1807.3998675384037,8.86670649178255,4.251930818966035,2,工况1,3,历史边界
134,节能,1.1367827591247255,1807.3998705080908,8.80945212883875,4.502476384401712,7,工况1,3,历史边界
135,节能,1.1367827591247255,1807.3998705080908,8.811984921083917,4.491086976721595,2,工况1,3,历史边界
136,节能,1.1367827591246034,1807.3998698343187,8.88779633015069,4.163197262319654,8,工况1,3,历史边界
137,节能,1.1367827591246034,1807.3998698343187,8.868168114670944,4.245720639137244,2,工况1,3,历史边界
138,节能,1.1367827591246034,1807.3998698343187,8.78829079313355,4.598770056690431,6,工况1,3,历史边界
139,节能,1.1367827591246034,1807.3998698343187,8.77711613561191,4.6504479406589905,3,工况1,3,历史边界
140,节能,1.1367827591245971,1807.3998696450913,8.802135790934297,4.535538823542568,4,工况1,3,历史边界
141,节能,1.1367827591245971,1807.3998696450913,8.87933515728456,4.198572239886878,8,工况1,3,历史边界
142,节能,1.136782759124596,1807.399869669866,8.975695183876624,3.812878813896187,4,工况1,3,历史边界
143,节能,1.136782759124596,1807.399869669866,8.94243807223531,3.9418163107470976,6,工况1,3,历史边界
144,节能,1.136782759124596,1807.399869669866,8.870358410981536,4.236431429659828,5,工况1,3,历史边界
145,节能,1.1367827591245958,1807.3998696948304,8.751590572778042,4.770681224758793,6,工况1,3,历史边界
146,节能,1.1367827591245954,1807.399869664656,8.840698236102648,4.363966736944825,3,工况1,3,历史边界
147,节能,1.1367827591245954,1807.399869664656,8.842221603658606,4.357323872649104,6,工况1,3,历史边界
148,节能,1.1367827591245954,1807.399869664656,8.807582508382733,4.510902180418666,5,工况1,3,历史边界
149,节能,1.1367827591245951,1807.3998696675524,8.797436523327951,4.556902692166202,1,工况1,3,历史边界
150,节能,1.1367827591245951,1807.3998696675524,8.891108095710678,4.149432534363585,4,工况1,3,历史边界
151,节能,1.1367827591245947,1807.3998696645097,8.90357465232121,4.098024505122404,5,工况1,3,历史边界
152,节能,1.1367827591245947,1807.3998696645097,8.826783843694319,4.425113103303408,4,工况1,3,历史边界
153,节能,1.1367827591245947,1807.3998696645097,8.789310991339397,4.594080792125857,4,工况1,3,历史边界
154,节能,1.1367827591245947,1807.3998696645097,8.755069924460516,4.754111190217906,2,工况1,3,历史边界
155,节能,1.1367827591245947,1807.3998696645097,8.844415034669696,4.347776857528654,1,工况1,3,历史边界
156,节能,1.1367827591245947,1807.3998696645097,8.837430994358414,4.37824818901202,5,工况1,3,历史边界
157,节能,1.1367827591245947,1807.3998696645097,8.809178078672687,4.50371045789385,5,工况1,3,历史边界
158,节能,1.1367827591245947,1807.3998696645097,8.88700278364375,4.16650226412776,3,工况1,3,历史边界
159,节能,1.1367827591245947,1807.3998696645097,8.797924546746309,4.554679359500578,5,工况1,3,历史边界
160,节能,1.1367827591245947,1807.3998696645097,8.789882358710601,4.591456634011112,6,工况1,3,历史边界
161,节能,1.1367827591245947,1807.3998696645097,8.770276182634538,4.682365819853612,4,工况1,3,历史边界
162,节能,1.1367827591245947,1807.3998696645097,8.843138847558855,4.353328976332735,5,工况1,3,历史边界
163,节能,1.1367827591245947,1807.3998696645097,8.719338633807912,4.927053037106972,1,工况1,3,历史边界
164,节能,1.1367827591245947,1807.3998696645097,8.800972786446978,4.540816744074489,7,工况1,3,历史边界
165,节能,1.1367827591245947,1807.3998696645097,8.821264768252503,4.4496031554174245,3,工况1,3,历史边界
166,节能,1.1367827591245947,1807.3998696645097,8.840016542794443,4.366942638077334,5,工况1,3,历史边界
167,节能,1.1367827591245947,1807.3998696645097,8.796409066575992,4.561587118716035,5,工况1,3,历史边界
168,节能,1.1367827591245947,1807.3998696645097,8.890778906890166,4.150798706017247,5,工况1,3,历史边界
169,节能,1.1367827591245947,1807.3998696645097,8.81934665568534,4.4581461857764015,3,工况1,3,历史边界
170,节能,1.1367827591245947,1807.3998696645097,8.868163978635767,4.2457381996234735,8,工况1,3,历史边界
171,节能,1.1367827591245947,1807.3998696645097,8.903366112165005,4.098879196908515,9,工况1,3,历史边界
172,节能,1.1367827591245947,1807.3998696645097,8.828587432416187,4.417139212188884,8,工况1,3,历史边界
173,节能,1.1367827591245947,1807.3998696645097,8.799533301175266,4.547357889711027,4,工况1,3,历史边界
174,节能,1.1367827591245947,1807.3998696645097,8.86851271531481,4.244257813131193,3,工况1,3,历史边界
175,节能,1.1367827591245947,1807.3998696645097,8.747356699085369,4.790922505769454,2,工况1,3,历史边界
176,节能,1.1367827591245947,1807.3998696645097,8.704607054520176,5.000173577722097,0,工况1,3,历史边界
177,节能,1.1367827591245947,1807.3998696645097,8.76250543652648,4.718893033871564,4,工况1,3,历史边界
178,节能,1.1367827591245947,1807.3998696645097,8.88011187429462,4.195312403559239,2,工况1,3,历史边界
179,节能,1.1367827591245947,1807.3998696645097,8.79477367180504,4.569053217782895,4,工况1,3,历史边界
180,节能,1.1367827591245947,1807.3998696645097,8.778778552305969,4.642723380865151,4,工况1,3,历史边界
181,节能,1.1367827591245947,1807.3998696645097,8.86400797286244,4.263420229952314,2,工况1,3,历史边界
182,节能,1.1367827591245947,1807.3998696645097,8.866345211915071,4.253467233489945,7,工况1,3,历史边界
183,节能,1.1367827591245947,1807.3998696645097,8.86167583708825,4.273374707876287,7,工况1,3,历史边界
184,节能,1.1367827591245947,1807.3998696645097,8.768831446116604,4.6891354937639305,5,工况1,3,历史边界
185,节能,1.1367827591245947,1807.3998696645097,8.757256946961089,4.743725203407834,3,工况1,3,历史边界
186,节能,1.1367827591245947,1807.3998696645097,8.911389866523233,4.0661223891199105,4,工况1,3,历史边界
187,节能,1.1367827591245947,1807.3998696645097,8.715930811238776,4.943872201733457,2,工况1,3,历史边界
188,节能,1.1367827591245947,1807.3998696645097,8.788217215826657,4.599108434254521,2,工况1,3,历史边界
189,节能,1.1367827591245947,1807.3998696645097,8.946697287407021,3.9250629702799475,2,工况1,3,历史边界
190,节能,1.1367827591245947,1807.3998696645097,8.887122837174703,4.166002090843613,12,工况1,3,历史边界
191,节能,1.1367827591245947,1807.3998696645097,8.874738957643808,4.217914131655654,3,工况1,3,历史边界
192,节能,1.1367827591245947,1807.3998696645097,8.781394742542014,4.630593007887955,6,工况1,3,历史边界
193,节能,1.1367827591245947,1807.3998696645097,8.849822364677278,4.324330441644304,2,工况1,3,历史边界
194,节能,1.1367827591245947,1807.3998696645097,8.86241623522671,4.2702118802179685,6,工况1,3,历史边界
195,节能,1.1367827591245947,1807.3998696645097,8.848281734481901,4.330997770322667,4,工况1,3,历史边界
196,节能,1.1367827591245947,1807.3998696645097,8.894079023738582,4.1371231631293135,3,工况1,3,历史边界
197,节能,1.1367827591245947,1807.3998696645097,8.842668201197723,4.355378336998496,6,工况1,3,历史边界
198,节能,1.1367827591245947,1807.3998696645097,8.805891037460999,4.518538696939734,9,工况1,3,历史边界
199,节能,1.1367827591245947,1807.3998696645097,8.87886545308413,4.200544790125063,3,工况1,3,历史边界
200,节能,1.1367827591245947,1807.3998696645097,8.814891925411395,4.47805032542676,7,工况1,3,历史边界
201,节能,1.1367827591245947,1807.3998696645097,8.873025563563772,4.225147275602406,6,工况1,3,历史边界
202,节能,1.1367827591245947,1807.3998696645097,8.897474210478373,4.123100675377319,7,工况1,3,历史边界
203,节能,1.1367827591245947,1807.3998696645097,8.86825537939769,4.245350153651223,7,工况1,3,历史边界
204,节能,1.1367827591245947,1807.3998696645097,8.79648795997404,4.561227253803412,4,工况1,3,历史边界
205,节能,1.1367827591245947,1807.3998696645097,8.833827338751453,4.394054350522959,4,工况1,3,历史边界
206,节能,1.1364071947391436,1806.8052782095763,8.808460113210675,4.506945127505103,4,工况1,3,历史边界
207,节能,1.1363244992426373,1806.6737983489566,8.888418617971361,4.160607361283777,15,工况1,3,历史边界
208,节能,1.13631726964087,1806.6623038048415,8.82667256506265,4.425605551233484,13,工况1,3,历史边界
209,节能,1.136315017218379,1806.658722615929,8.831121242585716,4.405961187409667,33,工况1,3,历史边界
210,节能,1.1363079917082914,1806.6475525628293,8.89219204798611,4.144937184338802,62,工况1,3,历史边界
211,节能,1.1363079917082914,1806.6475525628293,8.7956779912456,4.564923201841406,93,工况1,3,历史边界
212,节能,1.1363079917082914,1806.6475525628293,8.771960355336416,4.674486544052636,90,工况1,3,历史边界
213,节能,1.1363079917082914,1806.6475525628293,8.777408183273453,4.649089986516115,98,工况1,3,历史边界
214,节能,1.1363079917082914,1806.6475525628293,8.753913354663597,4.7596128325351,96,工况1,3,历史边界
215,节能,1.1363079917082914,1806.6475525628293,8.77627681299364,4.654352805292044,97,工况1,3,历史边界
216,节能,1.1363079917082914,1806.6475525628293,8.786533790365896,4.606857210903548,97,工况1,3,历史边界
217,节能,1.1363079917082914,1806.6475525628293,8.877421270675137,4.2066155255887026,95,工况1,3,历史边界
218,节能,1.1363079917082914,1806.6475525628293,8.838538013122701,4.373404067873278,90,工况1,3,历史边界
219,节能,1.1363079917082914,1806.6475525628293,8.849045068133734,4.327693035446705,97,工况1,3,历史边界
220,节能,1.1363079917082914,1806.6475525628293,8.846916196805632,4.336915950783446,96,工况1,3,历史边界
221,节能,1.1363079917082914,1806.6475525628293,8.845778346188355,4.341853521851539,95,工况1,3,历史边界
222,节能,1.1363079917082914,1806.6475525628293,8.92704719324979,4.002953600038425,96,工况1,3,历史边界
223,节能,1.1363079917082914,1806.6475525628293,8.811847259476908,4.491705269528645,99,工况1,3,历史边界
224,节能,1.1363079917082914,1806.6475525628293,8.705102087424372,4.99769893983856,90,工况1,3,历史边界
225,节能,1.1363079917082914,1806.6475525628293,8.842153611390435,4.357620147054432,95,工况1,3,历史边界
226,节能,1.1363079917082914,1806.6475525628293,8.794606804024742,4.569815709167261,97,工况1,3,历史边界
227,节能,1.1363079917082914,1806.6475525628293,8.961509563572474,3.8673523217850847,94,工况1,3,历史边界
228,节能,1.1363079917082914,1806.6475525628293,9.016255986161944,3.6613198447741273,95,工况1,3,历史边界
229,节能,1.1363079917082914,1806.6475525628293,8.767056451019204,4.697466077461812,99,工况1,3,历史边界
230,节能,1.1363079917082914,1806.6475525628293,8.798271149140017,4.553100970284541,93,工况1,3,历史边界
231,节能,1.1363079917082914,1806.6475525628293,8.80782799933531,4.5097949306608776,96,工况1,3,历史边界
232,节能,1.1363079917082914,1806.6475525628293,8.879540828763385,4.197708802120648,88,工况1,3,历史边界
233,节能,1.135808959735403,1805.854127805591,8.888610814584135,4.159807783482389,98,工况1,3,历史边界
234,节能,1.135808959735403,1805.854127805591,8.802194295287247,4.535273482540296,92,工况1,3,历史边界
235,节能,1.135808959735403,1805.854127805591,8.828449920460072,4.417746663407331,93,工况1,3,历史边界
236,节能,1.1357999760016766,1805.8398443184833,8.874952289000277,4.217014414284859,77,工况1,3,历史边界
237,节能,1.1357806442761937,1805.8090570435406,8.905801221115476,4.088910122306796,72,工况1,3,历史边界
238,节能,1.1357801424123246,1805.8014412405767,8.789502779796514,4.593199784945067,55,工况1,3,历史边界
239,节能,1.1357796438491794,1805.803067860244,8.774067117304615,4.664648880027644,39,工况1,3,历史边界
240,节能,1.1357794866045166,1805.805007394059,8.8649791853411,4.259281553115824,28,工况1,3,历史边界
241,节能,1.135779474324864,1805.8047446533533,8.789855221056524,4.591581237063668,30,工况1,3,历史边界
242,节能,1.135779474324864,1805.8047446533533,8.834397369482973,4.391550318262666,16,工况1,3,历史边界
243,节能,1.135779474285827,1805.8047234986507,8.934197766470298,3.9744322806405443,8,工况1,3,历史边界
244,节能,1.135779474285827,1805.8047234986507,8.80534700966847,4.5209975763612125,4,工况1,3,历史边界
245,节能,1.135779474285827,1805.8047234986507,8.854698772051869,4.303294576198115,5,工况1,3,历史边界
246,节能,1.135779474285827,1805.8047234986507,8.747748216300561,4.789047144273905,2,工况1,3,历史边界
247,节能,1.135779474285827,1805.8047234986507,8.792983154663458,4.577241514345202,6,工况1,3,历史边界
248,节能,1.135779474285827,1805.8047234986507,8.859848698473376,4.281189893360251,9,工况1,3,历史边界
249,节能,1.135779474285827,1805.8047234986507,8.812571346486555,4.488454061312684,5,工况1,3,历史边界
250,节能,1.135779474285827,1805.8047234986507,8.860296541976828,4.279273019541249,7,工况1,3,历史边界
251,节能,1.1357794742857656,1805.8047232928843,8.770864871912247,4.679610172490762,8,工况1,3,历史边界
252,节能,1.1357794742857656,1805.8047232928843,8.815290238056102,4.476267016539324,2,工况1,3,历史边界
253,节能,1.1357794742857656,1805.8047232928843,8.771032859931438,4.678824120072842,6,工况1,3,历史边界
254,节能,1.135779474285336,1805.804722084148,8.862127963240948,4.271443040122238,6,工况1,3,历史边界
255,节能,1.135779474285336,1805.804722084148,8.845576298853498,4.342730870413956,6,工况1,3,历史边界
256,节能,1.135779474285336,1805.804722084148,8.807085799261625,4.513143343233036,3,工况1,3,历史边界
257,节能,1.135779474285322,1805.8047221256254,8.719593041106334,4.925799718288104,1,工况1,3,历史边界
258,节能,1.1357794742853011,1805.8047220303433,8.891527540798986,4.14769244023026,4,工况1,3,历史边界
259,节能,1.1357794742853011,1805.8047220303433,8.816263404032618,4.4719129847184655,5,工况1,3,历史边界
260,节能,1.1357794742853011,1805.8047220303433,8.858323057358586,4.287726437624265,6,工况1,3,历史边界
261,节能,1.1357794742853007,1805.8047220412889,8.762990898710049,4.716602745724435,6,工况1,3,历史边界
262,节能,1.1357794742852994,1805.8047220209896,8.87881586354413,4.200753098373866,6,工况1,3,历史边界
263,节能,1.1357794742852958,1805.8047220201765,8.835196335930334,4.388043018200585,8,工况1,3,历史边界
264,节能,1.1357794742852958,1805.8047220201765,8.899627034813886,4.114233911622524,3,工况1,3,历史边界
265,节能,1.1357794742852958,1805.8047220201765,8.93332364892645,3.977907920461454,4,工况1,3,历史边界
266,节能,1.1357794742852958,1805.8047220201765,8.805645457532197,4.519648495617777,3,工况1,3,历史边界
267,节能,1.1357794742852958,1805.8047220201765,8.748256371100265,4.786614185193805,2,工况1,3,历史边界
268,节能,1.1357794742852951,1805.8047220178423,8.84603189971471,4.340752769135923,3,工况1,3,历史边界
269,节能,1.135779474285295,1805.8047220174424,8.790865409266797,4.586945217851698,5,工况1,3,历史边界
270,节能,1.1355491595903393,1805.4410643583037,8.78442424653432,4.61658583598844,9,工况1,3,历史边界
271,节能,1.1355491595903393,1805.4410643583037,8.88294988615601,4.18342293640023,7,工况1,3,历史边界
272,节能,1.1353013316116287,1805.0470357899392,8.88692569534598,4.166823465075215,16,工况1,3,历史边界
273,节能,1.1352675672708457,1804.9933529292316,8.87626625312596,4.211477047374421,32,工况1,3,历史边界
274,节能,1.135266349563742,1804.9896861168834,8.927598741161269,4.000746388088099,49,工况1,3,历史边界
275,节能,1.135266349563742,1804.9896861168834,8.774540903698583,4.662439356318116,62,工况1,3,历史边界
276,节能,1.135266346743952,1804.989849637696,8.80914468710875,4.503860846340396,69,工况1,3,历史边界
277,节能,1.135266346743952,1804.989849637696,8.820441104006951,4.453269644214013,61,工况1,3,历史边界
278,节能,1.135266346743952,1804.989849637696,8.870692446832555,4.235016546006028,32,工况1,3,历史边界
279,节能,1.135266346743952,1804.989849637696,8.85583374196376,4.298413236942711,6,工况1,3,历史边界
280,节能,1.135266346743952,1804.989849637696,8.820314838714149,4.453831973110133,6,工况1,3,历史边界
281,节能,1.1352663467425528,1804.9898537250358,8.805015224038085,4.522497827259135,5,工况1,3,历史边界
282,节能,1.13526634674254,1804.9898531595616,8.862004090171043,4.271972189657552,9,工况1,3,历史边界
283,节能,1.1352663467424415,1804.9898530457083,8.887572599488976,4.164128801401042,3,工况1,3,历史边界
284,节能,1.1352663467424415,1804.9898530457083,8.824257322987712,4.436307378517333,8,工况1,3,历史边界
285,节能,1.1352663467424415,1804.9898530457083,8.793467625498682,4.575024511405723,7,工况1,3,历史边界
286,节能,1.1352663467424413,1804.9898531904378,8.830752240472068,4.407587296400852,6,工况1,3,历史边界
287,节能,1.1352663467424342,1804.989853321258,8.852714366745536,4.311842535292469,4,工况1,3,历史边界
288,节能,1.1352663467424342,1804.989853321258,8.912357802432657,4.062188547407831,9,工况1,3,历史边界
289,节能,1.1352663467424335,1804.9898532519846,8.842435229776704,4.356393133883487,7,工况1,3,历史边界
290,节能,1.1352663467424335,1804.9898532519846,8.856184168996979,4.296907220634366,5,工况1,3,历史边界
291,节能,1.1352663467424335,1804.9898532519846,8.775324501524317,4.658787310030524,4,工况1,3,历史边界
292,节能,1.1352663467424335,1804.9898532519846,8.848149704111373,4.331569631313717,7,工况1,3,历史边界
293,节能,1.1352663467424335,1804.9898532519846,8.733474743845065,4.857893647258675,1,工况1,3,历史边界
294,节能,1.1352663467424335,1804.9898532519846,8.89390876944993,4.137827586054332,4,工况1,3,历史边界
295,节能,1.1352663467424333,1804.9898532712566,8.768333663104167,4.691470246807729,3,工况1,3,历史边界
296,节能,1.135266346742433,1804.9898532669724,8.853605799177833,4.308000531711271,1,工况1,3,历史边界
297,节能,1.135266346742433,1804.9898532669724,8.792099678600774,4.581287184519482,5,工况1,3,历史边界
298,节能,1.135266346742433,1804.9898532669724,8.781366910697562,4.630721887625745,4,工况1,3,历史边界
299,节能,1.135266346742433,1804.9898532669724,8.811232723515428,4.4944664322751455,5,工况1,3,历史边界
300,节能,1.135266346742433,1804.9898532669724,8.85120856273823,4.318340215950006,3,工况1,3,历史边界
0,节能,575.3018130858835,2105.911266134827,8.221052415128742,9.810010575245556,0,工况2,1,历史边界
1,节能,439.6457362309885,2115.8980015528628,8.306042502518505,9.010704542630654,0,工况2,1,历史边界
2,节能,439.6457362309885,2115.8980015528628,8.306042502518505,9.010704542630654,0,工况2,1,历史边界
3,节能,165.08613063598546,2181.3661846081623,8.534980405671497,7.166915458773293,0,工况2,1,历史边界
4,节能,165.08613063598546,2181.3661846081623,8.534980405671497,7.166915458773293,0,工况2,1,历史边界
5,节能,107.90816850523058,2197.417374217358,8.604536016556983,6.685357921815608,0,工况2,1,历史边界
6,节能,94.47769044793654,2194.89186541965,8.623440109807143,6.560164355964148,0,工况2,1,历史边界
7,节能,94.27485002335187,2235.9669692212838,8.6237701571492,6.557999548419142,0,工况2,1,历史边界
8,节能,73.35514986773315,2202.143730947845,8.656190013099215,6.348799586975903,0,工况2,1,历史边界
9,节能,58.18451808704005,2229.7265328606973,8.682831629002234,6.181890542476768,0,工况2,1,历史边界
10,节能,34.93435352151379,2218.7922388021907,8.731824345509468,5.886322393238467,0,工况2,1,历史边界
11,节能,16.32026598800482,2226.1722966829016,8.785925915058664,5.576324411053329,0,工况2,1,历史边界
12,节能,16.32026598800482,2226.1722966829016,8.785925915058664,5.576324411053329,0,工况2,1,历史边界
13,节能,6.7142745511203445,2225.998836739555,8.829437821950869,5.338890953337062,0,工况2,1,历史边界
14,节能,2.5160832645961504,2261.001196913515,8.863982917943552,5.15760770419288,0,工况2,1,历史边界
15,节能,1.2976546215150055,2259.0873214348658,8.904932057820576,4.9506739008079546,1,工况2,1,历史边界
16,节能,1.2976546215150055,2259.0873214348658,8.904932057820576,4.9506739008079546,1,工况2,1,历史边界
17,节能,1.2958966585728595,2256.026883219404,8.904932057820576,4.9506739008079546,2,工况2,1,历史边界
18,节能,1.2955427205449714,2255.4107124000516,8.966748135804684,4.653909555170055,8,工况2,1,历史边界
19,节能,1.295369640006493,2254.768024587668,9.064492204063466,4.220542028821959,17,工况2,1,历史边界
20,节能,1.2939557098356782,2252.647884978253,9.020734489346472,4.409323504561999,36,工况2,1,历史边界
21,节能,1.2939557098356782,2252.647884978253,8.95907349673094,4.689764040418721,66,工况2,1,历史边界
22,节能,1.293862457073187,2252.485541215945,8.936710251840111,4.795823883115237,75,工况2,1,历史边界
23,节能,1.2926444074371037,2250.3650382376245,8.919292724134548,4.880086975612124,84,工况2,1,历史边界
24,节能,1.291128467026453,2247.725937120138,9.022811340226763,4.400175499968937,86,工况2,1,历史边界
25,节能,1.2904720226966941,2246.583132988747,8.921886990934052,4.867443135830803,90,工况2,1,历史边界
26,节能,1.2880838030339283,2242.4254806585323,8.92047758151308,4.874308192744021,84,工况2,1,历史边界
27,节能,1.2880838030339283,2242.4254806585323,9.001719647267658,4.493968298003672,96,工况2,1,历史边界
28,节能,1.2880838030339283,2242.4254806585323,8.961038360779494,4.680558338597471,94,工况2,1,历史边界
29,节能,1.286350324362829,2239.2752953652152,8.948406027158248,4.740059742610718,97,工况2,1,历史边界
30,节能,1.2843369481571005,2235.9025798749512,8.917068713290575,4.890952419919822,91,工况2,1,历史边界
31,节能,1.2834699585058098,2234.3932373298912,8.921223639689032,4.870673031454224,82,工况2,1,历史边界
32,节能,1.2827899141663974,2233.2093479345863,8.96325401495711,4.670199320199981,86,工况2,1,历史边界
33,节能,1.2824088665803408,2232.545982077253,9.094653225070886,4.095146703284486,92,工况2,1,历史边界
34,节能,1.2821596100834052,2232.112051366664,8.97954839411744,4.5947179527929505,98,工况2,1,历史边界
35,节能,1.2816939743949678,2230.1268801096403,8.938400764142903,4.787723332807951,95,工况2,1,历史边界
36,节能,1.281297231601292,2230.218105384807,8.989933013038838,4.547250450339039,93,工况2,1,历史边界
37,节能,1.2786273950232785,2225.962817104625,8.920982894046602,4.871845765921937,85,工况2,1,历史边界
38,节能,1.2773227768192292,2223.6916068802593,8.919025211146405,4.88139263689426,87,工况2,1,历史边界
39,节能,1.2772607185149398,2223.5835695596306,8.964273034696436,4.665442718853048,91,工况2,1,历史边界
40,节能,1.2762160821953292,2221.7649618761875,9.036803090975948,4.339038048510504,85,工况2,1,历史边界
41,节能,1.2757192443297816,2218.880879614581,9.019292534049056,4.415686138161584,86,工况2,1,历史边界
42,节能,1.275236221126605,2220.059121446522,8.934925518419284,4.804390792830878,78,工况2,1,历史边界
43,节能,1.2744905768207386,2218.761029049859,8.920684376822226,4.8733003128904295,69,工况2,1,历史边界
44,节能,1.2737126635862945,2217.4067596657164,8.959255222573962,4.688911866528254,70,工况2,1,历史边界
45,节能,1.2732609915772222,2216.596360502563,8.919305192170494,4.8800261308916015,64,工况2,1,历史边界
46,节能,1.2732609915772222,2216.596360502563,8.931601590332612,4.8203868124082305,73,工况2,1,历史边界
47,节能,1.272711531135876,2215.663887881253,8.927342188789904,4.840962564520637,72,工况2,1,历史边界
48,节能,1.2720938589368087,2214.5828872693173,8.903167430397554,4.959417708248002,77,工况2,1,历史边界
49,节能,1.269897140584954,2210.764314523489,8.995503069600147,4.521992417770849,77,工况2,1,历史边界
50,节能,1.268959055555692,2209.1312020135056,8.91600696238919,4.896148150858208,82,工况2,1,历史边界
51,节能,1.2679239765188965,2207.329232606594,8.981209069429072,4.587093950373283,94,工况2,1,历史边界
52,节能,1.2677066253741516,2206.9508459332437,9.04545865961853,4.301643276809714,82,工况2,1,历史边界
53,节能,1.26761601494397,2206.7931022080497,8.913280488790166,4.90951558422477,81,工况2,1,历史边界
54,节能,1.2675205603482476,2206.611411155359,8.955992999562294,4.704233119803901,86,工况2,1,历史边界
55,节能,1.2670572440019985,2205.8203377068758,8.950497066246687,4.730158448012135,89,工况2,1,历史边界
56,节能,1.26674138354676,2205.2704561452174,9.006867191968748,4.470894832101514,88,工况2,1,历史边界
57,节能,1.26357362280375,2199.7557005136164,8.930747881371737,4.824503776919571,93,工况2,1,历史边界
58,节能,1.263103724539525,2198.9376544838988,8.928205939821236,4.836782983431483,77,工况2,1,历史边界
59,节能,1.2623680964969906,2197.6569994030874,8.957568555613703,4.69682717261924,86,工况2,1,历史边界
60,节能,1.2620133491337395,2197.0394196115576,9.01787441763691,4.421952537336577,89,工况2,1,历史边界
61,节能,1.2611954313031302,2195.615506213902,8.924394998333801,4.855250847993234,88,工况2,1,历史边界
62,节能,1.2610368904039986,2195.3395023148532,8.929211907350247,4.831919783326094,89,工况2,1,历史边界
63,节能,1.2604093241036247,2194.246971953516,8.910934852469206,4.921045038965084,90,工况2,1,历史边界
64,节能,1.25829020558479,2190.5577978858214,9.062738779288194,4.22794892359907,92,工况2,1,历史边界
65,节能,1.25829020558479,2190.5577978858214,8.987753892902198,4.55717025966444,94,工况2,1,历史边界
66,节能,1.25829020558479,2190.5577978858214,8.926237956860891,4.846311062399135,96,工况2,1,历史边界
67,节能,1.257683171870958,2189.5010127105793,8.917295557863673,4.889843059737012,94,工况2,1,历史边界
68,节能,1.2574909864967299,2189.1664371347015,8.935285000630573,4.802664010197191,83,工况2,1,历史边界
69,节能,1.2574341013772894,2189.0674058131344,8.939764823423447,4.781197046495795,73,工况2,1,历史边界
70,节能,1.2554472708063096,2185.608531873704,8.93362410076935,4.810647382140667,75,工况2,1,历史边界
71,节能,1.2550791004981643,2184.967584073365,8.90315251088691,4.959491700885253,72,工况2,1,历史边界
72,节能,1.2546125752711728,2184.155410165183,8.912555763306353,4.913074924898494,71,工况2,1,历史边界
73,节能,1.2543560030929508,2183.70874358284,9.016455082414268,4.428233226472954,75,工况2,1,历史边界
74,节能,1.253238294396021,2181.762924175713,8.948934885369708,4.737553585852229,81,工况2,1,历史边界
75,节能,1.2518824874017676,2179.402599371063,8.903433798114454,4.9580968553999885,73,工况2,1,历史边界
76,节能,1.251697880271066,2178.93403923429,8.903247042053092,4.95902289650976,78,工况2,1,历史边界
77,节能,1.2516457969558084,2178.990544902404,9.088092252604266,4.122103181709757,72,工况2,1,历史边界
78,节能,1.25033264071537,2176.7044708079166,8.927739297506703,4.83904055773665,70,工况2,1,历史边界
79,节能,1.249777221406467,2175.7375411657613,8.920467623995428,4.874356728995537,73,工况2,1,历史边界
80,节能,1.2480910062213728,2172.8019221859045,8.914706066481456,4.902521674698018,78,工况2,1,历史边界
81,节能,1.2480910062213728,2172.8019221859045,8.936869471771763,4.795060353150562,75,工况2,1,历史边界
82,节能,1.248049638313797,2172.71912010273,9.018310449434228,4.420024845722032,69,工况2,1,历史边界
83,节能,1.2475046377786985,2171.7367234689145,8.934802290112383,4.804982866253323,73,工况2,1,历史边界
84,节能,1.2474902481380932,2171.401513109487,8.919597027099694,4.878602176601103,64,工况2,1,历史边界
85,节能,1.2468752005499715,2170.685412182631,8.953389321119749,4.716497389345318,62,工况2,1,历史边界
86,节能,1.2453378616632187,2168.008985290263,8.907596045598048,4.937502917504573,72,工况2,1,历史边界
87,节能,1.2450929747029011,2167.582734668679,8.951895750102688,4.723547076441742,71,工况2,1,历史边界
88,节能,1.2450929747029011,2167.582734668679,9.003130720061753,4.487631453526709,73,工况2,1,历史边界
89,节能,1.2444941088754138,2166.540168969235,8.905183109298717,4.949431182806984,80,工况2,1,历史边界
90,节能,1.2444941088754138,2166.540168969235,8.90765294770892,4.937221971159426,73,工况2,1,历史边界
91,节能,1.2439250845757786,2165.549554394616,8.911544925033898,4.918043759989266,78,工况2,1,历史边界
92,节能,1.2439250845757786,2165.549554394616,8.906909717724398,4.940892826544549,78,工况2,1,历史边界
93,节能,1.2439250845757786,2165.549554394616,8.920632359800859,4.873553814050066,76,工况2,1,历史边界
94,节能,1.2436209723290925,2165.020125292765,8.933528564787144,4.811106994017754,72,工况2,1,历史边界
95,节能,1.2423233316859246,2162.7610623062387,9.07574638790828,4.1733095529130555,81,工况2,1,历史边界
96,节能,1.2421841845963688,2162.484533538136,9.02868486383849,4.374406716135786,90,工况2,1,历史边界
97,节能,1.2421841845963688,2162.484533538136,8.999196312497153,4.505322403547719,94,工况2,1,历史边界
98,节能,1.2394877213547397,2157.824547426624,9.008664434642245,4.462866765473451,88,工况2,1,历史边界
99,节能,1.2394439281061482,2157.748257545667,8.9090075601017,4.93053847688548,77,工况2,1,历史边界
100,节能,1.2380690634308884,2155.354805419707,9.04178147757246,4.31749032061174,67,工况2,1,历史边界
101,节能,1.2377333664689156,2154.7703904775003,8.927608216291858,4.839674906626343,61,工况2,1,历史边界
102,节能,1.2374689677647146,2154.2926715329977,8.91048880146165,4.923240565684992,65,工况2,1,历史边界
103,节能,1.2374689677647146,2154.2926715329977,8.902097720667477,4.964725684116596,73,工况2,1,历史边界
104,节能,1.2368481918509024,2153.2293897183963,8.925632527926581,4.849246047713846,87,工况2,1,历史边界
105,节能,1.2368050802794754,2153.1543367707145,8.994395865101021,4.5270019609034,82,工况2,1,历史边界
106,节能,1.2368050802794754,2153.1543367707145,8.900343570280834,4.973442202401836,79,工况2,1,历史边界
107,节能,1.2362216541266249,2152.138650005495,8.9309214254274,4.823666585614452,87,工况2,1,历史边界
108,节能,1.236159718204935,2152.030825740771,8.900794161848282,4.971201716094269,83,工况2,1,历史边界
109,节能,1.2353762442041103,2150.6668756167614,8.904694344395134,4.951850882345775,78,工况2,1,历史边界
110,节能,1.2353580267013957,2150.6351607607985,9.020765519620408,4.409186684168577,74,工况2,1,历史边界
111,节能,1.2352838012811784,2150.501401035209,9.040815913621625,4.321661146899114,74,工况2,1,历史边界
112,节能,1.2350367577390597,2150.075863527505,8.935742700457395,4.800466334687657,81,工况2,1,历史边界
113,节能,1.234935556831042,2149.8996828362565,8.983951789746644,4.574530072075114,81,工况2,1,历史边界
114,节能,1.233039260330851,2146.5984196879303,8.979714466207444,4.593954961737066,82,工况2,1,历史边界
115,节能,1.2318185591832116,2144.473300692343,8.936580650055097,4.796445470729664,86,工况2,1,历史边界
116,节能,1.2317505048394957,2144.354824864871,8.951319002719494,4.72627215562308,88,工况2,1,历史边界
117,节能,1.2310222121870729,2143.086939966914,9.042588119122142,4.314009057783171,87,工况2,1,历史边界
118,节能,1.230942794538491,2142.948681758578,8.904678703187406,4.9519283358797965,83,工况2,1,历史边界
119,节能,1.2297051405766375,2140.7940496036194,9.029500716234631,4.37083930137455,75,工况2,1,历史边界
120,节能,1.2293646203191702,2140.2012377848337,9.002906188653219,4.4886391808669375,88,工况2,1,历史边界
121,节能,1.2286139604363242,2138.8944137686967,9.037929160359136,4.3341547405993675,89,工况2,1,历史边界
122,节能,1.227240149045883,2136.5027451053006,8.903324038034185,4.958641086375691,81,工况2,1,历史边界
123,节能,1.2262350042966024,2134.7528883085392,9.012810426276788,4.444402060902584,89,工况2,1,历史边界
124,节能,1.2254830393284808,2133.2690698729302,8.98282671780768,4.579679643769275,87,工况2,1,历史边界
125,节能,1.225466162134482,2133.2784122919265,8.903276740778841,4.958875622035716,71,工况2,1,历史边界
126,节能,1.2254051429120603,2133.3078617290707,8.937258150738792,4.793196976196829,79,工况2,1,历史边界
127,节能,1.22340093714428,2129.819059949471,8.944605052204622,4.758110875189806,66,工况2,1,历史边界
128,节能,1.2233177417376908,2129.6742250410825,8.89852400951363,4.982499920746721,45,工况2,1,历史边界
129,节能,1.2233177417376908,2129.6742250410825,8.898234233045615,4.9839439411871105,40,工况2,1,历史边界
130,节能,1.2229531569494014,2129.0395192733404,8.89856731251436,4.982284168220424,55,工况2,1,历史边界
131,节能,1.2227496960331872,2128.361211223531,8.987401130161356,4.558778143119739,71,工况2,1,历史边界
132,节能,1.2212596821135762,2126.091348421596,8.976490557403407,4.60878935309747,82,工况2,1,历史边界
133,节能,1.2212596821135762,2126.091348421596,8.965424144043656,4.660075373923586,80,工况2,1,历史边界
134,节能,1.2207648100088486,2125.229825425426,8.937585957249798,4.7916259925229046,83,工况2,1,历史边界
135,节能,1.2206348929483934,2123.6078418389347,8.960219820060557,4.684391134620778,82,工况2,1,历史边界
136,节能,1.218076576168551,2120.549878323185,8.95472160365337,4.71021786623194,74,工况2,1,历史边界
137,节能,1.2172715357228425,2119.148383168782,8.968935876172837,4.643739138538464,71,工况2,1,历史边界
138,节能,1.2172715357228425,2119.148383168782,9.000778677276312,4.498198977473202,73,工况2,1,历史边界
139,节能,1.2172715357228425,2119.148383168782,8.908218440655808,4.934430796226761,68,工况2,1,历史边界
140,节能,1.2167078443583217,2118.16705270251,8.938350917871286,4.787961988913634,73,工况2,1,历史边界
141,节能,1.2166259801012969,2118.024535192799,8.926701305419066,4.844066051307401,75,工况2,1,历史边界
142,节能,1.2158986363922824,2116.754340472453,8.94391743561569,4.761383756274273,68,工况2,1,历史边界
143,节能,1.2156512019456567,2116.327543608052,9.060618989052202,4.236920794327975,65,工况2,1,历史边界
144,节能,1.2156512019456567,2116.327543608052,8.901326428447378,4.968556415528442,74,工况2,1,历史边界
145,节能,1.2149248058118967,2115.062960360007,8.899792956075368,4.976181404381097,84,工况2,1,历史边界
146,节能,1.214900263941123,2115.0123065419566,9.039352004553598,4.327992298825705,87,工况2,1,历史边界
147,节能,1.2147507205224664,2114.757027397165,8.943700334532853,4.762417570060549,84,工况2,1,历史边界
148,节能,1.2143635603142962,2114.085887904193,8.897461343380792,4.987797468933367,71,工况2,1,历史边界
149,节能,1.2141415699195075,2113.6994247590446,8.898681946069088,4.981713064010031,68,工况2,1,历史边界
150,节能,1.2141073437972987,2113.6398404925826,9.00299784361553,4.488227793665113,73,工况2,1,历史边界
151,节能,1.214090606131933,2113.610701885906,8.982838489096462,4.579625735354941,92,工况2,1,历史边界
152,节能,1.2125999368666571,2111.0155953130143,9.000556657348202,4.499197778159531,95,工况2,1,历史边界
153,节能,1.2121081355107064,2110.1446248897055,8.897934250404834,4.985439262126042,91,工况2,1,历史边界
154,节能,1.2121081355107064,2110.1446248897055,8.96711291565881,4.652212212318467,88,工况2,1,历史边界
155,节能,1.2119158908000487,2109.8247393096285,8.943899054707654,4.7614712756355635,70,工况2,1,历史边界
156,节能,1.2114865012529923,2108.820307415134,8.89815789125928,4.984324438894332,51,工况2,1,历史边界
157,节能,1.2114865012529923,2108.820307415134,9.003881163639702,4.484265002645916,45,工况2,1,历史边界
158,节能,1.2100179202411163,2106.520561791935,8.954804947025222,4.70982531715122,53,工况2,1,历史边界
159,节能,1.2099487804407858,2106.4001962927155,8.898845541520487,4.980898145072917,62,工况2,1,历史边界
160,节能,1.2098565574380422,2106.239645239463,8.937084619677808,4.7940288169266285,75,工况2,1,历史边界
161,节能,1.2091279343772192,2104.8889888520675,8.954749745779433,4.710085312552147,80,工况2,1,历史边界
162,节能,1.2090220576133257,2104.7868642432713,8.95874206474105,4.691318635853842,76,工况2,1,历史边界
163,节能,1.208478333355369,2103.840294518831,9.008187952296216,4.464993749394781,67,工况2,1,历史边界
164,节能,1.208478333355369,2103.840294518831,8.916262395848044,4.894897670515031,68,工况2,1,历史边界
165,节能,1.208453804484342,2103.7975921998723,8.954589650866065,4.710839433616074,74,工况2,1,历史边界
166,节能,1.2076238016093188,2102.3526399447564,8.959642861621038,4.68709461344237,83,工况2,1,历史边界
167,节能,1.2062090047041798,2099.8346318166177,9.04428878778605,4.306678592875573,87,工况2,1,历史边界
168,节能,1.2061916824321912,2099.8591097767276,8.979619225592675,4.59439251366787,88,工况2,1,历史边界
169,节能,1.2054520326867004,2098.571806773257,8.997886371212598,4.5112279784981055,70,工况2,1,历史边界
170,节能,1.2054038459811656,2098.487918523078,8.941203496838325,4.774323411057571,56,工况2,1,历史边界
171,节能,1.2054016938543113,2098.4841718847892,8.896264852844777,4.993768893064353,46,工况2,1,历史边界
172,节能,1.20363538908728,2095.4008395310734,8.905619340661989,4.947272556559154,58,工况2,1,历史边界
173,节能,1.20363538908728,2095.4008395310734,8.905619340661989,4.947272556559154,85,工况2,1,历史边界
174,节能,1.203302014070623,2094.8288387169655,8.973462366325366,4.622766800406678,82,工况2,1,历史边界
175,节能,1.203302014070623,2094.8288387169655,8.938986899283668,4.78491790217939,64,工况2,1,历史边界
176,节能,1.2032364199299324,2094.607549285878,8.981786653052186,4.584445285016361,41,工况2,1,历史边界
177,节能,1.203196232624163,2094.633102454859,9.094366802916227,4.096319812021031,28,工况2,1,历史边界
178,节能,1.2020383772002365,2092.4366388782737,8.963825086122311,4.667533065415548,32,工况2,1,历史边界
179,节能,1.2019769655160202,2092.5220612891676,8.897325951199717,4.9884728234292774,33,工况2,1,历史边界
180,节能,1.2011849833863157,2091.05304673543,8.897173987344896,4.989230948591546,29,工况2,1,历史边界
181,节能,1.2011535005103733,2091.0884728945557,8.896178983402725,4.9941977236243895,32,工况2,1,历史边界
182,节能,1.2011435409734932,2091.0711522520637,9.077974994926866,4.164019242023904,52,工况2,1,历史边界
183,节能,1.200542416098,2090.0246537752655,8.980614121528022,4.589823844282777,65,工况2,1,历史边界
184,节能,1.2004195746809925,2089.605423572917,9.070520409955963,4.195176264334155,74,工况2,1,历史边界
185,节能,1.1994319579968755,2088.09145693256,8.899648941041427,4.976898100921244,64,工况2,1,历史边界
186,节能,1.1984237849834496,2086.1203530396087,8.900308050891232,4.973618859170437,45,工况2,1,历史边界
187,节能,1.1975532580040469,2084.8208275492007,9.046989633122648,4.295062613624601,50,工况2,1,历史边界
188,节能,1.1975532580040469,2084.8208275492007,9.084156046788875,4.138360603513717,68,工况2,1,历史边界
189,节能,1.1967877963704008,2083.4882351606375,8.902138949454015,4.964520998720641,82,工况2,1,历史边界
190,节能,1.1964699858283838,2082.646726500432,8.998619350402048,4.507922553822738,80,工况2,1,历史边界
191,节能,1.1964171325580184,2082.659510679987,9.028907281643166,4.373433878389455,70,工况2,1,历史边界
192,节能,1.1964171325580184,2082.659510679987,8.898700003761672,4.981623106579194,68,工况2,1,历史边界
193,节能,1.1964171325580184,2082.659510679987,8.896598369851992,4.992103663914971,60,工况2,1,历史边界
194,节能,1.196138494644619,2082.3578655906613,9.008224425256484,4.464830900824964,37,工况2,1,历史边界
195,节能,1.1958774639148864,2081.8859139176734,8.925645956996807,4.849180927285385,36,工况2,1,历史边界
196,节能,1.1955821273161669,2081.378410123862,8.955417589835319,4.706940760225607,43,工况2,1,历史边界
197,节能,1.1955821273161669,2081.378410123862,8.900604848047779,4.972142922273056,52,工况2,1,历史边界
198,节能,1.1949861173326335,2080.259259250632,9.01248886626809,4.445831432670031,60,工况2,1,历史边界
199,节能,1.1949607128285653,2080.3074648723587,8.9673655209893,4.651037187130121,54,工况2,1,历史边界
200,节能,1.1946851105357439,2079.8276687577772,9.106851098122165,4.045498043289996,53,工况2,1,历史边界
201,节能,1.1946851105357439,2079.8276687577772,9.032322385190591,4.358523623360796,62,工况2,1,历史边界
202,节能,1.1946851105357439,2079.8276687577772,8.897668146808392,4.986766081971471,66,工况2,1,历史边界
203,节能,1.1946735782740356,2079.807592239896,8.952391103620474,4.721207830205756,79,工况2,1,历史边界
204,节能,1.1943038944589832,2079.1640095749267,9.09037885219539,4.112688350336826,94,工况2,1,历史边界
205,节能,1.194300611593518,2079.1582944334496,9.033654780527536,4.352720213885482,89,工况2,1,历史边界
206,节能,1.1939389311139736,2078.5286447776766,8.896225197728123,4.993966925478821,93,工况2,1,历史边界
207,节能,1.1932883785987631,2076.426480237383,9.031515821831684,4.3620404669022435,95,工况2,1,历史边界
208,节能,1.1923396144356493,2075.744393890685,8.901526316294632,4.967563360735682,95,工况2,1,历史边界
209,节能,1.192338414584517,2075.7423050694874,8.91496686015781,4.901243294751017,86,工况2,1,历史边界
210,节能,1.192335755494388,2075.7366417861517,8.903320348041746,4.958659383757569,64,工况2,1,历史边界
211,节能,1.1923353159328576,2075.7345202319843,8.89844064914656,4.982915281081103,45,工况2,1,历史边界
212,节能,1.1923352293756941,2075.733004458377,8.970913317464388,4.634565490183542,29,工况2,1,历史边界
213,节能,1.1917659441279684,2074.418781510416,8.96362578334832,4.668463410410271,17,工况2,1,历史边界
214,节能,1.1915198222836212,2072.480117975903,8.895614075294086,4.997019783441803,6,工况2,1,历史边界
215,节能,1.1915198222836212,2072.480117975903,8.895121209382175,4.999483251183974,2,工况2,1,历史边界
216,节能,1.1915198222836212,2072.480117975903,9.03948971114018,4.327396346813682,7,工况2,1,历史边界
217,节能,1.1900278775685411,2071.536787515495,8.915032517217307,4.900921504092431,8,工况2,1,历史边界
218,节能,1.1900278775685411,2071.536787515495,8.991641781135522,4.539486888794072,12,工况2,1,历史边界
219,节能,1.1900278775685411,2071.536787515495,8.895939175392082,4.995395515859601,16,工况2,1,历史边界
220,节能,1.1900278775685411,2071.536787515495,8.897455906204687,4.98782458854031,32,工况2,1,历史边界
221,节能,1.1895228707029204,2070.8407238780046,8.913106023200964,4.910372200476726,51,工况2,1,历史边界
222,节能,1.1892581325141924,2070.379841085512,8.917890106799556,4.886936672829447,55,工况2,1,历史边界
223,节能,1.1892542587427688,2070.373097235674,8.897856220009622,4.985828293099893,35,工况2,1,历史边界
224,节能,1.189253540008177,2070.3718459904067,8.994932315014037,4.524574102365727,57,工况2,1,历史边界
225,节能,1.1881700419748118,2068.4789985717084,9.089900396934746,4.114656558525662,73,工况2,1,历史边界
226,节能,1.1881700419748118,2068.4789985717084,8.903056450915871,4.959968132397039,64,工况2,1,历史边界
227,节能,1.1879018245986317,2068.0186442268073,8.956976977534971,4.699606534637917,48,工况2,1,历史边界
228,节能,1.1875145825205133,2067.344494376378,8.937122559756721,4.793846934545339,29,工况2,1,历史边界
229,节能,1.1875145825205133,2067.344494376378,9.002719378550408,4.489477782340971,48,工况2,1,历史边界
230,节能,1.187005860041467,2066.4588592593846,8.898602318208724,4.982109762956201,68,工况2,1,历史边界
231,节能,1.1870050311082376,2066.457416169276,8.898991874660412,4.980169327934051,94,工况2,1,历史边界
232,节能,1.1870048087677008,2066.457029096568,8.962281567621526,4.6747430519974325,95,工况2,1,历史边界
233,节能,1.187004460843243,2066.456423394775,8.898364884606043,4.983292823669798,93,工况2,1,历史边界
234,节能,1.1868797294692912,2066.2392785082943,8.984301420261561,4.5729309563366325,97,工况2,1,历史边界
235,节能,1.1868788326977144,2066.2377173183863,8.90851109607322,4.932986919611868,94,工况2,1,历史边界
236,节能,1.1868787693824754,2066.2376070928676,8.897173926325388,4.989231253031971,96,工况2,1,历史边界
237,节能,1.1863806103281613,2065.3703618451723,9.004872015431438,4.479823961203709,92,工况2,1,历史边界
238,节能,1.1863805447312383,2065.370247647469,8.932606738045392,4.8155440458846,92,工况2,1,历史边界
239,节能,1.1857570495795968,2064.2848047501866,8.901029952333582,4.970029692210575,98,工况2,1,历史边界
240,节能,1.1857570495795968,2064.2848047501866,8.915235439152028,4.899927100515469,92,工况2,1,历史边界
241,节能,1.1852066205828098,2063.2623412757416,8.899552555936282,4.977377822886653,92,工况2,1,历史边界
242,节能,1.185202808115039,2063.3199256176063,8.925967129323173,4.8476237546397645,84,工况2,1,历史边界
243,节能,1.1851848609370028,2063.2871325146043,8.900124604315371,4.974531336212624,72,工况2,1,历史边界
244,节能,1.1851848609370028,2063.2871325146043,8.990507640231755,4.5446382271763825,70,工况2,1,历史边界
245,节能,1.1851848609370028,2063.2871325146043,8.897051563183933,4.989841788394291,85,工况2,1,历史边界
246,节能,1.1850127477290717,2062.9890494344318,8.975649306569416,4.612668132268808,85,工况2,1,历史边界
247,节能,1.1847045571884325,2062.4525204294096,8.984853643271984,4.570406375767363,88,工况2,1,历史边界
248,节能,1.1847045571884325,2062.4525204294096,8.9490503439514,4.737006626210713,85,工况2,1,历史边界
249,节能,1.184699998567873,2062.4445843255044,8.937636424595016,4.791384177981702,86,工况2,1,历史边界
250,节能,1.184103638405951,2061.406380739997,8.942415351564666,4.768541129017361,94,工况2,1,历史边界
251,节能,1.184103638405951,2061.406380739997,8.898224320762631,4.983993343694676,95,工况2,1,历史边界
252,节能,1.184103638405951,2061.406380739997,9.072974286230238,4.1848944411530224,96,工况2,1,历史边界
253,节能,1.184103638405951,2061.406380739997,9.030988030236902,4.364343322857327,94,工况2,1,历史边界
254,节能,1.1837528667105348,2060.7957221897987,8.897684052659306,4.986686763844443,97,工况2,1,历史边界
255,节能,1.1837521785795295,2060.794524222324,8.901146160674024,4.969452166865377,94,工况2,1,历史边界
256,节能,1.1835202542072025,2060.390767012687,8.941106375176025,4.774787123801523,93,工况2,1,历史边界
257,节能,1.1834994238684746,2060.3545034697217,8.943886705743177,4.76153007523826,96,工况2,1,历史边界
258,节能,1.1834605059154315,2060.2867511935474,9.085633313209868,4.132251655738863,94,工况2,1,历史边界
259,节能,1.1834605059154315,2060.2867511935474,8.896941702400351,4.990390006436392,95,工况2,1,历史边界
260,节能,1.1834605059154315,2060.2867511935474,8.896944731742847,4.9903748888587725,96,工况2,1,历史边界
261,节能,1.1828920781877819,2059.297175191278,8.922563311571126,4.864152296544954,95,工况2,1,历史边界
262,节能,1.1828920781877819,2059.297175191278,8.992452473916325,4.535808250868855,94,工况2,1,历史边界
263,节能,1.1828904341487745,2059.2943130832746,8.900203247030717,4.974140140943301,96,工况2,1,历史边界
264,节能,1.1828900017725221,2059.293560359327,8.914061072078535,4.905684793725769,93,工况2,1,历史边界
265,节能,1.1828898988444094,2059.2933811717444,8.96155782126549,4.678127604877886,95,工况2,1,历史边界
266,节能,1.1828898302342863,2059.2932617283604,9.101063007206667,4.068981650828482,96,工况2,1,历史边界
267,节能,1.1823298967659206,2058.3184733846365,8.943405020871868,4.76382418471434,95,工况2,1,历史边界
268,节能,1.1821280371094935,2057.9670558479647,8.898123929708964,4.9844937171540105,94,工况2,1,历史边界
269,节能,1.1821280371094935,2057.9670558479647,8.998151518232246,4.510031998406936,91,工况2,1,历史边界
270,节能,1.1815176221247057,2056.9043842170972,8.898250387232896,4.983863430273586,82,工况2,1,历史边界
271,节能,1.1811875084632206,2056.3296892443914,8.898068379328981,4.98477061536485,69,工况2,1,历史边界
272,节能,1.1811875084632206,2056.3296892443914,8.898204688283379,4.984091192801101,60,工况2,1,历史边界
273,节能,1.1811856006552066,2056.326367940845,8.898323871113078,4.983497210106234,68,工况2,1,历史边界
274,节能,1.1807558249581387,2055.5781713003757,8.907966221837373,4.935675509495292,84,工况2,1,历史边界
275,节能,1.1807558249581387,2055.5781713003757,8.896323220596233,4.993477426508976,95,工况2,1,历史边界
276,节能,1.180754058391396,2055.5750958838016,8.902039218991318,4.965016137386707,99,工况2,1,历史边界
277,节能,1.1807520803348963,2055.5716522846456,8.984014050038548,4.574245269363548,92,工况2,1,历史边界
278,节能,1.180549215397769,2055.2184846544997,8.947717544468368,4.743324315364462,96,工况2,1,历史边界
279,节能,1.1805429191001993,2055.207523428164,8.896720231282861,4.99149535608482,98,工况2,1,历史边界
280,节能,1.180535880099101,2055.1952692290324,8.972752881390232,4.626047747563869,97,工况2,1,历史边界
281,节能,1.180535880099101,2055.1952692290324,8.899774953085936,4.976270991328743,92,工况2,1,历史边界
282,节能,1.180136751610663,2054.496752506818,8.896454756675508,4.992820647262375,92,工况2,1,历史边界
283,节能,1.1801366493874972,2054.498124724862,8.961839780533476,4.676808749383375,91,工况2,1,历史边界
284,节能,1.1801366493874972,2054.498124724862,8.957478305552883,4.697251080685807,86,工况2,1,历史边界
285,节能,1.1801366447245603,2054.4982270608,8.938951458718282,4.785087485380211,73,工况2,1,历史边界
286,节能,1.1801366447245603,2054.4982270608,8.902840466097315,4.961039525912362,47,工况2,1,历史边界
287,节能,1.1801366447245603,2054.4982270608,8.929997198118627,4.828126810814763,18,工况2,1,历史边界
288,节能,1.1801366436375245,2054.497970338594,8.964585624011097,4.663984579222282,3,工况2,1,历史边界
289,节能,1.1801366426682103,2054.4980995778956,8.896873362558223,4.990731060555251,2,工况2,1,历史边界
290,节能,1.180136640038785,2054.498038892821,8.960592764957807,4.682644440580955,2,工况2,1,历史边界
291,节能,1.1801366400339772,2054.498061381495,8.895567980857336,4.997250123562804,3,工况2,1,历史边界
292,节能,1.1801366400339772,2054.498061381495,8.977844573386546,4.602553201527662,4,工况2,1,历史边界
293,节能,1.180136639924478,2054.4980382770837,8.994436775388095,4.526816763741854,8,工况2,1,历史边界
294,节能,1.180136639924478,2054.4980382770837,8.897461471253775,4.987796831128866,2,工况2,1,历史边界
295,节能,1.1801366399217441,2054.4980686239187,8.920779077607529,4.872838829375555,3,工况2,1,历史边界
296,节能,1.1801366398659767,2054.4980470790847,9.019487622803151,4.414824771478623,8,工况2,1,历史边界
297,节能,1.1801366398659767,2054.4980470790847,8.939005193996248,4.784830364282391,2,工况2,1,历史边界
298,节能,1.180136639865547,2054.4980515069715,8.973528136988051,4.622462767969094,1,工况2,1,历史边界
299,节能,1.180136639860514,2054.4980510171636,8.952578796039578,4.720321778442213,3,工况2,1,历史边界
300,节能,1.180136639860514,2054.4980510171636,8.929172463312193,4.832110377512777,4,工况2,1,历史边界
0,节能,63.06271399885815,2115.8115442243907,8.673806505168306,6.237935395602982,0,工况2,2,历史边界
1,节能,63.06271399885815,2115.8115442243907,8.673806505168306,6.237935395602982,0,工况2,2,历史边界
2,节能,63.06271399885815,2115.8115442243907,8.673806505168306,6.237935395602982,0,工况2,2,历史边界
3,节能,63.06271399885815,2115.8115442243907,8.673806505168306,6.237935395602982,0,工况2,2,历史边界
4,节能,35.28675921885442,2121.564263189038,8.730837654193996,5.892133242709863,0,工况2,2,历史边界
5,节能,35.28675921885442,2121.564263189038,8.730837654193996,5.892133242709863,0,工况2,2,历史边界
6,节能,9.684406542988762,2201.8369673582365,8.813398431577772,5.425213942933393,0,工况2,2,历史边界
7,节能,1.2842346646534213,2235.724514492589,8.895483849667057,4.99767056584973,1,工况2,2,历史边界
8,节能,1.2842346646534213,2235.724514492589,8.947409184112564,4.744787194073351,2,工况2,2,历史边界
9,节能,1.2352077563029669,2150.373554978914,8.960352287473537,4.683770646543921,7,工况2,2,历史边界
10,节能,1.1976108091114095,2084.921018289342,9.095502563828962,4.09167001312223,21,工况2,2,历史边界
11,节能,1.1976108091114095,2084.921018289342,9.09679488141152,4.086385691268704,52,工况2,2,历史边界
12,节能,1.1976108091114095,2084.921018289342,9.091398559264318,4.1084967504189205,71,工况2,2,历史边界
13,节能,1.193903581148579,2078.467104012274,9.061942309170275,4.231317699963572,91,工况2,2,历史边界
14,节能,1.1924298646076228,2075.901510442256,9.06214584237007,4.2304565739695885,91,工况2,2,历史边界
15,节能,1.1916091245261198,2074.4726837871694,9.132444970587391,3.9432718446374144,85,工况2,2,历史边界
16,节能,1.191393770758986,2074.097774349104,9.124773736008047,3.9736379317417296,96,工况2,2,历史边界
17,节能,1.1906517562069951,2072.8060009920564,8.989040595802933,4.551310306290168,93,工况2,2,历史边界
18,节能,1.1906517562069951,2072.8060009920564,9.040920782974137,4.321207960855941,93,工况2,2,历史边界
19,节能,1.1899237811689307,2071.538669029032,8.959340221435117,4.688513331297304,86,工况2,2,历史边界
20,节能,1.1894635961155098,2070.7375327309287,8.996535138541962,4.517327817350006,92,工况2,2,历史边界
21,节能,1.189134101777495,2070.1639159386386,8.994656697952987,4.525821324052214,90,工况2,2,历史边界
22,节能,1.1890171277428585,2069.960275806509,8.945478516359925,4.753956650440695,92,工况2,2,历史边界
23,节能,1.1889118044810953,2069.776918508383,9.020840261347345,4.4088571462566835,87,工况2,2,历史边界
24,节能,1.1888410155254634,2069.6536819942025,9.036382496604418,4.340863407332476,87,工况2,2,历史边界
25,节能,1.1888410155254634,2069.6536819942025,8.987048051316341,4.560388035433924,80,工况2,2,历史边界
26,节能,1.1888410155254634,2069.6536819942025,8.969943462402512,4.639062527368435,76,工况2,2,历史边界
27,节能,1.1884507309079309,2068.9742353859906,9.003845442532754,4.484425188416652,71,工况2,2,历史边界
28,节能,1.1884507309079309,2068.9742353859906,9.038212971923851,4.33292483190013,69,工况2,2,历史边界
29,节能,1.187488255007273,2067.298660800648,9.009042384752115,4.461180343200921,72,工况2,2,历史边界
30,节能,1.187488255007273,2067.298660800648,9.035216010064254,4.345929920505035,67,工况2,2,历史边界
31,节能,1.1872478063035543,2066.880063579924,9.007426694762474,4.468394053614012,75,工况2,2,历史边界
32,节能,1.1869880555299916,2065.945217683921,8.991470307527434,4.540265357731292,77,工况2,2,历史边界
33,节能,1.1867836537822039,2066.072020315707,8.955668250481896,4.705761063269228,76,工况2,2,历史边界
34,节能,1.1867836537822039,2066.072020315707,8.982054762013748,4.583216318907434,77,工况2,2,历史边界
35,节能,1.1867642483820484,2066.0382374487317,8.92730564328004,4.841139483198565,69,工况2,2,历史边界
36,节能,1.1852548072543694,2063.410450934928,8.95566032896184,4.70579834019751,56,工况2,2,历史边界
37,节能,1.1851509462463734,2063.2296392748262,8.938846774236456,4.785588436004532,63,工况2,2,历史边界
38,节能,1.1849604117506691,2062.8979377138676,8.988671094891195,4.552992330333517,62,工况2,2,历史边界
39,节能,1.184886834228547,2061.9013511851736,9.00776268660233,4.466892961866146,56,工况2,2,历史边界
40,节能,1.1836363320754573,2060.592847008493,9.005332317294185,4.4777623644044136,47,工况2,2,历史边界
41,节能,1.1833056641278663,2060.0171870789386,8.999302170011099,4.504845506560566,42,工况2,2,历史边界
42,节能,1.1828038460022638,2059.143571752935,9.038337869101795,4.332383695610284,49,工况2,2,历史边界
43,节能,1.1826918245165012,2058.900578491094,8.998654301732605,4.507764998684832,65,工况2,2,历史边界
44,节能,1.1826826448257293,2058.9325725882013,8.967959508666894,4.648275348683143,71,工况2,2,历史边界
45,节能,1.1826826448257293,2058.9325725882013,8.963972643510292,4.666844387239126,77,工况2,2,历史边界
46,节能,1.1826826448257293,2058.9325725882013,8.997970784249963,4.510847188114256,88,工况2,2,历史边界
47,节能,1.1824151984865403,2058.4669751757556,8.940332742013883,4.778482486705999,88,工况2,2,历史边界
48,节能,1.1812545940446226,2055.536746922088,8.99176403042355,4.538931973673586,83,工况2,2,历史边界
49,节能,1.1808488324960613,2055.5883206203794,9.007798361150057,4.466733610322404,70,工况2,2,历史边界
50,节能,1.1807815166553384,2055.604934766611,9.00724967758573,4.46918510612684,60,工况2,2,历史边界
51,节能,1.1807815166553384,2055.604934766611,9.008730296021731,4.462572844590937,67,工况2,2,历史边界
52,节能,1.180779827268461,2055.619275495107,9.03421742026017,4.3502718893750245,69,工况2,2,历史边界
53,节能,1.1807762635457801,2055.611704020771,9.052903812382741,4.269735810842512,68,工况2,2,历史边界
54,节能,1.1807762635457801,2055.611704020771,8.995236274680545,4.523199023325348,62,工况2,2,历史边界
55,节能,1.1807762635457801,2055.611704020771,9.007055968664485,4.470050911006948,50,工况2,2,历史边界
56,节能,1.1807762635457801,2055.611704020771,9.006321279436007,4.473336215953318,43,工况2,2,历史边界
57,节能,1.1801859858677886,2054.5780823968466,9.01470975870429,4.435968675384009,29,工况2,2,历史边界
58,节能,1.1801859858677886,2054.5780823968466,9.053800816200468,4.26590755875456,23,工况2,2,历史边界
59,节能,1.1801859858677886,2054.5780823968466,9.006942957051564,4.470556107216222,10,工况2,2,历史边界
60,节能,1.1801859858677886,2054.5780823968466,9.05380838451757,4.265875273135602,17,工况2,2,历史边界
61,节能,1.1801859858677886,2054.5780823968466,8.897596245482077,4.987124649957391,22,工况2,2,历史边界
62,节能,1.1801857959268651,2054.5750877224264,8.973769662028893,4.6213464622735865,23,工况2,2,历史边界
63,节能,1.1801848695349557,2054.5824492685924,9.005373714963836,4.477576999314142,21,工况2,2,历史边界
64,节能,1.179582245982015,2053.535087307373,8.997435427091013,4.513262748985554,20,工况2,2,历史边界
65,节能,1.179521797890759,2053.351132555079,8.998872747362816,4.5067804046629,25,工况2,2,历史边界
66,节能,1.1795033046217218,2053.397658269462,8.992553202060458,4.5353513903313445,32,工况2,2,历史边界
67,节能,1.1794937268293137,2053.3801693123555,8.969479763976933,4.641214152172501,46,工况2,2,历史边界
68,节能,1.1794937268293137,2053.3801693123555,9.04979356603137,4.28303641442429,60,工况2,2,历史边界
69,节能,1.1794937268293137,2053.3801693123555,8.965186857175137,4.661181279819409,64,工况2,2,历史边界
70,节能,1.1794935480686992,2053.379295508822,8.978577944319248,4.599179060193263,55,工况2,2,历史边界
71,节能,1.1794935480686992,2053.379295508822,8.996888821187554,4.515730399402714,56,工况2,2,历史边界
72,节能,1.1794935480686992,2053.379295508822,8.98430674077109,4.572906626078624,44,工况2,2,历史边界
73,节能,1.1794935480686992,2053.379295508822,8.9982597347382,4.509543964909446,48,工况2,2,历史边界
74,节能,1.1794932849377318,2053.3769933475987,9.030067388919507,4.368363167777377,44,工况2,2,历史边界
75,节能,1.1794932849377318,2053.3769933475987,8.955687321899527,4.7056713185905,38,工况2,2,历史边界
76,节能,1.1794932849377318,2053.3769933475987,8.957694947425821,4.696233569635754,30,工况2,2,历史边界
77,节能,1.1794932849377318,2053.3769933475987,8.997264396280485,4.514034721985339,31,工况2,2,历史边界
78,节能,1.1794932849377318,2053.3769933475987,8.997191612738145,4.514363281379362,32,工况2,2,历史边界
79,节能,1.1794932849377318,2053.3769933475987,9.006953511888636,4.470508921473909,25,工况2,2,历史边界
80,节能,1.1794932849377318,2053.3769933475987,8.997307396650228,4.513840620996497,19,工况2,2,历史边界
81,节能,1.1794932849377318,2053.3769933475987,8.997538442787263,4.512797836028182,15,工况2,2,历史边界
82,节能,1.1794932849377318,2053.3769933475987,8.942498837631938,4.768143038889596,14,工况2,2,历史边界
83,节能,1.1794932836748118,2053.376836754237,8.929266713402093,4.831654972136627,11,工况2,2,历史边界
84,节能,1.1794932836748118,2053.376836754237,8.985273442518048,4.568488125284834,8,工况2,2,历史边界
85,节能,1.1794932836748118,2053.376836754237,9.04755735381488,4.292624909737352,8,工况2,2,历史边界
86,节能,1.1794932836748118,2053.376836754237,8.993235609626508,4.532257487999132,4,工况2,2,历史边界
87,节能,1.1794932836748118,2053.376836754237,9.002338017486053,4.491190220874377,8,工况2,2,历史边界
88,节能,1.1794932836748118,2053.376836754237,9.006955319352947,4.470500841195881,7,工况2,2,历史边界
89,节能,1.1794932836748118,2053.376836754237,9.00713348936433,4.46970440296293,3,工况2,2,历史边界
90,节能,1.1794932836748118,2053.376836754237,8.998056842956563,4.510459007142991,6,工况2,2,历史边界
91,节能,1.179378421003183,2053.1802483403344,9.029597126614958,4.370417927407899,5,工况2,2,历史边界
92,节能,1.1792557526130971,2052.9666949030875,8.983516805147078,4.57652035504656,10,工况2,2,历史边界
93,节能,1.1791657609989306,2052.8100284748807,8.898006005558212,4.985081544001343,27,工况2,2,历史边界
94,节能,1.1791657609989306,2052.8100284748807,9.051278757132431,4.276680008263408,52,工况2,2,历史边界
95,节能,1.1791657609989306,2052.8100284748807,9.009067351006589,4.4610689656275655,83,工况2,2,历史边界
96,节能,1.1791631621662682,2052.805504166316,8.998627228199098,4.507887041463625,94,工况2,2,历史边界
97,节能,1.1791631621662682,2052.805504166316,8.997684094653263,4.512140586468461,93,工况2,2,历史边界
98,节能,1.1791631621662682,2052.805504166316,9.007332546278603,4.468814765943903,99,工况2,2,历史边界
99,节能,1.1791631621662682,2052.805504166316,8.997408960085385,4.513382203116918,98,工况2,2,历史边界
100,节能,1.1791631621662682,2052.805504166316,8.997416464092012,4.51334833479403,90,工况2,2,历史边界
101,节能,1.1791631621662682,2052.805504166316,8.959395728140587,4.688253094591238,94,工况2,2,历史边界
102,节能,1.1791631621662682,2052.805504166316,9.005754423951414,4.475872669955269,93,工况2,2,历史边界
103,节能,1.1791631621662682,2052.805504166316,8.933309103971181,4.812162959351614,97,工况2,2,历史边界
104,节能,1.1791631621662682,2052.805504166316,8.940193600146225,4.779147419942723,94,工况2,2,历史边界
105,节能,1.1791631621662682,2052.805504166316,8.950297890640204,4.7311006740208805,100,工况2,2,历史边界
106,节能,1.1791631621662682,2052.805504166316,8.94019004089311,4.7791644301683345,96,工况2,2,历史边界
107,节能,1.1791631621662682,2052.805504166316,9.03751298641486,4.335958878264367,92,工况2,2,历史边界
108,节能,1.179163162157929,2052.8055041517982,8.96335683922183,4.669719135076548,94,工况2,2,历史边界
109,节能,1.179163162157929,2052.8055041517982,9.048416880840705,4.2889368678286095,98,工况2,2,历史边界
110,节能,1.1791631621526741,2052.80550414265,9.04960917006847,4.2838262618681675,93,工况2,2,历史边界
111,节能,1.1791631621501035,2052.805504138175,9.007827286181158,4.46660441178235,91,工况2,2,历史边界
112,节能,1.1791631621493068,2052.805504136788,8.990888124795612,4.542909391401146,98,工况2,2,历史边界
113,节能,1.1791631621493068,2052.805504136788,9.010009172213344,4.456869414194666,94,工况2,2,历史边界
114,节能,1.1791631621491878,2052.8055041365806,9.038929527075673,4.329821164396643,96,工况2,2,历史边界
115,节能,1.1791631621491738,2052.8055041365565,8.93393459406997,4.809153940220718,94,工况2,2,历史边界
116,节能,1.179163162149098,2052.8055041364246,8.939939595855288,4.7803614980784115,92,工况2,2,历史边界
117,节能,1.179163162148974,2052.8055041362086,8.98239515018518,4.581656511770373,93,工况2,2,历史边界
118,节能,1.1791631621489198,2052.805504136114,8.99475675351623,4.525368513104006,94,工况2,2,历史边界
119,节能,1.179163162148902,2052.805504136083,8.988254128956491,4.55489116888422,97,工况2,2,历史边界
120,节能,1.179163162148879,2052.805504136043,8.997375671085454,4.513532451597566,90,工况2,2,历史边界
121,节能,1.179163162148879,2052.805504136043,8.902320184148616,4.963621336801036,95,工况2,2,历史边界
122,节能,1.179163162148836,2052.8055041359685,8.998468297100652,4.508603541838379,99,工况2,2,历史边界
123,节能,1.1791631621488199,2052.8055041359403,8.940907381530218,4.775737370642644,96,工况2,2,历史边界
124,节能,1.1791631621488077,2052.805504135919,9.051734633938574,4.274730813370474,96,工况2,2,历史边界
125,节能,1.1791631621488037,2052.805504135912,8.935060666092959,4.803741534465672,96,工况2,2,历史边界
126,节能,1.1791631621487904,2052.805504135889,8.941788840696,4.771529607921873,97,工况2,2,历史边界
127,节能,1.1791631621487875,2052.805504135884,8.983337889045393,4.5773392414815675,94,工况2,2,历史边界
128,节能,1.1791631621487875,2052.805504135884,8.998093130012402,4.510295338834681,97,工况2,2,历史边界
129,节能,1.1791631621487866,2052.805504135882,8.993295689179355,4.531985200175412,96,工况2,2,历史边界
130,节能,1.179163162148786,2052.805504135881,9.051734633938565,4.274730813370512,94,工况2,2,历史边界
131,节能,1.1791631621487828,2052.8055041358757,9.031719029193328,4.361154158222857,95,工况2,2,历史边界
132,节能,1.1791631621487828,2052.8055041358757,9.001173727322083,4.496422314719721,96,工况2,2,历史边界
133,节能,1.1791631621487828,2052.8055041358757,8.924647270811434,4.8540261563167775,95,工况2,2,历史边界
134,节能,1.1791631621487828,2052.8055041358757,8.934238432695686,4.80769295545971,95,工况2,2,历史边界
135,节能,1.1791631621487824,2052.805504135875,9.007332569116329,4.468814663886334,93,工况2,2,历史边界
136,节能,1.1791631621487821,2052.8055041358743,8.966885888741313,4.653268509615993,98,工况2,2,历史边界
137,节能,1.1791631621487821,2052.8055041358743,8.976806047117222,4.607335556804375,94,工况2,2,历史边界
138,节能,1.1791631621487817,2052.805504135874,8.906221137061685,4.944296201416033,96,工况2,2,历史边界
139,节能,1.1791631621487817,2052.805504135874,8.94010973759398,4.779548228249083,95,工况2,2,历史边界
140,节能,1.1791631621487817,2052.805504135874,9.050680249771263,4.279240398859595,95,工况2,2,历史边界
141,节能,1.1791631621487817,2052.805504135874,9.051484307176098,4.27580102684139,94,工况2,2,历史边界
142,节能,1.1791631621487817,2052.805504135874,8.940082635435774,4.7796777660766905,97,工况2,2,历史边界
143,节能,1.1791631621487817,2052.805504135874,8.97346000864531,4.622777699424618,94,工况2,2,历史边界
144,节能,1.1791631621487817,2052.805504135874,9.05173463393834,4.274730813371477,93,工况2,2,历史边界
145,节能,1.1791631621487817,2052.805504135874,8.996847332930102,4.515917753074569,96,工况2,2,历史边界
146,节能,1.1791631621487817,2052.805504135874,9.042233289217885,4.315540068812293,96,工况2,2,历史边界
147,节能,1.1791631621487817,2052.805504135874,8.940189922599984,4.77916499551067,95,工况2,2,历史边界
148,节能,1.1791631621487817,2052.805504135874,8.97975292264231,4.59377829800425,95,工况2,2,历史边界
149,节能,1.1791631621487817,2052.805504135874,8.998974589178856,4.506321449332814,94,工况2,2,历史边界
150,节能,1.1791631621487817,2052.805504135874,9.02973935656355,4.369796367294037,95,工况2,2,历史边界
151,节能,1.1791631621487817,2052.805504135874,8.996506857578535,4.517455573539323,94,工况2,2,历史边界
152,节能,1.1791631621487817,2052.805504135874,8.965612483681586,4.659197779660423,95,工况2,2,历史边界
153,节能,1.1791631621487817,2052.805504135874,9.03340901427729,4.353790097076027,98,工况2,2,历史边界
154,节能,1.1791631621487817,2052.805504135874,8.94236644862254,4.76877433041029,96,工况2,2,历史边界
155,节能,1.1791631621487817,2052.805504135874,9.052798246850863,4.270186571566345,95,工况2,2,历史边界
156,节能,1.1791631621487817,2052.805504135874,9.004198122021254,4.482843902494928,91,工况2,2,历史边界
157,节能,1.1791631621487817,2052.805504135874,9.051982973980245,4.2736693583485,94,工况2,2,历史边界
158,节能,1.1791631621487817,2052.805504135874,8.975499366778553,4.613359806617335,98,工况2,2,历史边界
159,节能,1.1791631621487817,2052.805504135874,8.997349127719232,4.513652257532401,96,工况2,2,历史边界
160,节能,1.1791631621487817,2052.805504135874,8.997375671083388,4.51353245160689,96,工况2,2,历史边界
161,节能,1.1791631621487817,2052.805504135874,9.007332569116318,4.468814663886383,94,工况2,2,历史边界
162,节能,1.1791631621487817,2052.805504135874,9.035734212174132,4.343678433863791,94,工况2,2,历史边界
163,节能,1.1791631621487817,2052.805504135874,8.997349127719232,4.513652257532401,95,工况2,2,历史边界
164,节能,1.1791631621487817,2052.805504135874,8.989881222184197,4.547485962424764,98,工况2,2,历史边界
165,节能,1.1791631621487817,2052.805504135874,8.994830515910905,4.525034723396404,97,工况2,2,历史边界
166,节能,1.1791631621487817,2052.805504135874,9.018043706272525,4.421204014384782,97,工况2,2,历史边界
167,节能,1.1791631621487817,2052.805504135874,9.009469145384552,4.459276893243887,94,工况2,2,历史边界
168,节能,1.1791631621487817,2052.805504135874,8.983575437642289,4.576252030105118,99,工况2,2,历史边界
169,节能,1.1791631621487817,2052.805504135874,9.007279298059089,4.469052728709016,96,工况2,2,历史边界
170,节能,1.1791631621487817,2052.805504135874,8.941122485760609,4.774710199809342,97,工况2,2,历史边界
171,节能,1.179089735815156,2052.021587864204,8.998974589178857,4.506321449332806,90,工况2,2,历史边界
172,节能,1.1787696585332081,2052.1204535730026,9.045471006282273,4.3015901661945035,87,工况2,2,历史边界
173,节能,1.1787696585332081,2052.1204535730026,9.052229350859767,4.272616554726442,87,工况2,2,历史边界
174,节能,1.1787677802124852,2052.11718360389,9.052229350859767,4.272616554726442,81,工况2,2,历史边界
175,节能,1.1787663865383489,2052.1145577867883,8.950222054348261,4.73145947675777,80,工况2,2,历史边界
176,节能,1.1787653195168624,2052.1081981019865,8.990744984026255,4.54355971348924,81,工况2,2,历史边界
177,节能,1.1787652698221698,2052.1089072765076,8.94144636143721,4.773164037708467,73,工况2,2,历史边界
178,节能,1.1787652696734099,2052.108910989412,9.006991421814742,4.470339448023419,48,工况2,2,历史边界
179,节能,1.1787652602241057,2052.1093694651827,8.981183028895225,4.587213402303844,17,工况2,2,历史边界
180,节能,1.1787652602241057,2052.1093694651827,9.00124373890979,4.496107524074088,7,工况2,2,历史边界
181,节能,1.1787652602139027,2052.109384631585,8.965612175180475,4.659199217028335,5,工况2,2,历史边界
182,节能,1.1785214817016876,2051.6543772985196,8.996388567065175,4.517989977285018,4,工况2,2,历史边界
183,节能,1.1785214817016876,2051.6543772985196,8.974272315703473,4.619024109211364,7,工况2,2,历史边界
184,节能,1.1785214817016876,2051.6543772985196,8.93968383221949,4.78158429708268,6,工况2,2,历史边界
185,节能,1.1785214817016876,2051.6543772985196,9.006949884536002,4.4705251376156285,10,工况2,2,历史边界
186,节能,1.1785214817016876,2051.6543772985196,8.988382602259234,4.554306024560636,9,工况2,2,历史边界
187,节能,1.1785214817016876,2051.6543772985196,8.999978054870374,4.501801778410066,17,工况2,2,历史边界
188,节能,1.1785214817016876,2051.6543772985196,9.052142859083796,4.272986116902116,20,工况2,2,历史边界
189,节能,1.1785214817016876,2051.6543772985196,9.012949117940012,4.44378570213162,23,工况2,2,历史边界
190,节能,1.1785214817016876,2051.6543772985196,9.006882471205175,4.4708265207642075,23,工况2,2,历史边界
191,节能,1.1785214817016876,2051.6543772985196,9.007933958380823,4.466127974676458,15,工况2,2,历史边界
192,节能,1.1783920241552437,2051.463029770665,9.051555222888792,4.275497816115562,9,工况2,2,历史边界
193,节能,1.1783150238756157,2051.328979960669,8.996907519445996,4.515645963898052,5,工况2,2,历史边界
194,节能,1.178303058042028,2051.308148637372,9.021999872346676,4.403747550159896,22,工况2,2,历史边界
195,节能,1.1782796418270913,2051.267383341736,8.94087184860921,4.775907069556326,22,工况2,2,历史边界
196,节能,1.1782646169186166,2051.2178632279974,9.048498073386414,4.288588652262371,41,工况2,2,历史边界
197,节能,1.178258360978092,2051.2296228667287,9.006623037795158,4.471986553003138,58,工况2,2,历史边界
198,节能,1.1781681119503715,2051.0732209457633,9.04972532432683,4.283328706102943,76,工况2,2,历史边界
199,节能,1.178144240774371,2051.0232375837104,9.033809359495704,4.352047426886796,63,工况2,2,历史边界
200,节能,1.1781426006323499,2051.0274956437006,8.973900810946697,4.620740417428194,36,工况2,2,历史边界
201,节能,1.1781425873910438,2051.026988765085,9.002788548910047,4.489167254287967,31,工况2,2,历史边界
202,节能,1.1781421307323943,2051.0217988436716,8.954352572865684,4.711956402408246,45,工况2,2,历史边界
203,节能,1.1781411602047025,2051.0242597126603,8.999302144631406,4.504845620892164,41,工况2,2,历史边界
204,节能,1.1781411602047025,2051.0242597126603,8.958609269203418,4.691941663401022,20,工况2,2,历史边界
205,节能,1.1781411602047025,2051.0242597126603,8.98337589019032,4.5771653006546655,10,工况2,2,历史边界
206,节能,1.1781411602047025,2051.0242597126603,8.996994295415965,4.51525413134057,7,工况2,2,历史边界
207,节能,1.1781411602047025,2051.0242597126603,9.00800563726552,4.465807859077225,1,工况2,2,历史边界
208,节能,1.1781411602047025,2051.0242597126603,8.965702053298179,4.65878047579082,4,工况2,2,历史边界
209,节能,1.1781411602047025,2051.0242597126603,9.008525009687611,4.463489043849324,6,工况2,2,历史边界
210,节能,1.178141159699058,2051.024112906288,9.03017298677955,4.3679019023297165,4,工况2,2,历史边界
211,节能,1.1781411595654163,2051.0241289119394,8.933968384809113,4.808991438099981,3,工况2,2,历史边界
212,节能,1.1781411595654163,2051.0241289119394,8.994803550540537,4.525156744278814,4,工况2,2,历史边界
213,节能,1.1781411594261906,2051.024189483034,8.935612156778905,4.8010930461271695,3,工况2,2,历史边界
214,节能,1.1781411591662831,2051.0241432094335,8.997001223528063,4.51522284926216,6,工况2,2,历史边界
215,节能,1.1781411591662831,2051.0241432094335,9.052104110850173,4.273151690774267,7,工况2,2,历史边界
216,节能,1.1781411591573072,2051.024136419507,9.004894627941352,4.479722662285287,3,工况2,2,历史边界
217,节能,1.1781411591573072,2051.024136419507,8.945746901318024,4.752680931183848,4,工况2,2,历史边界
218,节能,1.1781411591573072,2051.024136419507,8.997409525209227,4.513379652497751,3,工况2,2,历史边界
219,节能,1.1781411591573072,2051.024136419507,8.98268130936906,4.5803456162534895,5,工况2,2,历史边界
220,节能,1.1781411591536932,2051.0241309019684,9.009316663274307,4.459956905038235,6,工况2,2,历史边界
221,节能,1.1781411591536932,2051.0241309019684,9.041514861857527,4.318641584846036,11,工况2,2,历史边界
222,节能,1.1781411591536932,2051.0241309019684,9.0521039404448,4.273152418942338,3,工况2,2,历史边界
223,节能,1.1781411591536932,2051.0241309019684,9.049529836440945,4.28416612682639,7,工况2,2,历史边界
224,节能,1.1781411591533595,2051.02413410704,8.921542639343123,4.869119536237391,2,工况2,2,历史边界
225,节能,1.1781411591529838,2051.024131643833,8.997000952539826,4.515224072834601,6,工况2,2,历史边界
226,节能,1.1781411591520516,2051.0241324227727,8.997000950799634,4.515224080691958,4,工况2,2,历史边界
227,节能,1.1781411591520516,2051.0241324227727,8.959798009647583,4.686367476371264,3,工况2,2,历史边界
228,节能,1.1781411591515618,2051.0241317801747,8.938377200220339,4.787836151679046,5,工况2,2,历史边界
229,节能,1.178141159151559,2051.024131592799,8.937840987473981,4.790404138883255,5,工况2,2,历史边界
230,节能,1.1781411591515267,2051.024131645111,9.006957845535572,4.4704895479085955,6,工况2,2,历史边界
231,节能,1.1781411591514324,2051.0241315231397,9.006957842981668,4.470489559325797,8,工况2,2,历史边界
232,节能,1.1781411591514324,2051.0241315231397,9.026868936382725,4.382357538267526,7,工况2,2,历史边界
233,节能,1.1781411591514324,2051.0241315231397,9.03304355729525,4.355381510844265,10,工况2,2,历史边界
234,节能,1.1781411591514093,2051.0241314090667,9.006230940821316,4.473740349204254,6,工况2,2,历史边界
235,节能,1.1781411591514093,2051.0241314090667,8.968792348756686,4.644405690251378,4,工况2,2,历史边界
236,节能,1.1781411591513677,2051.024131426075,8.997900923604277,4.511162329819282,2,工况2,2,历史边界
237,节能,1.1781411591513677,2051.024131426075,8.979102448965431,4.5967674019258356,5,工况2,2,历史边界
238,节能,1.178141159151356,2051.024131440735,8.997000941977824,4.515224120524411,8,工况2,2,历史边界
239,节能,1.1781411591513515,2051.024131413923,8.959241060100506,4.688978273588341,2,工况2,2,历史边界
240,节能,1.1781411591513469,2051.0241314259256,8.97791624024067,4.602223362838161,3,工况2,2,历史边界
241,节能,1.1781411591513469,2051.0241314259256,8.995215204834107,4.5232943274381965,3,工况2,2,历史边界
242,节能,1.178141159151343,2051.024131421833,9.005921556040796,4.475124670513226,5,工况2,2,历史边界
243,节能,1.178141159151343,2051.024131421833,9.051067613663978,4.27758309665107,7,工况2,2,历史边界
244,节能,1.178141159151341,2051.024131415229,8.944898201128442,4.756716244534553,1,工况2,2,历史边界
245,节能,1.178141159151341,2051.024131415229,8.974346233489193,4.618682693795516,4,工况2,2,历史边界
246,节能,1.1781411591513409,2051.0241314155874,9.030078791951127,4.368313355478056,7,工况2,2,历史边界
247,节能,1.1781411591513409,2051.0241314155874,8.996506224300107,4.517458434347388,5,工况2,2,历史边界
248,节能,1.17814115915134,2051.024131415361,8.997000941233388,4.515224123885704,10,工况2,2,历史边界
249,节能,1.17814115915134,2051.024131415361,9.03942477846217,4.327677345370185,5,工况2,2,历史边界
250,节能,1.17814115915134,2051.024131415361,8.996974397855782,4.5153439747752175,6,工况2,2,历史边界
251,节能,1.17814115915134,2051.024131415361,8.991791789700757,4.538805977951485,6,工况2,2,历史边界
252,节能,1.1781411591513398,2051.0241314153627,8.940731791857383,4.776576014431543,7,工况2,2,历史边界
253,节能,1.1781411591513398,2051.0241314153627,8.99482925606674,4.525040424238588,5,工况2,2,历史边界
254,节能,1.1781411591513398,2051.0241314153627,8.96340837940573,4.669478463095764,5,工况2,2,历史边界
255,节能,1.1781411591513398,2051.0241314153627,8.973322737561947,4.623412316683864,4,工况2,2,历史边界
256,节能,1.1781411591513395,2051.0241314153654,9.006957839254222,4.470489575989308,8,工况2,2,历史边界
257,节能,1.1781411591513395,2051.0241314153654,8.937840987425854,4.790404139113802,5,工况2,2,历史边界
258,节能,1.1781411591513395,2051.0241314153654,8.977276657454475,4.605167807186848,6,工况2,2,历史边界
259,节能,1.1781411591513395,2051.0241314153654,9.007857820744823,4.466468028047791,2,工况2,2,历史边界
260,节能,1.1781411591513395,2051.0241314153654,8.997000941221424,4.515224123939723,5,工况2,2,历史边界
261,节能,1.1781411591513395,2051.0241314153654,8.965059599669523,4.661774487866583,7,工况2,2,历史边界
262,节能,1.1781411591513395,2051.0241314153654,9.052640109736329,4.270861899945126,7,工况2,2,历史边界
263,节能,1.1781411591513395,2051.0241314153654,8.894986468793238,5.000156929886532,0,工况2,2,历史边界
264,节能,1.1781411591513395,2051.0241314153654,9.006438580867716,4.472811517985182,5,工况2,2,历史边界
265,节能,1.1781411591513395,2051.0241314153654,8.952238856911661,4.721926673278886,8,工况2,2,历史边界
266,节能,1.1781411591513395,2051.0241314153654,8.932283678499171,4.817100004679006,5,工况2,2,历史边界
267,节能,1.1781411591513395,2051.0241314153654,9.013277024636658,4.442328793919468,6,工况2,2,历史边界
268,节能,1.1781411591513395,2051.0241314153654,9.050552807558834,4.279785789475698,5,工况2,2,历史边界
269,节能,1.1781411591513395,2051.0241314153654,8.946628707361718,4.7484918356713,5,工况2,2,历史边界
270,节能,1.1781411591513395,2051.0241314153654,9.006711462374774,4.471591136954647,2,工况2,2,历史边界
271,节能,1.1781411591513395,2051.0241314153654,9.030302984788168,4.367334120686619,8,工况2,2,历史边界
272,节能,1.1781411591513395,2051.0241314153654,8.992295106064015,4.536522097438563,7,工况2,2,历史边界
273,节能,1.1781411591513395,2051.0241314153654,8.994960571611507,4.524446255102862,3,工况2,2,历史边界
274,节能,1.1781411591513395,2051.0241314153654,8.999292307405364,4.50488993629479,5,工况2,2,历史边界
275,节能,1.1781411591513395,2051.0241314153654,9.05210389698816,4.273152604639185,2,工况2,2,历史边界
276,节能,1.1781411591513395,2051.0241314153654,9.005406749824855,4.4774290856234344,7,工况2,2,历史边界
277,节能,1.1781411591513395,2051.0241314153654,9.002784590049055,4.489185026312275,4,工况2,2,历史边界
278,节能,1.1781411591513395,2051.0241314153654,8.977245554542868,4.605311043541609,4,工况2,2,历史边界
279,节能,1.1781411591513395,2051.0241314153654,8.93097341229629,4.823415824810288,2,工况2,2,历史边界
280,节能,1.1781411591513395,2051.0241314153654,9.008237064345554,4.464774469786148,8,工况2,2,历史边界
281,节能,1.1781411591513395,2051.0241314153654,8.936804704022292,4.795370928475737,4,工况2,2,历史边界
282,节能,1.1781411591513395,2051.0241314153654,8.937840987425853,4.790404139113811,5,工况2,2,历史边界
283,节能,1.1781411591513395,2051.0241314153654,8.974007825759628,4.620245956214628,4,工况2,2,历史边界
284,节能,1.1781411591513395,2051.0241314153654,8.94084342197243,4.776042834461547,4,工况2,2,历史边界
285,节能,1.1781411591513395,2051.0241314153654,9.005478917459248,4.477105971817483,8,工况2,2,历史边界
286,节能,1.1781411591513395,2051.0241314153654,8.937857887298627,4.790323182577402,2,工况2,2,历史边界
287,节能,1.1781411591513395,2051.0241314153654,8.980314460272906,4.591199442753206,1,工况2,2,历史边界
288,节能,1.1781411591513395,2051.0241314153654,8.997000941221087,4.515224123941248,7,工况2,2,历史边界
289,节能,1.1781411591513395,2051.0241314153654,9.012319394182697,4.446584940841726,5,工况2,2,历史边界
290,节能,1.1781411591513395,2051.0241314153654,8.996877996718862,4.515779280049596,5,工况2,2,历史边界
291,节能,1.1781411591513395,2051.0241314153654,8.938740968916553,4.786094803507642,5,工况2,2,历史边界
292,节能,1.1781411591513395,2051.0241314153654,9.028363044996343,4.375814709187449,5,工况2,2,历史边界
293,节能,1.1781411591513395,2051.0241314153654,9.000642032320048,4.498813675672494,7,工况2,2,历史边界
294,节能,1.1781411591513395,2051.0241314153654,8.993967724078358,4.528940571122207,8,工况2,2,历史边界
295,节能,1.1781411591513395,2051.0241314153654,9.051067613584296,4.277583096991917,5,工况2,2,历史边界
296,节能,1.1781411591513395,2051.0241314153654,8.940325804760995,4.778515636362412,3,工况2,2,历史边界
297,节能,1.1781411591513395,2051.0241314153654,9.00406402625675,4.48344507318151,4,工况2,2,历史边界
298,节能,1.1781411591513395,2051.0241314153654,8.977201744464466,4.605512806999099,5,工况2,2,历史边界
299,节能,1.1781411591513395,2051.0241314153654,9.00693129588981,4.470608239398076,6,工况2,2,历史边界
300,节能,1.1781411591513395,2051.0241314153654,8.99750890342276,4.512931143177283,5,工况2,2,历史边界
0,节能,145.07847616629388,2330.144658708097,8.557780516577465,7.0053577569068,0,工况2,3,历史边界
1,节能,145.07847616629388,2330.144658708097,8.557780516577465,7.0053577569068,0,工况2,3,历史边界
2,节能,145.07847616629388,2330.144658708097,8.557780516577465,7.0053577569068,0,工况2,3,历史边界
3,节能,145.07847616629388,2330.144658708097,8.557780516577465,7.0053577569068,0,工况2,3,历史边界
4,节能,145.07847616629388,2330.144658708097,8.557780516577465,7.0053577569068,0,工况2,3,历史边界
5,节能,60.17605339952241,2339.5391298823283,8.67926610926882,6.203971536913629,0,工况2,3,历史边界
6,节能,26.108184072602096,2349.0496300591167,8.755055225420431,5.7511540630725015,0,工况2,3,历史边界
7,节能,26.108184072602096,2349.0496300591167,8.755055225420431,5.7511540630725015,0,工况2,3,历史边界
8,节能,26.108184072602096,2349.0496300591167,8.755055225420431,5.7511540630725015,0,工况2,3,历史边界
9,节能,1.9911826451960204,2378.588574242045,8.872782361642782,5.112422718502469,0,工况2,3,历史边界
10,节能,1.9911826451960204,2378.588574242045,8.872782361642782,5.112422718502469,0,工况2,3,历史边界
11,节能,1.3697059602830974,2384.5215187973126,8.907376077098673,4.9385891320741075,1,工况2,3,历史边界
12,节能,1.3695413021971352,2360.715143064226,8.907376077098673,4.9385891320741075,2,工况2,3,历史边界
13,节能,1.3555577745587712,2359.8909380085543,8.940368941295747,4.7783095122023775,7,工况2,3,历史边界
14,节能,1.3555577745587712,2359.8909380085543,8.963250385155542,4.670216272127566,23,工况2,3,历史边界
15,节能,1.3550661050742698,2359.0349904549003,9.056221780509036,4.25559244011633,45,工况2,3,历史边界
16,节能,1.3550661050742698,2359.0349904549003,9.077704243056694,4.165146810659884,75,工况2,3,历史边界
17,节能,1.3548314004056956,2358.626393026689,8.982603694256895,4.580701134088849,87,工况2,3,历史边界
18,节能,1.3515760039580857,2352.959072370555,9.068515895307792,4.203593990516798,86,工况2,3,历史边界
19,节能,1.350714333038767,2351.4589892075874,8.990178752385015,4.546133149274509,92,工况2,3,历史边界
20,节能,1.350714333038767,2351.4589892075874,9.028015503637945,4.377335750072575,87,工况2,3,历史边界
21,节能,1.3506380440894783,2351.3261777527932,8.99475491657392,4.525376825952532,88,工况2,3,历史边界
22,节能,1.3500702517851233,2350.3377079591287,9.051894652738312,4.274046830803011,87,工况2,3,历史边界
23,节能,1.3457247409064566,2342.7726067616372,8.950809078738235,4.728682809710116,90,工况2,3,历史边界
24,节能,1.3457247409064566,2342.7726067616372,8.95992751857269,4.685760589256245,91,工况2,3,历史边界
25,节能,1.3451087126128458,2341.7001629197493,9.008788404388813,4.462313539303931,87,工况2,3,历史边界
26,节能,1.3448798733671523,2341.301776607998,9.010699303260518,4.453794651355419,87,工况2,3,历史边界
27,节能,1.343461620282439,2338.832739385658,9.07476471950227,4.177408370560387,90,工况2,3,历史边界
28,节能,1.341188602332626,2334.8756417522204,9.027559301190367,4.3793331569319385,91,工况2,3,历史边界
29,节能,1.340503750544071,2333.683383067255,8.934330723506909,4.8072492700510985,93,工况2,3,历史边界
30,节能,1.3398272252377283,2332.505619957681,8.930711639098709,4.824678631071216,87,工况2,3,历史边界
31,节能,1.3393100945500507,2331.605346987749,9.032855290511018,4.356201561707161,89,工况2,3,历史边界
32,节能,1.3373179336843166,2328.1371935365755,8.93439197444465,4.8069548305427965,81,工况2,3,历史边界
33,节能,1.336691803846218,2327.0471639128464,9.018555904566492,4.4189400610773415,85,工况2,3,历史边界
34,节能,1.3347464425905495,2323.6604839169313,9.044216706866825,4.306989033415638,90,工况2,3,历史边界
35,节能,1.3344944709386741,2323.2218263922905,9.011917606672231,4.448371882096482,93,工况2,3,历史边界
36,节能,1.3320720935254637,2318.993784381368,9.065987741400171,4.214234768184196,94,工况2,3,历史边界
37,节能,1.3320720935254637,2318.993784381368,9.010756249634513,4.45354103112095,91,工况2,3,历史边界
38,节能,1.3294362042043062,2314.4158883109344,9.044557127934286,4.305523093143972,93,工况2,3,历史边界
39,节能,1.3294299542077226,2314.40500769,9.021049122203816,4.407936404733835,94,工况2,3,历史边界
40,节能,1.3291787892937752,2313.9677546156604,8.952288067455653,4.7216943104160025,87,工况2,3,历史边界
41,节能,1.3291445922758067,2313.879267523993,9.07925990237472,4.158672298586189,84,工况2,3,历史边界
42,节能,1.3283187611323735,2312.4705313304453,9.037761935653748,4.33487957895272,83,工况2,3,历史边界
43,节能,1.3268559174367984,2309.923866300226,8.96914788422186,4.64275473281819,83,工况2,3,历史边界
44,节能,1.32491711369173,2306.54860227649,9.000650103258154,4.498777366172292,82,工况2,3,历史边界
45,节能,1.323288387108679,2303.7131516775016,8.93139970967376,4.8213600535098085,88,工况2,3,历史边界
46,节能,1.322729288463943,2302.7398166784865,8.957565590650105,4.696841098561475,97,工况2,3,历史边界
47,节能,1.3224191082860253,2302.199823913327,8.985381697475168,4.567993590567132,93,工况2,3,历史边界
48,节能,1.321899788495491,2294.367192489483,8.986915975093103,4.5609903940398935,96,工况2,3,历史边界
49,节能,1.3183378097011673,2295.094689977705,9.037253594556125,4.337083736580437,91,工况2,3,历史边界
50,节能,1.3178093609189965,2294.1747133336607,9.038340304569754,4.332373144241457,89,工况2,3,历史边界
51,节能,1.31619818962136,2291.369824736338,9.053382734942575,4.267691427627866,93,工况2,3,历史边界
52,节能,1.3142567565934304,2287.9899833932773,8.976411146383391,4.609155356293188,96,工况2,3,历史边界
53,节能,1.3136441168620896,2286.9234387004653,9.027404573637012,4.380010812861305,89,工况2,3,历史边界
54,节能,1.3104285105858506,2281.3253887656556,8.925655520282263,4.849134553405693,95,工况2,3,历史边界
55,节能,1.3101496344433288,2280.839893205145,9.048299307450716,4.289441162320835,95,工况2,3,历史边界
56,节能,1.3093066435116025,2279.372330038203,9.082276789268244,4.146144960916108,92,工况2,3,历史边界
57,节能,1.3093066435116025,2279.372330038203,9.068555112055652,4.203429142463591,91,工况2,3,历史边界
58,节能,1.3092190439199727,2279.2198278827505,8.955643946365042,4.705875434025832,91,工况2,3,历史边界
59,节能,1.3075401431656908,2276.2970290539547,9.031713200741173,4.3611795770752835,85,工况2,3,历史边界
60,节能,1.3065307774984072,2274.5398240597706,9.011726658780663,4.449221370429699,93,工况2,3,历史边界
61,节能,1.304918653485088,2271.7332768794295,8.99343167074772,4.531368975618627,90,工况2,3,历史边界
62,节能,1.3039967722931523,2270.1283736347277,9.038925173148105,4.329840016165417,91,工况2,3,历史边界
63,节能,1.3022828093171785,2267.144534973628,9.041477383831808,4.31880344203945,90,工况2,3,历史边界
64,节能,1.3011555530384797,2265.182094178524,8.986437060343745,4.563175242747657,95,工况2,3,历史边界
65,节能,1.2981624978138115,2259.9714834364236,9.02170696286505,4.405037638502355,93,工况2,3,历史边界
66,节能,1.2981541447668326,2259.9569416144222,9.00015376430112,4.501010838872053,98,工况2,3,历史边界
67,节能,1.297237884622935,2258.3618240539436,9.014404132276914,4.43732463183973,99,工况2,3,历史边界
68,节能,1.297067024531648,2258.0643736695606,8.968490804725414,4.645806394242428,96,工况2,3,历史边界
69,节能,1.2970437479920895,2258.023851534833,8.980081236858927,4.592270342836135,96,工况2,3,历史边界
70,节能,1.2964433369831287,2256.9785958284956,8.968861996035711,4.644082231296513,97,工况2,3,历史边界
71,节能,1.2945647847888198,2253.708223747624,9.080572095514354,4.153218896067178,99,工况2,3,历史边界
72,节能,1.2945647847888198,2253.708223747624,8.97625473975079,4.609876315141508,94,工况2,3,历史边界
73,节能,1.293790229518455,2252.359800244158,8.97422947759624,4.619221983699724,92,工况2,3,历史边界
74,节能,1.2937818003966346,2252.3451259834424,9.039928731637279,4.325496948086353,93,工况2,3,历史边界
75,节能,1.2937813661886615,2252.344370070651,9.041179225179825,4.320091322638739,98,工况2,3,历史边界
76,节能,1.2937813661886615,2252.344370070651,9.03261966280392,4.3572281244313595,97,工况2,3,历史边界
77,节能,1.2918833173566608,2249.0400562873497,9.039796837964404,4.32606749139054,98,工况2,3,历史边界
78,节能,1.2903549385596313,2246.37930117927,9.024714223555637,4.3918104407559175,97,工况2,3,历史边界
79,节能,1.2902061999887289,2246.1203621563873,9.082630172007745,4.144680043704924,95,工况2,3,历史边界
80,节能,1.287772181362746,2241.882978397314,8.917973233111697,4.886530456690025,91,工况2,3,历史边界
81,节能,1.2866473777884746,2239.9248075160863,8.962640241690037,4.673066643547818,91,工况2,3,历史边界
82,节能,1.2862032941040449,2239.1517020961096,9.053591280182937,4.266801513690184,94,工况2,3,历史边界
83,节能,1.2862032941040449,2239.1517020961096,8.999680953371206,4.503139469172513,94,工况2,3,历史边界
84,节能,1.2844181229317748,2236.0438970646305,9.044129743818118,4.307363598599161,95,工况2,3,历史边界
85,节能,1.284387681169151,2235.99090099091,9.01065409868208,4.453995987815712,96,工况2,3,历史边界
86,节能,1.284387681169151,2235.99090099091,8.936820790363111,4.795293789125073,97,工况2,3,历史边界
87,节能,1.284365074476031,2235.9515449920486,8.976370513284415,4.609342644363998,85,工况2,3,历史边界
88,节能,1.284365074476031,2235.9515449920486,9.011823319383991,4.448791326792168,87,工况2,3,历史边界
89,节能,1.2843580124317238,2235.9353013257733,8.957104658458691,4.6990065228403,93,工况2,3,历史边界
90,节能,1.284261978742579,2235.772065598631,9.00005996306662,4.50143305904731,89,工况2,3,历史边界
91,节能,1.2833443063733194,2234.1744894945937,8.916957325936343,4.891497240512053,84,工况2,3,历史边界
92,节能,1.2830023831071107,2233.579235177467,9.038664384882798,4.330969334882421,78,工况2,3,历史边界
93,节能,1.2823701763980382,2232.449288969942,8.940181835826866,4.77920364368995,77,工况2,3,历史边界
94,节能,1.2807120113909085,2229.2557480181904,8.958099650773146,4.694333372724262,79,工况2,3,历史边界
95,节能,1.2791830375263618,2226.930135305596,8.98489344311305,4.570224477939779,81,工况2,3,历史边界
96,节能,1.2791830375263618,2226.930135305596,8.988545203892109,4.553565547167479,78,工况2,3,历史边界
97,节能,1.2785418780604065,2225.8139405982047,8.978879410164847,4.597792773758327,71,工况2,3,历史边界
98,节能,1.2785418780604065,2225.8139405982047,8.94432574831741,4.759440019661997,82,工况2,3,历史边界
99,节能,1.2785310135558485,2225.738400776628,8.984941809062255,4.570003440040222,79,工况2,3,历史边界
100,节能,1.278509209677786,2225.757068201061,9.079137358543875,4.1591819494475315,75,工况2,3,历史边界
101,节能,1.278319686953625,2225.4271280334874,9.012646788701232,4.445129391588317,65,工况2,3,历史边界
102,节能,1.276229878204668,2221.7889793530003,9.013461959054638,4.441507330390269,66,工况2,3,历史边界
103,节能,1.2749045811231134,2219.481769264557,8.912476839966768,4.913462696481109,80,工况2,3,历史边界
104,节能,1.274406121987882,2218.614001605902,9.007877915195685,4.466378277727218,80,工况2,3,历史边界
105,节能,1.2736448703571395,2217.288738412662,9.059000580138786,4.243783416473469,89,工况2,3,历史边界
106,节能,1.2735818274713782,2217.178987033852,8.938953255962351,4.785078885417835,92,工况2,3,历史边界
107,节能,1.2735363210284982,2217.0997648537364,8.905470420753346,4.948009358797208,94,工况2,3,历史边界
108,节能,1.2735363210284982,2217.0997648537364,9.080298805486331,4.1543540844864415,94,工况2,3,历史边界
109,节能,1.2731710825474953,2216.4639210721525,8.99171864403997,4.5391379840561825,96,工况2,3,历史边界
110,节能,1.2725046164455585,2215.3036700345583,9.060115411194841,4.239054951135344,90,工况2,3,历史边界
111,节能,1.271028030843798,2212.733081715722,9.072613150282455,4.186406029901488,89,工况2,3,历史边界
112,节能,1.271028030843798,2212.733081715722,9.026554152515944,4.383737250863278,82,工况2,3,历史边界
113,节能,1.2703196509493286,2211.4998629440843,8.97885711984342,4.597895261179342,75,工况2,3,历史边界
114,节能,1.2688992058621926,2209.0270096640666,9.038098320013829,4.3334216384874615,79,工况2,3,历史边界
115,节能,1.2677393933457326,2207.0078917048386,8.977754530274648,4.602967648399368,90,工况2,3,历史边界
116,节能,1.2676286572777626,2206.815111250757,8.933232658521723,4.812530841373183,91,工况2,3,历史边界
117,节能,1.2676283003073165,2206.8144898008,8.969336275630832,4.641880160096142,96,工况2,3,历史边界
118,节能,1.2664817838101712,2204.8185188856014,8.977148667229779,4.605757261370634,94,工况2,3,历史边界
119,节能,1.264519597491387,2201.402548132241,8.962824398258418,4.672206146866419,94,工况2,3,历史边界
120,节能,1.2645025724735552,2201.37290927357,8.922869821594633,4.862661613576508,91,工况2,3,历史边界
121,节能,1.2643210282998183,2201.056858966832,8.957229952501715,4.698417802197224,94,工况2,3,历史边界
122,节能,1.264271433356079,2200.970519114339,8.975873303153376,4.611635026074685,90,工况2,3,历史边界
123,节能,1.264146889750021,2200.753701113041,9.08666289901653,4.127999337523442,91,工况2,3,历史边界
124,节能,1.2621752624226532,2197.321294504994,9.014018229609986,4.439037337696805,95,工况2,3,历史边界
125,节能,1.26138195676166,2195.940228440836,9.011372762688879,4.450796211132726,95,工况2,3,历史边界
126,节能,1.2611883823544285,2195.603234696984,9.025536841901387,4.388199142480054,91,工况2,3,历史边界
127,节能,1.2602452014674672,2193.9612508067976,9.080778406944617,4.152362127920104,91,工况2,3,历史边界
128,节能,1.2602452014674672,2193.9612508067976,9.013399781505552,4.4417835010160385,94,工况2,3,历史边界
129,节能,1.2588361587132368,2191.5082478515696,8.994537153750697,4.526362392092234,84,工况2,3,历史边界
130,节能,1.2579100261438894,2189.8959433826517,8.969887118077683,4.639323919578294,79,工况2,3,历史边界
131,节能,1.2554864677216873,2185.6767697954906,9.001739233981302,4.493880276795516,88,工况2,3,历史边界
132,节能,1.2553119992304373,2185.3730375465257,8.97966081843964,4.594201423777163,94,工况2,3,历史边界
133,节能,1.2548631290544747,2184.5915993219974,8.939382527774999,4.783025226751456,93,工况2,3,历史边界
134,节能,1.2547443108820184,2184.3847487297817,8.907385093737508,4.938544602800304,96,工况2,3,历史边界
135,节能,1.253931963546519,2182.9705330087404,9.018312797124663,4.42001446888416,94,工况2,3,历史边界
136,节能,1.2530769738492213,2181.4820811872014,8.976864580261731,4.607065882858936,96,工况2,3,历史边界
137,节能,1.253016524538037,2181.3079230013136,8.96841818197897,4.646143797713661,90,工况2,3,历史边界
138,节能,1.253006054751488,2181.318885453023,9.04882589368332,4.287182996270948,95,工况2,3,历史边界
139,节能,1.2517696017449202,2179.2060766970576,9.022629866192919,4.400974090026028,91,工况2,3,历史边界
140,节能,1.2512710733707284,2178.3381885002755,9.0236917336467,4.396303319183547,91,工况2,3,历史边界
141,节能,1.2506995047814569,2177.3431445710626,8.98267769657653,4.580362164121805,90,工况2,3,历史边界
142,节能,1.2497116617250337,2175.623408296608,9.076114987824582,4.1717715548315475,82,工况2,3,历史边界
143,节能,1.2495418906648879,2175.327853806867,8.99639119374498,4.517978109987571,92,工况2,3,历史边界
144,节能,1.2484747028632601,2173.469986241588,9.076368137358521,4.170715606468796,96,工况2,3,历史边界
145,节能,1.2479547411325345,2172.564784707961,9.023781343715317,4.395909383792006,93,工况2,3,历史边界
146,节能,1.2476031795206475,2171.9527509919403,9.036036564368581,4.342365311680021,92,工况2,3,历史边界
147,节能,1.2475226435732434,2171.812545936848,8.967391161472875,4.650917933816382,96,工况2,3,历史边界
148,节能,1.2467522371201338,2169.12173146309,8.98960004070658,4.548764811032962,96,工况2,3,历史边界
149,节能,1.2457453442002315,2168.7184449230685,8.948698540478054,4.7386734147688925,92,工况2,3,历史边界
150,节能,1.245737174115509,2168.703778754925,9.078207900588357,4.163049531297821,88,工况2,3,历史边界
151,节能,1.2452724451010793,2164.865848005782,8.920929269360409,4.872107024127201,82,工况2,3,历史边界
152,节能,1.2435674208198673,2164.9268974542256,8.90165135845459,4.966942244716981,74,工况2,3,历史边界
153,节能,1.2430662727321347,2164.0544485973514,8.939568299787823,4.782136757056653,77,工况2,3,历史边界
154,节能,1.2402053006976612,2159.073781520843,8.987214076166211,4.5596309605433545,74,工况2,3,历史边界
155,节能,1.2399641879892251,2158.6540283341064,9.025831513248317,4.386906256425733,71,工况2,3,历史边界
156,节能,1.2388280636291045,2156.676149093384,8.927399294807703,4.840686124319538,77,工况2,3,历史边界
157,节能,1.2377566482943054,2154.8109218143336,8.959150415994745,4.689403321094617,80,工况2,3,历史边界
158,节能,1.2374775990973474,2154.325124983303,8.987151616505262,4.559915762441425,86,工况2,3,历史边界
159,节能,1.2374421499371704,2154.2634115296737,9.01946921916787,4.414906021051186,87,工况2,3,历史边界
160,节能,1.2374206003754973,2154.2258958912666,8.98116652560402,4.587289107047127,86,工况2,3,历史边界
161,节能,1.2373198341869769,2154.050472003322,8.991581610412373,4.539760041220703,88,工况2,3,历史边界
162,节能,1.2355026934966422,2150.887011228215,9.02869280860086,4.3743719626519715,90,工况2,3,历史边界
163,节能,1.2353205096483069,2150.5698473117764,8.97983501029645,4.593401220997028,87,工况2,3,历史边界
164,节能,1.2351317986531873,2150.241320283535,8.99906357919486,4.505920449557668,87,工况2,3,历史边界
165,节能,1.234707307237624,2149.502323050329,9.041588783023922,4.3183223576218115,91,工况2,3,历史边界
166,节能,1.234707307237624,2149.502323050329,8.903501542525104,4.957760983427426,89,工况2,3,历史边界
167,节能,1.234707307237624,2149.502323050329,9.020588202687595,4.409968576946981,96,工况2,3,历史边界
168,节能,1.2341295308639872,2148.4964719874447,8.972621739381967,4.626654456537458,95,工况2,3,历史边界
169,节能,1.2338723045153117,2148.0486665595618,8.956741017079288,4.70071558677844,97,工况2,3,历史边界
170,节能,1.2334140706079832,2147.2509270122787,8.994710566464914,4.525577531358675,95,工况2,3,历史边界
171,节能,1.2330869851384512,2146.6815038198556,9.026572536910725,4.383656659247856,97,工况2,3,历史边界
172,节能,1.2322065660786983,2145.148782013559,9.059151599398989,4.24314257183261,95,工况2,3,历史边界
173,节能,1.2319204619896045,2144.6507033186845,9.041710892001245,4.317795083888057,94,工况2,3,历史边界
174,节能,1.2316849184536516,2144.240645506001,9.016137903270401,4.42963799246603,98,工况2,3,历史边界
175,节能,1.2304908353116202,2142.1618658043935,9.01614787420438,4.429593825058252,98,工况2,3,历史边界
176,节能,1.2303437051448773,2141.9057268527968,9.040067943848237,4.32489482800492,96,工况2,3,历史边界
177,节能,1.2300869841003965,2141.4588011091387,9.05550203371901,4.258656491653116,97,工况2,3,历史边界
178,节能,1.229972173017936,2141.2589264611033,9.004004596179639,4.483711532585701,95,工况2,3,历史边界
179,节能,1.229093690734189,2139.7295763887387,8.977690035973344,4.603264523155037,92,工况2,3,历史边界
180,节能,1.2284051659273603,2138.5309233451544,9.026040452473504,4.38598975538139,96,工况2,3,历史边界
181,节能,1.228221024964173,2138.2103522868806,8.908225652125418,4.93439521185734,95,工况2,3,历史边界
182,节能,1.227310726739421,2136.625613833238,9.059521330612712,4.241574039565063,96,工况2,3,历史边界
183,节能,1.2268544821672378,2135.8313375201083,9.020093371134587,4.4121513085443205,94,工况2,3,历史边界
184,节能,1.2266744679328856,2135.5179506853065,9.004333130981692,4.482238719253346,92,工况2,3,历史边界
185,节能,1.225621579952782,2133.6849776836257,8.983784675447655,4.575294605341755,98,工况2,3,历史边界
186,节能,1.2252950187083287,2133.1164671148003,8.9768446845633,4.607157544564226,95,工况2,3,历史边界
187,节能,1.2247713740872037,2132.2048540361675,9.049731126608096,4.283303853097141,93,工况2,3,历史边界
188,节能,1.2243589516816,2131.486867746035,8.994450846610526,4.526753066344418,98,工况2,3,历史边界
189,节能,1.224027448488943,2130.9097537380935,9.01926000929779,4.415829759590508,95,工况2,3,历史边界
190,节能,1.223798469007858,2130.5111232905065,8.977871591935946,4.602428848896543,99,工况2,3,历史边界
191,节能,1.2232856258579277,2129.6183144963297,8.989190624259251,4.550627531449801,98,工况2,3,历史边界
192,节能,1.222740349289592,2128.669042354283,9.048034861409242,4.290575638053542,95,工况2,3,历史边界
193,节能,1.221277445038727,2126.1222719033412,9.026972310801074,4.381904538020728,98,工况2,3,历史边界
194,节能,1.221277445038727,2126.1222719033412,9.07584228122976,4.172909379585748,97,工况2,3,历史边界
195,节能,1.220771521605376,2125.241509645842,9.04391790381439,4.308276167175795,96,工况2,3,历史边界
196,节能,1.2206209401081967,2124.979362272049,9.043437337979139,4.310347075074507,98,工况2,3,历史边界
197,节能,1.2199256346994092,2123.7689048764723,8.974270796958535,4.619031124336175,98,工况2,3,历史边界
198,节能,1.2196451638530232,2123.2806330955245,8.992859156219469,4.533963992961719,96,工况2,3,历史边界
199,节能,1.2196451638530232,2123.2806330955245,9.047528182454604,4.292750133271587,92,工况2,3,历史边界
200,节能,1.218917879983156,2122.014504387422,9.045829126279003,4.300049956544654,96,工况2,3,历史边界
201,节能,1.218911626401504,2122.003617525241,9.01761462244938,4.423101488564808,92,工况2,3,历史边界
202,节能,1.2184929707398529,2121.274779757778,9.030798291737167,4.365171485376407,91,工况2,3,历史边界
203,节能,1.2184929707398529,2121.274779757778,9.077195124909938,4.16726790238242,85,工况2,3,历史边界
204,节能,1.2163630230092943,2117.5667531121317,9.03813376865418,4.333268027304975,79,工况2,3,历史边界
205,节能,1.2163630230092943,2117.5667531121317,8.97792340203065,4.602190402799028,82,工况2,3,历史边界
206,节能,1.2163476289202126,2117.539953537813,9.015627400710494,4.4318999113092,80,工况2,3,历史边界
207,节能,1.2145895704733414,2114.479349058147,9.000543156464483,4.49925852171561,74,工况2,3,历史边界
208,节能,1.2145895704733414,2114.479349058147,8.996792898781116,4.516163579904973,72,工况2,3,历史边界
209,节能,1.2138784488227061,2113.241357162374,9.072975103848057,4.1848910195101565,82,工况2,3,历史边界
210,节能,1.2121323063935432,2110.1981481220996,8.910888186366929,4.921274690314606,77,工况2,3,历史边界
211,节能,1.2121323063935432,2110.1981481220996,8.927496011992485,4.840217969424858,78,工况2,3,历史边界
212,节能,1.2121323063935432,2110.1981481220996,9.0770471893967,4.167884434900764,84,工况2,3,历史边界
213,节能,1.211193726461047,2108.5675231943524,8.957703613816046,4.696192870419413,71,工况2,3,历史边界
214,节能,1.2097369620872278,2106.031441657209,9.026784162072195,4.382729065354081,72,工况2,3,历史边界
215,节能,1.2097282736815098,2106.016316009078,8.973006720984404,4.624873622507022,82,工况2,3,历史边界
216,节能,1.2097032329435644,2105.9727225808465,8.979100150571469,4.59677796712042,78,工况2,3,历史边界
217,节能,1.2091806456475738,2105.0629501998587,9.07438203550157,4.179007303831766,88,工况2,3,历史边界
218,节能,1.207826234269251,2102.7050550234026,9.012310457846056,4.44662467719921,97,工况2,3,历史边界
219,节能,1.2074499257572138,2102.049939421457,9.07447764759623,4.178607759290792,92,工况2,3,历史边界
220,节能,1.2073971940420627,2101.9581387626686,8.916608209741858,4.893205239541708,90,工况2,3,历史边界
221,节能,1.207367697860197,2101.906788850775,8.941862732681097,4.771177043153215,95,工况2,3,历史边界
222,节能,1.2057751831197019,2099.1343794593986,8.916109088809796,4.895648150304873,90,工况2,3,历史边界
223,节能,1.205223411485265,2098.17380005482,8.902454609766183,4.962954143782389,95,工况2,3,历史边界
224,节能,1.205151430042934,2098.0484875401858,8.998775222047023,4.507219951278186,95,工况2,3,历史边界
225,节能,1.2035900463613833,2095.3302742187025,9.039225960142359,4.328537852448128,93,工况2,3,历史边界
226,节能,1.2026804907073696,2093.7468285066816,8.944704448377763,4.757637960680767,91,工况2,3,历史边界
227,节能,1.2026583766229495,2093.708330090454,9.012154823149029,4.4473167801398565,94,工况2,3,历史边界
228,节能,1.2026099828027006,2093.624081274207,8.947313866808775,4.745239475950543,92,工况2,3,历史边界
229,节能,1.2025378119082186,2093.4984389422666,9.041481248856844,4.31878674978828,94,工况2,3,历史边界
230,节能,1.2025158538646499,2093.4602121776043,8.942524173662443,4.768022234602465,98,工况2,3,历史边界
231,节能,1.2024753018645589,2093.389615188432,9.012636222087043,4.445176361803779,95,工况2,3,历史边界
232,节能,1.2024753018645589,2093.389615188432,9.079217295201964,4.158849491630067,95,工况2,3,历史边界
233,节能,1.2008874482427918,2090.6253203400533,8.965148280944618,4.661361094091208,99,工况2,3,历史边界
234,节能,1.2008531881445412,2090.5656769246903,8.964915922214322,4.662444327881021,92,工况2,3,历史边界
235,节能,1.2008367122012409,2090.5369939500365,9.075744356170258,4.173318031993366,97,工况2,3,历史边界
236,节能,1.2006336481854702,2090.1834797438205,9.041802298942375,4.317400425484542,97,工况2,3,历史边界
237,节能,1.2000354822596795,2089.1421325034503,8.945485725201731,4.7539223800427735,96,工况2,3,历史边界
238,节能,1.200029273701849,2089.1313240232535,8.995815175439017,4.520581297754793,94,工况2,3,历史边界
239,节能,1.2000281667150074,2089.128899885603,8.948849406356075,4.737958564568124,93,工况2,3,历史边界
240,节能,1.2000279066255621,2089.127042004371,9.00620911562535,4.4738379905295975,74,工况2,3,历史边界
241,节能,1.2000278109039861,2089.12628226462,8.89710576371641,4.98957134364157,53,工况2,3,历史边界
242,节能,1.200027793584414,2089.1263264937834,9.030636875024703,4.365876153878023,22,工况2,3,历史边界
243,节能,1.200027793584414,2089.1263264937834,8.89505280318641,4.999825258511558,7,工况2,3,历史边界
244,节能,1.200027785367354,2089.125892231399,9.01118933958382,4.451612664869705,5,工况2,3,历史边界
245,节能,1.1992190469542645,2087.720800034352,8.976794918807753,4.607386828945562,8,工况2,3,历史边界
246,节能,1.199005760390182,2086.354134415695,8.941798385732541,4.77148406371477,14,工况2,3,历史边界
247,节能,1.1986551819577345,2086.739167292063,8.921776139966866,4.867982726516655,26,工况2,3,历史边界
248,节能,1.1978187113836654,2085.28295541773,9.07353969620307,4.182528928905869,44,工况2,3,历史边界
249,节能,1.1962231212433536,2082.505192061887,9.00815535291745,4.465139307789749,70,工况2,3,历史边界
250,节能,1.1961933767533692,2082.4534098703148,8.99895558244934,4.50640710057968,57,工况2,3,历史边界
251,节能,1.1961933767533692,2082.4534098703148,8.976184018276882,4.6102023439175275,60,工况2,3,历史边界
252,节能,1.195440759855622,2081.1431788863465,9.007822568213054,4.466625485129207,66,工况2,3,历史边界
253,节能,1.195039689397299,2080.444955204654,8.904042119987386,4.955081653834251,79,工况2,3,历史边界
254,节能,1.1949993452632377,2080.3747200895154,8.97720038446183,4.605519070512918,89,工况2,3,历史边界
255,节能,1.194877063431217,2080.1618396113204,8.946370020709455,4.749720366022917,89,工况2,3,历史边界
256,节能,1.1946367605544659,2079.743496260808,9.037883136400673,4.334354220147504,87,工况2,3,历史边界
257,节能,1.1933513598281182,2077.5057417491607,9.012703088795297,4.444879137430175,91,工况2,3,历史边界
258,节能,1.1931367459389834,2077.132120364927,9.040323811003528,4.323788371027383,91,工况2,3,历史边界
259,节能,1.192378483637425,2075.812061295763,9.010605286699208,4.454213401497734,91,工况2,3,历史边界
260,节能,1.1917780019445487,2074.7666825357765,8.996074885290685,4.519407410698112,89,工况2,3,历史边界
261,节能,1.1904805098361118,2072.507878133408,9.039985483317313,4.325251475833112,89,工况2,3,历史边界
262,节能,1.1904641940779734,2072.479474025151,8.968163782610933,4.64732592411934,96,工况2,3,历史边界
263,节能,1.1889855432350267,2069.9052903273114,8.97687437832388,4.607020742762237,97,工况2,3,历史边界
264,节能,1.18898069653474,2069.8968527053225,8.931283133429844,4.821922142317883,93,工况2,3,历史边界
265,节能,1.188440791500923,2068.956931869337,9.014165834327171,4.438382163200613,98,工况2,3,历史边界
266,节能,1.1883914601862897,2068.871050968834,9.017078008192202,4.425475624825226,96,工况2,3,历史边界
267,节能,1.1883775866638462,2068.8468985494333,9.039250168919816,4.328433065106934,96,工况2,3,历史边界
268,节能,1.1883752187518577,2068.8427762507395,9.039379588835644,4.327872915911994,93,工况2,3,历史边界
269,节能,1.1883752187518577,2068.8427762507395,9.025688816132933,4.3875322999602275,94,工况2,3,历史边界
270,节能,1.1883752187518577,2068.8427762507395,8.986736445152452,4.5618093018816825,93,工况2,3,历史边界
271,节能,1.1883752187518577,2068.8427762507395,8.89680229225,4.991085765954346,94,工况2,3,历史边界
272,节能,1.1879761316801387,2068.148005447383,8.996058496886421,4.5194814771807055,90,工况2,3,历史边界
273,节能,1.1879264860538892,2068.061577361693,8.998697104347187,4.507572058686166,97,工况2,3,历史边界
274,节能,1.187905264475854,2068.0246327101,8.978452444748518,4.599756291411407,95,工况2,3,历史边界
275,节能,1.1875445807429816,2067.396718290908,9.030192756675595,4.3678155502167675,90,工况2,3,历史边界
276,节能,1.1875082178382992,2067.333414099194,9.039046007084712,4.329316856159761,95,工况2,3,历史边界
277,节能,1.1875082178382992,2067.333414099194,8.925000736646629,4.852310727098048,97,工况2,3,历史边界
278,节能,1.1874329312912737,2067.202347726802,9.035589590621194,4.344306668811421,97,工况2,3,历史边界
279,节能,1.1864320035061964,2065.4598322442926,9.006337171900958,4.473265124179204,95,工况2,3,历史边界
280,节能,1.186420572373433,2065.4399317818215,8.998632682844482,4.507862452605443,97,工况2,3,历史边界
281,节能,1.1863648389222716,2065.3324984311885,9.011196788555377,4.451579505057086,92,工况2,3,历史边界
282,节能,1.1863644617036408,2065.3338320600196,8.975874849639396,4.611627894251102,89,工况2,3,历史边界
283,节能,1.1863378891637404,2065.2959885571645,9.011228931861101,4.451436418875745,81,工况2,3,历史边界
284,节能,1.1861806635766574,2065.022274485257,9.01461214822719,4.436401693536025,63,工况2,3,历史边界
285,节能,1.186136372901565,2064.945168835649,8.970960419714219,4.634347196863063,49,工况2,3,历史边界
286,节能,1.1859139579644458,2064.557966604629,8.897182338741555,4.98918928171886,57,工况2,3,历史边界
287,节能,1.1858699623456639,2064.481374618641,8.997136476099403,4.51461219505883,85,工况2,3,历史边界
288,节能,1.185615555307988,2064.0352769411998,8.939943444213995,4.780343101568015,87,工况2,3,历史边界
289,节能,1.1855015473708814,2063.8400008780795,9.011402054387368,4.450665841661455,89,工况2,3,历史边界
290,节能,1.1854607372954231,2063.7689546054226,9.036901462361936,4.338611232317411,82,工况2,3,历史边界
291,节能,1.185272129620328,2063.4406074470426,8.919961519878806,4.876824285369517,64,工况2,3,历史边界
292,节能,1.1852331912255278,2063.3728195838075,9.041305686624973,4.319545032189972,59,工况2,3,历史边界
293,节能,1.1852331912255278,2063.3728195838075,9.015616969574967,4.431946141298932,70,工况2,3,历史边界
294,节能,1.1850407161730592,2063.0377397069933,9.011025615736795,4.452341559687769,86,工况2,3,历史边界
295,节能,1.1850347352932546,2063.02732759154,8.98129241900111,4.586711633988799,92,工况2,3,历史边界
296,节能,1.1850159719963134,2062.994662562244,9.039994243072575,4.32521358785468,99,工况2,3,历史边界
297,节能,1.1850152077891047,2062.993332153684,9.038019967385258,4.333761186765615,98,工况2,3,历史边界
298,节能,1.1850084026893284,2062.981485153434,8.970810733142766,4.635040948327226,98,工况2,3,历史边界
299,节能,1.1850084026893284,2062.981485153434,9.028050944909616,4.377180614476183,94,工况2,3,历史边界
300,节能,1.1850084026893284,2062.981485153434,9.024892110967292,4.391029262447089,98,工况2,3,历史边界
0,节能,748.1307086836724,2036.8337252357771,8.28353461450686,10.947617476644268,0,工况5,1,历史边界
1,节能,748.1307086836724,2036.8337252357771,8.28353461450686,10.947617476644268,0,工况5,1,历史边界
2,节能,656.5497349067407,2049.147173471462,8.333146205215126,10.417741433816285,0,工况5,1,历史边界
3,节能,221.43620802876652,2139.939405093683,8.641665502932042,7.652182965664682,0,工况5,1,历史边界
4,节能,221.43620802876652,2139.939405093683,8.641665502932042,7.652182965664682,0,工况5,1,历史边界
5,节能,194.29732786268394,2166.665097083304,8.668757309391424,7.447654537649996,0,工况5,1,历史边界
6,节能,147.3531658598239,2126.526313773943,8.720527868796127,7.071895836726606,0,工况5,1,历史边界
7,节能,143.11721728148268,2147.4626453937076,8.725601070961465,7.036109531788309,0,工况5,1,历史边界
8,节能,99.157178293307,2165.4526383256302,8.7834000334839,6.6409593373536495,0,工况5,1,历史边界
9,节能,78.7561288265786,2178.499435211315,8.81468240657196,6.4364301280770535,0,工况5,1,历史边界
10,节能,41.10710382963025,2174.2972060015672,8.886046134814135,5.993109126111137,0,工况5,1,历史边界
11,节能,41.10710382963025,2174.2972060015672,8.886046134814135,5.993109126111137,0,工况5,1,历史边界
12,节能,35.62034153282837,2186.4496933116843,8.898971419653575,5.916144947036617,0,工况5,1,历史边界
13,节能,35.62034153282837,2186.4496933116843,8.898971419653575,5.916144947036617,0,工况5,1,历史边界
14,节能,17.81489068120617,2179.242826175094,8.950292647034962,5.620180709019086,0,工况5,1,历史边界
15,节能,3.0431449715937307,2219.8175090773166,9.028372587149377,5.19805167713378,0,工况5,1,历史边界
16,节能,3.0431449715937307,2219.8175090773166,9.028372587149377,5.19805167713378,0,工况5,1,历史边界
17,节能,1.286588244023809,2222.3098976460974,9.059234147367174,5.040081828102834,0,工况5,1,历史边界
18,节能,1.2084414948566702,2221.1983197061218,9.112075655083924,4.7806705063904165,3,工况5,1,历史边界
19,节能,1.201326746208452,2208.120923895224,9.129658719660382,4.697346361790956,10,工况5,1,历史边界
20,节能,1.2002601033513172,2206.160361193531,9.13963384033252,4.650722689968652,31,工况5,1,历史边界
21,节能,1.1957554785155764,2197.880551903102,9.16313947822508,4.542679275753368,60,工况5,1,历史边界
22,节能,1.1957554785155764,2197.880551903102,9.166744103223616,4.526334097293275,83,工况5,1,历史边界
23,节能,1.194222629803475,2195.063070876363,9.201317001015491,4.372519834261306,87,工况5,1,历史边界
24,节能,1.194222629803475,2195.063070876363,9.206313497835287,4.350727041961667,95,工况5,1,历史边界
25,节能,1.1935738897915653,2193.8706422561004,9.18381458966183,4.449723126113214,92,工况5,1,历史边界
26,节能,1.1929375884710736,2192.701076803475,9.155746621232137,4.576387099039289,90,工况5,1,历史边界
27,节能,1.1925097483509777,2191.9146773295206,9.162815857989752,4.544149616592799,89,工况5,1,历史边界
28,节能,1.1925097483509777,2191.9146773295206,9.15758573087756,4.567978356054509,96,工况5,1,历史边界
29,节能,1.192359632477976,2191.638754062824,9.113736242689244,4.772738372027161,94,工况5,1,历史边界
30,节能,1.1922930238859,2191.5163229038258,9.096111319029863,4.857603192631259,89,工况5,1,历史边界
31,节能,1.1921703452216554,2191.290831107952,9.103143350131482,4.8235641978038775,91,工况5,1,历史边界
32,节能,1.1921557387285866,2191.2356216430044,9.149164706092876,4.6066078366338905,81,工况5,1,历史边界
33,节能,1.189877123058715,2187.075731546479,9.111450648382776,4.783659391432182,80,工况5,1,历史边界
34,节能,1.189040145527742,2185.5373094603938,9.146450041514832,4.6191302210995,72,工况5,1,历史边界
35,节能,1.1889649197573013,2185.399039336757,9.14434416334532,4.628867796068905,74,工况5,1,历史边界
36,节能,1.1882511067320685,2184.087002056525,9.149624112891098,4.604492015725461,74,工况5,1,历史边界
37,节能,1.1876082330060718,2182.90535607197,9.176605844622584,4.481915941111434,87,工况5,1,历史边界
38,节能,1.187102231449999,2181.9752905198507,9.17775322309698,4.4767764362789935,86,工况5,1,历史边界
39,节能,1.1870374079789765,2181.8561405357386,9.097258649871572,4.852033110646017,90,工况5,1,历史边界
40,节能,1.1870197710559534,2181.8185778831967,9.15413645924888,4.583761759172211,91,工况5,1,历史边界
41,节能,1.1846734340363407,2177.5109943523607,9.14944349755478,4.60532373270762,92,工况5,1,历史边界
42,节能,1.184455438192811,2177.1103030459035,9.199196483958907,4.381801674822667,92,工况5,1,历史边界
43,节能,1.1843992190638137,2177.0069684323576,9.146966339616196,4.616745988476747,92,工况5,1,历史边界
44,节能,1.1843843818305588,2176.975594864745,9.146713212930376,4.61791475800522,84,工况5,1,历史边界
45,节能,1.184058632816396,2176.380947558613,9.16763245432671,4.5223149088945105,65,工况5,1,历史边界
46,节能,1.1820310974580075,2172.654198559704,9.098621416095426,4.845425427192332,63,工况5,1,历史边界
47,节能,1.1820310974580075,2172.654198559704,9.093324624829282,4.871158726067781,70,工况5,1,历史边界
48,节能,1.1812217621082568,2171.1444336627646,9.093744917409703,4.869111844371891,77,工况5,1,历史边界
49,节能,1.18039677516417,2169.6502021325864,9.110538164298545,4.788026396599599,85,工况5,1,历史边界
50,节能,1.1796950843408496,2168.3604462905814,9.20291024713343,4.365558880738343,85,工况5,1,历史边界
51,节能,1.1790944207540062,2167.256385435767,9.107705834609094,4.801606889053887,89,工况5,1,历史边界
52,节能,1.177280115045941,2163.9215671534257,9.185468460483293,4.442369941156461,92,工况5,1,历史边界
53,节能,1.1772177339839704,2163.8069064846054,9.123484073779602,4.726440542849383,96,工况5,1,历史边界
54,节能,1.1771073251049673,2163.603967395236,9.141848715152554,4.640433320426792,90,工况5,1,历史边界
55,节能,1.1767504593932205,2162.9480237499156,9.211651179013108,4.327566115928921,94,工况5,1,历史边界
56,节能,1.1765689816486142,2162.614455213003,9.097144212106082,4.8525883982456115,93,工况5,1,历史边界
57,节能,1.1764463476310258,2162.3890454807442,9.1668760417011,4.525736939058835,95,工况5,1,历史边界
58,节能,1.1758383639159997,2161.271529728453,9.154731815625004,4.581033599576443,87,工况5,1,历史边界
59,节能,1.1748697941315231,2159.49123205831,9.097087241002722,4.852864863436001,89,工况5,1,历史边界
60,节能,1.1743044002432692,2158.4519993276344,9.135980946480993,4.667742352873644,91,工况5,1,历史边界
61,节能,1.172866967516132,2155.8098994230904,9.095281446132196,4.861636059020252,90,工况5,1,历史边界
62,节能,1.1715255236566993,2153.344233638496,9.094679603864247,4.864562877745221,94,工况5,1,历史边界
63,节能,1.1714736258513672,2153.2488419141214,9.18877129092332,4.427721750050729,94,工况5,1,历史边界
64,节能,1.171156007182056,2152.6650370236207,9.145341490052592,4.624253603902453,97,工况5,1,历史边界
65,节能,1.171156007182056,2152.6650370236207,9.143067041333882,4.6347832015625565,97,工况5,1,历史边界
66,节能,1.1705255575466587,2151.5062273693975,9.149742457025752,4.603947133344794,96,工况5,1,历史边界
67,节能,1.1703588748020852,2151.199853056908,9.14444797451266,4.6283872928407614,93,工况5,1,历史边界
68,节能,1.1702910466759795,2151.07518031075,9.139021687804396,4.6535705131830785,88,工况5,1,历史边界
69,节能,1.1702910466759795,2151.07518031075,9.124919319352012,4.719661805726867,81,工况5,1,历史边界
70,节能,1.1702642300236978,2151.0258894652757,9.226199078051271,4.265064854332288,72,工况5,1,历史边界
71,节能,1.1702642300236978,2151.0258894652757,9.150988381165964,4.598214536403128,76,工况5,1,历史边界
72,节能,1.1696038720424506,2149.8121062208293,9.232269582659491,4.239252185710181,76,工况5,1,历史边界
73,节能,1.168692002797957,2148.13602803063,9.085059263404332,4.911587462394674,75,工况5,1,历史边界
74,节能,1.1675941722469712,2146.118140209374,9.148397717158435,4.61014240918564,73,工况5,1,历史边界
75,节能,1.1675941722469712,2146.118140209374,9.140306586100955,4.647594988150854,66,工况5,1,历史边界
76,节能,1.1665448125837932,2143.0274378697986,9.139250776349218,4.652504555589985,67,工况5,1,历史边界
77,节能,1.1657410564370732,2142.711986298998,9.140691742547437,4.6458052816611515,64,工况5,1,历史边界
78,节能,1.164284106565941,2140.0340125456732,9.143671390127347,4.631983022154475,66,工况5,1,历史边界
79,节能,1.164284106565941,2140.0340125456732,9.09261366435245,4.8746231587898325,77,工况5,1,历史边界
80,节能,1.1618805989084868,2135.616200683982,9.264827867147785,4.103452111687304,83,工况5,1,历史边界
81,节能,1.1614496495414262,2134.8240862009325,9.186761656217167,4.436628800309796,81,工况5,1,历史边界
82,节能,1.161228086588239,2134.41683830236,9.08573893940193,4.908250308506552,91,工况5,1,历史边界
83,节能,1.161228086588239,2134.41683830236,9.248326436300504,4.171726707966473,91,工况5,1,历史边界
84,节能,1.1610160676610513,2134.027132977924,9.10986239625911,4.7912630853126075,98,工况5,1,历史边界
85,节能,1.1601471642236019,2132.4300288868576,9.14373539818394,4.6316865474115385,96,工况5,1,历史边界
86,节能,1.1598622575468274,2131.906350881412,9.193881859154159,4.405151298979419,94,工况5,1,历史边界
87,节能,1.1586785951041645,2129.730698158519,9.213757208504221,4.318461724487574,93,工况5,1,历史边界
88,节能,1.157339465493653,2127.2692861221094,9.143012213178444,4.635037325142854,92,工况5,1,历史边界
89,节能,1.1571265993326687,2126.878023523868,9.22666427556307,4.26308121820146,92,工况5,1,历史边界
90,节能,1.155963717601629,2124.740567173688,9.23741487688421,4.217496004895501,94,工况5,1,历史边界
91,节能,1.1555751582282305,2124.026368405297,9.193057590924075,4.4087838221249225,91,工况5,1,历史边界
92,节能,1.1551250338572556,2123.199008950393,9.142972899271587,4.635219550150499,97,工况5,1,历史边界
93,节能,1.155008525210968,2122.9848580705475,9.079135972880325,4.940766554675691,92,工况5,1,历史边界
94,节能,1.1542830739870231,2121.651428983154,9.107179497835686,4.804134816543285,96,工况5,1,历史边界
95,节能,1.1532504444506049,2119.7533850969307,9.24047603744504,4.204605312765271,94,工况5,1,历史边界
96,节能,1.1528427661439793,2119.0040444184524,9.089523884718494,4.889707962507842,96,工况5,1,历史边界
97,节能,1.1519586211638686,2117.378925326997,9.234671493964965,4.2290820966739044,98,工况5,1,历史边界
98,节能,1.1519460904956378,2117.3558930996714,9.233713720410895,4.233134540015836,98,工况5,1,历史边界
99,节能,1.151695436683787,2116.895174208372,9.153257870960491,4.5877907682315,95,工况5,1,历史边界
100,节能,1.1501738821269718,2114.098452613389,9.121510451996743,4.735777960094263,98,工况5,1,历史边界
101,节能,1.1501738821269718,2114.098452613389,9.11176242490854,4.782168191199382,95,工况5,1,历史边界
102,节能,1.1498516498639,2113.5061676212426,9.127637008562733,4.706852645301595,94,工况5,1,历史边界
103,节能,1.149727042283276,2113.2771303448144,9.083170290933559,4.9208740842240335,95,工况5,1,历史边界
104,节能,1.1494956626695993,2112.6843462233073,9.160635955996664,4.554066222085987,96,工况5,1,历史边界
105,节能,1.1493702107105404,2112.6212494493375,9.146030820562517,4.62106706322369,93,工况5,1,历史边界
106,节能,1.1486820290035524,2111.3563242893524,9.147992810961242,4.612009462382259,92,工况5,1,历史边界
107,节能,1.1479809740063716,2110.067737139385,9.132263711305168,4.685125737988019,80,工况5,1,历史边界
108,节能,1.1479809740063716,2110.067737139385,9.124514049034989,4.721574932203616,80,工况5,1,历史边界
109,节能,1.147951481586704,2110.012530491763,9.084973252951283,4.912009928425493,89,工况5,1,历史边界
110,节能,1.146694710140973,2107.7034959670304,9.154684580371319,4.581249990971272,88,工况5,1,历史边界
111,节能,1.146184610925818,2106.7658986365777,9.202572809566208,4.367032232874823,87,工况5,1,历史边界
112,节能,1.1457480760433818,2105.963257078103,9.185341883153766,4.44293228006931,80,工况5,1,历史边界
113,节能,1.1457480760433818,2105.963257078103,9.141388933814097,4.6425673956362585,81,工况5,1,历史边界
114,节能,1.145054269561638,2104.6882537116912,9.138510385050056,4.655950505000321,74,工况5,1,历史边界
115,节能,1.1447977109610752,2104.2166814139,9.154927557490396,4.580136987269385,72,工况5,1,历史边界
116,节能,1.1443054080464108,2103.311794903884,9.173538403709895,4.495685060620332,82,工况5,1,历史边界
117,节能,1.1443054080464108,2103.311794903884,9.143747681651929,4.631629654587522,76,工况5,1,历史边界
118,节能,1.1435618791939388,2101.9451378958347,9.13841670647823,4.6563866882243135,87,工况5,1,历史边界
119,节能,1.1434849531414686,2101.8037425372545,9.204014658453632,4.360740169500856,90,工况5,1,历史边界
120,节能,1.1434453195835355,2101.73089334045,9.162035135258407,4.54769872274676,82,工况5,1,历史边界
121,节能,1.1429642941171672,2100.8467355535977,9.141078808384897,4.644007397121419,86,工况5,1,历史边界
122,节能,1.1417605820293313,2098.6342302082494,9.140461320668134,4.646875900187258,80,工况5,1,历史边界
123,节能,1.1410586794230277,2097.3440850946017,9.119617130224366,4.744752805068963,72,工况5,1,历史边界
124,节能,1.1410586794230277,2097.3440850946017,9.141975197100104,4.639846426499473,68,工况5,1,历史边界
125,节能,1.1408316072561688,2096.926710883582,9.135102799066507,4.671843119027382,76,工况5,1,历史边界
126,节能,1.140700826047455,2096.6863260554537,9.115348042718969,4.765051868394714,84,工况5,1,历史边界
127,节能,1.1406666528464768,2096.623513369101,9.114800769879867,4.76766036557392,83,工况5,1,历史边界
128,节能,1.1405881768256283,2096.479269062374,9.148002763658962,4.611963560674621,87,工况5,1,历史边界
129,节能,1.1403862322368143,2096.108081062577,9.140478775211689,4.646794791797323,92,工况5,1,历史边界
130,节能,1.1400163208740048,2095.4281586161787,9.148603264774074,4.60919490278785,97,工况5,1,历史边界
131,节能,1.138213773114807,2092.1149522499945,9.141280549014665,4.643070606642004,94,工况5,1,历史边界
132,节能,1.138213773114807,2092.1149522499945,9.138652611727542,4.655288351718503,92,工况5,1,历史边界
133,节能,1.137656844793931,2091.0912798125687,9.209682961515824,4.336092095017171,77,工况5,1,历史边界
134,节能,1.136860698893906,2089.6279090636303,9.102349771030621,4.8273935968074575,73,工况5,1,历史边界
135,节能,1.136489788950329,2088.9461511573168,9.141040348189831,4.64418600998652,82,工况5,1,历史边界
136,节能,1.1363059011978764,2088.60815286075,9.140120932070959,4.648457912990454,81,工况5,1,历史边界
137,节能,1.1361027144161662,2088.234681625244,9.201585302285242,4.371346839002859,76,工况5,1,历史边界
138,节能,1.1359935059274715,2088.0339489355615,9.172415014860217,4.500738300934573,82,工况5,1,历史边界
139,节能,1.1355574027179347,2087.232361336688,9.075596153547583,4.958286966896751,87,工况5,1,历史边界
140,节能,1.135210635440878,2086.5949793066884,9.090110288594659,4.886841459351737,91,工况5,1,历史边界
141,节能,1.1351221086596197,2086.4322610132363,9.075727263282353,4.957636929821632,87,工况5,1,历史边界
142,节能,1.1350918025374264,2086.3765562828216,9.114799268467117,4.767667523805357,91,工况5,1,历史边界
143,节能,1.1348415486545786,2085.8542566380515,9.209306963762634,4.337722762446958,91,工况5,1,历史边界
144,节能,1.1330131151141303,2082.555786281567,9.151548364088214,4.595640335611413,85,工况5,1,历史边界
145,节能,1.1330131151141303,2082.555786281567,9.197792901017275,4.387956215100546,71,工况5,1,历史边界
146,节能,1.1330131151141303,2082.555786281567,9.154213592506592,4.583408212330437,67,工况5,1,历史边界
147,节能,1.1328640044346592,2082.281710629497,9.139858290560626,4.649678951338097,72,工况5,1,历史边界
148,节能,1.1328445496900625,2082.240258984186,9.230216961544052,4.247962700895639,61,工况5,1,历史边界
149,节能,1.13262060421896,2081.8343243452387,9.070351743791583,4.984358560743847,51,工况5,1,历史边界
150,节能,1.1316233814519736,2078.824137713182,9.142270255182275,4.638477604262263,55,工况5,1,历史边界
151,节能,1.1316233814519736,2078.824137713182,9.09194325175563,4.877892263262203,37,工况5,1,历史边界
152,节能,1.1316233814519736,2078.824137713182,9.083826987773106,4.917643622598178,31,工况5,1,历史边界
153,节能,1.1310893000579814,2079.0196823093593,9.089175747507344,4.891410548150759,28,工况5,1,历史边界
154,节能,1.1310387516800908,2078.9267709251408,9.12231608529459,4.731964196132293,20,工况5,1,历史边界
155,节能,1.130883991125913,2078.6281387027325,9.265686258462114,4.099931255388289,21,工况5,1,历史边界
156,节能,1.1308362936061953,2078.554639104559,9.085312534009011,4.910343659184183,56,工况5,1,历史边界
157,节能,1.1306592355643466,2078.229194284335,9.207448693252365,4.345790918824943,76,工况5,1,历史边界
158,节能,1.1306592355643466,2078.229194284335,9.186898549614064,4.436021496691426,75,工况5,1,历史边界
159,节能,1.1304421407360647,2077.830159105678,9.202367216484625,4.367930156789261,81,工况5,1,历史边界
160,节能,1.1297381245442941,2076.5361290770315,9.269649801173644,4.0837131645228775,87,工况5,1,历史边界
161,节能,1.1295821218559314,2076.2493854400946,9.084313899605219,4.915249746582798,92,工况5,1,历史边界
162,节能,1.1284600384026127,2074.1869191215433,9.139946572372997,4.649268487371849,85,工况5,1,历史边界
163,节能,1.128186825635876,2073.6847353244953,9.12329471619844,4.727335614939751,70,工况5,1,历史边界
164,节能,1.127450027261609,2072.330449396836,9.141208930108945,4.643403150186092,76,工况5,1,历史边界
165,节能,1.126999786849208,2071.5028766498344,9.139361292985104,4.651990404849688,79,工况5,1,历史边界
166,节能,1.1267690662476715,2071.0787963657367,9.203828733906017,4.361551013519707,90,工况5,1,历史边界
167,节能,1.1260983469159187,2069.8459682486746,9.124548259641031,4.721413407026664,85,工况5,1,历史边界
168,节能,1.1255728803213203,2068.8801246211997,9.172298247621901,4.501263870400406,86,工况5,1,历史边界
169,节能,1.1251146222102162,2068.02524552986,9.138916226424492,4.654061311030536,81,工况5,1,历史边界
170,节能,1.1251146222102162,2068.02524552986,9.139193947544111,4.652768959377439,82,工况5,1,历史边界
171,节能,1.1251146222102162,2068.02524552986,9.16389772691668,4.539236100692631,73,工况5,1,历史边界
172,节能,1.124916454889615,2067.6735696724313,9.135628423358705,4.669388130052126,62,工况5,1,历史边界
173,节能,1.124895451681031,2067.626953614771,9.207724562667066,4.344592213378443,47,工况5,1,历史边界
174,节能,1.124891625496359,2067.6248480523836,9.133114098442606,4.681143260886801,52,工况5,1,历史边界
175,节能,1.124891625496359,2067.6248480523836,9.069222829482516,4.989988651791827,65,工况5,1,历史边界
176,节能,1.124891625496359,2067.6248480523836,9.234388751613496,4.230278006349666,73,工况5,1,历史边界
177,节能,1.124891625496359,2067.6248480523836,9.149791600591707,4.603720884524577,91,工况5,1,历史边界
178,节能,1.1248138098277238,2067.4849010112102,9.100052550216615,4.838495933232142,79,工况5,1,历史边界
179,节能,1.1247516788007308,2067.370699923821,9.2137191352912,4.318626145330731,51,工况5,1,历史边界
180,节能,1.124747967525868,2067.3638783461743,9.134960308968024,4.672508857842978,37,工况5,1,历史边界
181,节能,1.1247463750122968,2067.3573998388015,9.135997454769194,4.667665297073665,47,工况5,1,历史边界
182,节能,1.1245386208594248,2066.803643866163,9.09022668889942,4.886272662621243,61,工况5,1,历史边界
183,节能,1.1245386208594248,2066.803643866163,9.16956251629654,4.513594978583107,66,工况5,1,历史边界
184,节能,1.1245386208594248,2066.803643866163,9.13456564712279,4.674353282748817,51,工况5,1,历史边界
185,节能,1.1245386208594248,2066.803643866163,9.130262130824228,4.694512785547546,34,工况5,1,历史边界
186,节能,1.1245386208594248,2066.803643866163,9.111856007877734,4.781720682640779,21,工况5,1,历史边界
187,节能,1.1245130797305414,2066.8054700190087,9.21419457509704,4.31657338657498,21,工况5,1,历史边界
188,节能,1.1245130797305414,2066.8054700190087,9.10688436888733,4.805552865042738,19,工况5,1,历史边界
189,节能,1.1245130797305414,2066.8054700190087,9.107448765205092,4.8028413939450285,22,工况5,1,历史边界
190,节能,1.1245130797305414,2066.8054700190087,9.068158152942258,4.995304204815731,24,工况5,1,历史边界
191,节能,1.1245130797305414,2066.8054700190087,9.150164973537162,4.602002300554212,34,工况5,1,历史边界
192,节能,1.1245130797305414,2066.8054700190087,9.077097997222669,4.950845983971441,46,工况5,1,历史边界
193,节能,1.1245130797305414,2066.8054700190087,9.141673149225094,4.641248093927649,46,工况5,1,历史边界
194,节能,1.1245130797305414,2066.8054700190087,9.069383018771449,4.98918937307757,37,工况5,1,历史边界
195,节能,1.1245130797305414,2066.8054700190087,9.184903152812968,4.44488195692261,22,工况5,1,历史边界
196,节能,1.1245130797305414,2066.8054700190087,9.311837307157953,3.9150149884207126,6,工况5,1,历史边界
197,节能,1.1245130797305414,2066.8054700190087,9.134632242958066,4.674042000652736,3,工况5,1,历史边界
198,节能,1.1245050702732438,2066.811622893931,9.134713544929081,4.67366200727279,4,工况5,1,历史边界
199,节能,1.1245050702732438,2066.811622893931,9.143430853333461,4.633097318509219,1,工况5,1,历史边界
200,节能,1.1244969970132648,2066.812474905447,9.128374369351635,4.7033832759674565,6,工况5,1,历史边界
201,节能,1.1244969970132648,2066.812474905447,9.306530936592578,3.935844724992579,6,工况5,1,历史边界
202,节能,1.1244966686412303,2066.8125729101944,9.134639484356937,4.674008154172818,4,工况5,1,历史边界
203,节能,1.1244911121316026,2066.815815697102,9.13598313018441,4.667732159919846,2,工况5,1,历史边界
204,节能,1.1244898842561726,2066.816167846619,9.067037438997486,5.000905650119092,0,工况5,1,历史边界
205,节能,1.1244898842561726,2066.816167846619,9.14498373190278,4.6259082642825184,2,工况5,1,历史边界
206,节能,1.1244898842561726,2066.816167846619,9.216759573149629,4.3055155719436975,2,工况5,1,历史边界
207,节能,1.1244895481328747,2066.8161796610484,9.070317375688374,4.984529866637009,1,工况5,1,历史边界
208,节能,1.1244891015009342,2066.8165542126003,9.184085469979442,4.448517946936558,4,工况5,1,历史边界
209,节能,1.1244882615774432,2066.8166977673536,9.174759552334288,4.490198511620526,6,工况5,1,历史边界
210,节能,1.1244882615774432,2066.8166977673536,9.07407389958377,4.965840486614878,2,工况5,1,历史边界
211,节能,1.1244882226730288,2066.816720403118,9.067654228623026,4.997822094446129,1,工况5,1,历史边界
212,节能,1.1244875159148853,2066.8171150192466,9.134537141122573,4.674486531763695,7,工况5,1,历史边界
213,节能,1.1244875159148853,2066.8171150192466,9.132711743400318,4.683027121446475,1,工况5,1,历史边界
214,节能,1.1244875159148853,2066.8171150192466,9.085528838783175,4.909281643271616,1,工况5,1,历史边界
215,节能,1.1244875159148853,2066.8171150192466,9.07077571678568,4.9822457752348415,1,工况5,1,历史边界
216,节能,1.1244875159148853,2066.8171150192466,9.067044106733695,5.000872305510581,0,工况5,1,历史边界
217,节能,1.1244875159148853,2066.8171150192466,9.184018315994923,4.448816692672771,5,工况5,1,历史边界
218,节能,1.1244875159148853,2066.8171150192466,9.20854178677432,4.341043158269696,7,工况5,1,历史边界
219,节能,1.1244875159148853,2066.8171150192466,9.166964482666295,4.52533669621492,4,工况5,1,历史边界
220,节能,1.1244875159148853,2066.8171150192466,9.134666851133149,4.673880243387909,1,工况5,1,历史边界
221,节能,1.1244875159148853,2066.8171150192466,9.090751807726956,4.883707462426032,3,工况5,1,历史边界
222,节能,1.1244875159148853,2066.8171150192466,9.235927040122109,4.223775620858934,3,工况5,1,历史边界
223,节能,1.1244875159148853,2066.8171150192466,9.154154691332339,4.583678188407099,5,工况5,1,历史边界
224,节能,1.1244875159148853,2066.8171150192466,9.135403180411489,4.670439995254399,3,工况5,1,历史边界
225,节能,1.1244875159148853,2066.8171150192466,9.095326521243269,4.861416925173673,2,工况5,1,历史边界
226,节能,1.1244875159148853,2066.8171150192466,9.134789919853661,4.67330507032016,3,工况5,1,历史边界
227,节能,1.1244875159148853,2066.8171150192466,9.134789919877328,4.67330507020956,3,工况5,1,历史边界
228,节能,1.1244875159148853,2066.8171150192466,9.145486485794216,4.623583155428964,6,工况5,1,历史边界
229,节能,1.1244875159148853,2066.8171150192466,9.13726035947593,4.661774201329788,3,工况5,1,历史边界
230,节能,1.1244875159148853,2066.8171150192466,9.13071106230928,4.692405743945183,3,工况5,1,历史边界
231,节能,1.1244875159148853,2066.8171150192466,9.185554992692108,4.44198554970444,4,工况5,1,历史边界
232,节能,1.1244875159148853,2066.8171150192466,9.105222736760114,4.813544563865317,1,工况5,1,历史边界
233,节能,1.1244875159148853,2066.8171150192466,9.076316316005547,4.954717480226796,1,工况5,1,历史边界
234,节能,1.1244875159148853,2066.8171150192466,9.108469708891848,4.797940465557035,5,工况5,1,历史边界
235,节能,1.1244875159148853,2066.8171150192466,9.121217630970822,4.737164898507527,2,工况5,1,历史边界
236,节能,1.1244875159148853,2066.8171150192466,9.112274340660527,4.779720750468832,3,工况5,1,历史边界
237,节能,1.1244875159148853,2066.8171150192466,9.118222927707967,4.7513725649401275,4,工况5,1,历史边界
238,节能,1.1244875159148853,2066.8171150192466,9.113286619985779,4.774884786059004,3,工况5,1,历史边界
239,节能,1.1244875159148853,2066.8171150192466,9.252240745252537,4.155429198320938,2,工况5,1,历史边界
240,节能,1.1244875159148853,2066.8171150192466,9.226306388375852,4.264607193394726,2,工况5,1,历史边界
241,节能,1.1244875159148853,2066.8171150192466,9.11148487045198,4.7834956875106025,3,工况5,1,历史边界
242,节能,1.1244875159148853,2066.8171150192466,9.174001939301444,4.493601633494953,3,工况5,1,历史边界
243,节能,1.1244875159148853,2066.8171150192466,9.071896587786396,4.976664448984656,2,工况5,1,历史边界
244,节能,1.1244875159148853,2066.8171150192466,9.067044106733695,5.000872305510581,0,工况5,1,历史边界
245,节能,1.1244875159148853,2066.8171150192466,9.108376465592332,4.798387862214968,4,工况5,1,历史边界
246,节能,1.1244875159148853,2066.8171150192466,9.118411035603149,4.750478878305102,2,工况5,1,历史边界
247,节能,1.1244875159148853,2066.8171150192466,9.07235155735971,4.974400733083754,1,工况5,1,历史边界
248,节能,1.1244875159148853,2066.8171150192466,9.148968027840532,4.607513945315448,7,工况5,1,历史边界
249,节能,1.1244875159148853,2066.8171150192466,9.103830838647808,4.820249192454751,4,工况5,1,历史边界
250,节能,1.1244875159148853,2066.8171150192466,9.218567907150483,4.297736797174958,5,工况5,1,历史边界
251,节能,1.1244875159148853,2066.8171150192466,9.232712092954316,4.23737668796978,8,工况5,1,历史边界
252,节能,1.1244875159148853,2066.8171150192466,9.149796511647017,4.6036982754521985,5,工况5,1,历史边界
253,节能,1.1244875159148853,2066.8171150192466,9.136735887683912,4.6642198116698985,3,工况5,1,历史边界
254,节能,1.1244875159148853,2066.8171150192466,9.245228010047112,4.18467254101798,2,工况5,1,历史边界
255,节能,1.1244875159148853,2066.8171150192466,9.208569098122036,4.340924600149553,3,工况5,1,历史边界
256,节能,1.1244875159148853,2066.8171150192466,9.18201330296268,4.457745576392514,1,工况5,1,历史边界
257,节能,1.1244875159148853,2066.8171150192466,9.067944088224394,4.9963736376608185,1,工况5,1,历史边界
258,节能,1.1244875159148853,2066.8171150192466,9.155132483774771,4.579198492979011,3,工况5,1,历史边界
259,节能,1.1244875159148853,2066.8171150192466,9.087216168949311,4.901005048898222,1,工况5,1,历史边界
260,节能,1.1244875159148853,2066.8171150192466,9.12715028522979,4.70914413792501,4,工况5,1,历史边界
261,节能,1.1244875159148853,2066.8171150192466,9.197111719939889,4.390946226096512,8,工况5,1,历史边界
262,节能,1.1244875159148853,2066.8171150192466,9.103990197721476,4.81948110321121,2,工况5,1,历史边界
263,节能,1.1244875159148853,2066.8171150192466,9.251810960407976,4.1572155226530905,5,工况5,1,历史边界
264,节能,1.1244875159148853,2066.8171150192466,9.136019326877573,4.667563206508883,3,工况5,1,历史边界
265,节能,1.1244875159148853,2066.8171150192466,9.275241809985657,4.06094073567472,4,工况5,1,历史边界
266,节能,1.1244875159148853,2066.8171150192466,9.16768862072174,4.522060913901946,2,工况5,1,历史边界
267,节能,1.1244875159148853,2066.8171150192466,9.128718155609013,4.701766595346209,2,工况5,1,历史边界
268,节能,1.1244875159148853,2066.8171150192466,9.220390997297532,4.289908773330129,2,工况5,1,历史边界
269,节能,1.1244683540800986,2066.849929662226,9.134419619835743,4.6750359157177,5,工况5,1,历史边界
270,节能,1.1240721597858525,2066.121697385858,9.134763376513172,4.673429117094152,13,工况5,1,历史边界
271,节能,1.123766441182238,2065.55976563199,9.134789919877328,4.67330507020956,16,工况5,1,历史边界
272,节能,1.123766441182238,2065.55976563199,9.134789919877328,4.67330507020956,30,工况5,1,历史边界
273,节能,1.1237488922955252,2065.52750957504,9.0915591881869,4.8797660437751,32,工况5,1,历史边界
274,节能,1.123745689859667,2065.5204381031067,9.198348834826978,4.385517479835576,55,工况5,1,历史边界
275,节能,1.1237456688251017,2065.520117901086,9.141247107012148,4.6432258828172746,74,工况5,1,历史边界
276,节能,1.1237456688251017,2065.520117901086,9.131643260241367,4.688033531214614,82,工况5,1,历史边界
277,节能,1.1237456688251017,2065.520117901086,9.206277550961072,4.350883439810379,81,工况5,1,历史边界
278,节能,1.1237456688251017,2065.520117901086,9.179735912781204,4.467909171242472,76,工况5,1,历史边界
279,节能,1.1237456688251017,2065.520117901086,9.133573222249053,4.678994529878864,69,工况5,1,历史边界
280,节能,1.1237456688251017,2065.520117901086,9.115399164978637,4.764808274402356,48,工况5,1,历史边界
281,节能,1.1237456688251017,2065.520117901086,9.157647260503651,4.567697298701034,29,工况5,1,历史边界
282,节能,1.1237456688251017,2065.520117901086,9.238870625872876,4.211360856053506,7,工况5,1,历史边界
283,节能,1.1237456644060693,2065.519862936444,9.136090826605422,4.667229488940402,4,工况5,1,历史边界
284,节能,1.1237456644060693,2065.519862936444,9.131766204743624,4.687457198694738,4,工况5,1,历史边界
285,节能,1.1237456640097012,2065.519832502744,9.224315774779551,4.27310483340963,6,工况5,1,历史边界
286,节能,1.1237456640097012,2065.519832502744,9.100220993811131,4.837680988223156,2,工况5,1,历史边界
287,节能,1.1237456638613097,2065.5198723380186,9.086822092002926,4.902936802606913,2,工况5,1,历史边界
288,节能,1.1237456638613097,2065.5198723380186,9.13000910613429,4.6957007634770545,3,工况5,1,历史边界
289,节能,1.1237456638613097,2065.5198723380186,9.147990664385231,4.612019362421756,7,工况5,1,历史边界
290,节能,1.1237456638613097,2065.5198723380186,9.131766210183786,4.687457173194211,1,工况5,1,历史边界
291,节能,1.1237456638613097,2065.5198723380186,9.140189175156872,4.6481406987017,1,工况5,1,历史边界
292,节能,1.1237435993531382,2065.5177807840423,9.184278551504493,4.447659103223242,6,工况5,1,历史边界
293,节能,1.1236676691576901,2065.378215878946,9.130749639653345,4.692224726885904,8,工况5,1,历史边界
294,节能,1.123623467666084,2065.291897536398,9.148768693583389,4.6084324722289125,24,工况5,1,历史边界
295,节能,1.123623467666084,2065.291897536398,9.132014883883029,4.686291670799812,26,工况5,1,历史边界
296,节能,1.1236234092595192,2065.2932640619647,9.131766208540322,4.687457180897879,47,工况5,1,历史边界
297,节能,1.1236234090008932,2065.2930732989767,9.077033649480013,4.951164569984783,51,工况5,1,历史边界
298,节能,1.1236234090008932,2065.2930732989767,9.124235456668849,4.722890510182368,57,工况5,1,历史边界
299,节能,1.1236234090008932,2065.2930732989767,9.11724586036466,4.756017244622125,21,工况5,1,历史边界
300,节能,1.1236234088329125,2065.293156531554,9.262630075507861,4.112480562125477,7,工况5,1,历史边界
0,节能,144.78377787079683,2185.561305959845,8.723626328621394,7.0500177632571654,0,工况5,2,历史边界
1,节能,144.78377787079683,2185.561305959845,8.723626328621394,7.0500177632571654,0,工况5,2,历史边界
2,节能,144.78377787079683,2185.561305959845,8.723626328621394,7.0500177632571654,0,工况5,2,历史边界
3,节能,144.78377787079683,2185.561305959845,8.723626328621394,7.0500177632571654,0,工况5,2,历史边界
4,节能,144.78377787079683,2185.561305959845,8.723626328621394,7.0500177632571654,0,工况5,2,历史边界
5,节能,86.017035994081,2198.6158502231756,8.80314465708231,6.511122106591855,0,工况5,2,历史边界
6,节能,61.163708325335925,2246.9691914094824,8.845226734622576,6.242805810454501,0,工况5,2,历史边界
7,节能,61.163708325335925,2246.9691914094824,8.845226734622576,6.242805810454501,0,工况5,2,历史边界
8,节能,22.04594045696471,2207.3728740023116,8.936307821258076,5.699330112409212,0,工况5,2,历史边界
9,节能,22.04594045696471,2207.3728740023116,8.936307821258076,5.699330112409212,0,工况5,2,历史边界
10,节能,22.04594045696471,2207.3728740023116,8.936307821258076,5.699330112409212,0,工况5,2,历史边界
11,节能,6.341549198456494,2226.1957848879147,9.002273028667663,5.335504456804757,0,工况5,2,历史边界
12,节能,6.341549198456494,2226.1957848879147,9.002273028667663,5.335504456804757,0,工况5,2,历史边界
13,节能,2.072439075171658,2245.7115100566925,9.040773015333478,5.1339916175757265,0,工况5,2,历史边界
14,节能,1.2195671251231763,2241.647990922159,9.132945368765158,4.681933175318427,1,工况5,2,历史边界
15,节能,1.2195671251231763,2241.647990922159,9.200254441986903,4.377168363920099,4,工况5,2,历史边界
16,节能,1.2170352586235114,2236.994246708052,9.132945368765158,4.681933175318427,13,工况5,2,历史边界
17,节能,1.2170352586235114,2236.994246708052,9.17264233949107,4.499715288544111,33,工况5,2,历史边界
18,节能,1.2155302920644147,2234.228014990168,9.157044593240176,4.5704509300108045,65,工况5,2,历史边界
19,节能,1.2133628597683463,2230.244125828306,9.174919440329214,4.489480640174728,87,工况5,2,历史边界
20,节能,1.210001263975528,2224.0652822861744,9.163829581580314,4.539545439003419,81,工况5,2,历史边界
21,节能,1.2086932915622586,2221.6611393144694,9.224348637800748,4.272964408582318,80,工况5,2,历史边界
22,节能,1.2078028197891528,2220.024391143717,9.166209323512428,4.528755336291608,87,工况5,2,历史边界
23,节能,1.2077694688199936,2219.9630897758207,9.16670120945978,4.526528252963087,90,工况5,2,历史边界
24,节能,1.2076034879895747,2219.6580056296716,9.243830091061056,4.190526464915875,94,工况5,2,历史边界
25,节能,1.2070254702294978,2218.5955693570777,9.10026492008914,4.837468491570278,90,工况5,2,历史边界
26,节能,1.206082774784511,2216.862830496892,9.162173397379513,4.547069991741042,90,工况5,2,历史边界
27,节能,1.205539473447409,2215.8642053899243,9.160435619922056,4.554978657230209,90,工况5,2,历史边界
28,节能,1.205033100631954,2214.796336135052,9.181918143052727,4.458169795244154,92,工况5,2,历史边界
29,节能,1.205033100631954,2214.796336135052,9.124531460946189,4.721492721275899,87,工况5,2,历史边界
30,节能,1.2036261582109162,2212.3474008061244,9.159655433480667,4.558533776466979,90,工况5,2,历史边界
31,节能,1.2025790219217591,2210.4226925137673,9.262820471648906,4.1116976362317255,93,工况5,2,历史边界
32,节能,1.2017213890885223,2208.84630456597,9.15799201962682,4.566122814809876,92,工况5,2,历史边界
33,节能,1.2014095670115836,2208.2731542096712,9.15851484923769,4.563736134563339,91,工况5,2,历史边界
34,节能,1.201268176750018,2208.013269215032,9.13043606804701,4.693696306041463,93,工况5,2,历史边界
35,节能,1.201268176750018,2208.013269215032,9.191008056070455,4.417829044313238,95,工况5,2,历史边界
36,节能,1.1998307538023774,2205.3711872858735,9.139851048169781,4.6497126262523105,87,工况5,2,历史边界
37,节能,1.1984494329391713,2202.8322248343297,9.1649473004752,4.534474337852782,86,工况5,2,历史边界
38,节能,1.1984494329391713,2202.8322248343297,9.147146330004485,4.6159150933524575,74,工况5,2,历史边界
39,节能,1.197723356853629,2200.6641674767134,9.116164710288375,4.7611619936507275,73,工况5,2,历史边界
40,节能,1.1973337537856017,2200.7805834975,9.232040413891273,4.240223801239462,71,工况5,2,历史边界
41,节能,1.1959081589274663,2198.161188968103,9.230524859273807,4.246654964158868,74,工况5,2,历史边界
42,节能,1.1950803348580903,2196.6395915720054,9.168145520790963,4.519995255892934,77,工况5,2,历史边界
43,节能,1.1945007034988773,2195.574189393569,9.165707447724564,4.531028779389354,80,工况5,2,历史边界
44,节能,1.1942324944102471,2195.081202699939,9.164632400461707,4.5359024687303675,89,工况5,2,历史边界
45,节能,1.1935273741744863,2193.785143362744,9.155374967780375,4.578088245200084,89,工况5,2,历史边界
46,节能,1.1932667529093444,2193.306103608915,9.187109164209454,4.435087304199495,95,工况5,2,历史边界
47,节能,1.191567836389887,2190.1833785664526,9.114760055312185,4.7678544827562295,97,工况5,2,历史边界
48,节能,1.1912979533134698,2189.687314968499,9.15747981108963,4.568462220978237,96,工况5,2,历史边界
49,节能,1.1892506112259382,2185.9241598434523,9.172902638887832,4.498544167796526,94,工况5,2,历史边界
50,节能,1.1890923387316508,2185.633244147605,9.266594326915785,4.096209927019216,95,工况5,2,历史边界
51,节能,1.1881394849388003,2183.8818335475776,9.156718189344492,4.571942986492671,97,工况5,2,历史边界
52,节能,1.1879463598279811,2183.526856353009,9.199197278891132,4.381798191588698,95,工况5,2,历史边界
53,节能,1.1876554678780786,2182.9921770051965,9.199197278891132,4.381798191588698,95,工况5,2,历史边界
54,节能,1.1876554678780786,2182.9921770051965,9.09942629920302,4.841526995218358,94,工况5,2,历史边界
55,节能,1.1876277994967206,2182.941320623284,9.117567196531697,4.754489209789954,94,工况5,2,历史边界
56,节能,1.1876277994967206,2182.941320623284,9.132310064433781,4.6849085727852975,96,工况5,2,历史边界
57,节能,1.1876083864559235,2182.905638123318,9.178470710896985,4.473565555824135,95,工况5,2,历史边界
58,节能,1.1876083864559235,2182.905638123318,9.169244431428794,4.5150309132073625,94,工况5,2,历史边界
59,节能,1.1870352998863,2181.852265716866,9.243848663137891,4.190448638859089,97,工况5,2,历史边界
60,节能,1.1869669598934411,2181.7265123218376,9.145330993815971,4.624302141417207,91,工况5,2,历史边界
61,节能,1.1855278907304678,2179.081544338715,9.156300719251856,4.573852034412246,86,工况5,2,历史边界
62,节能,1.1855278907304678,2179.081544338715,9.163623862661444,4.540479405447283,79,工况5,2,历史边界
63,节能,1.1855180739375444,2179.063499354304,9.10702775894444,4.8048638459434,58,工况5,2,历史边界
64,节能,1.1852703117540397,2178.608096520125,9.079539203425849,4.938774688300213,65,工况5,2,历史边界
65,节能,1.1841744634749178,2176.5938522504616,9.16219823212666,4.546957067809767,80,工况5,2,历史边界
66,节能,1.1826682039701246,2173.8252440097417,9.098860550320499,4.844266858669868,75,工况5,2,历史边界
67,节能,1.1826682039701246,2173.8252440097417,9.129234737772688,4.699338373827254,80,工况5,2,历史边界
68,节能,1.1809611843418097,2170.6876248976405,9.161865236964939,4.5484714346383175,97,工况5,2,历史边界
69,节能,1.1809611843418097,2170.6876248976405,9.121043998757319,4.737987494347085,97,工况5,2,历史边界
70,节能,1.1809553260492582,2170.676856954279,9.130376518326033,4.693975822669323,90,工况5,2,历史边界
71,节能,1.1808587391183862,2170.4982358911343,9.166434195168655,4.527737062073284,95,工况5,2,历史边界
72,节能,1.1806737342726208,2170.1592719625587,9.085441028543773,4.909712747395402,94,工况5,2,历史边界
73,节能,1.1802498970585875,2169.3640750419554,9.19162324669439,4.415112073120323,94,工况5,2,历史边界
74,节能,1.1800095444743188,2168.9384455756517,9.088999453160897,4.892272952192796,88,工况5,2,历史边界
75,节能,1.1798119062204062,2168.575172914651,9.153138455211142,4.588338655416474,92,工况5,2,历史边界
76,节能,1.1780185731832677,2165.278903839384,9.157958651424007,4.566275180664099,93,工况5,2,历史边界
77,节能,1.1780185731832677,2165.278903839384,9.140326099971348,4.64750429646949,92,工况5,2,历史边界
78,节能,1.1778563134813134,2164.9806593824774,9.12346258000241,4.726542133001096,85,工况5,2,历史边界
79,节能,1.1778232533409378,2164.9198925778255,9.18847091101498,4.429051948476606,87,工况5,2,历史边界
80,节能,1.1778232533409378,2164.9198925778255,9.194899131759692,4.400672337788248,81,工况5,2,历史边界
81,节能,1.1778232533409378,2164.9198925778255,9.112923874829256,4.776617166575424,72,工况5,2,历史边界
82,节能,1.1778232533409378,2164.9198925778255,9.206186439893937,4.351279871502944,66,工况5,2,历史边界
83,节能,1.1777714203558107,2164.824619997432,9.17571972083003,4.485889233617603,78,工况5,2,历史边界
84,节能,1.1774691817225313,2164.2690846676305,9.111184753106295,4.78493151298672,68,工况5,2,历史边界
85,节能,1.1773525466739572,2164.0547014517165,9.113192988912285,4.775331884578161,59,工况5,2,历史边界
86,节能,1.1773436389361835,2164.0383284189634,9.13211154039764,4.685838732070555,65,工况5,2,历史边界
87,节能,1.1773408834402144,2164.032333051334,9.20247453592547,4.36746141812002,80,工况5,2,历史边界
88,节能,1.1773405491018714,2164.030156227504,9.151947516132724,4.593806342421035,90,工况5,2,历史边界
89,节能,1.1773317942965433,2164.0165571592224,9.127097124383468,4.709394486667153,83,工况5,2,历史边界
90,节能,1.1767122698190284,2162.877828694229,9.163600527495193,4.540585359525291,62,工况5,2,历史边界
91,节能,1.1756630304806908,2160.9492548532903,9.15408999408389,4.583974749366901,37,工况5,2,历史边界
92,节能,1.175023652537126,2159.77403435652,9.155283421068384,4.578507373310742,36,工况5,2,历史边界
93,节能,1.1749999939897475,2159.730548324381,9.145459347189414,4.623708634727645,61,工况5,2,历史边界
94,节能,1.1732538357078603,2156.520989683622,9.119682495364271,4.744442673774042,85,工况5,2,历史边界
95,节能,1.1732538357078603,2156.520989683622,9.080935477953524,4.931883615039603,89,工况5,2,历史边界
96,节能,1.172361623313534,2154.881042131727,9.0823843940218,4.92474290401762,91,工况5,2,历史边界
97,节能,1.1722209047442715,2154.622391753593,9.150486900573384,4.600521030036216,84,工况5,2,历史边界
98,节能,1.1721275653401126,2154.4508275292906,9.140819431733457,4.645212100438551,77,工况5,2,历史边界
99,节能,1.1720888935599434,2154.3619796053417,9.134532739372274,4.674507107731471,81,工况5,2,历史边界
100,节能,1.1720834334409758,2154.3697100729423,9.07973049383133,4.9378300384416205,76,工况5,2,历史边界
101,节能,1.172082962137505,2154.3673606096622,9.125061821580422,4.718989291320747,76,工况5,2,历史边界
102,节能,1.1720825625416824,2154.3677276043186,9.224057024988426,4.274210641450363,59,工况5,2,历史边界
103,节能,1.1720824365946692,2154.366706747771,9.180433346351574,4.464794187770373,48,工况5,2,历史边界
104,节能,1.17198334458956,2154.1857399018318,9.107007417185008,4.804961586321962,24,工况5,2,历史边界
105,节能,1.17198334458956,2154.1857399018318,9.154645064843882,4.58143102505779,9,工况5,2,历史边界
106,节能,1.1710615332288938,2152.4913874204644,9.107722035417389,4.8015290997712965,15,工况5,2,历史边界
107,节能,1.1698798648271715,2150.3193998815336,9.152260909428595,4.592366899878395,43,工况5,2,历史边界
108,节能,1.1693438753121255,2149.334214404812,9.154397205160016,4.582566717843725,68,工况5,2,历史边界
109,节能,1.1693049258197428,2149.2626225673903,9.13856281521078,4.655706399166335,84,工况5,2,历史边界
110,节能,1.1678063668248373,2146.5081683917997,9.135691187775944,4.669095067824319,86,工况5,2,历史边界
111,节能,1.1668592048505502,2144.7672197445295,9.181161526253412,4.461544197809289,87,工况5,2,历史边界
112,节能,1.1666846089892442,2144.446300580953,9.204530022647068,4.358493379167989,93,工况5,2,历史边界
113,节能,1.1664005693807222,2143.9242163064023,9.141699923253846,4.641123830681257,91,工况5,2,历史边界
114,节能,1.165413803594622,2142.110473137736,9.204421476990232,4.3589665003718086,95,工况5,2,历史边界
115,节能,1.1647286424791268,2140.85110003201,9.08779981616038,4.898145425556766,92,工况5,2,历史边界
116,节能,1.1644363232733592,2140.313797290063,9.24222167683261,4.1972719906522915,96,工况5,2,历史边界
117,节能,1.1637091106305208,2138.9771305939785,9.211836693423567,4.326763364515481,94,工况5,2,历史边界
118,节能,1.1617362994632214,2135.3509684102455,9.153274784167717,4.587713174631708,92,工况5,2,历史边界
119,节能,1.1617362994632214,2135.3509684102455,9.148953924971169,4.607578924940906,96,工况5,2,历史边界
120,节能,1.160525409522321,2133.125269678843,9.152469112485564,4.591410854580347,97,工况5,2,历史边界
121,节能,1.1602619908979082,2132.6410881868837,9.15773188234082,4.56731078811784,94,工况5,2,历史边界
122,节能,1.1602619908979082,2132.6410881868837,9.117701579536604,4.753850330171387,99,工况5,2,历史边界
123,节能,1.1601502166723516,2132.435639496939,9.162492794031136,4.545617904719196,92,工况5,2,历史边界
124,节能,1.1584143849210302,2129.2450617273594,9.118039131566235,4.7522459291435215,96,工况5,2,历史边界
125,节能,1.1582651129272783,2128.9706895685813,9.162410782147289,4.545990714694028,95,工况5,2,历史边界
126,节能,1.157780123120205,2128.079245051713,9.192663712862139,4.410520687386386,93,工况5,2,历史边界
127,节能,1.1559384743121484,2124.694168276913,9.155911154129795,4.575634194749538,97,工况5,2,历史边界
128,节能,1.1557325848030036,2124.3157292430797,9.118228185174049,4.751347584825691,94,工况5,2,历史边界
129,节能,1.1557325848030036,2124.3157292430797,9.226493691789253,4.263808492712603,99,工况5,2,历史边界
130,节能,1.155658271903509,2124.179137038829,9.136549233907058,4.665090487168733,95,工况5,2,历史边界
131,节能,1.1554708842160246,2123.8347056217144,9.2676962479235,4.09169871320573,94,工况5,2,历史边界
132,节能,1.1553554449382692,2123.6225203145486,9.153943723841735,4.584645297502947,96,工况5,2,历史边界
133,节能,1.1548001158398018,2122.6017873575543,9.12076532685033,4.739308022345905,96,工况5,2,历史边界
134,节能,1.1544594969999358,2121.9757065766553,9.139581343098845,4.650966846453178,99,工况5,2,历史边界
135,节能,1.1541067066622444,2121.327253748261,9.154814654536011,4.580654127459513,93,工况5,2,历史边界
136,节能,1.1538888984108782,2120.926907249062,9.153983175580478,4.584464428842254,96,工况5,2,历史边界
137,节能,1.1538888984108782,2120.926907249062,9.141462497083008,4.64222588576394,94,工况5,2,历史边界
138,节能,1.1535515519198924,2120.3068412697608,9.162989345754886,4.543361330612348,97,工况5,2,历史边界
139,节能,1.1517413889941013,2116.9796377052735,9.147373610764038,4.614866103876086,97,工况5,2,历史边界
140,节能,1.1513768619247227,2116.3096119593542,9.140113649023704,4.648491768052382,98,工况5,2,历史边界
141,节能,1.1507394301998597,2115.137968745993,9.190704943900311,4.419168345031104,95,工况5,2,历史边界
142,节能,1.1495492381721468,2112.9503141981018,9.179924524176446,4.467066552126154,94,工况5,2,历史边界
143,节能,1.149506407756879,2112.8715889583364,9.129984587006021,4.695815899377897,98,工况5,2,历史边界
144,节能,1.1476768670647,2109.5087677306656,9.15828361558962,4.564791545937176,96,工况5,2,历史边界
145,节能,1.1472371759386253,2108.7005852952034,9.147583920073265,4.61389565662423,96,工况5,2,历史边界
146,节能,1.1469283476370984,2108.132937703368,9.116592361873279,4.759126310490751,93,工况5,2,历史边界
147,节能,1.1468578396998166,2107.9878650133764,9.2613474359955,4.117758776487798,95,工况5,2,历史边界
148,节能,1.1468569246827227,2108.001447945261,9.219321768719109,4.294498119482201,88,工况5,2,历史边界
149,节能,1.1463613315223438,2107.0907232091627,9.146434022643321,4.619204214945652,80,工况5,2,历史边界
150,节能,1.1456373815484144,2105.760053522225,9.136585676462705,4.664920482446779,77,工况5,2,历史边界
151,节能,1.145563459059974,2105.618777411244,9.089438317115548,4.89012638099858,81,工况5,2,历史边界
152,节能,1.1450755402979091,2104.7273507833042,9.10874366012682,4.796626243865723,69,工况5,2,历史边界
153,节能,1.1450755402979091,2104.7273507833042,9.09552395052546,4.860457233858409,64,工况5,2,历史边界
154,节能,1.1441664925867356,2103.056458764795,9.09642401829538,4.856084461146232,63,工况5,2,历史边界
155,节能,1.1431690922953883,2101.2231686463706,9.15797053759293,4.566220905468512,74,工况5,2,历史边界
156,节能,1.1429798875631891,2100.875397376491,9.179021552592863,4.471102007961477,76,工况5,2,历史边界
157,节能,1.1428693557016123,2100.6722322367195,9.182954656113624,4.453551238034617,86,工况5,2,历史边界
158,节能,1.1428693557016123,2100.6722322367195,9.15254474618048,4.591063602344688,90,工况5,2,历史边界
159,节能,1.1428593277344725,2100.6538001455874,9.149175184868207,4.606559565278241,93,工况5,2,历史边界
160,节能,1.1422045971990735,2099.4503605324344,9.183668747353362,4.450372131331029,95,工况5,2,历史边界
161,节能,1.1422045971990735,2099.4503605324344,9.174220364260494,4.492620225928028,96,工况5,2,历史边界
162,节能,1.141006059026366,2097.2473651978216,9.13461269669273,4.674133361610748,94,工况5,2,历史边界
163,节能,1.1408194180141449,2096.8994291018,9.149438710065324,4.605345780699207,88,工况5,2,历史边界
164,节能,1.1403558985623625,2096.052325689223,9.138998394766633,4.653678910239221,88,工况5,2,历史边界
165,节能,1.1401511517624137,2095.675987033237,9.116397393070427,4.760054282109945,88,工况5,2,历史边界
166,节能,1.1393004109994018,2094.1122671830417,9.119667957452473,4.744511648564542,91,工况5,2,历史边界
167,节能,1.138702403443773,2093.0130882956996,9.217849761731419,4.300824305675542,89,工况5,2,历史边界
168,节能,1.1384509654125667,2092.5509279554576,9.265318153497136,4.101440738246492,93,工况5,2,历史边界
169,节能,1.1373795006580252,2090.581502275736,9.085848629766947,4.907711950265513,93,工况5,2,历史边界
170,节能,1.13667898023554,2089.29389771071,9.152267132485418,4.592338321407144,91,工况5,2,历史边界
171,节能,1.135810084393676,2087.696807580851,9.117841488100899,4.7531852723215495,94,工况5,2,历史边界
172,节能,1.135810084393676,2087.696807580851,9.145138290721276,4.625193344616714,96,工况5,2,历史边界
173,节能,1.135810084393676,2087.696807580851,9.242971283226822,4.1941268676792705,97,工况5,2,历史边界
174,节能,1.135548658427113,2087.216288730639,9.119720513481202,4.744262302426413,90,工况5,2,历史边界
175,节能,1.135548658427113,2087.216288730639,9.118084350583171,4.752031042112893,87,工况5,2,历史边界
176,节能,1.1354532366752508,2087.033196120767,9.077747469171708,4.947631592322434,81,工况5,2,历史边界
177,节能,1.1351921725782055,2086.5610432992607,9.126575488969385,4.711851714443083,81,工况5,2,历史边界
178,节能,1.1345423268799057,2085.366582351606,9.163803554657282,4.539663590940722,84,工况5,2,历史边界
179,节能,1.1340301975813334,2084.4252535886476,9.208341659516321,4.341912006271001,90,工况5,2,历史边界
180,节能,1.133954915925074,2084.2868807430445,9.199682394281293,4.379673029365507,85,工况5,2,历史边界
181,节能,1.133942755684362,2084.2315272531705,9.109102091035306,4.7949072928444565,82,工况5,2,历史边界
182,节能,1.1327199426760373,2082.0169152401077,9.144653185387856,4.62743759488116,74,工况5,2,历史边界
183,节能,1.1325660914095401,2081.7341260640633,9.16149366694249,4.5501618243010045,71,工况5,2,历史边界
184,节能,1.1325141357425226,2081.638627985944,9.142348963272775,4.638112532914427,84,工况5,2,历史边界
185,节能,1.1324457097537362,2081.5128563271887,9.16736261486628,4.52353537256665,86,工况5,2,历史边界
186,节能,1.131497402447306,2079.769802480914,9.249260851956494,4.167830401886235,93,工况5,2,历史边界
187,节能,1.131497402447306,2079.769802480914,9.152546356539235,4.591056209091175,86,工况5,2,历史边界
188,节能,1.1312820519984994,2079.3739735913296,9.259400756288485,4.125782541252509,89,工况5,2,历史边界
189,节能,1.1312378889744543,2079.269188847855,9.139212838677235,4.652681064129857,93,工况5,2,历史边界
190,节能,1.130636328354817,2078.187089262675,9.120476878469045,4.740675265253385,83,工况5,2,历史边界
191,节能,1.1303496657498362,2077.2126585001283,9.260241105834357,4.122316898147357,86,工况5,2,历史边界
192,节能,1.1303496657498362,2077.2126585001283,9.143318015492444,4.633620136704148,77,工况5,2,历史边界
193,节能,1.1299429856452468,2076.912677826099,9.143353033369044,4.633457880006947,64,工况5,2,历史边界
194,节能,1.1290432588764128,2075.2589183386644,9.143310621599655,4.633654397321322,41,工况5,2,历史边界
195,节能,1.128417731645218,2074.109156400851,9.128305297386271,4.703708159114214,42,工况5,2,历史边界
196,节能,1.12773699064957,2072.857907778453,9.138395947865074,4.656483349357549,58,工况5,2,历史边界
197,节能,1.1276619166537303,2072.719916626939,9.121863818067444,4.734104792482533,66,工况5,2,历史边界
198,节能,1.1276228697174375,2072.6481456809292,9.235681809441736,4.224811547243451,75,工况5,2,历史边界
199,节能,1.1273144358074654,2072.0812230078113,9.21524918913001,4.3120234673332,80,工况5,2,历史边界
200,节能,1.1273126085713283,2072.077864422514,9.141932748277364,4.640043386698305,73,工况5,2,历史边界
201,节能,1.1265117622088827,2070.6058539013775,9.089178689182887,4.891396159229142,74,工况5,2,历史边界
202,节能,1.1260192334019492,2069.7005521858837,9.19894137283566,4.38291966376942,67,工况5,2,历史边界
203,节能,1.1257106616954529,2069.0102000087913,9.135598813403616,4.66952639247191,60,工况5,2,历史边界
204,节能,1.1255954550830258,2068.9216185809664,9.194807911345846,4.401073787250019,58,工况5,2,历史边界
205,节能,1.1249093584611396,2067.660525950354,9.183254643286583,4.452215430161725,67,工况5,2,历史边界
206,节能,1.1242755495707095,2066.4955417550664,9.256031460836281,4.1397069661836525,73,工况5,2,历史边界
207,节能,1.1241460792206661,2066.257566375048,9.196315136702413,4.39444537375303,83,工况5,2,历史边界
208,节能,1.123962854829371,2065.9207873817695,9.185423919231168,4.442567814282769,88,工况5,2,历史边界
209,节能,1.123962854829371,2065.9207873817695,9.120612323064293,4.740033209893326,86,工况5,2,历史边界
210,节能,1.123962854829371,2065.9207873817695,9.101000156580742,4.833913115389617,89,工况5,2,历史边界
211,节能,1.12361115979701,2065.2743477996682,9.072644845234974,4.972942015584569,91,工况5,2,历史边界
212,节能,1.1234816950902438,2065.03638279238,9.140705237356036,4.64574258783111,92,工况5,2,历史边界
213,节能,1.1234512874859632,2064.980491530932,9.12205406697423,4.733204219890351,92,工况5,2,历史边界
214,节能,1.123106450529963,2064.3466575633793,9.170029758963663,4.511486527044624,90,工况5,2,历史边界
215,节能,1.123097257112072,2064.316085466114,9.132040855062321,4.686169963859055,89,工况5,2,历史边界
216,节能,1.1230888342998044,2064.3142777245585,9.141053376266997,4.644125505566937,89,工况5,2,历史边界
217,节能,1.1230855060707816,2064.3055243168146,9.159120579547965,4.560972578327924,59,工况5,2,历史边界
218,节能,1.1230855060707816,2064.3055243168146,9.140517368496438,4.646615460183271,41,工况5,2,历史边界
219,节能,1.1230855060707816,2064.3055243168146,9.086560421896879,4.904219922469727,36,工况5,2,历史边界
220,节能,1.1230855060707816,2064.3055243168146,9.142886023893038,4.635622254095854,17,工况5,2,历史边界
221,节能,1.1230855060707816,2064.3055243168146,9.228323039685701,4.256015633713951,17,工况5,2,历史边界
222,节能,1.1230855060707816,2064.3055243168146,9.119766310086272,4.744045036294464,12,工况5,2,历史边界
223,节能,1.1230855060707816,2064.3055243168146,9.080883802903411,4.932138476957506,5,工况5,2,历史边界
224,节能,1.1224333190076734,2063.104189825595,9.130273326426229,4.694460227945018,2,工况5,2,历史边界
225,节能,1.1224333190076734,2063.104189825595,9.173140164276536,4.497475776234554,13,工况5,2,历史边界
226,节能,1.1224333190076734,2063.104189825595,9.239233975781696,4.209830936435359,23,工况5,2,历史边界
227,节能,1.1224331701109587,2063.104539297439,9.14359243961795,4.632348734009965,22,工况5,2,历史边界
228,节能,1.1224331653673079,2063.1046180183525,9.230526868313875,4.2466464324674575,16,工况5,2,历史边界
229,节能,1.121996730646935,2062.306916334683,9.140553991497832,4.64644529029488,9,工况5,2,历史边界
230,节能,1.121996730646935,2062.306916334683,9.139222148138096,4.652637750379206,6,工况5,2,历史边界
231,节能,1.121996730646935,2062.306916334683,9.087499711773805,4.899615601077086,17,工况5,2,历史边界
232,节能,1.121996730646935,2062.306916334683,9.216500879133894,4.306629527137369,37,工况5,2,历史边界
233,节能,1.121996730646935,2062.306916334683,9.14008064856182,4.64864517295899,66,工况5,2,历史边界
234,节能,1.121996730646935,2062.306916334683,9.140686579201047,4.645829269625012,92,工况5,2,历史边界
235,节能,1.1219966553632736,2062.306777958152,9.112600812154305,4.778160562587874,92,工况5,2,历史边界
236,节能,1.121996624499811,2062.3067212289916,9.119939758794914,4.743222259166058,91,工况5,2,历史边界
237,节能,1.1219965853397922,2062.306649250192,9.185293920150068,4.443145381557144,94,工况5,2,历史边界
238,节能,1.1219965668516447,2062.3066152677097,9.104533116655931,4.816865225834963,91,工况5,2,历史边界
239,节能,1.1219965668516447,2062.3066152677097,9.120072464809933,4.742592846806018,94,工况5,2,历史边界
240,节能,1.1219965668516447,2062.3066152677097,9.140431962541477,4.647012325761083,94,工况5,2,历史边界
241,节能,1.1219965668516447,2062.3066152677097,9.192325605546364,4.412012168823353,93,工况5,2,历史边界
242,节能,1.1219965668516447,2062.3066152677097,9.123910494173916,4.724425521862955,96,工况5,2,历史边界
243,节能,1.1219965668516447,2062.3066152677097,9.142182750703988,4.63888350958408,95,工况5,2,历史边界
244,节能,1.1219965631590783,2062.306608480519,9.198673638825978,4.384093277526265,93,工况5,2,历史边界
245,节能,1.1217101416001656,2061.780146017841,9.148295335440256,4.61061442764916,91,工况5,2,历史边界
246,节能,1.1216930361427275,2061.7487050143,9.175505414463325,4.486850691260264,94,工况5,2,历史边界
247,节能,1.1216912886363324,2061.7454929777346,9.204213147663882,4.35987469552497,97,工况5,2,历史边界
248,节能,1.1216904502713256,2061.743952005373,9.211271324737416,4.329210272671613,97,工况5,2,历史边界
249,节能,1.1216902292998892,2061.7435458447226,9.181915294938758,4.458182492637904,96,工况5,2,历史边界
250,节能,1.1216902292998892,2061.7435458447226,9.10354866029475,4.821609554356517,96,工况5,2,历史边界
251,节能,1.1216902292998892,2061.7435458447226,9.139582100071229,4.650963325801052,98,工况5,2,历史边界
252,节能,1.1216902292998892,2061.7435458447226,9.247624487427272,4.174656074841167,93,工况5,2,历史边界
253,节能,1.1216902292998892,2061.7435458447226,9.215787674000628,4.30970213299209,94,工况5,2,历史边界
254,节能,1.1216902292998892,2061.7435458447226,9.227858479249374,4.257993269523877,97,工况5,2,历史边界
255,节能,1.1216902292998892,2061.7435458447226,9.141786063903966,4.640724058475758,97,工况5,2,历史边界
256,节能,1.1216902292998892,2061.7435458447226,9.163801024509452,4.539675076975236,97,工况5,2,历史边界
257,节能,1.1216902292998892,2061.7435458447226,9.078611609963593,4.943357988803793,96,工况5,2,历史边界
258,节能,1.1216902291355424,2061.743545542642,9.188761960540184,4.427763062583809,97,工况5,2,历史边界
259,节能,1.1216902291098667,2061.7435454954484,9.121159167628834,4.737441857094925,94,工况5,2,历史边界
260,节能,1.1216902291098667,2061.7435454954484,9.124299224913255,4.722589349348364,98,工况5,2,历史边界
261,节能,1.1216902291098667,2061.7435454954484,9.140829461953132,4.645165508174411,97,工况5,2,历史边界
262,节能,1.1216902291098667,2061.7435454954484,9.255305709399586,4.142712454948832,96,工况5,2,历史边界
263,节能,1.1216902291012434,2061.743545479598,9.12044166775691,4.740842190744238,93,工况5,2,历史边界
264,节能,1.1216902291012434,2061.743545479598,9.235205824351914,4.22682297321366,97,工况5,2,历史边界
265,节能,1.121690229099227,2061.743545475892,9.141770795485208,4.640794915534963,96,工况5,2,历史边界
266,节能,1.1216902290891646,2061.7435454573965,9.167185527534443,4.524336504309296,94,工况5,2,历史边界
267,节能,1.1216902290891646,2061.7435454573965,9.160098366165892,4.556515099962588,93,工况5,2,历史边界
268,节能,1.1216902290882227,2061.7435454556653,9.256164318809947,4.139157009638418,98,工况5,2,历史边界
269,节能,1.1216902290880746,2061.743545455393,9.256164318809947,4.139157009638418,99,工况5,2,历史边界
270,节能,1.1216902290867456,2061.7435454529505,9.190677324579092,4.419290401146695,96,工况5,2,历史边界
271,节能,1.1216902290867456,2061.7435454529505,9.140829460527154,4.645165514798313,94,工况5,2,历史边界
272,节能,1.1216902290856645,2061.743545450963,9.17595457091836,4.484835845833793,93,工况5,2,历史边界
273,节能,1.1216790379237398,2061.6426801043626,9.173925120120835,4.493946841549554,99,工况5,2,历史边界
274,节能,1.1216517699599633,2061.672854941122,9.111247078233042,4.784633300816851,89,工况5,2,历史边界
275,节能,1.1216480358487213,2061.6594023556418,9.120441667201739,4.74084219337622,90,工况5,2,历史边界
276,节能,1.1216472223356886,2061.66190950609,9.153671182557808,4.585894972905011,85,工况5,2,历史边界
277,节能,1.1216466947939108,2061.6629274056927,9.143246976780189,4.633949314803793,76,工况5,2,历史边界
278,节能,1.1216466947939108,2061.6629274056927,9.162193057418206,4.546980597047822,60,工况5,2,历史边界
279,节能,1.1216466216215013,2061.660596935114,9.096520745817788,4.855614766844252,32,工况5,2,历史边界
280,节能,1.1216466216215013,2061.660596935114,9.087403526426776,4.900086894969405,23,工况5,2,历史边界
281,节能,1.121646546643029,2061.6612449553686,9.182240840385244,4.456731387840916,17,工况5,2,历史边界
282,节能,1.121646546643029,2061.6612449553686,9.11979437743292,4.743911885406523,24,工况5,2,历史边界
283,节能,1.1216465435419198,2061.661642791867,9.140432181249318,4.647011309423161,22,工况5,2,历史边界
284,节能,1.1216465398932967,2061.66152945297,9.114049175898558,4.771245057357251,18,工况5,2,历史边界
285,节能,1.1216465398932967,2061.66152945297,9.21733154695144,4.303053633982382,21,工况5,2,历史边界
286,节能,1.1216465398932967,2061.66152945297,9.141537884693518,4.641875932638197,10,工况5,2,历史边界
287,节能,1.1216465398932967,2061.66152945297,9.140475700922652,4.646809077409565,6,工况5,2,历史边界
288,节能,1.1216465398932967,2061.66152945297,9.128409539913566,4.703217858243597,6,工况5,2,历史边界
289,节能,1.1216465398931434,2061.661530366334,9.102438632142386,4.826964648304221,4,工况5,2,历史边界
290,节能,1.1216465398931434,2061.661530366334,9.190381720706682,4.4205969536040435,7,工况5,2,历史边界
291,节能,1.121646539893091,2061.66153229113,9.119707587838692,4.744323625461227,2,工况5,2,历史边界
292,节能,1.121646539893091,2061.66153229113,9.109374322266065,4.793602146989539,5,工况5,2,历史边界
293,节能,1.1216465398930247,2061.661531525594,9.116762936140018,4.758314595240852,3,工况5,2,历史边界
294,节能,1.1216465398929754,2061.6615312998315,9.257610398104225,4.1331757860950775,4,工况5,2,历史边界
295,节能,1.1216465398929754,2061.6615312998315,9.119680580110055,4.74445176059658,4,工况5,2,历史边界
296,节能,1.1216465398929754,2061.6615312998315,9.12927191163568,4.699163684513349,4,工况5,2,历史边界
297,节能,1.1216465398929722,2061.6615317762057,9.209773484706457,4.335699595891259,6,工况5,2,历史边界
298,节能,1.1216465398929671,2061.6615317870474,9.067747509742716,4.997355913748411,2,工况5,2,历史边界
299,节能,1.1216465398929671,2061.6615317870474,9.140651831036665,4.645990706468962,8,工况5,2,历史边界
300,节能,1.1216465398929671,2061.6615317870474,9.13772381393458,4.65961418186495,4,工况5,2,历史边界
0,节能,1137.3161804949127,2018.5392761293056,8.10071174884869,13.143728388219925,0,工况5,3,历史边界
1,节能,983.7501243147799,2024.7989781803667,8.168397597215858,12.283524191655658,0,工况5,3,历史边界
2,节能,343.66875801493944,2138.8632448872504,8.53656923251138,8.500179088774999,0,工况5,3,历史边界
3,节能,343.66875801493944,2138.8632448872504,8.53656923251138,8.500179088774999,0,工况5,3,历史边界
4,节能,320.7748638908528,2141.2001882228296,8.554611913971032,8.348188348593437,0,工况5,3,历史边界
5,节能,299.308717196499,2069.5791591019806,8.572092986500376,8.20352121493608,0,工况5,3,历史边界
6,节能,228.88260294601469,2076.4329037927455,8.634499456046743,7.707215816059849,0,工况5,3,历史边界
7,节能,122.58600648141703,2183.0255281189397,8.751296134221347,6.857619232405329,0,工况5,3,历史边界
8,节能,122.58600648141703,2183.0255281189397,8.751296134221347,6.857619232405329,0,工况5,3,历史边界
9,节能,59.76759455544454,2105.6319487712667,8.847683183472235,6.227489496874938,0,工况5,3,历史边界
10,节能,44.336867864813655,2113.628698475602,8.878788422249576,6.036763613755599,0,工况5,3,历史边界
11,节能,18.152857691977395,2124.960259107839,8.949007702777019,5.627406969626517,0,工况5,3,历史边界
12,节能,6.045310252158357,2121.350894152389,9.003805102698689,5.327336327671049,0,工况5,3,历史边界
13,节能,2.563760751453408,2136.013036925501,9.033271968265545,5.172646725993116,0,工况5,3,历史边界
14,节能,2.563760751453408,2136.013036925501,9.033271968265545,5.172646725993116,0,工况5,3,历史边界
15,节能,2.563760751453408,2136.013036925501,9.033271968265545,5.172646725993116,0,工况5,3,历史边界
16,节能,1.164962944317512,2141.1431829709454,9.098264550942075,4.847154899256263,1,工况5,3,历史边界
17,节能,1.164962944317512,2141.1431829709454,9.089596002798228,4.889355338874549,6,工况5,3,历史边界
18,节能,1.162654797672168,2137.0392310915986,9.157625978323148,4.567794510293862,26,工况5,3,历史边界
19,节能,1.162654797672168,2137.0392310915986,9.209468269232184,4.337023120469538,52,工况5,3,历史边界
20,节能,1.1619684808924804,2135.7777337958532,9.201268780974301,4.372730682431332,82,工况5,3,历史边界
21,节能,1.161539096075904,2134.9884950638616,9.168851353878065,4.516806019354526,79,工况5,3,历史边界
22,节能,1.1606861200960528,2133.4206667318663,9.231680337656648,4.241750879975658,81,工况5,3,历史边界
23,节能,1.1605854713628765,2133.2356674596936,9.203028997867218,4.3650404981976205,81,工况5,3,历史边界
24,节能,1.1602796939418063,2132.67362759531,9.18970176507123,4.423603785555024,82,工况5,3,历史边界
25,节能,1.16011998628954,2132.380073980701,9.22038564477437,4.289931735227655,87,工况5,3,历史边界
26,节能,1.1597443047536118,2131.6895455605004,9.165592298382077,4.531550554414543,87,工况5,3,历史边界
27,节能,1.1587717240729345,2129.901809215412,9.116401421411142,4.760035107028096,83,工况5,3,历史边界
28,节能,1.1570547083005525,2126.745882877905,9.161012457508418,4.552351932005397,89,工况5,3,历史边界
29,节能,1.1570547083005525,2126.745882877905,9.205969317598147,4.352224733949912,76,工况5,3,历史边界
30,节能,1.1562097859716938,2125.1928577086014,9.173335743353178,4.4965962500862755,84,工况5,3,历史边界
31,节能,1.1556637736218642,2124.1892495743705,9.147154848156273,4.615875774454516,80,工况5,3,历史边界
32,节能,1.1552963448181426,2123.5138902417825,9.146473339788512,4.6190226045930896,83,工况5,3,历史边界
33,节能,1.1552811975459394,2123.4860485169584,9.093093353972302,4.872285413400799,86,工况5,3,历史边界
34,节能,1.1552570738327737,2123.44170747821,9.119488798977232,4.745361744185906,90,工况5,3,历史边界
35,节能,1.1546639141681296,2122.351439346875,9.119583148277492,4.744914043746302,81,工况5,3,历史边界
36,节能,1.1542859985713523,2121.656804569664,9.198974161331975,4.382775956780159,87,工况5,3,历史边界
37,节能,1.1542138519880403,2121.5241942030825,9.121602467766195,4.73534221388938,86,工况5,3,历史边界
38,节能,1.1541754459624418,2121.453278975186,9.179976621010868,4.466833838161521,88,工况5,3,历史边界
39,节能,1.1541754459624418,2121.453278975186,9.237655880892332,4.216479693926514,98,工况5,3,历史边界
40,节能,1.1541510996030109,2121.408851017022,9.246732873925454,4.17837991442907,95,工况5,3,历史边界
41,节能,1.1541038388786293,2121.3219825653578,9.117105104585239,4.756686728652101,91,工况5,3,历史边界
42,节能,1.1540969249526425,2121.3092742953672,9.233281641417976,4.234963983728413,96,工况5,3,历史边界
43,节能,1.1540880188097145,2121.29290419405,9.104857021880337,4.815305270675509,95,工况5,3,历史边界
44,节能,1.1540784933445754,2121.2753957360474,9.176775611681176,4.4811551240079215,92,工况5,3,历史边界
45,节能,1.1540770089789003,2121.272667370167,9.17894790984267,4.471431284333997,88,工况5,3,历史边界
46,节能,1.1540770089789003,2121.272667370167,9.134827291159608,4.6731304260699575,97,工况5,3,历史边界
47,节能,1.1540704977664598,2121.2606993152845,9.212025861051563,4.325944958363332,94,工况5,3,历史边界
48,节能,1.1540704977664598,2121.2606993152845,9.151916985158048,4.593946597947202,94,工况5,3,历史边界
49,节能,1.1540701989308892,2121.2601500350174,9.178115977565572,4.47515276013754,96,工况5,3,历史边界
50,节能,1.1540692441868312,2121.2583951499805,9.093931307510976,4.8682043746964165,94,工况5,3,历史边界
51,节能,1.1540692441868312,2121.2583951499805,9.176196222706636,4.483752208168287,97,工况5,3,历史边界
52,节能,1.1540692441868312,2121.2583951499805,9.11759356031489,4.754363865119516,95,工况5,3,历史边界
53,节能,1.1540692441868312,2121.2583951499805,9.096520388538663,4.855616501654359,97,工况5,3,历史边界
54,节能,1.154068974647965,2121.257899719065,9.153734741486096,4.5856035075980035,88,工况5,3,历史边界
55,节能,1.1540689503590522,2121.2578550743774,9.119632284417767,4.74468090271213,98,工况5,3,历史边界
56,节能,1.154068799372713,2121.257577551134,9.164360134596405,4.537137608276481,95,工况5,3,历史边界
57,节能,1.1540686025015252,2121.2572156883934,9.15637341050483,4.573519567460812,92,工况5,3,历史边界
58,节能,1.1540686025015252,2121.2572156883934,9.223433434408657,4.276876830161004,97,工况5,3,历史边界
59,节能,1.1540686025015252,2121.2572156883934,9.181056654683163,4.462012111490042,97,工况5,3,历史边界
60,节能,1.154068567226635,2121.2571508507267,9.11702805086897,4.757053263162908,94,工况5,3,历史边界
61,节能,1.1540685208574943,2121.257065621067,9.181057764619286,4.462007158944364,97,工况5,3,历史边界
62,节能,1.1540685012936305,2121.257029661344,9.117771311879261,4.753518844608988,95,工况5,3,历史边界
63,节能,1.1540685012936305,2121.257029661344,9.178324247463863,4.474220817578509,94,工况5,3,历史边界
64,节能,1.1540685010262792,2121.257029169934,9.094865458338058,4.86365886098164,90,工况5,3,历史边界
65,节能,1.1540684863779702,2121.257002245338,9.127723232866867,4.706446817703945,96,工况5,3,历史边界
66,节能,1.1539766304246488,2121.0881647053816,9.179743692113858,4.467874414025958,92,工况5,3,历史边界
67,节能,1.1539766304246488,2121.0881647053816,9.17442075776675,4.491720024208978,96,工况5,3,历史边界
68,节能,1.1526596985993847,2118.6675537201627,9.141472575133092,4.642179101414714,92,工况5,3,历史边界
69,节能,1.1524039776610202,2118.197521102923,9.119348134472498,4.746029295094694,90,工况5,3,历史边界
70,节能,1.1514480793716095,2116.4405145094834,9.154813060941796,4.580661427169247,90,工况5,3,历史边界
71,节能,1.1510110828354085,2115.6372849149534,9.175327198184473,4.487650392351988,93,工况5,3,历史边界
72,节能,1.1509093572829787,2115.450306375165,9.157465768057357,4.568526376491112,89,工况5,3,历史边界
73,节能,1.1507887056510284,2115.2285404036234,9.237014433148206,4.219185212946106,94,工况5,3,历史边界
74,节能,1.1507887056510284,2115.2285404036234,9.138989286645257,4.6537212967046075,91,工况5,3,历史边界
75,节能,1.1507887056510284,2115.2285404036234,9.119071309232558,4.747343297659216,98,工况5,3,历史边界
76,节能,1.1507887056510284,2115.2285404036234,9.182090050491656,4.457403468562857,98,工况5,3,历史边界
77,节能,1.1507887056510284,2115.2285404036234,9.123288695586607,4.727364076478171,97,工况5,3,历史边界
78,节能,1.1507887056510284,2115.2285404036234,9.074005878652036,4.966178279199971,93,工况5,3,历史边界
79,节能,1.1507887056510284,2115.2285404036234,9.205737693758174,4.353232929711794,96,工况5,3,历史边界
80,节能,1.1507887056510284,2115.2285404036234,9.117637661491964,4.754154196700178,92,工况5,3,历史边界
81,节能,1.1507887056510284,2115.2285404036234,9.152870142390801,4.589569930677868,93,工况5,3,历史边界
82,节能,1.1507887056510284,2115.2285404036234,9.090351063458845,4.885664972402985,98,工况5,3,历史边界
83,节能,1.1507887056510282,2115.228540403623,9.134553659873378,4.674409315723295,96,工况5,3,历史边界
84,节能,1.1507887056510282,2115.228540403623,9.218246974173049,4.299116303994278,96,工况5,3,历史边界
85,节能,1.1507887056510282,2115.228540403623,9.23228622932425,4.239181616887584,93,工况5,3,历史边界
86,节能,1.1507887056510282,2115.228540403623,9.197022250499062,4.391339099174865,96,工况5,3,历史边界
87,节能,1.1507887056510282,2115.228540403623,9.138417308672931,4.656383884173767,95,工况5,3,历史边界
88,节能,1.1507887056510282,2115.228540403623,9.177680215553163,4.477103286661949,93,工况5,3,历史边界
89,节能,1.1507887056510282,2115.228540403623,9.138933816510546,4.653979446411578,93,工况5,3,历史边界
90,节能,1.150788705650907,2115.2285404034,9.247565309799123,4.174903128395963,96,工况5,3,历史边界
91,节能,1.1507887056482446,2115.2285403985065,9.196722735190288,4.3926545694529935,96,工况5,3,历史边界
92,节能,1.150788705645453,2115.2285403933756,9.11704338927284,4.756980298118314,92,工况5,3,历史边界
93,节能,1.1507887056451525,2115.228540392823,9.118238883043473,4.751296755801522,92,工况5,3,历史边界
94,节能,1.1497892103569172,2113.391399526483,9.116357318318844,4.760245043925163,95,工况5,3,历史边界
95,节能,1.148945739741767,2111.841042706507,9.18385908418559,4.449525142206487,92,工况5,3,历史边界
96,节能,1.1488206310465408,2111.611084347083,9.15091806476883,4.598537877650545,89,工况5,3,历史边界
97,节能,1.1487346257301987,2111.453000679021,9.177690799827095,4.4770559000251176,89,工况5,3,历史边界
98,节能,1.1482260911571875,2110.5182792681026,9.130905873867066,4.691491698108675,93,工况5,3,历史边界
99,节能,1.1474942059771376,2109.1730241282685,9.084518011321832,4.914246588901041,90,工况5,3,历史边界
100,节能,1.1468577592549816,2108.0031914174156,9.179108326345498,4.470714050494339,91,工况5,3,历史边界
101,节能,1.14668278694953,2107.6662130108575,9.209577177505132,4.336550808491562,86,工况5,3,历史边界
102,节能,1.1464118562208834,2107.1835910691107,9.146157712806854,4.620480722854616,87,工况5,3,历史边界
103,节能,1.1462041156967064,2106.8017497427404,9.177802948042752,4.476553834347948,92,工况5,3,历史边界
104,节能,1.1455886666023227,2105.670512111355,9.106916658618493,4.80539769753781,92,工况5,3,历史边界
105,节能,1.1449197827209165,2104.4410576778705,9.221442253778195,4.285401348575567,93,工况5,3,历史边界
106,节能,1.14402475692127,2102.7959388941067,9.222497686741622,4.280880780728558,96,工况5,3,历史边界
107,节能,1.1437250160749552,2102.2449946679976,9.08984234173506,4.888151048616453,93,工况5,3,历史边界
108,节能,1.1436735520651011,2102.1504002894535,9.18420419962153,4.44798980734643,92,工况5,3,历史边界
109,节能,1.143579613159322,2101.9777341400704,9.177746454673988,4.476806737098098,93,工况5,3,历史边界
110,节能,1.143579613159322,2101.9777341400704,9.196097343069646,4.395402560205752,95,工况5,3,历史边界
111,节能,1.1425992558598286,2100.1757702091604,9.118771272873966,4.748767886958837,93,工况5,3,历史边界
112,节能,1.1425992558598286,2100.1757702091604,9.118410856550735,4.7504797288898875,94,工况5,3,历史边界
113,节能,1.1425992558598286,2100.1757702091604,9.126020468967447,4.714467612261419,88,工况5,3,历史边界
114,节能,1.1425992558598286,2100.1757702091604,9.251925412360931,4.156739748444831,83,工况5,3,历史边界
115,节能,1.1425735860030757,2100.126792928417,9.138712410804978,4.655009978093199,79,工况5,3,历史边界
116,节能,1.1414416575505313,2098.0480251503805,9.24941874983942,4.167172362242288,81,工况5,3,历史边界
117,节能,1.1410248076687715,2097.2818264879916,9.217103341220646,4.304035727536997,81,工况5,3,历史边界
118,节能,1.1404486996941758,2096.2229005320496,9.17914815339738,4.470535998679562,86,工况5,3,历史边界
119,节能,1.1404069901322915,2095.0826577455978,9.081338359083574,4.929897052396672,85,工况5,3,历史边界
120,节能,1.139902644651891,2095.219213926159,9.125064967172232,4.718974447330027,83,工况5,3,历史边界
121,节能,1.139902644651891,2095.219213926159,9.08202669946619,4.9265047728288165,86,工况5,3,历史边界
122,节能,1.139880598085999,2095.178467160754,9.083601264444727,4.918753774773362,83,工况5,3,历史边界
123,节能,1.139880598085999,2095.178467160754,9.156400504178745,4.573395655691631,78,工况5,3,历史边界
124,节能,1.139880598085999,2095.178467160754,9.138086105643794,4.657926348041285,70,工况5,3,历史边界
125,节能,1.139880598085999,2095.178467160754,9.079795511541056,4.937509002478127,65,工况5,3,历史边界
126,节能,1.1398802139938071,2095.1779848387287,9.176791696903118,4.481083044212907,68,工况5,3,历史边界
127,节能,1.1398799025341246,2095.1749558399497,9.137271882222935,4.661720485194548,61,工况5,3,历史边界
128,节能,1.1398799025341246,2095.1749558399497,9.109026818955677,4.7952682290720565,43,工况5,3,历史边界
129,节能,1.1398504408455927,2095.123259751029,9.14695540642077,4.616796464538805,35,工况5,3,历史边界
130,节能,1.1397354739384002,2094.9119426933435,9.121373278922674,4.736427625872467,39,工况5,3,历史边界
131,节能,1.1394646230325083,2094.4111970462714,9.18057667466287,4.464154302217109,45,工况5,3,历史边界
132,节能,1.1394496521853923,2094.386582715042,9.24968268210023,4.166072656149872,56,工况5,3,历史边界
133,节能,1.1394496521853923,2094.386582715042,9.192432210579986,4.411541851187314,68,工况5,3,历史边界
134,节能,1.1392053667125068,2093.937569267381,9.120015336800972,4.742863789431805,68,工况5,3,历史边界
135,节能,1.1389144059834204,2093.4027634987133,9.101677634592054,4.830639354621031,63,工况5,3,历史边界
136,节能,1.1387905426346483,2093.1600393872304,9.117501361115997,4.754802233867445,55,工况5,3,历史边界
137,节能,1.1387905426346483,2093.1600393872304,9.113183159189196,4.77537882499895,72,工况5,3,历史边界
138,节能,1.1387905426346483,2093.1600393872304,9.125961084013014,4.714747589018871,88,工况5,3,历史边界
139,节能,1.138609362087297,2092.842071903473,9.178733751925853,4.472388979288359,88,工况5,3,历史边界
140,节能,1.1369564137528192,2089.401872822805,9.120655840602286,4.739826939806243,77,工况5,3,历史边界
141,节能,1.1369564137528192,2089.401872822805,9.076711702645316,4.952758838367215,71,工况5,3,历史边界
142,节能,1.1367639311093884,2089.4500432411746,9.247962782754463,4.1732440470530845,59,工况5,3,历史边界
143,节能,1.136752551772736,2089.4268373274435,9.145286816019642,4.624506437408017,51,工况5,3,历史边界
144,节能,1.1360604956407823,2088.1570806215195,9.118565180147144,4.749746674338722,39,工况5,3,历史边界
145,节能,1.1357336241964187,2087.1748474202723,9.126712632662684,4.711205558005837,36,工况5,3,历史边界
146,节能,1.1357336241964187,2087.1748474202723,9.162794469341023,4.544246810852146,42,工况5,3,历史边界
147,节能,1.1355608672259077,2087.238729339873,9.222798231205685,4.279594379028737,61,工况5,3,历史边界
148,节能,1.1349850352279824,2086.1803106479724,9.203523920846834,4.362880673865543,70,工况5,3,历史边界
149,节能,1.1349650940144191,2086.14365733025,9.119807329539729,4.743850442151,75,工况5,3,历史边界
150,节能,1.1349650940144191,2086.14365733025,9.162869356378181,4.543906518414271,73,工况5,3,历史边界
151,节能,1.1349650940144191,2086.14365733025,9.116306971949559,4.760484711013165,72,工况5,3,历史边界
152,节能,1.1339406865603505,2084.260726195101,9.13067723220366,4.692564491212316,89,工况5,3,历史边界
153,节能,1.1338047981928088,2084.010954058894,9.219635428920583,4.293151317566936,95,工况5,3,历史边界
154,节能,1.1331874278931553,2082.8761851205027,9.120914726918544,4.738600022293026,95,工况5,3,历史边界
155,节能,1.1330651564267193,2082.651441782119,9.176912596794581,4.480541314507414,86,工况5,3,历史边界
156,节能,1.1326880538678692,2081.958301424361,9.170681899481414,4.508545363015403,82,工况5,3,历史边界
157,节能,1.1326359447220253,2081.862521241636,9.173802359408231,4.494498555529932,81,工况5,3,历史边界
158,节能,1.1326359447220253,2081.862521241636,9.129294212610011,4.699058889753159,73,工况5,3,历史边界
159,节能,1.1319585223502748,2080.61737247749,9.249302792189344,4.1676556057742244,70,工况5,3,历史边界
160,节能,1.1318728283170583,2080.4598609691548,9.228476147507257,4.255364054313993,69,工况5,3,历史边界
161,节能,1.1315454127320188,2079.8580486758574,9.07661152767717,4.953255005677442,68,工况5,3,历史边界
162,节能,1.1315124651196447,2079.797488705387,9.12211634709319,4.732909444547888,77,工况5,3,历史边界
163,节能,1.131510031826798,2079.787037374353,9.179068296500137,4.470893016068389,82,工况5,3,历史边界
164,节能,1.1315047680428607,2079.77920502986,9.127940389775281,4.705424891226609,78,工况5,3,历史边界
165,节能,1.1315047680428607,2079.77920502986,9.102875080218368,4.82485838854058,68,工况5,3,历史边界
166,节能,1.1310870880449033,2079.0156164776636,9.120360710799558,4.741226010439519,53,工况5,3,历史边界
167,节能,1.1307969207563322,2078.482269107062,9.181242596085916,4.46118251582941,41,工况5,3,历史边界
168,节能,1.130418900082653,2077.744708307899,9.17518295271237,4.48829776229043,48,工况5,3,历史边界
169,节能,1.130418900082653,2077.744708307899,9.08339712159393,4.91975800569111,60,工况5,3,历史边界
170,节能,1.1304080637810034,2077.7675233259197,9.194029465377998,4.4045011192172066,81,工况5,3,历史边界
171,节能,1.1303271616411277,2077.6188196460826,9.119764969735003,4.744051394985506,84,工况5,3,历史边界
172,节能,1.130281250679272,2077.534432150483,9.1749055146478,4.4895431596871465,88,工况5,3,历史边界
173,节能,1.1302742507323775,2077.516984334941,9.210512865905072,4.332495045965186,82,工况5,3,历史边界
174,节能,1.1302730381813917,2077.5193370163206,9.076330687155739,4.9546462757493765,74,工况5,3,历史边界
175,节能,1.1302698741233188,2077.511847403979,9.090417973964591,4.885338081025132,63,工况5,3,历史边界
176,节能,1.1300756611668645,2077.156544531221,9.182235665632652,4.456754450382891,57,工况5,3,历史边界
177,节能,1.129878634666272,2076.794396314765,9.177010083918747,4.480104540710216,51,工况5,3,历史边界
178,节能,1.1295567945108445,2076.2028320433524,9.143476152492852,4.632887447848834,52,工况5,3,历史边界
179,节能,1.1292719449933464,2075.6792591005756,9.129165773809024,4.6996624700034575,61,工况5,3,历史边界
180,节能,1.1292719449933464,2075.6792591005756,9.253354804905369,4.150802380065201,72,工况5,3,历史边界
181,节能,1.1292719449933464,2075.6792591005756,9.16258989020965,4.545176564018256,83,工况5,3,历史边界
182,节能,1.1292719449933464,2075.6792591005756,9.116133560461376,4.7613103053330725,78,工况5,3,历史边界
183,节能,1.1292702544139492,2075.671908543727,9.234043308000599,4.231739581299069,82,工况5,3,历史边界
184,节能,1.1292700177499124,2075.6737051972045,9.17433114937777,4.4921225380381395,80,工况5,3,历史边界
185,节能,1.1292700177499124,2075.6737051972045,9.08854129073431,4.8945149213939,69,工况5,3,历史边界
186,节能,1.129061593938363,2075.2926194396023,9.155673497936595,4.57672175178095,60,工况5,3,历史边界
187,节能,1.129061593938363,2075.2926194396023,9.119521209860086,4.745207945314707,42,工况5,3,历史边界
188,节能,1.1289924881925173,2075.1655983407672,9.082496913025397,4.9241888080268374,16,工况5,3,历史边界
189,节能,1.1289191351170305,2075.03077035885,9.175169036506025,4.488360222802835,13,工况5,3,历史边界
190,节能,1.1288950702516645,2074.986537486392,9.105061849933504,4.814319062076551,28,工况5,3,历史边界
191,节能,1.1276961288245069,2072.7828009424525,9.174820935256045,4.489922898575668,53,工况5,3,历史边界
192,节能,1.1272438069223543,2071.6373087208362,9.161233090260737,4.551347644862508,71,工况5,3,历史边界
193,节能,1.1271009537624468,2071.688828372489,9.133051849752068,4.68143466499468,69,工况5,3,历史边界
194,节能,1.1271009537624468,2071.688828372489,9.09246655156837,4.8753403309253684,71,工况5,3,历史边界
195,节能,1.1265819675678181,2070.734896164462,9.137484390817843,4.660729934778353,79,工况5,3,历史边界
196,节能,1.1265819675678181,2070.734896164462,9.115446221813343,4.764584062882364,76,工况5,3,历史边界
197,节能,1.1264466059430593,2070.3770811476134,9.118692358971257,4.7491426455524905,70,工况5,3,历史边界
198,节能,1.1260860323395179,2069.823333212948,9.175035795884174,4.488958294552855,63,工况5,3,历史边界
199,节能,1.1258646626966957,2069.4164406320797,9.186208857510088,4.439082040986057,73,工况5,3,历史边界
200,节能,1.1258479632504748,2069.3857459049923,9.173081306733737,4.497740494397793,81,工况5,3,历史边界
201,节能,1.12565864833602,2069.037772112573,9.172584864939505,4.499973915094639,85,工况5,3,历史边界
202,节能,1.1252385727120546,2068.2656443148494,9.173397642937523,4.496317921261734,93,工况5,3,历史边界
203,节能,1.125236360372679,2068.261577883396,9.173114081649205,4.497593083748992,96,工况5,3,历史边界
204,节能,1.1252050528324795,2068.2040324780282,9.158508043007144,4.56376719650933,91,工况5,3,历史边界
205,节能,1.1249895573476267,2067.807937002247,9.16205325834904,4.547616305137467,86,工况5,3,历史边界
206,节能,1.1249744343973618,2067.7801399828127,9.144855447790338,4.6265017328839235,79,工况5,3,历史边界
207,节能,1.1246461729781483,2067.176772988312,9.101199820912631,4.8329480517046255,71,工况5,3,历史边界
208,节能,1.1246325460932358,2067.151725839568,9.16005148626854,4.556728713929821,70,工况5,3,历史边界
209,节能,1.123680446923608,2065.0264232252216,9.172931471227077,4.498414466114781,68,工况5,3,历史边界
210,节能,1.123680446923608,2065.0264232252216,9.083344132975036,4.9200187037800776,61,工况5,3,历史边界
211,节能,1.1233488466668646,2064.6532155644168,9.119409388145057,4.745738592273694,67,工况5,3,历史边界
212,节能,1.1230049339522215,2063.776617601112,9.173716682105496,4.494883648539947,73,工况5,3,历史边界
213,节能,1.122877322655267,2063.8036087102996,9.191713608629195,4.41471313307578,57,工况5,3,历史边界
214,节能,1.1228453504025369,2063.8667376278404,9.138289723208295,4.656978008975191,46,工况5,3,历史边界
215,节能,1.1228353675241054,2063.8483884128455,9.074490406952767,4.9637726081321425,55,工况5,3,历史边界
216,节能,1.122829042886415,2063.8357749711954,9.219462269345064,4.293894782193878,58,工况5,3,历史边界
217,节能,1.122829042886415,2063.8357749711954,9.119548045702558,4.745080605370432,55,工况5,3,历史边界
218,节能,1.1228247194428147,2063.828740155227,9.069706712855437,4.9875746633437,53,工况5,3,历史边界
219,节能,1.1227167907462867,2063.6304361654525,9.080949535380237,4.9318142859344265,34,工况5,3,历史边界
220,节能,1.1227167907462867,2063.6304361654525,9.170290090029079,4.51031219981399,35,工况5,3,历史边界
221,节能,1.1227167907462867,2063.6304361654525,9.221169661480442,4.286569675207154,29,工况5,3,历史边界
222,节能,1.1227112618785982,2063.6202737275753,9.172684326319866,4.499526363734865,29,工况5,3,历史边界
223,节能,1.1227112618785982,2063.6202737275753,9.119148725488323,4.746975790341984,32,工况5,3,历史边界
224,节能,1.1227036720125496,2063.605198398027,9.248755064616715,4.169938970936672,31,工况5,3,历史边界
225,节能,1.1227030368490165,2063.6030422902595,9.132961600843622,4.681857178428559,30,工况5,3,历史边界
226,节能,1.1227030368490165,2063.6030422902595,9.172529627128268,4.500222490669654,29,工况5,3,历史边界
227,节能,1.1227030368490165,2063.6030422902595,9.10107442237076,4.833554134343398,18,工况5,3,历史边界
228,节能,1.1221269120974044,2062.3541174400425,9.117261748612135,4.75594168044344,12,工况5,3,历史边界
229,节能,1.1221269120974044,2062.3541174400425,9.134114559755877,4.676462300102929,11,工况5,3,历史边界
230,节能,1.1221269120974044,2062.3541174400425,9.102550232151092,4.826425989065192,32,工况5,3,历史边界
231,节能,1.1218217867578228,2061.977103388975,9.128534844881335,4.702628558603316,46,工况5,3,历史边界
232,节能,1.121820870600369,2061.980335707848,9.110386770146809,4.788751330668406,41,工况5,3,历史边界
233,节能,1.121820870600369,2061.980335707848,9.103406161196197,4.822296678327698,17,工况5,3,历史边界
234,节能,1.121820858406745,2061.9786133391544,9.14833433878766,4.610434601759824,5,工况5,3,历史边界
235,节能,1.121820858406745,2061.9786133391544,9.17537349816366,4.487442619042208,2,工况5,3,历史边界
236,节能,1.121820858406745,2061.9786133391544,9.119379991767579,4.7458781018472935,3,工况5,3,历史边界
237,节能,1.1218208403101828,2061.9793729256758,9.23029060326848,4.247649885115324,5,工况5,3,历史边界
238,节能,1.1218208162355758,2061.9802705874667,9.17509355442578,4.488699026355978,9,工况5,3,历史边界
239,节能,1.1218207999794745,2061.9799603981264,9.17182387093513,4.503399671588623,5,工况5,3,历史边界
240,节能,1.1218207999794745,2061.9799603981264,9.172727404647846,4.499332535837333,2,工况5,3,历史边界
241,节能,1.12182078315136,2061.9799639412427,9.156061367023886,4.574946927114365,5,工况5,3,历史边界
242,节能,1.12182078315136,2061.9799639412427,9.172730006241114,4.499320830419324,4,工况5,3,历史边界
243,节能,1.12182078315136,2061.9799639412427,9.125425776945356,4.717272102360128,2,工况5,3,历史边界
244,节能,1.12182078315136,2061.9799639412427,9.136009741463246,4.667607947250546,2,工况5,3,历史边界
245,节能,1.12182078315136,2061.9799639412427,9.17273039790778,4.499319068185684,4,工况5,3,历史边界
246,节能,1.121820781752316,2061.979963370195,9.149281963737142,4.606067708318614,9,工况5,3,历史边界
247,节能,1.121820781752316,2061.979963370195,9.173447314081441,4.496094589553783,7,工况5,3,历史边界
248,节能,1.121820781752316,2061.979963370195,9.135688623765558,4.66910703944791,8,工况5,3,历史边界
249,节能,1.1218207816117083,2061.979903143976,9.147341812869943,4.615012849232806,4,工况5,3,历史边界
250,节能,1.121820781330402,2061.979894706393,9.14954179196306,4.604871077383483,2,工况5,3,历史边界
251,节能,1.1218207813122643,2061.9798874957733,9.248598460285397,4.1705920525772235,3,工况5,3,历史边界
252,节能,1.1218207812789798,2061.979921077517,9.219050425866387,4.295663558962637,5,工况5,3,历史边界
253,节能,1.1218207811946235,2061.9799083192643,9.124697236553072,4.720710077828026,3,工况5,3,历史边界
254,节能,1.121820781069794,2061.979909770965,9.119200853162333,4.746728347984804,4,工况5,3,历史边界
255,节能,1.121820781069794,2061.979909770965,9.119200814619141,4.746728530938868,3,工况5,3,历史边界
256,节能,1.1218207809848757,2061.979889726269,9.135687439645869,4.669112568232761,2,工况5,3,历史边界
257,节能,1.1218207808352514,2061.97989517104,9.172595273507401,4.499927077054374,3,工况5,3,历史边界
258,节能,1.121676430905121,2061.718183449105,9.13637059842825,4.665923912279019,3,工况5,3,历史边界
259,节能,1.1216059594290269,2061.5842341857056,9.152494150475917,4.59129589631883,12,工况5,3,历史边界
260,节能,1.1216059594290269,2061.5842341857056,9.106669186882547,4.806587044806778,20,工况5,3,历史边界
261,节能,1.1216059594290269,2061.5842341857056,9.119604040081482,4.744814914967645,31,工况5,3,历史边界
262,节能,1.1216059594290269,2061.5842341857056,9.139543838595005,4.65114128192817,34,工况5,3,历史边界
263,节能,1.1216059435393833,2061.584839148011,9.19624339420262,4.394760653558694,23,工况5,3,历史边界
264,节能,1.1216059435393833,2061.584839148011,9.223355296351984,4.277211030061834,20,工况5,3,历史边界
265,节能,1.121605943431368,2061.5849180476844,9.172725421657296,4.499341457980081,11,工况5,3,历史边界
266,节能,1.121605943402119,2061.584839717432,9.119079518358975,4.747304326277902,4,工况5,3,历史边界
267,节能,1.1216059433658974,2061.584856240747,9.100980485505707,4.834008204592475,2,工况5,3,历史边界
268,节能,1.1216059433275607,2061.5848907353825,9.15935845619244,4.559887758507215,4,工况5,3,历史边界
269,节能,1.1216059432915741,2061.58489427392,9.172729231041801,4.499324318291091,2,工况5,3,历史边界
270,节能,1.1216059432915741,2061.58489427392,9.096925747553371,4.853648632607122,2,工况5,3,历史边界
271,节能,1.1216059432915741,2061.58489427392,9.114829016926146,4.767525695152961,2,工况5,3,历史边界
272,节能,1.1216059432915741,2061.58489427392,9.09510159320759,4.862510517118405,2,工况5,3,历史边界
273,节能,1.1216059432915741,2061.58489427392,9.232971741234437,4.236276603224261,8,工况5,3,历史边界
274,节能,1.121605943291184,2061.5848937268684,9.172729136997662,4.499324741426196,4,工况5,3,历史边界
275,节能,1.1216059432880192,2061.5848931479186,9.140200406680552,4.648088493292544,7,工况5,3,历史边界
276,节能,1.1216059432877177,2061.584893672813,9.1189537873436,4.74790124719609,5,工况5,3,历史边界
277,节能,1.1216059432877177,2061.584893672813,9.201777853109881,4.370505213594658,5,工况5,3,历史边界
278,节能,1.121605943287056,2061.5848944798026,9.170143972100242,4.510971285441977,5,工况5,3,历史边界
279,节能,1.1216059432865833,2061.5848941894083,9.09901572873228,4.843515191355276,2,工况5,3,历史边界
280,节能,1.121605943285806,2061.584893311383,9.121841939136456,4.734208370767669,3,工况5,3,历史边界
281,节能,1.1216059432855414,2061.5848939528473,9.119200175557111,4.746731564393808,5,工况5,3,历史边界
282,节能,1.1216059432853178,2061.584894006129,9.168325325805453,4.519182611141444,5,工况5,3,历史边界
283,节能,1.1216059432851058,2061.5848934563396,9.168731703473,4.517346489357423,3,工况5,3,历史边界
284,节能,1.1216059432850398,2061.5848938116287,9.088014339867218,4.897094769942743,3,工况5,3,历史边界
285,节能,1.1216059432850398,2061.5848938116287,9.172729173957663,4.49932457513115,6,工况5,3,历史边界
286,节能,1.1216059432850398,2061.5848938116287,9.141878010431236,4.640297379630682,2,工况5,3,历史边界
287,节能,1.1216059432850172,2061.584893612133,9.120778326867852,4.739246411659047,6,工况5,3,历史边界
288,节能,1.1216059432850172,2061.584893612133,9.247548427911601,4.174973609235913,4,工况5,3,历史边界
289,节能,1.121605943284924,2061.584893808727,9.172906669132582,4.4985260375990475,3,工况5,3,历史边界
290,节能,1.121605943284924,2061.584893808727,9.247425483431687,4.175486930749332,7,工况5,3,历史边界
291,节能,1.1216059432849093,2061.584893759635,9.172621886385341,4.499807322637843,5,工况5,3,历史边界
292,节能,1.1216059432849006,2061.5848937887313,9.203985932660133,4.360865437021662,6,工况5,3,历史边界
293,节能,1.1216059432848982,2061.5848937834708,9.096161688716107,4.857358522844569,3,工况5,3,历史边界
294,节能,1.121605943284886,2061.584893785292,9.174837971685395,4.489846406972993,2,工况5,3,历史边界
295,节能,1.1216059432848813,2061.5848937830942,9.129072310824672,4.700101735010544,1,工况5,3,历史边界
296,节能,1.1216059432848795,2061.5848937856017,9.172289711906796,4.501302292070395,4,工况5,3,历史边界
297,节能,1.1216059432848795,2061.5848937856017,9.2254284520998,4.268352890754122,2,工况5,3,历史边界
298,节能,1.1216059432848795,2061.5848937856017,9.1171275786775,4.756579827636957,2,工况5,3,历史边界
299,节能,1.1216059432848784,2061.5848937846245,9.121308972586862,4.736732217971421,3,工况5,3,历史边界
300,节能,1.1216059432848777,2061.5848937846513,9.118829874319909,4.748489610447997,3,工况5,3,历史边界
0,节能,1.2683518087325685,2115.038618345772,9.367571538619742,4.00183121202075,2,工况6,1,历史边界
1,节能,1.2683518087325685,2115.038618345772,9.5185479806596,3.4410464211582164,6,工况6,1,历史边界
2,节能,1.243687896990324,2073.9103403276677,9.389620857613956,3.914559238597118,12,工况6,1,历史边界
3,节能,1.243687896990324,2073.9103403276677,9.55905015995726,3.3044612123349957,25,工况6,1,历史边界
4,节能,1.2339660045588554,2057.698609643492,9.55905015995726,3.3044612123349957,43,工况6,1,历史边界
5,节能,1.2099699467333689,2017.6840106658801,9.594061339939634,3.190769971492268,65,工况6,1,历史边界
6,节能,1.2036944115980484,2007.2192491773055,9.509456946286937,3.472471720254675,85,工况6,1,历史边界
7,节能,1.2008847997261027,2002.5340840907625,9.547421171860911,3.3431130577794335,88,工况6,1,历史边界
8,节能,1.2008847997261027,2002.5340840907625,9.660161236074298,2.986679878490569,91,工况6,1,历史边界
9,节能,1.1976124013996137,1997.077199977473,9.454584515730323,3.6683394078942504,95,工况6,1,历史边界
10,节能,1.1944054900222114,1991.7295185517683,9.346557335896888,4.086816324154349,94,工况6,1,历史边界
11,节能,1.1909715152225424,1986.0031977741096,9.388087088410083,3.9205678757574125,91,工况6,1,历史边界
12,节能,1.1908707919952235,1985.8352368707726,9.338247616311472,4.120918113728286,94,工况6,1,历史边界
13,节能,1.1908707919952235,1985.8352368707726,9.358884737024997,4.036745754069487,89,工况6,1,历史边界
14,节能,1.1890423612322398,1982.7862392282761,9.276340375179016,4.3840950161642525,87,工况6,1,历史边界
15,节能,1.1884820529901847,1981.851897855508,9.335985805601904,4.130249399273886,84,工况6,1,历史边界
16,节能,1.1884820529901847,1981.851897855508,9.27851348669953,4.374578233038302,75,工况6,1,历史边界
17,节能,1.1883552715053751,1981.6404835344836,9.222973806244367,4.62441460814012,82,工况6,1,历史边界
18,节能,1.1883552715053751,1981.6404835344836,9.26162780637601,4.449073141205039,86,工况6,1,历史边界
19,节能,1.1881023062796083,1981.2186516595166,9.308794245343503,4.244098172875587,77,工况6,1,历史边界
20,节能,1.1879363766711835,1980.9419559294129,9.301029930538139,4.27717894573368,83,工况6,1,历史边界
21,节能,1.1871502182148694,1979.630998288327,9.245015797566785,4.523598477370868,83,工况6,1,历史边界
22,节能,1.186222018388564,1978.0831797220098,9.454054937046568,3.6702825967397317,92,工况6,1,历史边界
23,节能,1.186222018388564,1978.0831797220098,9.272982128277622,4.398842638886772,94,工况6,1,历史边界
24,节能,1.186222018388564,1978.0831797220098,9.349579306650721,4.074484726994109,89,工况6,1,历史边界
25,节能,1.186222018388564,1978.0831797220098,9.258373520088613,4.463575283182382,91,工况6,1,历史边界
26,节能,1.1861932149804684,1978.0351486315483,9.2862407765745,4.34090486843129,90,工况6,1,历史边界
27,节能,1.1861681322977649,1977.9915742743208,9.290944904245546,4.3205326520434815,83,工况6,1,历史边界
28,节能,1.1861681322977649,1977.9915742743208,9.14843062176652,4.982306698263605,88,工况6,1,历史边界
29,节能,1.1861681322977649,1977.9915742743208,9.23455685358271,4.571158822394928,75,工况6,1,历史边界
30,节能,1.1861681322977649,1977.9915742743208,9.319570037210266,4.19861017904211,67,工况6,1,历史边界
31,节能,1.1861681322977649,1977.9915742743208,9.34733813880891,4.083626571513679,59,工况6,1,历史边界
32,节能,1.1861681322977646,1977.9915742743206,9.24728937325176,4.513325416579982,56,工况6,1,历史边界
33,节能,1.1861681322977646,1977.9915742743206,9.386413848640142,3.927133417178579,47,工况6,1,历史边界
34,节能,1.1861681322977646,1977.9915742743206,9.145412651467142,4.997365864529534,26,工况6,1,历史边界
35,节能,1.1861681322977646,1977.9915742743206,9.144907452559503,4.999891166141465,9,工况6,1,历史边界
36,节能,1.1861681322977646,1977.9915742743206,9.250190365537076,4.500251267537189,5,工况6,1,历史边界
37,节能,1.1861681322977646,1977.9915742743206,9.262829953345209,4.443727914930103,5,工况6,1,历史边界
38,节能,1.1861681322977646,1977.9915742743206,9.269450611254147,4.4144046891987365,4,工况6,1,历史边界
39,节能,1.1851149086297312,1976.2370201008725,9.31011104733837,4.238513213884711,7,工况6,1,历史边界
40,节能,1.1851149086297312,1976.2370201008725,9.157707938713036,4.936298008489252,5,工况6,1,历史边界
41,节能,1.1842930237419667,1974.866486889591,9.228953186124516,4.596845980262512,17,工况6,1,历史边界
42,节能,1.1841555015752414,1974.6371619566348,9.311690377448054,4.2318244855910265,28,工况6,1,历史边界
43,节能,1.1834122175804083,1973.337735499867,9.31443321494463,4.22023318251031,53,工况6,1,历史边界
44,节能,1.1833890269939467,1973.3586142389495,9.283433532167543,4.353107969874465,79,工况6,1,历史边界
45,节能,1.1833890269939467,1973.3586142389495,9.2339251011628,4.574047575435052,76,工况6,1,历史边界
46,节能,1.1832063118237113,1973.054341664345,9.36682260383347,4.0048294452246544,72,工况6,1,历史边界
47,节能,1.1832063118237113,1973.054341664345,9.298786765444161,4.286784133228494,55,工况6,1,历史边界
48,节能,1.1828503619737445,1972.46077789624,9.385337303390168,3.9313634304967,32,工况6,1,历史边界
49,节能,1.1828503619737445,1972.46077789624,9.413835695131443,3.8209072822245007,18,工况6,1,历史边界
50,节能,1.1828503619737445,1972.46077789624,9.240570695372414,4.543751091921826,22,工况6,1,历史边界
51,节能,1.1827047989017503,1972.2180443608336,9.27679189647207,4.382115950742398,28,工况6,1,历史边界
52,节能,1.1825222375498945,1971.9136143858582,9.222751677809569,4.625441936214047,38,工况6,1,历史边界
53,节能,1.182388340277126,1971.6903341407033,9.301924594126776,4.27335402073454,55,工况6,1,历史边界
54,节能,1.1823502890466961,1971.601524623212,9.26663178888913,4.426865666254298,77,工况6,1,历史边界
55,节能,1.1800592369915948,1967.806440601783,9.232817729808174,4.579115550241958,87,工况6,1,历史边界
56,节能,1.1800438646808988,1967.7808065225383,9.209398904233732,4.687618606757088,89,工况6,1,历史边界
57,节能,1.1799852331046672,1967.6830355041736,9.238542363057928,4.552976682209063,93,工况6,1,历史边界
58,节能,1.1799518720037916,1967.6274042382922,9.15942271695355,4.927840605433361,92,工况6,1,历史边界
59,节能,1.1791976143653682,1966.3696427698542,9.322725188032921,4.185383807252963,94,工况6,1,历史边界
60,节能,1.1791857554307301,1966.3498674168652,9.397785941987328,3.882726666799245,92,工况6,1,历史边界
61,节能,1.1791857554307301,1966.3498674168652,9.316118019232311,4.213128901891125,97,工况6,1,历史边界
62,节能,1.1791816429122344,1966.3430095913175,9.325446922823753,4.174007790804294,91,工况6,1,历史边界
63,节能,1.179160528249098,1966.3077998587817,9.19877243221473,4.737697062124565,95,工况6,1,历史边界
64,节能,1.179160528249098,1966.3077998587817,9.302663478267329,4.270197673452726,97,工况6,1,历史边界
65,节能,1.1788122081148862,1965.72695901452,9.254314590504684,4.481729439245942,97,工况6,1,历史边界
66,节能,1.1788040487426514,1965.7133528626155,9.309643553457295,4.240495156113894,94,工况6,1,历史边界
67,节能,1.1787876575269445,1965.679408679347,9.238809676920905,4.551759771079949,98,工况6,1,历史边界
68,节能,1.1787871913524464,1965.6851066703105,9.321158408982335,4.191946518737754,93,工况6,1,历史边界
69,节能,1.1787871015290756,1965.680075317705,9.233451904173357,4.576212513157926,83,工况6,1,历史边界
70,节能,1.1787867238643772,1965.683827640523,9.410528937943246,3.833563008019401,72,工况6,1,历史边界
71,节能,1.1784122796472534,1965.0598050039334,9.352116634548672,4.064159527973793,50,工况6,1,历史边界
72,节能,1.1784122796472534,1965.0598050039334,9.27980614657995,4.368927044581906,14,工况6,1,历史边界
73,节能,1.1784122796472534,1965.0598050039334,9.320333507482088,4.195405888333434,12,工况6,1,历史边界
74,节能,1.1784122796472534,1965.0598050039334,9.396726240205687,3.8868433800246005,22,工况6,1,历史边界
75,节能,1.1784117944106633,1965.0580277529186,9.27691645697698,4.381570146160547,33,工况6,1,历史边界
76,节能,1.1784117944106633,1965.0580277529186,9.236192413313844,4.563688529820542,61,工况6,1,历史边界
77,节能,1.1784116348479072,1965.0558664207342,9.325179739977932,4.175123163081856,72,工况6,1,历史边界
78,节能,1.178411586323078,1965.056569180808,9.244581962817694,4.525561397341943,65,工况6,1,历史边界
79,节能,1.178411586323078,1965.056569180808,9.248304579712443,4.508745784487283,35,工况6,1,历史边界
80,节能,1.1784115854695103,1965.0568952252838,9.236881874058676,4.560543130166984,11,工况6,1,历史边界
81,节能,1.1784115833963091,1965.0569398553635,9.253085416819658,4.487241650174361,7,工况6,1,历史边界
82,节能,1.1784115809549482,1965.0568258324424,9.197789172687195,4.742357738851378,3,工况6,1,历史边界
83,节能,1.1779921247952,1964.359430006042,9.329585395610449,4.156769467918995,7,工况6,1,历史边界
84,节能,1.1771336254559444,1962.927840407755,9.198106525237103,4.740852978312802,11,工况6,1,历史边界
85,节能,1.177056035259221,1962.798454963318,9.168858568453015,4.881560920760069,16,工况6,1,历史边界
86,节能,1.1769234220523581,1962.577315960806,9.175275269543311,4.8503376856929155,54,工况6,1,历史边界
87,节能,1.1767818564504955,1962.341248402178,9.229881095802703,4.592582500756147,85,工况6,1,历史边界
88,节能,1.1767375891168608,1962.2674304602442,9.277782928162058,4.377775286189336,93,工况6,1,历史边界
89,节能,1.176565870121199,1961.9810806440278,9.201734136322388,4.723686163584314,97,工况6,1,历史边界
90,节能,1.1765290046875512,1961.9196057320119,9.298699964086634,4.287156248060488,95,工况6,1,历史边界
91,节能,1.1765290046875512,1961.9196057320119,9.287291787794967,4.336344925402986,97,工况6,1,历史边界
92,节能,1.1755973153826391,1960.365968289607,9.268842581727075,4.417089593762123,95,工况6,1,历史边界
93,节能,1.1745310534219606,1958.587924367896,9.285486007886236,4.34418248427002,95,工况6,1,历史边界
94,节能,1.174284440466047,1958.1766852133094,9.313166932165878,4.2255805760532885,94,工况6,1,历史边界
95,节能,1.1742733733497468,1958.1582302560905,9.29538537261531,4.301389996094852,95,工况6,1,历史边界
96,节能,1.174265890738602,1958.1457526363733,9.276368551608664,4.383971489759734,94,工况6,1,历史边界
97,节能,1.1721003965283083,1954.5346852250748,9.326770738504491,4.168485829675101,96,工况6,1,历史边界
98,节能,1.1721003072426168,1954.5345363368215,9.302754078591969,4.269810809682491,96,工况6,1,历史边界
99,节能,1.1720933519237713,1954.5229380027786,9.302683382283899,4.270112680213333,94,工况6,1,历史边界
100,节能,1.1720806073529098,1954.501685808111,9.2585735813343,4.4626823840712415,96,工况6,1,历史边界
101,节能,1.1720806073529098,1954.501685808111,9.296633584415757,4.296024299802782,93,工况6,1,历史边界
102,节能,1.1720806073529098,1954.501685808111,9.288947325447916,4.329171882362552,94,工况6,1,历史边界
103,节能,1.1720806073529098,1954.501685808111,9.316874688183876,4.209942163867028,93,工况6,1,历史边界
104,节能,1.1720806073529098,1954.501685808111,9.31945189253038,4.1991062518012825,93,工况6,1,历史边界
105,节能,1.1704163530828393,1951.7264604899374,9.343723238801854,4.098415186814452,98,工况6,1,历史边界
106,节能,1.1704087600632493,1951.7137987587428,9.303730081159047,4.265645496380189,99,工况6,1,历史边界
107,节能,1.170387767675752,1951.6787929268096,9.20237537338299,4.720658131900395,93,工况6,1,历史边界
108,节能,1.170379957697933,1951.6657694071664,9.3148305068655,4.218556850981251,97,工况6,1,历史边界
109,节能,1.1703792129097377,1951.664527436457,9.162844549270586,4.91100717820426,94,工况6,1,历史边界
110,节能,1.1703790808183638,1951.6643071676367,9.320115755531946,4.196319545618976,94,工况6,1,历史边界
111,节能,1.1703790808183638,1951.6643071676367,9.305046798458676,4.26003254330818,96,工况6,1,历史边界
112,节能,1.1702120954047275,1951.3858508307517,9.296570370779998,4.29629587570164,97,工况6,1,历史边界
113,节能,1.1702120954047275,1951.3858508307517,9.278927886982544,4.3727657821464865,96,工况6,1,历史边界
114,节能,1.1702120954047275,1951.3858508307517,9.229328394124426,4.595121530410282,96,工况6,1,历史边界
115,节能,1.1702120954047275,1951.3858508307517,9.253993117035368,4.483170427964727,95,工况6,1,历史边界
116,节能,1.1697166992752153,1950.559753577542,9.316428084541238,4.211822759281832,96,工况6,1,历史边界
117,节能,1.1682388394685255,1948.0953501351144,9.258616230874818,4.4624920567767985,96,工况6,1,历史边界
118,节能,1.1681989481749913,1948.028829453881,9.296934166330358,4.294733186645927,95,工况6,1,历史边界
119,节能,1.1681851005472148,1948.0057378579072,9.237889023615383,4.555952293392767,96,工况6,1,历史边界
120,节能,1.168174471149964,1947.988012818592,9.24216044677598,4.536533395937262,93,工况6,1,历史边界
121,节能,1.1672584607384595,1946.3982325461463,9.268089406287611,4.42041769032102,97,工况6,1,历史边界
122,节能,1.1672584607384595,1946.3982325461463,9.234059230757838,4.573434101429504,90,工况6,1,历史边界
123,节能,1.1672584607384595,1946.3982325461463,9.234701664828105,4.570496915119923,90,工况6,1,历史边界
124,节能,1.1672584607384595,1946.3982325461463,9.314898715571529,4.218269118490178,86,工况6,1,历史边界
125,节能,1.1672584607384595,1946.3982325461463,9.349644280715044,4.074219999761671,76,工况6,1,历史边界
126,节能,1.1672584607384595,1946.3982325461463,9.263316555620479,4.4415661128275845,68,工况6,1,历史边界
127,节能,1.1672584607384595,1946.3982325461463,9.272589954970883,4.400568085865299,60,工况6,1,历史边界
128,节能,1.1672584607384595,1946.3982325461463,9.358464696368006,4.038441707567906,45,工况6,1,历史边界
129,节能,1.1672584607384595,1946.3982325461463,9.269608485842491,4.41370782188591,20,工况6,1,历史边界
130,节能,1.1672584607384595,1946.3982325461463,9.241880251071992,4.537804691203221,6,工况6,1,历史边界
131,节能,1.1672584607384595,1946.3982325461463,9.26256607352023,4.444900679802241,10,工况6,1,历史边界
132,节能,1.1672584607384593,1946.3982325461461,9.210780635414656,4.681146050659915,4,工况6,1,历史边界
133,节能,1.1672584607384593,1946.3982325461461,9.312846581462512,4.226934460610311,7,工况6,1,历史边界
134,节能,1.1672584607384593,1946.3982325461461,9.230877079688296,4.58801063972003,5,工况6,1,历史边界
135,节能,1.1672584607384593,1946.3982325461461,9.223721986465192,4.62095600658739,3,工况6,1,历史边界
136,节能,1.1672584607384593,1946.3982325461461,9.285098964975468,4.345864194729701,6,工况6,1,历史边界
137,节能,1.167202439803772,1946.3671030510623,9.297145305370343,4.293826496526116,6,工况6,1,历史边界
138,节能,1.1661071870580775,1944.5407155787188,9.177830550005549,4.837959534129053,7,工况6,1,历史边界
139,节能,1.1657358251431864,1943.921451439251,9.24713627611774,4.514016446662176,17,工况6,1,历史边界
140,节能,1.1656532132778459,1943.783692117014,9.27663477452055,4.382804531446516,36,工况6,1,历史边界
141,节能,1.1656289086155458,1943.7414175133756,9.318639937203717,4.2025171230398,69,工况6,1,历史边界
142,节能,1.1654877291855288,1943.5077393067902,9.269742869714367,4.413114730591322,91,工况6,1,历史边界
143,节能,1.1654877291855288,1943.5077393067902,9.298256922358128,4.289056057991465,95,工况6,1,历史边界
144,节能,1.1652298918677775,1943.077782980367,9.278459918847739,4.374812576073311,95,工况6,1,历史边界
145,节能,1.1643731052982784,1941.6490495093426,9.259545831394291,4.458345649392498,95,工况6,1,历史边界
146,节能,1.164365759746363,1941.6368004425876,9.270788968775665,4.408500589259487,96,工况6,1,历史边界
147,节能,1.1643481648480611,1941.5916451279957,9.23922232096046,4.549881902013312,93,工况6,1,历史边界
148,节能,1.1643481648480611,1941.5916451279957,9.328991642725239,4.159238294647692,89,工况6,1,历史边界
149,节能,1.1643419531437464,1941.5908507484105,9.277717336312651,4.378062441984079,67,工况6,1,历史边界
150,节能,1.1643404985051338,1941.5946760884617,9.26554034186712,4.431699993328608,52,工况6,1,历史边界
151,节能,1.1643400943246411,1941.5932096714207,9.214681240869295,4.662922311754194,33,工况6,1,历史边界
152,节能,1.1643400943246411,1941.5932096714207,9.393824626811716,3.898137875040991,30,工况6,1,历史边界
153,节能,1.1643384845610616,1941.5904487681644,9.241693271850231,4.538653245721445,28,工况6,1,历史边界
154,节能,1.1639920522413885,1941.0136249170396,9.170043398015341,4.8757805281371045,29,工况6,1,历史边界
155,节能,1.1639539644197296,1940.9501116132838,9.278899878588865,4.372888258007147,38,工况6,1,历史边界
156,节能,1.1639463256103282,1940.9373335835487,9.33551544919798,4.132192545478448,54,工况6,1,历史边界
157,节能,1.1639437197189382,1940.9329459969017,9.303809093329466,4.26530847178598,74,工况6,1,历史边界
158,节能,1.1639437197189382,1940.9329459969017,9.269211467098833,4.415460494519153,87,工况6,1,历史边界
159,节能,1.1639437197189382,1940.9329459969017,9.257375142001385,4.468033844230288,80,工况6,1,历史边界
160,节能,1.1639437197189382,1940.9329459969017,9.318507889848274,4.203072090952317,72,工况6,1,历史边界
161,节能,1.1639437197189382,1940.9329459969017,9.275046704036686,4.3897702635322675,47,工况6,1,历史边界
162,节能,1.163943247481073,1940.9315950562152,9.217177210773476,4.651298310611692,18,工况6,1,历史边界
163,节能,1.163943131369515,1940.928745398669,9.231325962315807,4.585951623611878,11,工况6,1,历史边界
164,节能,1.1639430443176546,1940.929355740009,9.248726841752319,4.506842314204948,16,工况6,1,历史边界
165,节能,1.1639430030230578,1940.9297524859537,9.329480797843742,4.157204279461819,12,工况6,1,历史边界
166,节能,1.1639429580497989,1940.9294004076223,9.252315143263578,4.49069938528723,5,工况6,1,历史边界
167,节能,1.1639429580497989,1940.9294004076223,9.46349921298282,3.6357826052849536,4,工况6,1,历史边界
168,节能,1.1639429580497989,1940.9294004076223,9.254084165628365,4.482762260186926,7,工况6,1,历史边界
169,节能,1.1639429522009748,1940.9294993611709,9.37755169529299,3.962090946438603,6,工况6,1,历史边界
170,节能,1.1639429522009748,1940.9294993611709,9.27153074057034,4.4052317004002335,6,工况6,1,历史边界
171,节能,1.1639429522009748,1940.9294993611709,9.29991341333968,4.281957156568381,8,工况6,1,历史边界
172,节能,1.1639429522009748,1940.9294993611709,9.353374935634921,4.059048807711807,4,工况6,1,历史边界
173,节能,1.1639429501377567,1940.9295222960732,9.221241913700517,4.632430536679447,2,工况6,1,历史边界
174,节能,1.1639429486223825,1940.9296961221712,9.21278809501888,4.67175826501462,5,工况6,1,历史边界
175,节能,1.163722257809086,1940.5637295178249,9.243931454488681,4.5285062704527705,6,工况6,1,历史边界
176,节能,1.1636484452124216,1940.4406434060766,9.33036973667384,4.15351042120342,9,工况6,1,历史边界
177,节能,1.1635608634807757,1940.294596588926,9.478757019202092,3.5807296009015737,32,工况6,1,历史边界
178,节能,1.1635533658157426,1940.282093866114,9.230443736745704,4.5899992525958515,66,工况6,1,历史边界
179,节能,1.1635533658157426,1940.282093866114,9.31548481691433,4.21579750967291,89,工况6,1,历史边界
180,节能,1.1635529042436747,1940.2813241721367,9.262727994706651,4.444181014476745,90,工况6,1,历史边界
181,节能,1.1635529042436747,1940.2813241721367,9.399906700208021,3.874501067638412,96,工况6,1,历史边界
182,节能,1.1635529042436747,1940.2813241721367,9.344672998219034,4.094524526283462,94,工况6,1,历史边界
183,节能,1.1635529042436747,1940.2813241721367,9.320973046713977,4.192723619473653,94,工况6,1,历史边界
184,节能,1.1635529042436747,1940.2813241721367,9.266430653021699,4.427756157271923,96,工况6,1,历史边界
185,节能,1.1635529042436747,1940.2813241721367,9.281898651025026,4.359794603489955,92,工况6,1,历史边界
186,节能,1.1634154711051243,1940.052147698012,9.295369020246,4.301460334587718,98,工况6,1,历史边界
187,节能,1.1629929927244333,1939.1089691752359,9.278990462407872,4.372492163028812,95,工况6,1,历史边界
188,节能,1.1628943359541644,1939.1316989873842,9.25999981590771,4.456322088879529,90,工况6,1,历史边界
189,节能,1.1628801860842468,1939.1595337693032,9.30268904422838,4.270088503140853,79,工况6,1,历史边界
190,节能,1.1628741742687,1939.1479202621529,9.220939694659164,4.633830756971339,61,工况6,1,历史边界
191,节能,1.1628741742687,1939.1479202621529,9.263479363332578,4.440843050472277,57,工况6,1,历史边界
192,节能,1.162874168942797,1939.1474745527767,9.219172768539686,4.642025631305773,50,工况6,1,历史边界
193,节能,1.162874168942797,1939.1474745527767,9.316113656838784,4.2131472812574655,31,工况6,1,历史边界
194,节能,1.1628741683194392,1939.1476396574417,9.212887001435277,4.671296220996288,11,工况6,1,历史边界
195,节能,1.162874168005808,1939.1475825643847,9.293122536133174,4.311134359094016,5,工况6,1,历史边界
196,节能,1.1628741676881897,1939.147599556805,9.198010544980779,4.741308028434419,1,工况6,1,历史边界
197,节能,1.1628741676881897,1939.147599556805,9.230739103480786,4.588643719702098,2,工况6,1,历史边界
198,节能,1.1628741676881897,1939.147599556805,9.322884790610782,4.184715862512255,5,工况6,1,历史边界
199,节能,1.1628741676219667,1939.1475875957974,9.296008466146457,4.298710662637706,5,工况6,1,历史边界
200,节能,1.1628741676219667,1939.1475875957974,9.167088945947322,4.890207088798796,1,工况6,1,历史边界
201,节能,1.1628741676219667,1939.1475875957974,9.215486597297513,4.659168509073593,3,工况6,1,历史边界
202,节能,1.1628741676010983,1939.1475956551253,9.303674240845826,4.265883698011363,5,工况6,1,历史边界
203,节能,1.1628741676010983,1939.1475956551253,9.314700799005278,4.219104066451921,4,工况6,1,历史边界
204,节能,1.1628741675962244,1939.1475942779548,9.292468742199757,4.31395387417463,8,工况6,1,历史边界
205,节能,1.1628741675962244,1939.1475942779548,9.26638063628006,4.427977624746177,3,工况6,1,历史边界
206,节能,1.162874167590872,1939.1475975933463,9.257301987778495,4.468360711729727,8,工况6,1,历史边界
207,节能,1.1626851158597424,1938.8342446379474,9.332519504321512,4.144590929727869,8,工况6,1,历史边界
208,节能,1.1626851158597424,1938.8342446379474,9.319228955503462,4.2000424924222415,9,工况6,1,历史边界
209,节能,1.162575124775341,1938.650829130057,9.30153266768301,4.275029189428854,11,工况6,1,历史边界
210,节能,1.1623307099337048,1938.2432554384372,9.260753357442626,4.452965329980058,21,工况6,1,历史边界
211,节能,1.1623307099337048,1938.2432554384372,9.233148340805174,4.577601894513913,23,工况6,1,历史边界
212,节能,1.1622399820557456,1938.0919622685747,9.313505605625162,4.224149726371195,34,工况6,1,历史边界
213,节能,1.162217497285261,1938.0481691465739,9.339347178693643,4.116389397449735,53,工况6,1,历史边界
214,节能,1.162217497285261,1938.0481691465739,9.309795996927285,4.239848769587777,75,工况6,1,历史边界
215,节能,1.1622169419630377,1938.0498418228156,9.274449499943426,4.392392635269751,74,工况6,1,历史边界
216,节能,1.1622168483211874,1938.0521184610511,9.238123463562125,4.554884321372285,72,工况6,1,历史边界
217,节能,1.1622167966838175,1938.051451318606,9.312200078015431,4.229668071859015,49,工况6,1,历史边界
218,节能,1.1622167942111594,1938.0512016870941,9.276319811674794,4.384185169447559,7,工况6,1,历史边界
219,节能,1.1622167939735726,1938.051262938332,9.279821355683703,4.368860597622499,4,工况6,1,历史边界
220,节能,1.1622167939671788,1938.0512562310596,9.381581028065177,3.9461584836948496,3,工况6,1,历史边界
221,节能,1.162216793966708,1938.051258643863,9.35193042925952,4.064916366435335,5,工况6,1,历史边界
222,节能,1.162216793966708,1938.051258643863,9.208975605138662,4.689603291499355,3,工况6,1,历史边界
223,节能,1.162216793966708,1938.051258643863,9.282208013957682,4.358446053252124,4,工况6,1,历史边界
224,节能,1.162216793966608,1938.0512597270076,9.300230239654493,4.280600734748693,5,工况6,1,历史边界
225,节能,1.1622167939665082,1938.0512612944049,9.29550171343382,4.300889597970905,2,工况6,1,历史边界
226,节能,1.1622167939665082,1938.0512612944049,9.284648084304838,4.347824102701398,6,工况6,1,历史边界
227,节能,1.1622167939662724,1938.0512595706214,9.21998319068071,4.638265154947431,1,工况6,1,历史边界
228,节能,1.1622167939662347,1938.051259322897,9.238212225412637,4.55448003935373,5,工况6,1,历史边界
229,节能,1.1622167939662347,1938.051259322897,9.22214876087991,4.628231534328003,6,工况6,1,历史边界
230,节能,1.1622167939662347,1938.051259322897,9.356726302350339,4.045468216123744,3,工况6,1,历史边界
231,节能,1.1622167939662347,1938.051259322897,9.184729195144033,4.804699026238423,2,工况6,1,历史边界
232,节能,1.1622167939662267,1938.0512593697622,9.3632790784726,4.0190458331195344,6,工况6,1,历史边界
233,节能,1.1622167939662267,1938.0512593697622,9.204273046158264,4.711708362035221,3,工况6,1,历史边界
234,节能,1.1622167939662267,1938.0512593697622,9.307656610040484,4.248929156214099,6,工况6,1,历史边界
235,节能,1.1622167939662262,1938.051259372093,9.22465413770894,4.616650583662959,5,工况6,1,历史边界
236,节能,1.1622167939662258,1938.0512593675153,9.340037713881648,4.113547866924587,7,工况6,1,历史边界
237,节能,1.1622167939662258,1938.0512593675153,9.222819553057418,4.6251279938507945,4,工况6,1,历史边界
238,节能,1.1622167939662258,1938.0512593675153,9.321090999164378,4.192229106613959,4,工况6,1,历史边界
239,节能,1.1622167939662258,1938.0512593675153,9.253925397206643,4.483474037778336,5,工况6,1,历史边界
240,节能,1.1621054263938428,1937.8675841273662,9.3087448816024,4.244307682610053,3,工况6,1,历史边界
241,节能,1.1621045624792783,1937.8661435076153,9.21609376221707,4.656340484026256,10,工况6,1,历史边界
242,节能,1.162103469401362,1937.8643207467774,9.218772641987346,4.643883400664136,17,工况6,1,历史边界
243,节能,1.162103453577727,1937.8642943600928,9.250161489738385,4.500381217763048,36,工况6,1,历史边界
244,节能,1.162103453577727,1937.8642943600928,9.260354947933788,4.4547397871668855,65,工况6,1,历史边界
245,节能,1.1621034509423258,1937.8642899654324,9.40132058461711,3.8690268418590645,91,工况6,1,历史边界
246,节能,1.1621034509423258,1937.8642899654324,9.211571976847331,4.677443131167668,95,工况6,1,历史边界
247,节能,1.1621034509423258,1937.8642899654324,9.235213707011987,4.568157226958718,92,工况6,1,历史边界
248,节能,1.1621034509423258,1937.8642899654324,9.26292435562863,4.443308436668194,98,工况6,1,历史边界
249,节能,1.1621034509423258,1937.8642899654324,9.338977632630396,4.117910874056885,97,工况6,1,历史边界
250,节能,1.1621034509423258,1937.8642899654324,9.361226883401752,4.02730216807509,95,工况6,1,历史边界
251,节能,1.1621034509423258,1937.8642899654324,9.430655654268177,3.757177248639586,91,工况6,1,历史边界
252,节能,1.1621034509423258,1937.8642899654324,9.406744655264847,3.8480977786016903,96,工况6,1,历史边界
253,节能,1.1621034509423258,1937.8642899654324,9.219470007429894,4.6406460458021925,95,工况6,1,历史边界
254,节能,1.1621034509423258,1937.8642899654324,9.233024051427753,4.578170877161981,100,工况6,1,历史边界
255,节能,1.1621034509423258,1937.8642899654324,9.289921655200612,4.324955895607225,96,工况6,1,历史边界
256,节能,1.1621034509423258,1937.8642899654324,9.258028543423087,4.465115378133032,94,工况6,1,历史边界
257,节能,1.1621034509423258,1937.8642899654324,9.32046663367977,4.194847407074858,95,工况6,1,历史边界
258,节能,1.1621034509423258,1937.8642899654324,9.41824156875266,3.8041098784120178,94,工况6,1,历史边界
259,节能,1.1621034509423258,1937.8642899654324,9.267877092658368,4.421356304880428,94,工况6,1,历史边界
260,节能,1.1621034509423258,1937.8642899654324,9.29521671629653,4.302115513877094,96,工况6,1,历史边界
261,节能,1.1621034509423258,1937.8642899654324,9.298430443805573,4.288311879343453,92,工况6,1,历史边界
262,节能,1.1621034509423258,1937.8642899654324,9.332949378385477,4.1428096604695925,90,工况6,1,历史边界
263,节能,1.1621034509423258,1937.8642899654324,9.301698359431636,4.274320911046587,92,工况6,1,历史边界
264,节能,1.1621034509423258,1937.8642899654324,9.29484014412644,4.303735875924612,95,工况6,1,历史边界
265,节能,1.1621034509423258,1937.8642899654324,9.24271846720304,4.534002623811228,98,工况6,1,历史边界
266,节能,1.1621034509423258,1937.8642899654324,9.32068312034546,4.193939376838384,97,工况6,1,历史边界
267,节能,1.1621034509423258,1937.8642899654324,9.334702985575053,4.135551165798243,93,工况6,1,历史边界
268,节能,1.1621034509423258,1937.8642899654324,9.391442865816146,3.907433373220338,94,工况6,1,历史边界
269,节能,1.1621034509423258,1937.8642899654324,9.287218870604312,4.336661131020931,97,工况6,1,历史边界
270,节能,1.1621034509423258,1937.8642899654324,9.226431149570157,4.608454025663994,98,工况6,1,历史边界
271,节能,1.1621034509423258,1937.8642899654324,9.27329698254142,4.397457862538948,89,工况6,1,历史边界
272,节能,1.1621034509423258,1937.8642899654324,9.312688552475484,4.227602491564094,95,工况6,1,历史边界
273,节能,1.1621034509423258,1937.8642899654324,9.333768114062796,4.1394191825382425,95,工况6,1,历史边界
274,节能,1.1621034509423258,1937.8642899654324,9.247124182485091,4.514071037848953,96,工况6,1,历史边界
275,节能,1.1616245672424816,1937.0657279955647,9.289168748507128,4.3282134099983605,97,工况6,1,历史边界
276,节能,1.16153573558919,1936.917596872993,9.32236834839966,4.186877584579424,94,工况6,1,历史边界
277,节能,1.16153573558919,1936.917596872993,9.247044571989754,4.514430419585353,95,工况6,1,历史边界
278,节能,1.1615282123259174,1936.792834051559,9.215291620352321,4.660077028083879,89,工况6,1,历史边界
279,节能,1.1614901899171206,1936.8091051296801,9.175693517247739,4.848309467268593,73,工况6,1,历史边界
280,节能,1.1614891240823682,1936.8398699077231,9.248482371602996,4.5079442373066385,72,工况6,1,历史边界
281,节能,1.1613787382500842,1936.655796138449,9.301829269263763,4.273761397037409,60,工况6,1,历史边界
282,节能,1.1613233010987745,1936.5633519797357,9.213307840879754,4.6693307688885515,62,工况6,1,历史边界
283,节能,1.1610141627514614,1936.0107242113618,9.24875089931238,4.50673389187948,62,工况6,1,历史边界
284,节能,1.1610036950561031,1936.0303932862148,9.279204075535944,4.3715582410529485,50,工况6,1,历史边界
285,节能,1.161002824577817,1936.0288083023265,9.271442386010909,4.405620939901601,55,工况6,1,历史边界
286,节能,1.161001237422174,1936.0200271906212,9.170589674007353,4.87311773366883,62,工况6,1,历史边界
287,节能,1.1610007687749786,1936.0243998002236,9.250568209766447,4.498551194766599,59,工况6,1,历史边界
288,节能,1.1610007687749786,1936.0243998002236,9.267662530695763,4.422305061546489,60,工况6,1,历史边界
289,节能,1.1610006269582958,1936.0222314946473,9.211512710218408,4.6777203556690345,40,工况6,1,历史边界
290,节能,1.1610006269582958,1936.0222314946473,9.313747588670694,4.22312767741987,19,工况6,1,历史边界
291,节能,1.1610006081420992,1936.02247769308,9.341174990126452,4.1088722858712465,5,工况6,1,历史边界
292,节能,1.1610006081420992,1936.02247769308,9.275138989768124,4.389365169065163,5,工况6,1,历史边界
293,节能,1.1610005708815576,1936.022682751769,9.373977461217414,3.976277725240819,6,工况6,1,历史边界
294,节能,1.1610005708815576,1936.022682751769,9.368558769208995,3.997882431334473,8,工况6,1,历史边界
295,节能,1.1610005708815576,1936.022682751769,9.240742837723364,4.542968987245333,4,工况6,1,历史边界
296,节能,1.1610005708815576,1936.022682751769,9.31580473801122,4.2144490028287445,12,工况6,1,历史边界
297,节能,1.1610005708815576,1936.022682751769,9.246656404802131,4.516183113492168,3,工况6,1,历史边界
298,节能,1.1610005708815576,1936.022682751769,9.27880882589583,4.373286439386849,7,工况6,1,历史边界
299,节能,1.1610005708815576,1936.022682751769,9.249925970719785,4.501441267956874,7,工况6,1,历史边界
300,节能,1.1610005708815576,1936.022682751769,9.265688066853732,4.431045368859807,4,工况6,1,历史边界
0,节能,1.2362878842912144,2061.570457554523,9.652736311310992,3.0089382831124625,1,工况6,2,历史边界
1,节能,1.2318527337118474,2054.1746272423375,9.652736311310992,3.0089382831124625,2,工况6,2,历史边界
2,节能,1.1993923512508877,2000.0453533307018,9.652736311310992,3.0089382831124625,7,工况6,2,历史边界
3,节能,1.1955819884211853,1993.6913871209774,9.652736311310992,3.0089382831124625,20,工况6,2,历史边界
4,节能,1.1901800777364357,1984.6834370928877,9.724142449855227,2.8015732884971607,58,工况6,2,历史边界
5,节能,1.1865542080087,1978.6371221458419,9.585042930819734,3.219675786823979,90,工况6,2,历史边界
6,节能,1.1834593867166951,1973.4763564147554,9.489366063156211,3.542942281263881,85,工况6,2,历史边界
7,节能,1.1807990362409773,1969.0400919999945,9.42629316205926,3.773603709215988,85,工况6,2,历史边界
8,节能,1.1756060083728535,1960.3804642755674,9.388418805703088,3.9192675712732905,85,工况6,2,历史边界
9,节能,1.1724753257892406,1955.159898088383,9.334329083998895,4.1370977440134125,86,工况6,2,历史边界
10,节能,1.1724753257892406,1955.159898088383,9.423656942851288,3.7835648799434107,90,工况6,2,历史边界
11,节能,1.1716404377876073,1953.7676815493357,9.31425845786241,4.22097076259437,93,工况6,2,历史边界
12,节能,1.1711510885098644,1952.9516677169272,9.261850378537096,4.448083011572907,88,工况6,2,历史边界
13,节能,1.1711510885098644,1952.9516677169272,9.31862862848728,4.202564648382988,89,工况6,2,历史边界
14,节能,1.1698228399543438,1950.7367483464923,9.208928764524208,4.68982296054375,84,工况6,2,历史边界
15,节能,1.1698228399543438,1950.7367483464923,9.48085153046058,3.5732375712480615,85,工况6,2,历史边界
16,节能,1.1693946391438437,1950.0227025711963,9.352126727883595,4.064118507257513,81,工况6,2,历史边界
17,节能,1.1692552721424838,1949.7903012863399,9.336599484532258,4.12771552981112,85,工况6,2,历史边界
18,节能,1.1685538117403143,1948.6205817892617,9.26008624310008,4.455936958116215,81,工况6,2,历史边界
19,节能,1.1683019050834278,1948.2005151296291,9.241354622585488,4.540190517589332,84,工况6,2,历史边界
20,节能,1.1681324803230213,1947.9179910628072,9.210120251564156,4.684238424878215,88,工况6,2,历史边界
21,节能,1.1679519680171877,1947.6169779721995,9.314922670669565,4.218168070650209,88,工况6,2,历史边界
22,节能,1.1674101385065736,1946.7134507870621,9.17861567316616,4.834162630762135,88,工况6,2,历史边界
23,节能,1.1667446531444086,1945.6037214270912,9.225157449466963,4.614327553794684,89,工况6,2,历史边界
24,节能,1.1667331464540083,1945.5845334585806,9.237134079853023,4.559393079794968,88,工况6,2,历史边界
25,节能,1.1657371929474214,1943.9237323196498,9.273770694558682,4.3953752272276985,88,工况6,2,历史边界
26,节能,1.1654346735629966,1943.4192664636848,9.267479627385999,4.423113989754598,88,工况6,2,历史边界
27,节能,1.1649847215839053,1942.6689495519047,9.21612942141401,4.656174445624335,90,工况6,2,历史边界
28,节能,1.164834393723743,1942.4182704993993,9.37061935942246,3.9896529156635108,91,工况6,2,历史边界
29,节能,1.1644556216695539,1941.7866495905596,9.277183983196254,4.380398118045978,93,工况6,2,历史边界
30,节能,1.1643798505773624,1941.6602975918195,9.225568232362717,4.612432456223662,94,工况6,2,历史边界
31,节能,1.1643798004344947,1941.6602139761374,9.218344109946273,4.645873879957948,95,工况6,2,历史边界
32,节能,1.1642344877748565,1941.4178980155707,9.338944399829868,4.118047726041527,99,工况6,2,历史边界
33,节能,1.1642344877748565,1941.4178980155707,9.179592438357249,4.829443094291046,97,工况6,2,历史边界
34,节能,1.1640324680645666,1941.081020277085,9.257842062915936,4.465948112755211,93,工况6,2,历史边界
35,节能,1.163994098705027,1941.0170374951558,9.32105099541668,4.192396814843887,94,工况6,2,历史边界
36,节能,1.1625240962135244,1938.5657365097459,9.18898477740639,4.784295679139414,90,工况6,2,历史边界
37,节能,1.1623631456945323,1938.2973436545717,9.231764356946735,4.583941607664684,90,工况6,2,历史边界
38,节能,1.1619946315488787,1937.6828283094621,9.20595635346198,4.70378378056057,98,工况6,2,历史边界
39,节能,1.161867587560435,1937.4709762508005,9.34255366738625,4.103211380264883,88,工况6,2,历史边界
40,节能,1.161867587560435,1937.4709762508005,9.254367340343594,4.481493034975186,86,工况6,2,历史边界
41,节能,1.161867587560435,1937.4709762508005,9.404488727949378,3.856788606745549,78,工况6,2,历史边界
42,节能,1.161867587560435,1937.4709762508005,9.31001102576081,4.238937177865296,76,工况6,2,历史边界
43,节能,1.1618661681464095,1937.468331389616,9.242845121162283,4.533428410791651,63,工况6,2,历史边界
44,节能,1.1618641837308448,1937.4642966247802,9.273814858442757,4.39518111467211,64,工况6,2,历史边界
45,节能,1.1618638051234778,1937.4629671568023,9.256432754270673,4.472246449147323,46,工况6,2,历史边界
46,节能,1.1618638051234778,1937.4629671568023,9.32087412927658,4.193138373462667,38,工况6,2,历史边界
47,节能,1.1618638051234778,1937.4629671568023,9.192048457403283,4.769660558278794,32,工况6,2,历史边界
48,节能,1.1618638051234778,1937.4629671568023,9.277173121763616,4.380445695703448,20,工况6,2,历史边界
49,节能,1.1618637427809468,1937.4613154459048,9.283625575989486,4.3522720626505755,11,工况6,2,历史边界
50,节能,1.1618637427809468,1937.4613154459048,9.224393773820477,4.617852749254061,11,工况6,2,历史边界
51,节能,1.1618637427809468,1937.4613154459048,9.284408242964508,4.348867015723536,6,工况6,2,历史边界
52,节能,1.161863678597288,1937.4629400340532,9.42896098312474,3.7635498266905745,10,工况6,2,历史边界
53,节能,1.161863607475935,1937.4622825603578,9.25642588173293,4.4722771849354555,2,工况6,2,历史边界
54,节能,1.1618635747561938,1937.4622022133892,9.32822803847941,4.1624155195857435,6,工况6,2,历史边界
55,节能,1.1618635747561938,1937.4622022133892,9.262700472707495,4.444303328906035,7,工况6,2,历史边界
56,节能,1.1618635092708527,1937.4615958570016,9.352155547815034,4.064001381328564,8,工况6,2,历史边界
57,节能,1.1618562739028317,1937.4521101739117,9.347165935735045,4.084329845113008,7,工况6,2,历史边界
58,节能,1.1615362230371287,1936.9184097162497,9.194718749622119,4.756941160615766,10,工况6,2,历史边界
59,节能,1.1614999629703102,1936.8525909858515,9.205421745584138,4.706299132728958,16,工况6,2,历史边界
60,节能,1.1614999629703102,1936.8525909858515,9.22760991331728,4.603024947557117,36,工况6,2,历史边界
61,节能,1.1614995395003962,1936.8544428380126,9.407096100901237,3.8467456190482023,48,工况6,2,历史边界
62,节能,1.1614994801499874,1936.8551762564564,9.328450881872293,4.161488056132158,30,工况6,2,历史边界
63,节能,1.1614994708993363,1936.8544895008047,9.216549150021446,4.654220526094938,14,工况6,2,历史边界
64,节能,1.1614994557689478,1936.8548124301853,9.236476298364972,4.562393150747003,14,工况6,2,历史边界
65,节能,1.1614994557689478,1936.8548124301853,9.321179572597478,4.191857802933708,10,工况6,2,历史边界
66,节能,1.1614994529326297,1936.8551065702056,9.29727923405486,4.293251468499122,5,工况6,2,历史边界
67,节能,1.1612874101649004,1936.5035020937105,9.316808800796277,4.210219555096341,6,工况6,2,历史边界
68,节能,1.1609270196962025,1935.902533376883,9.268532667047845,4.41845872681296,13,工况6,2,历史边界
69,节能,1.1606958991915395,1935.5171286417865,9.205428380380887,4.706267907494357,22,工况6,2,历史边界
70,节能,1.1606858264613944,1935.5003318720715,9.275406839602608,4.388189635771364,53,工况6,2,历史边界
71,节能,1.1606833275308035,1935.4961647832024,9.324819433716284,4.176627757141717,81,工况6,2,历史边界
72,节能,1.160683177745263,1935.4959150084944,9.256401001171598,4.472388459086525,96,工况6,2,历史边界
73,节能,1.160683177745263,1935.4959150084944,9.248527735220133,4.507739745288469,99,工况6,2,历史边界
74,节能,1.160683177745263,1935.4959150084944,9.215224229266873,4.660391086315316,93,工况6,2,历史边界
75,节能,1.160683177745263,1935.4959150084944,9.301037309516595,4.277147384638832,97,工况6,2,历史边界
76,节能,1.160683177745263,1935.4959150084944,9.273457231354985,4.39675323159342,97,工况6,2,历史边界
77,节能,1.160683166548837,1935.495896337907,9.29195805841822,4.316157503083348,96,工况6,2,历史边界
78,节能,1.1606831599122782,1935.4958852711206,9.39399760020268,3.8974636592266814,94,工况6,2,历史边界
79,节能,1.1606831574846497,1935.4958812229318,9.306482437835102,4.253921060836269,94,工况6,2,历史边界
80,节能,1.1606831549587868,1935.4958770109317,9.292611808270342,4.313336737891851,98,工况6,2,历史边界
81,节能,1.1606831549587868,1935.4958770109317,9.271440852428995,4.405627696287374,94,工况6,2,历史边界
82,节能,1.1606831549587868,1935.4958770109317,9.237494019765165,4.557752267565024,93,工况6,2,历史边界
83,节能,1.160683153773048,1935.4958750336543,9.288881785507312,4.329455625328731,96,工况6,2,历史边界
84,节能,1.160683153773048,1935.4958750336543,9.318263095889844,4.204101103549923,94,工况6,2,历史边界
85,节能,1.160683153773048,1935.4958750336543,9.313854792864586,4.222674964688296,93,工况6,2,历史边界
86,节能,1.1590846626889444,1932.830313041561,9.283322964365293,4.353589310065519,96,工况6,2,历史边界
87,节能,1.1590846626889444,1932.830313041561,9.321972781224177,4.1885341035303085,96,工况6,2,历史边界
88,节能,1.1590846626889444,1932.830313041561,9.301948497676607,4.273251873624604,95,工况6,2,历史边界
89,节能,1.1590846626889444,1932.830313041561,9.236682861779247,4.561450824568924,94,工况6,2,历史边界
90,节能,1.1590846626889444,1932.830313041561,9.295219034287424,4.302105541624065,87,工况6,2,历史边界
91,节能,1.1590846626889444,1932.830313041561,9.329601819934448,4.156701196351125,94,工况6,2,历史边界
92,节能,1.1590846626889444,1932.830313041561,9.328282638091506,4.162188259517199,94,工况6,2,历史边界
93,节能,1.1590846626889444,1932.830313041561,9.21555831582194,4.658834372365101,96,工况6,2,历史边界
94,节能,1.1590846626889444,1932.830313041561,9.252102252132982,4.491655517128915,97,工况6,2,历史边界
95,节能,1.1586708244554496,1932.1402175652404,9.251066080823238,4.496312053777232,92,工况6,2,历史边界
96,节能,1.158414827214223,1931.7133296563366,9.315111858152907,4.217370121531983,98,工况6,2,历史边界
97,节能,1.1583888514225142,1931.6700137543698,9.254271123616006,4.481924250314451,94,工况6,2,历史边界
98,节能,1.1583060604608928,1931.5319557803334,9.271735583178026,4.404329413667797,94,工况6,2,历史边界
99,节能,1.1583046789054794,1931.5296519691724,9.261631175123972,4.449058153424209,97,工况6,2,历史边界
100,节能,1.1583046789054794,1931.5296519691724,9.335406991774619,4.132640736739155,96,工况6,2,历史边界
101,节能,1.1583046789054794,1931.5296519691724,9.288683109484621,4.330315869804936,96,工况6,2,历史边界
102,节能,1.1583046789054794,1931.5296519691724,9.22558662527511,4.612347620937761,93,工况6,2,历史边界
103,节能,1.1583046789054794,1931.5296519691724,9.231181316443589,4.586615010561363,91,工况6,2,历史边界
104,节能,1.1583046789054794,1931.5296519691724,9.29191300256584,4.316351975619688,97,工况6,2,历史边界
105,节能,1.1583046789054794,1931.5296519691724,9.246862075347495,4.515254363159818,95,工况6,2,历史边界
106,节能,1.1583046789054794,1931.5296519691724,9.261669355854831,4.448888288375081,98,工况6,2,历史边界
107,节能,1.1583046789054794,1931.5296519691724,9.329229220403976,4.158250269839303,90,工况6,2,历史边界
108,节能,1.1583046789054794,1931.5296519691724,9.291987877099784,4.3160288028760325,91,工况6,2,历史边界
109,节能,1.1583046789054794,1931.5296519691724,9.377888137518568,3.9607581559587106,94,工况6,2,历史边界
110,节能,1.1583046789054794,1931.5296519691724,9.283289217239611,4.353736233670246,95,工况6,2,历史边界
111,节能,1.1583046789045317,1931.5296519675921,9.305282888532464,4.25902691062531,94,工况6,2,历史边界
112,节能,1.1583046789044258,1931.5296519674155,9.206822650502085,4.699710671110237,97,工况6,2,历史边界
113,节能,1.1583046788993874,1931.5296519590138,9.171849110531435,4.866984214408724,97,工况6,2,历史边界
114,节能,1.1583046788970741,1931.5296519551564,9.29167107737124,4.317396336234835,99,工况6,2,历史边界
115,节能,1.1583046788970741,1931.5296519551564,9.29835441281466,4.288637936340045,96,工况6,2,历史边界
116,节能,1.1583046788970741,1931.5296519551564,9.269065779883935,4.416103817521923,90,工况6,2,历史边界
117,节能,1.1583046788970741,1931.5296519551564,9.210252685484642,4.683618113895131,94,工况6,2,历史边界
118,节能,1.1583046788970741,1931.5296519551564,9.376623767519575,3.9657691869754434,95,工况6,2,历史边界
119,节能,1.1583046788970741,1931.5296519551564,9.308192953260098,4.246650882893378,92,工况6,2,历史边界
120,节能,1.1583046788970741,1931.5296519551564,9.34604128866743,4.088925858658639,94,工况6,2,历史边界
121,节能,1.1583046788970741,1931.5296519551564,9.209684578870915,4.6862796642724085,93,工况6,2,历史边界
122,节能,1.1583046788970741,1931.5296519551564,9.275729871546483,4.386772339271575,93,工况6,2,历史边界
123,节能,1.1583046788970737,1931.5296519551555,9.249697842562087,4.5024682906022555,90,工况6,2,历史边界
124,节能,1.1583046788970737,1931.5296519551555,9.32310892208253,4.183778041088715,98,工况6,2,历史边界
125,节能,1.1583046788970737,1931.5296519551555,9.293426662117467,4.30982343046747,94,工况6,2,历史边界
126,节能,1.1583046788970737,1931.5296519551555,9.182693863312819,4.8144881417758105,96,工况6,2,历史边界
127,节能,1.1583046788970737,1931.5296519551555,9.288483507541722,4.331180295533574,94,工况6,2,历史边界
128,节能,1.1583046788970737,1931.5296519551555,9.328247187647662,4.162335813553776,97,工况6,2,历史边界
129,节能,1.1583046788970737,1931.5296519551555,9.287620560907044,4.334919486122715,93,工况6,2,历史边界
130,节能,1.1583046788970734,1931.529651955155,9.14505881433594,4.999134431004399,97,工况6,2,历史边界
131,节能,1.1583046788970734,1931.529651955155,9.190426613231372,4.777402480856223,94,工况6,2,历史边界
132,节能,1.1583046788970734,1931.529651955155,9.23086484341917,4.588066780196449,91,工况6,2,历史边界
133,节能,1.1583046788970734,1931.529651955155,9.301067050130627,4.277020181540867,96,工况6,2,历史边界
134,节能,1.1583046788970734,1931.529651955155,9.384392522721622,3.9350794618077183,95,工况6,2,历史边界
135,节能,1.1583046788970734,1931.529651955155,9.249972267214032,4.50123287183115,94,工况6,2,历史边界
136,节能,1.1581468312938898,1931.2664333637138,9.309956760621375,4.23916721062363,93,工况6,2,历史边界
137,节能,1.1578587688523392,1930.786075166422,9.343186145425268,4.100617009705105,98,工况6,2,历史边界
138,节能,1.157848806306371,1930.7446339550067,9.237950455831863,4.555672419741925,88,工况6,2,历史边界
139,节能,1.1578431987335367,1930.760111232494,9.272179962553244,4.402372655318427,72,工况6,2,历史边界
140,节能,1.1578413868356534,1930.7562788536618,9.284924505948455,4.346622436107749,73,工况6,2,历史边界
141,节能,1.1578412285736934,1930.7544600545466,9.27954315935174,4.370076167691346,53,工况6,2,历史边界
142,节能,1.157841221151572,1930.7547462401421,9.261977165689437,4.447519087544408,23,工况6,2,历史边界
143,节能,1.1578412211446834,1930.7547476946293,9.284656003253005,4.347789672644012,14,工况6,2,历史边界
144,节能,1.1578412210735811,1930.7547837492077,9.295930619288656,4.299045316781106,2,工况6,2,历史边界
145,节能,1.1578412210727078,1930.7547822245429,9.144859558142374,5.000130638749232,0,工况6,2,历史边界
146,节能,1.157841221071989,1930.7547791027498,9.340425331304745,4.1119536930853595,4,工况6,2,历史边界
147,节能,1.157841221071989,1930.7547791027498,9.261601119912935,4.449191872815396,4,工况6,2,历史边界
148,节能,1.1578412210719888,1930.7547790502285,9.228827745434375,4.597422647962789,7,工况6,2,历史边界
149,节能,1.1578412210719888,1930.7547790502285,9.278943881766349,4.372695841262518,6,工况6,2,历史边界
150,节能,1.1578412210719888,1930.7547790502285,9.31057498174746,4.236547277829366,10,工况6,2,历史边界
151,节能,1.1578412210719888,1930.7547790502285,9.310358499737712,4.237464513377376,4,工况6,2,历史边界
152,节能,1.1578412210719886,1930.7547791146385,9.34553407676383,4.09100033658256,6,工况6,2,历史边界
153,节能,1.1578412210719886,1930.7547791146385,9.287200038013154,4.33674280235604,3,工况6,2,历史边界
154,节能,1.1578412210719886,1930.7547791146385,9.24762256081443,4.511821883178124,8,工况6,2,历史边界
155,节能,1.1578412210719886,1930.7547791146385,9.275953108225739,4.385793160080327,7,工况6,2,历史边界
156,节能,1.1578412210719886,1930.7547791146385,9.326854537482804,4.168136529457167,5,工况6,2,历史边界
157,节能,1.1578412210719886,1930.7547791146385,9.30119817331476,4.276459401802478,5,工况6,2,历史边界
158,节能,1.1578412210719886,1930.7547791146385,9.30993774697416,4.239247813419731,9,工况6,2,历史边界
159,节能,1.1578412210719886,1930.7547791146385,9.2890258669451,4.3288318760738225,5,工况6,2,历史边界
160,节能,1.1575522080860052,1930.2748701086439,9.220421385503391,4.636233136412826,2,工况6,2,历史边界
161,节能,1.1575422007907754,1930.2581824548474,9.326518080964176,4.169539162112253,11,工况6,2,历史边界
162,节能,1.157471256294338,1930.139879040376,9.291933306971863,4.3162643355463794,24,工况6,2,历史边界
163,节能,1.1574665175166656,1930.1319768970498,9.212415132519766,4.673500980615977,48,工况6,2,历史边界
164,节能,1.1574663894820723,1930.131763393109,9.287070314390576,4.337305416833956,65,工况6,2,历史边界
165,节能,1.1574662891425627,1930.1315960720738,9.37788672441937,3.9607637529068342,82,工况6,2,历史边界
166,节能,1.1574662891425627,1930.1315960720738,9.328100357622223,4.162947014297379,91,工况6,2,历史边界
167,节能,1.1574662891425627,1930.1315960720738,9.297800744504968,4.291013076716443,95,工况6,2,历史边界
168,节能,1.1574662891425627,1930.1315960720738,9.340271303126418,4.112587098601969,98,工况6,2,历史边界
169,节能,1.1574662891425627,1930.1315960720738,9.281316398939047,4.3623338421590425,98,工况6,2,历史边界
170,节能,1.1573969921824478,1930.0160400049258,9.227725546203143,4.60249271727099,97,工况6,2,历史边界
171,节能,1.1573718594558815,1929.9741299552802,9.273072584732068,4.39844475317393,94,工况6,2,历史边界
172,节能,1.1573266435734124,1929.8987302618148,9.27392725952339,4.394687119328568,93,工况6,2,历史边界
173,节能,1.157325046463021,1929.8954124858035,9.273804354524538,4.3952272815375615,91,工况6,2,历史边界
174,节能,1.15732486425711,1929.8935653586348,9.245994965902502,4.519171280817388,82,工况6,2,历史边界
175,节能,1.157324859568631,1929.8936854582294,9.231262634549507,4.586242050880521,56,工况6,2,历史边界
176,节能,1.157324856846614,1929.8938722237028,9.21282512299447,4.671585282466234,24,工况6,2,历史边界
177,节能,1.157324856846614,1929.8938722237028,9.220055032111713,4.637931947310528,7,工况6,2,历史边界
178,节能,1.157324856846614,1929.8938722237028,9.282878239502066,4.355525890066706,5,工况6,2,历史边界
179,节能,1.157324856846459,1929.8938688776916,9.214511626627111,4.6637132768660425,4,工况6,2,历史边界
180,节能,1.157324856846311,1929.8938704084799,9.364767611061225,4.013067802772057,9,工况6,2,历史边界
181,节能,1.1573248568463044,1929.8938703115311,9.186072923283232,4.798247152709284,4,工况6,2,历史边界
182,节能,1.1572065321409652,1929.6984385790329,9.19349282223552,4.762776401120764,3,工况6,2,历史边界
183,节能,1.1572053275793932,1929.6964299137514,9.184944522863363,4.803664552734444,10,工况6,2,历史边界
184,节能,1.1572004006142056,1929.6882139585475,9.339491397124144,4.115795781037746,23,工况6,2,历史边界
185,节能,1.1572001970048933,1929.6878744300702,9.276523263908759,4.383293287911441,46,工况6,2,历史边界
186,节能,1.1572001571173955,1929.6878079157186,9.277325034987271,4.379780298619353,65,工况6,2,历史边界
187,节能,1.1572001571173955,1929.6878079157186,9.320564344691695,4.19443754431422,88,工况6,2,历史边界
188,节能,1.1572001571173955,1929.6878079157186,9.285426522600696,4.34444090689163,88,工况6,2,历史边界
189,节能,1.1572001571173955,1929.6878079157186,9.277766728576054,4.3778462049110125,93,工况6,2,历史边界
190,节能,1.1572001571173955,1929.6878079157186,9.214705270046935,4.662810266911823,98,工况6,2,历史边界
191,节能,1.1572001571173955,1929.6878079157186,9.260909875080241,4.452268416907245,92,工况6,2,历史边界
192,节能,1.1572001571173955,1929.6878079157186,9.266620994445995,4.426913452061909,95,工况6,2,历史边界
193,节能,1.1572001571173955,1929.6878079157186,9.328248030621339,4.16233230481573,93,工况6,2,历史边界
194,节能,1.1572001571151938,1929.687807912047,9.27954749724414,4.370057210812264,97,工况6,2,历史边界
195,节能,1.1572001571151938,1929.687807912047,9.246835082712382,4.515376243418216,91,工况6,2,历史边界
196,节能,1.1572001571058617,1929.687807896485,9.276734724864776,4.382366490516461,96,工况6,2,历史边界
197,节能,1.1572001571044004,1929.6878078940485,9.256705996425262,4.471024609828309,95,工况6,2,历史边界
198,节能,1.1572001571044004,1929.6878078940485,9.272647419229505,4.400315217748236,96,工况6,2,历史边界
199,节能,1.1572001571044004,1929.6878078940485,9.222460536519472,4.626788789399398,97,工况6,2,历史边界
200,节能,1.1572001571042236,1929.6878078937539,9.253328536787734,4.486150844731288,94,工况6,2,历史边界
201,节能,1.157200157103199,1929.687807892045,9.327440856120932,4.165693389622885,93,工况6,2,历史边界
202,节能,1.157200157103199,1929.687807892045,9.256839525356352,4.47042763854864,96,工况6,2,历史边界
203,节能,1.157200157103199,1929.687807892045,9.33857698926617,4.119561018260643,96,工况6,2,历史边界
204,节能,1.1572001571030655,1929.6878078918223,9.327084626457253,4.167177597521802,98,工况6,2,历史边界
205,节能,1.1572001571028325,1929.6878078914342,9.296638712602315,4.2960022690452035,96,工况6,2,历史边界
206,节能,1.1572001571028325,1929.6878078914342,9.215248666961319,4.660277198493535,95,工况6,2,历史边界
207,节能,1.1572001571028079,1929.6878078913928,9.232942245631802,4.578545413393994,97,工况6,2,历史边界
208,节能,1.1572001571028079,1929.6878078913928,9.291703969688296,4.317254329401164,97,工况6,2,历史边界
209,节能,1.1572001571027914,1929.6878078913655,9.301967642443238,4.273170063997845,97,工况6,2,历史边界
210,节能,1.157200157102785,1929.6878078913546,9.188970650673715,4.784363266082899,97,工况6,2,历史边界
211,节能,1.157200157102732,1929.6878078912664,9.216020281553806,4.6566826475844545,90,工况6,2,历史边界
212,节能,1.157200157102732,1929.6878078912664,9.259694368356882,4.457683469451872,95,工况6,2,历史边界
213,节能,1.157200157102732,1929.6878078912664,9.235510840597508,4.5668000756602485,99,工况6,2,历史边界
214,节能,1.1572001571027284,1929.6878078912603,9.355944522664291,4.048632117571457,96,工况6,2,历史边界
215,节能,1.1572001571027264,1929.6878078912569,9.304377861473657,4.262883189978976,97,工况6,2,历史边界
216,节能,1.1572001571027248,1929.6878078912544,9.242130022254539,4.53667141989448,94,工况6,2,历史边界
217,节能,1.1572001571027248,1929.6878078912544,9.18248588642473,4.815489548168358,95,工况6,2,历史边界
218,节能,1.1572001571027248,1929.6878078912544,9.358305028716172,4.039086567552693,91,工况6,2,历史边界
219,节能,1.1572001571027237,1929.6878078912525,9.14499056148426,4.999475647829623,93,工况6,2,历史边界
220,节能,1.1572001571027233,1929.6878078912519,9.272651504183482,4.400297242699802,96,工况6,2,历史边界
221,节能,1.1572001571027233,1929.6878078912519,9.241841132106448,4.537982208900715,93,工况6,2,历史边界
222,节能,1.157200157102723,1929.6878078912516,9.219667027114443,4.639731837243643,97,工况6,2,历史边界
223,节能,1.157200157102723,1929.6878078912516,9.4218330918806,3.790471835136195,95,工况6,2,历史边界
224,节能,1.157200157102723,1929.6878078912516,9.327487792062406,4.1654978734701515,94,工况6,2,历史边界
225,节能,1.157200157102723,1929.6878078912516,9.251709589463275,4.493419568891648,98,工况6,2,历史边界
226,节能,1.156740111716967,1928.728983533771,9.262410156766855,4.445593768315961,91,工况6,2,历史边界
227,节能,1.1566598652861555,1928.786844886075,9.343333487282578,4.100012861688014,88,工况6,2,历史边界
228,节能,1.1566598652861555,1928.786844886075,9.293124629767487,4.311125333164642,86,工况6,2,历史边界
229,节能,1.1566598652861555,1928.786844886075,9.27397675413183,4.394469611393158,82,工况6,2,历史边界
230,节能,1.1565411157291203,1928.58882419709,9.33484791236916,4.134951857054914,75,工况6,2,历史边界
231,节能,1.1565276873850605,1928.5526375827967,9.324881678004564,4.1763677940102575,81,工况6,2,历史边界
232,节能,1.1565276873850605,1928.5526375827967,9.379966070359254,3.9525365114832454,90,工况6,2,历史边界
233,节能,1.156524396146384,1928.560108552672,9.206897288689575,4.699359906314404,85,工况6,2,历史边界
234,节能,1.1565239647890333,1928.5553395700556,9.290383952554825,4.3229569420306735,67,工况6,2,历史边界
235,节能,1.156522915317372,1928.556149669396,9.225497754506925,4.6127575420286995,67,工况6,2,历史边界
236,节能,1.156522915317372,1928.556149669396,9.322195028063193,4.1876033185015356,45,工况6,2,历史边界
237,节能,1.156522915317372,1928.556149669396,9.265638100828724,4.431266776114894,21,工况6,2,历史边界
238,节能,1.156522915317372,1928.556149669396,9.279730282368444,4.3692585023600055,14,工况6,2,历史边界
239,节能,1.156522915317372,1928.556149669396,9.222441963991917,4.626874721359664,5,工况6,2,历史边界
240,节能,1.156522915317372,1928.556149669396,9.326936059615475,4.167796747928067,4,工况6,2,历史边界
241,节能,1.156522915317372,1928.556149669396,9.266374499512866,4.428004798297378,9,工况6,2,历史边界
242,节能,1.156522915317372,1928.556149669396,9.266788813071262,4.426170595866506,4,工况6,2,历史边界
243,节能,1.156522915317372,1928.556149669396,9.174463035760851,4.854278894192241,2,工况6,2,历史边界
244,节能,1.156522915317372,1928.556149669396,9.339142956022867,4.1172301433332,4,工况6,2,历史边界
245,节能,1.156522915317372,1928.556149669396,9.30079417587992,4.278187429466869,4,工况6,2,历史边界
246,节能,1.156522915317372,1928.556149669396,9.242169252715415,4.536493447674822,4,工况6,2,历史边界
247,节能,1.156522915317372,1928.556149669396,9.286596238108935,4.339362117936396,6,工况6,2,历史边界
248,节能,1.156522915317372,1928.556149669396,9.359023804946466,4.0361844112612655,5,工况6,2,历史边界
249,节能,1.156522915317372,1928.556149669396,9.264264885395972,4.43735604001719,3,工况6,2,历史边界
250,节能,1.156522915317372,1928.556149669396,9.292668258876443,4.313093254291144,7,工况6,2,历史边界
251,节能,1.156522915317372,1928.556149669396,9.288920305485687,4.3292888580036255,7,工况6,2,历史边界
252,节能,1.156522915317372,1928.556149669396,9.295171149225354,4.302311553147356,7,工况6,2,历史边界
253,节能,1.156522915317372,1928.556149669396,9.2867017351958,4.338904352021009,5,工况6,2,历史边界
254,节能,1.156522915317372,1928.556149669396,9.249428628081764,4.503680583439351,4,工况6,2,历史边界
255,节能,1.156522915317372,1928.556149669396,9.303116836779921,4.268262181755984,4,工况6,2,历史边界
256,节能,1.156522915317372,1928.556149669396,9.201216068279614,4.726133988444931,5,工况6,2,历史边界
257,节能,1.156522915317372,1928.556149669396,9.422080917427957,3.7895325757699534,4,工况6,2,历史边界
258,节能,1.156522915317372,1928.556149669396,9.351634949959008,4.0661176425473,9,工况6,2,历史边界
259,节能,1.156522915317372,1928.556149669396,9.263091154769203,4.442567358446983,9,工况6,2,历史边界
260,节能,1.156522915317372,1928.556149669396,9.28354862186842,4.352607000809069,6,工况6,2,历史边界
261,节能,1.156522915317372,1928.556149669396,9.226421404917554,4.608498933666318,3,工况6,2,历史边界
262,节能,1.156522915317372,1928.556149669396,9.271971066774615,4.403292388442913,5,工况6,2,历史边界
263,节能,1.156522915317372,1928.556149669396,9.326945607703218,4.167756953629004,8,工况6,2,历史边界
264,节能,1.156522915317372,1928.556149669396,9.232828025453738,4.5790684055339455,3,工况6,2,历史边界
265,节能,1.156522915317372,1928.556149669396,9.386418136674568,3.927116577531398,6,工况6,2,历史边界
266,节能,1.156522915317372,1928.556149669396,9.277761111705084,4.3778707947773325,7,工况6,2,历史边界
267,节能,1.156522915317372,1928.556149669396,9.309362230167167,4.241688273981038,3,工况6,2,历史边界
268,节能,1.156522915317372,1928.556149669396,9.25082456139965,4.497398131621899,7,工况6,2,历史边界
269,节能,1.156522915317372,1928.556149669396,9.279839168351026,4.368782777255188,8,工况6,2,历史边界
270,节能,1.156522915317372,1928.556149669396,9.237808303223787,4.556320066489176,10,工况6,2,历史边界
271,节能,1.156522915317372,1928.556149669396,9.326919064339062,4.167867581387745,9,工况6,2,历史边界
272,节能,1.156522915317372,1928.556149669396,9.223887239598682,4.620192442220021,4,工况6,2,历史边界
273,节能,1.156522915317372,1928.556149669396,9.245831700183134,4.519909166801605,8,工况6,2,历史边界
274,节能,1.156522915317372,1928.556149669396,9.28163058530576,4.360963471625933,4,工况6,2,历史边界
275,节能,1.156522915317372,1928.556149669396,9.266295698895604,4.428353741557014,3,工况6,2,历史边界
276,节能,1.156522915317372,1928.556149669396,9.270490880157139,4.409814908992057,5,工况6,2,历史边界
277,节能,1.156522915317372,1928.556149669396,9.198553765913003,4.738733150094476,3,工况6,2,历史边界
278,节能,1.156522915317372,1928.556149669396,9.28554261934926,4.343936560705057,4,工况6,2,历史边界
279,节能,1.156522915317372,1928.556149669396,9.293059744684715,4.311405069963998,5,工况6,2,历史边界
280,节能,1.156522915317372,1928.556149669396,9.292212150256361,4.315060942009194,10,工况6,2,历史边界
281,节能,1.156522915317372,1928.556149669396,9.360155385685262,4.031619725865368,2,工况6,2,历史边界
282,节能,1.156522915317372,1928.556149669396,9.276324425310323,4.384164942461756,10,工况6,2,历史边界
283,节能,1.156522915317372,1928.556149669396,9.26134430943775,4.450334618622713,4,工况6,2,历史边界
284,节能,1.156522915317372,1928.556149669396,9.328674714386699,4.160556684036451,2,工况6,2,历史边界
285,节能,1.156522915317372,1928.556149669396,9.310231926969063,4.238000894937817,6,工况6,2,历史边界
286,节能,1.156522915317372,1928.556149669396,9.321636220725843,4.189944035905947,6,工况6,2,历史边界
287,节能,1.156522915317372,1928.556149669396,9.23940418780961,4.549054504568151,8,工况6,2,历史边界
288,节能,1.156522915317372,1928.556149669396,9.233956894564287,4.573902153215812,5,工况6,2,历史边界
289,节能,1.156522915317372,1928.556149669396,9.357296271063596,4.043163082799418,6,工况6,2,历史边界
290,节能,1.156522915317372,1928.556149669396,9.238308707806494,4.554040633414567,2,工况6,2,历史边界
291,节能,1.156522915317372,1928.556149669396,9.2768527598795,4.381849248350171,6,工况6,2,历史边界
292,节能,1.1565229153173717,1928.5561496693958,9.306832004060395,4.252434293585289,7,工况6,2,历史边界
293,节能,1.1565229153173717,1928.5561496693958,9.307408717883156,4.249982562989209,4,工况6,2,历史边界
294,节能,1.1565229153173717,1928.5561496693958,9.270073525713455,4.4116557489547965,3,工况6,2,历史边界
295,节能,1.1565229153173717,1928.5561496693958,9.26711739049988,4.424716495018931,5,工况6,2,历史边界
296,节能,1.1565229153173717,1928.5561496693958,9.248254954365121,4.508969538114702,5,工况6,2,历史边界
297,节能,1.1565229153173717,1928.5561496693958,9.188193212761266,4.788084257705441,3,工况6,2,历史边界
298,节能,1.1565229153173717,1928.5561496693958,9.255565283661177,4.476127674681534,7,工况6,2,历史边界
299,节能,1.1565229153173717,1928.5561496693958,9.319404083655648,4.199307011145058,8,工况6,2,历史边界
300,节能,1.1565229153173717,1928.5561496693958,9.237700270558816,4.556812324477909,6,工况6,2,历史边界
0,节能,1.3285705575152038,2215.4563244954634,9.334928894768426,4.1346170122911285,1,工况6,3,历史边界
1,节能,1.3285705575152038,2215.4563244954634,9.334928894768426,4.1346170122911285,2,工况6,3,历史边界
2,节能,1.259868944678987,2100.8930280261347,9.41369449378219,3.821446837580197,10,工况6,3,历史边界
3,节能,1.223049262488767,2039.494408801275,9.617907265310045,3.11558312162947,23,工况6,3,历史边界
4,节能,1.2197790913676654,2034.0412386618004,9.603586116138558,3.1605228786775275,45,工况6,3,历史边界
5,节能,1.2072424930769106,2013.1358484182763,9.67205378069578,2.9513710269626627,79,工况6,3,历史边界
6,节能,1.1984706311933977,1998.508340095515,9.549519510066489,3.3361054306817937,95,工况6,3,历史边界
7,节能,1.1974422517039376,1996.793467045666,9.521620518773515,3.4304899008378644,94,工况6,3,历史边界
8,节能,1.1895375043204448,1983.611914522741,9.47888380554828,3.580275642057288,98,工况6,3,历史边界
9,节能,1.1854914781886186,1976.8649682411728,9.389249126381113,3.9160146730273753,96,工况6,3,历史边界
10,节能,1.1854914781886186,1976.8649682411728,9.389249126381113,3.9160146730273753,95,工况6,3,历史边界
11,节能,1.1854914781886186,1976.8649682411728,9.401807741779727,3.8671424767489433,97,工况6,3,历史边界
12,节能,1.1854914781886186,1976.8649682411728,9.35883568073809,4.0369437866846996,96,工况6,3,历史边界
13,节能,1.1854914781886186,1976.8649682411728,9.281206516991606,4.362813210233475,95,工况6,3,历史边界
14,节能,1.183825907935807,1974.0875484574738,9.349538924547934,4.074649266577364,89,工况6,3,历史边界
15,节能,1.1836373544876786,1973.7731263691635,9.261951814712564,4.4476318379271,86,工况6,3,历史边界
16,节能,1.183113977508763,1972.9003696823052,9.400587883390953,3.8718627213694568,80,工况6,3,历史边界
17,节能,1.1814630129906,1970.147305674834,9.425800511952655,3.7754632334954246,86,工况6,3,历史边界
18,节能,1.1813976439986873,1970.038299686601,9.433236087183868,3.7474946028787923,83,工况6,3,历史边界
19,节能,1.1813879660854807,1970.0221612934233,9.29970391354365,4.282854319693756,89,工况6,3,历史边界
20,节能,1.1801178936806176,1967.9042534969537,9.267471511042855,4.423149889411192,92,工况6,3,历史边界
21,节能,1.1784219307035209,1965.076152360386,9.263567373328787,4.440452229090591,88,工况6,3,历史边界
22,节能,1.1778646321216506,1964.1468297430417,9.317570236978344,4.207014961794119,93,工况6,3,历史边界
23,节能,1.1778646321216506,1964.1468297430417,9.359454465783488,4.034446558943662,92,工况6,3,历史边界
24,节能,1.1778646321216506,1964.1468297430417,9.26867753101073,4.41781869773164,91,工况6,3,历史边界
25,节能,1.1774677821600121,1963.4850630401636,9.350653159540204,4.070111678222635,89,工况6,3,历史边界
26,节能,1.1774360035372669,1963.4320706338917,9.268010560358677,4.420766236000614,89,工况6,3,历史边界
27,节能,1.1774015206570578,1963.374568746157,9.36966829391052,3.9934491418999833,88,工况6,3,历史边界
28,节能,1.1773389949721065,1963.2373517142862,9.29340911719528,4.309899046647536,80,工况6,3,历史边界
29,节能,1.177329725465673,1963.254846756292,9.253269244872088,4.486416845094505,72,工况6,3,历史边界
30,节能,1.1768815941300872,1962.5075658565215,9.28695208403184,4.337818248324861,72,工况6,3,历史边界
31,节能,1.1755030926476382,1960.208847274853,9.207193496740167,4.697968124216231,68,工况6,3,历史边界
32,节能,1.175249111163481,1959.6650622562706,9.319190199998312,4.200205270344936,64,工况6,3,历史边界
33,节能,1.1751947219521095,1959.6946240717018,9.343542200516977,4.099157224037133,64,工况6,3,历史边界
34,节能,1.1751947219521095,1959.6946240717018,9.192091081117598,4.769457261962433,68,工况6,3,历史边界
35,节能,1.175193576265714,1959.6927135836538,9.277833012539464,4.377556033530315,74,工况6,3,历史边界
36,节能,1.1751916979799408,1959.685567867271,9.311090011816342,4.234365890381324,82,工况6,3,历史边界
37,节能,1.1746685554972416,1958.817215797387,9.163485116003036,4.9078623577243015,74,工况6,3,历史边界
38,节能,1.173434295143872,1956.7590263467189,9.326531453644327,4.169483404571476,67,工况6,3,历史边界
39,节能,1.173434295143872,1956.7590263467189,9.331430926859424,4.149105094566823,73,工况6,3,历史边界
40,节能,1.1727266014147921,1955.5789124724292,9.349960800137987,4.07293063406381,80,工况6,3,历史边界
41,节能,1.1723029989877816,1954.8725347262994,9.303453823382219,4.2668240769102805,88,工况6,3,历史边界
42,节能,1.1720641903952544,1954.4743097290154,9.15206790207631,4.964217569771095,90,工况6,3,历史边界
43,节能,1.1713654247615617,1953.3090838900507,9.324617165129522,4.177472643179655,92,工况6,3,历史边界
44,节能,1.1713383573213152,1953.2639476108045,9.253638088971442,4.484762361855897,93,工况6,3,历史边界
45,节能,1.1713383573213152,1953.2639476108045,9.31661948904284,4.211016674592339,94,工况6,3,历史边界
46,节能,1.171337470910755,1953.2624594570214,9.432112586065282,3.751707283289478,85,工况6,3,历史边界
47,节能,1.1713356692606425,1953.2594252816768,9.221250565994502,4.632390455701974,81,工况6,3,历史边界
48,节能,1.171335496321918,1953.2548951960323,9.283875648154043,4.35118381663082,69,工况6,3,历史边界
49,节能,1.1713341452735755,1953.2537196270819,9.30958971276135,4.240723473470583,49,工况6,3,历史边界
50,节能,1.1713341452735755,1953.2537196270819,9.366608954051435,4.0056851675719045,40,工况6,3,历史边界
51,节能,1.1713341452735755,1953.2537196270819,9.272693173829897,4.400113887689776,29,工况6,3,历史边界
52,节能,1.1713341452735755,1953.2537196270819,9.326238264868685,4.170706029527119,15,工况6,3,历史边界
53,节能,1.1713341452735755,1953.2537196270819,9.283847146449414,4.351307834554098,12,工况6,3,历史边界
54,节能,1.1713341452735755,1953.2537196270819,9.24839224950914,4.508350520987588,4,工况6,3,历史边界
55,节能,1.170205858378971,1951.375450285534,9.254000839720561,4.4831358059845305,3,工况6,3,历史边界
56,节能,1.169780836414361,1950.666705391092,9.280191676208178,4.367243018404508,9,工况6,3,历史边界
57,节能,1.1697473934665892,1950.6109376415122,9.311577353225246,4.232302811295255,24,工况6,3,历史边界
58,节能,1.1697473934665892,1950.6109376415122,9.310744518228832,4.235829089392004,53,工况6,3,历史边界
59,节能,1.1697471780956668,1950.610578499975,9.285244934716793,4.345229876354133,88,工况6,3,历史边界
60,节能,1.1695502477529336,1950.2821875305792,9.230315920972041,4.590585964396147,99,工况6,3,历史边界
61,节能,1.1695364983673366,1950.2592597582404,9.251094815995689,4.49618285333128,94,工况6,3,历史边界
62,节能,1.16937195954114,1949.984883225462,9.297733097467802,4.291303360855847,94,工况6,3,历史边界
63,节能,1.1689043653173523,1949.2051470085723,9.194959130560383,4.755797820060455,94,工况6,3,历史边界
64,节能,1.167705039615536,1947.2052127964303,9.272185217043848,4.402349523153446,97,工况6,3,历史边界
65,节能,1.1675040716108571,1946.870088828442,9.274847870164095,4.3906431853338885,96,工况6,3,历史边界
66,节能,1.1674913753153262,1946.8489171352471,9.21647483202718,4.654566431282645,90,工况6,3,历史边界
67,节能,1.1673194273315282,1946.5621854701242,9.247354312356974,4.51303233478223,83,工况6,3,历史边界
68,节能,1.167310486087177,1946.5421989053284,9.199556599507803,4.733983371311695,85,工况6,3,历史边界
69,节能,1.1663363119457053,1944.9227925248947,9.340750275198829,4.110617755904106,89,工况6,3,历史边界
70,节能,1.1661093192149858,1944.54427105455,9.36498690004968,4.0121878776754585,90,工况6,3,历史边界
71,节能,1.1660648182296767,1944.4142908562844,9.324422959436482,4.178284010933048,88,工况6,3,历史边界
72,节能,1.166051790049425,1944.4483383598479,9.2269866748187,4.6058946240679095,89,工况6,3,历史边界
73,节能,1.1660427414653944,1944.4323034468146,9.26388809265612,4.439028318588632,85,工况6,3,历史边界
74,节能,1.1660427414653944,1944.4323034468146,9.33790231065426,4.122341335775037,80,工况6,3,历史边界
75,节能,1.1660427414653944,1944.4323034468146,9.416108862210953,3.8122315859660696,59,工况6,3,历史边界
76,节能,1.1660427414653944,1944.4323034468146,9.30534900390212,4.258745332795155,42,工况6,3,历史边界
77,节能,1.1660427414653944,1944.4323034468146,9.294015208696871,4.3072876449167845,39,工况6,3,历史边界
78,节能,1.1660427414653944,1944.4323034468146,9.23001515745163,4.591966852841572,20,工况6,3,历史边界
79,节能,1.1659618447148077,1944.2983501192462,9.24980234436698,4.501997799123446,26,工况6,3,历史边界
80,节能,1.1657707235536936,1943.9796462440625,9.337821997288447,4.1226724281781335,22,工况6,3,历史边界
81,节能,1.165701933663313,1943.8649357404743,9.279842571796447,4.368767908366753,47,工况6,3,历史边界
82,节能,1.165701933663313,1943.8649357404743,9.385183575444842,3.931967837375124,74,工况6,3,历史边界
83,节能,1.1657004346345838,1943.8624360368192,9.329539405784422,4.156960641419645,95,工况6,3,历史边界
84,节能,1.1653822586782108,1943.3318620820812,9.210888410318638,4.6806415677795625,98,工况6,3,历史边界
85,节能,1.1650614322265649,1942.796868296961,9.211250292604793,4.67894803295695,95,工况6,3,历史边界
86,节能,1.1645729649817558,1941.98232529757,9.306761075990087,4.25273592124065,96,工况6,3,历史边界
87,节能,1.1644335403873458,1941.749749354259,9.222532438366354,4.626456126699982,98,工况6,3,历史边界
88,节能,1.1644333960951296,1941.7495873591674,9.328312225168904,4.162065114352782,91,工况6,3,历史边界
89,节能,1.1644333960951296,1941.7495873591674,9.277934965531735,4.377109751344152,92,工况6,3,历史边界
90,节能,1.1644322271522287,1941.7468739315664,9.313481680729996,4.224250789919524,89,工况6,3,历史边界
91,节能,1.1644318405995422,1941.7459665287652,9.29034815141088,4.323111711604869,77,工况6,3,历史边界
92,节能,1.1644318405995422,1941.7459665287652,9.29402017963538,4.3072662337079795,59,工况6,3,历史边界
93,节能,1.1642600758580717,1941.460567394679,9.313747791004797,4.223126822937205,33,工况6,3,历史边界
94,节能,1.1642310908818807,1941.4122335305465,9.342423033732075,4.103747432773825,12,工况6,3,历史边界
95,节能,1.1642101019974318,1941.3772335401181,9.304521759471463,4.262269813755923,28,工况6,3,历史边界
96,节能,1.1642032103970408,1941.365741459712,9.276019706061275,4.385501085474633,54,工况6,3,历史边界
97,节能,1.1642032103970408,1941.365741459712,9.221825660598963,4.629727158842376,76,工况6,3,历史边界
98,节能,1.1642032103970408,1941.365741459712,9.208977835217002,4.689592833328289,97,工况6,3,历史边界
99,节能,1.1642032103970408,1941.365741459712,9.311114689159615,4.234261398769997,98,工况6,3,历史边界
100,节能,1.1642032103970408,1941.365741459712,9.245162225025945,4.5229361468324365,99,工况6,3,历史边界
101,节能,1.1642028788538787,1941.3651885952886,9.263236295663038,4.441922607040685,100,工况6,3,历史边界
102,节能,1.1640565378888144,1941.1211578851762,9.292527712119018,4.3136994881636115,97,工况6,3,历史边界
103,节能,1.164005565453389,1941.0361588583658,9.196858280948174,4.746774415899101,92,工况6,3,历史边界
104,节能,1.1639697977860455,1940.9765145253036,9.252720712387099,4.488878465552915,95,工况6,3,历史边界
105,节能,1.1637427932352704,1940.5979733444392,9.354483209410922,4.05455276224755,94,工况6,3,历史边界
106,节能,1.1637095061239313,1940.5424654597255,9.34822222261993,4.0800178987911675,92,工况6,3,历史边界
107,节能,1.1637086330870772,1940.536373030196,9.283901767319733,4.351070168823962,88,工况6,3,历史边界
108,节能,1.1637070112138321,1940.5374134592332,9.25732840374625,4.468242677216256,78,工况6,3,历史边界
109,节能,1.163706844982971,1940.5353759582895,9.293626745097145,4.308961194415874,62,工况6,3,历史边界
110,节能,1.163706844982971,1940.5353759582895,9.264377554661248,4.436856114536041,54,工况6,3,历史边界
111,节能,1.1637068393282457,1940.535885766403,9.321292568172362,4.191384168311244,31,工况6,3,历史边界
112,节能,1.1637068150662895,1940.5360587954606,9.326169847203618,4.170991389257054,16,工况6,3,历史边界
113,节能,1.163706813335349,1940.536006353512,9.177534301375978,4.83939298532945,1,工况6,3,历史边界
114,节能,1.1637068090949256,1940.5361715498457,9.27276267923041,4.399808066639934,5,工况6,3,历史边界
115,节能,1.1626846056488436,1938.8333938363423,9.347311509162308,4.083735318494072,10,工况6,3,历史边界
116,节能,1.162675812244435,1938.8187304048063,9.29614447983669,4.298126018897918,8,工况6,3,历史边界
117,节能,1.1625490100826175,1938.6072816038609,9.253880143149145,4.483676937761225,12,工况6,3,历史边界
118,节能,1.1621426113358186,1937.8332115296937,9.244634505010145,4.525323620670763,26,工况6,3,历史边界
119,节能,1.16210299481032,1937.861679310041,9.411647943460656,3.8292756291097954,48,工况6,3,历史边界
120,节能,1.16210299481032,1937.861679310041,9.250304147299936,4.499739250144331,68,工况6,3,历史边界
121,节能,1.1617509426472363,1937.276465158255,9.252743556845372,4.4887759207274085,75,工况6,3,历史边界
122,节能,1.1617141547970558,1937.2085408137498,9.319769155971368,4.197774240213221,78,工况6,3,历史边界
123,节能,1.161511466453559,1936.877126903431,9.252145091377168,4.491463102122904,62,工况6,3,历史边界
124,节能,1.1607374069114267,1935.5863447929494,9.220213501459606,4.637197035491303,43,工况6,3,历史边界
125,节能,1.1602855284805205,1934.8328154286328,9.497955787184106,3.5126397164740286,47,工况6,3,历史边界
126,节能,1.1601735327090734,1934.5898397749402,9.234676463387844,4.5706120996762944,62,工况6,3,历史边界
127,节能,1.1601698944499905,1934.6399900323336,9.210080237117962,4.684425865834774,65,工况6,3,历史边界
128,节能,1.160156741439368,1934.6180567444062,9.344690421353084,4.094453187455244,73,工况6,3,历史边界
129,节能,1.1601533742599583,1934.6040287335418,9.368291685117736,3.9989503447355994,70,工况6,3,历史边界
130,节能,1.1601525564935273,1934.6070317372828,9.16669230421148,4.892147133753086,60,工况6,3,历史边界
131,节能,1.1601525564935273,1934.6070317372828,9.38673155343446,3.9258859462382576,38,工况6,3,历史边界
132,节能,1.1601525564935273,1934.6070317372828,9.296608093631876,4.296133810225499,10,工况6,3,历史边界
133,节能,1.1601525371231174,1934.6082430377737,9.171793266399716,4.867256014505417,3,工况6,3,历史边界
134,节能,1.1601525179663428,1934.6079775905469,9.300939980772224,4.277563694282386,6,工况6,3,历史边界
135,节能,1.1601525107605577,1934.6087202457654,9.31714822908622,4.208790729978023,5,工况6,3,历史边界
136,节能,1.1601525107605577,1934.6087202457654,9.243701905738373,4.529545902726496,8,工况6,3,历史边界
137,节能,1.1601525048256138,1934.6077166133875,9.162130355373,4.914515842346056,2,工况6,3,历史边界
138,节能,1.1601524935225958,1934.6080524019474,9.297989204038112,4.290204470592452,7,工况6,3,历史边界
139,节能,1.160152493503693,1934.6080933493433,9.340155343720197,4.113064019411148,5,工况6,3,历史边界
140,节能,1.1601524934070993,1934.6083543415411,9.22213611443838,4.628290065357599,4,工况6,3,历史边界
141,节能,1.1601524921885868,1934.6082041336808,9.194146696017151,4.759663164447138,2,工况6,3,历史边界
142,节能,1.1601524912523733,1934.608182251484,9.227998060918562,4.601238641162781,3,工况6,3,历史边界
143,节能,1.1601524912523733,1934.608182251484,9.305281437883012,4.259033088984842,8,工况6,3,历史边界
144,节能,1.1601524912523733,1934.608182251484,9.354524419217384,4.0543856783557,8,工况6,3,历史边界
145,节能,1.1601524912523733,1934.608182251484,9.22564755951499,4.612066579604026,5,工况6,3,历史边界
146,节能,1.1601524912523733,1934.608182251484,9.215332846001917,4.659884917341199,6,工况6,3,历史边界
147,节能,1.1601524912523733,1934.608182251484,9.30323284706285,4.267767048173514,2,工况6,3,历史边界
148,节能,1.1596500030208017,1933.7730456699642,9.171613973162414,4.868128758829275,3,工况6,3,历史边界
149,节能,1.1586632616314616,1932.1276061866872,9.344997814227913,4.093194775142496,15,工况6,3,历史边界
150,节能,1.1582526213021032,1931.4403558765005,9.263850192513933,4.4391965615812765,29,工况6,3,历史边界
151,节能,1.1582526213021032,1931.4403558765005,9.387124746856895,3.9243426171402778,66,工况6,3,历史边界
152,节能,1.1582526213021032,1931.4403558765005,9.283768718292457,4.35164911299066,80,工况6,3,历史边界
153,节能,1.1582526195168648,1931.441288731667,9.270300976154594,4.410652430015536,78,工况6,3,历史边界
154,节能,1.1582526072797752,1931.4406344046515,9.254284417168153,4.481864670016728,77,工况6,3,历史边界
155,节能,1.158252605319008,1931.44068812267,9.181668662306905,4.8194264908293984,63,工况6,3,历史边界
156,节能,1.1579638113221078,1930.961238617601,9.198364012013277,4.7396324285075595,26,工况6,3,历史边界
157,节能,1.1572939502450783,1929.8442125392771,9.227355631202979,4.60419556329998,12,工况6,3,历史边界
158,节能,1.1571954687510395,1929.5657998069917,9.167173654748135,4.88979286276512,27,工况6,3,历史边界
159,节能,1.1571485563555923,1929.60176112397,9.306411007560774,4.254224930437231,50,工况6,3,历史边界
160,节能,1.157092695854621,1929.5086110090092,9.236872627004342,4.560585301952086,81,工况6,3,历史边界
161,节能,1.1568670612351304,1929.132354255502,9.30375702468224,4.265530566410144,86,工况6,3,历史边界
162,节能,1.156780318557552,1928.9795518658605,9.24598508696505,4.519215925648331,87,工况6,3,历史边界
163,节能,1.1567790524716817,1928.9845094384107,9.248236775555618,4.509051506558032,87,工况6,3,历史边界
164,节能,1.1567790524716817,1928.9845094384107,9.306381006322415,4.2543525643679825,83,工况6,3,历史边界
165,节能,1.1567790524716817,1928.9845094384107,9.250879772210688,4.497149833477927,82,工况6,3,历史边界
166,节能,1.1567790053714888,1928.9840260132207,9.301081137164212,4.276959931438296,61,工况6,3,历史边界
167,节能,1.156778991100078,1928.9836865755738,9.281680919228204,4.360743972752933,39,工况6,3,历史边界
168,节能,1.156778991100078,1928.9836865755738,9.188082332609197,4.788615190650478,12,工况6,3,历史边界
169,节能,1.1567789902442616,1928.9834493252165,9.239620442788127,4.548070855247359,7,工况6,3,历史边界
170,节能,1.1567789902442616,1928.9834493252165,9.348487593725945,4.0789353235772445,8,工况6,3,历史边界
171,节能,1.156778988939963,1928.9835930935922,9.286593630218288,4.339373434533031,9,工况6,3,历史边界
172,节能,1.156778988939963,1928.9835930935922,9.32512337126544,4.175358516032264,8,工况6,3,历史边界
173,节能,1.156778988939963,1928.9835930935922,9.245212726736607,4.522707736587408,1,工况6,3,历史边界
174,节能,1.156778988939963,1928.9835930935922,9.269351618610036,4.414841704421383,3,工况6,3,历史边界
175,节能,1.156778988939963,1928.9835930935922,9.323565965775382,4.181866308628656,7,工况6,3,历史边界
176,节能,1.156778988939892,1928.9835935071187,9.227190483902719,4.604955996557149,8,工况6,3,历史边界
177,节能,1.156778988939892,1928.9835935071187,9.166999235610211,4.89064581060392,1,工况6,3,历史边界
178,节能,1.1567789889371036,1928.9835932689807,9.30428987129071,4.263258298353432,5,工况6,3,历史边界
179,节能,1.1567789889348359,1928.9835930314143,9.265413285890155,4.432263103073345,3,工况6,3,历史边界
180,节能,1.1567789889348359,1928.9835930314143,9.381599707370631,3.9460847728836,10,工况6,3,历史边界
181,节能,1.156778988934519,1928.9835930538427,9.259973733155013,4.456438323542366,5,工况6,3,历史边界
182,节能,1.1567789889344122,1928.9835930366387,9.341919960954618,4.105812435772659,5,工况6,3,历史边界
183,节能,1.1567789889344122,1928.9835930366387,9.311642841236448,4.232025655276635,2,工况6,3,历史边界
184,节能,1.1567789889344122,1928.9835930366387,9.31551025158983,4.215690283594915,5,工况6,3,历史边界
185,节能,1.1567789889343199,1928.983593055163,9.28444751754654,4.34869621914318,7,工况6,3,历史边界
186,节能,1.1567789889342979,1928.9835930273648,9.333192703349006,4.141801734091849,7,工况6,3,历史边界
187,节能,1.1567789889342979,1928.9835930273648,9.34485677843292,4.093772102832648,9,工况6,3,历史边界
188,节能,1.1567789889342979,1928.9835930273648,9.256649451179927,4.471277432159656,8,工况6,3,历史边界
189,节能,1.156778988934294,1928.9835930318927,9.384275322331217,3.9355406816839675,2,工况6,3,历史边界
190,节能,1.1567789889342515,1928.9835930383624,9.355189319074261,4.051690813905211,4,工况6,3,历史边界
191,节能,1.1567789889342515,1928.9835930383624,9.264528439255384,4.436186711804508,5,工况6,3,历史边界
192,节能,1.1567789889342515,1928.9835930383624,9.269125151699837,4.415841633202318,4,工况6,3,历史边界
193,节能,1.1567789889342508,1928.9835930371983,9.282557197725557,4.356924420317389,2,工况6,3,历史边界
194,节能,1.1567789889342508,1928.9835930371983,9.24752201608635,4.5122755458888255,8,工况6,3,历史边界
195,节能,1.1567789889342506,1928.9835930377876,9.31836502785272,4.203672593112136,7,工况6,3,历史边界
196,节能,1.1567789889342506,1928.9835930377876,9.224006224670957,4.619642740992128,4,工况6,3,历史边界
197,节能,1.1567789889342484,1928.9835930377506,9.230378251938681,4.5902998376529105,5,工况6,3,历史边界
198,节能,1.1567789889342484,1928.9835930377506,9.244835304409529,4.524415029631037,7,工况6,3,历史边界
199,节能,1.1567789889342484,1928.9835930377506,9.346656025337145,4.086413018440219,7,工况6,3,历史边界
200,节能,1.1567789889342484,1928.9835930377506,9.256772729038765,4.470726256626115,5,工况6,3,历史边界
201,节能,1.1567789889342484,1928.9835930377506,9.243165336700017,4.531976968974826,4,工况6,3,历史边界
202,节能,1.1567789889342484,1928.9835930377506,9.27001466112371,4.411915446903986,2,工况6,3,历史边界
203,节能,1.1567789889342484,1928.9835930377506,9.16485009493052,4.901167799032214,1,工况6,3,历史边界
204,节能,1.1567789889342481,1928.9835930377421,9.265638666166431,4.4312642709534025,5,工况6,3,历史边界
205,节能,1.1567789889342481,1928.9835930377421,9.251003371283,4.496594024279919,4,工况6,3,历史边界
206,节能,1.1567789889342481,1928.9835930377421,9.322454753308458,4.186515833432344,8,工况6,3,历史边界
207,节能,1.156778988934248,1928.9835930377512,9.324399116331774,4.178383635383895,5,工况6,3,历史边界
208,节能,1.156778988934248,1928.9835930377512,9.240590550345333,4.543660876762558,3,工况6,3,历史边界
209,节能,1.156778988934248,1928.9835930377512,9.275965396936426,4.385739264668202,5,工况6,3,历史边界
210,节能,1.1567789889342477,1928.9835930377487,9.299674092929152,4.282982038945701,13,工况6,3,历史边界
211,节能,1.1567789889342477,1928.9835930377487,9.346203498415353,4.088262648816833,2,工况6,3,历史边界
212,节能,1.1567789889342477,1928.9835930377487,9.294261003013537,4.306229068194821,7,工况6,3,历史边界
213,节能,1.1567789889342477,1928.9835930377487,9.183287746692162,4.811629746149205,4,工况6,3,历史边界
214,节能,1.1567789889342477,1928.9835930377487,9.298039627854378,4.289988147564448,4,工况6,3,历史边界
215,节能,1.1567789889342477,1928.9835930377487,9.292228598901103,4.314989965688456,3,工况6,3,历史边界
216,节能,1.1567789889342477,1928.9835930377487,9.332186201873476,4.145972562268818,5,工况6,3,历史边界
217,节能,1.1567789889342477,1928.9835930377487,9.322809271462367,4.185031900623867,3,工况6,3,历史边界
218,节能,1.1567789889342477,1928.9835930377487,9.341498211442856,4.107544425370044,6,工况6,3,历史边界
219,节能,1.1567789889342477,1928.9835930377487,9.309447452243187,4.241326803903333,5,工况6,3,历史边界
220,节能,1.1567789889342477,1928.9835930377487,9.314688667606388,4.219155250396775,10,工况6,3,历史边界
221,节能,1.1567789889342477,1928.9835930377487,9.268398581680607,4.419051217195228,8,工况6,3,历史边界
222,节能,1.1567789889342477,1928.9835930377487,9.322492134673736,4.186359338679745,9,工况6,3,历史边界
223,节能,1.1567789889342477,1928.9835930377487,9.216406633568335,4.654883876364358,8,工况6,3,历史边界
224,节能,1.1567789889342477,1928.9835930377487,9.305741208952247,4.257075358875935,2,工况6,3,历史边界
225,节能,1.1567789889342477,1928.9835930377487,9.267626477191152,4.422464504016626,4,工况6,3,历史边界
226,节能,1.1567789889342477,1928.9835930377487,9.285319691310427,4.344905053911482,5,工况6,3,历史边界
227,节能,1.1567789889342477,1928.9835930377487,9.212856060710797,4.6714407565216325,3,工况6,3,历史边界
228,节能,1.1567789889342477,1928.9835930377487,9.252441765706568,4.4901307979590515,2,工况6,3,历史边界
229,节能,1.1567789889342477,1928.9835930377487,9.347110380659796,4.084556756667883,3,工况6,3,历史边界
230,节能,1.1567789889342477,1928.9835930377487,9.24494457601711,4.523920666537802,6,工况6,3,历史边界
231,节能,1.1567789889342477,1928.9835930377487,9.280096717794805,4.367657744562905,5,工况6,3,历史边界
232,节能,1.1567789889342477,1928.9835930377487,9.31169547327788,4.231802920988541,5,工况6,3,历史边界
233,节能,1.1567789889342477,1928.9835930377487,9.29382486412047,4.308107591792739,7,工况6,3,历史边界
234,节能,1.1567789889342477,1928.9835930377487,9.23814963348113,4.554765121978242,3,工况6,3,历史边界
235,节能,1.1567789889342477,1928.9835930377487,9.144854846676179,5.000154196751203,0,工况6,3,历史边界
236,节能,1.1567789889342477,1928.9835930377487,9.265702512368367,4.4309813605913995,6,工况6,3,历史边界
237,节能,1.1567789889342477,1928.9835930377487,9.248284485348801,4.508836385774929,5,工况6,3,历史边界
238,节能,1.1567789889342477,1928.9835930377487,9.277282890456087,4.3799648862963805,5,工况6,3,历史边界
239,节能,1.1567789889342477,1928.9835930377487,9.204644735737324,4.709957394565823,1,工况6,3,历史边界
240,节能,1.1567789889342477,1928.9835930377487,9.180766319054761,4.823777230437655,1,工况6,3,历史边界
241,节能,1.1567789889342477,1928.9835930377487,9.245484379242948,4.521479298557009,4,工况6,3,历史边界
242,节能,1.1567789889342477,1928.9835930377487,9.290461360797263,4.322622322482978,9,工况6,3,历史边界
243,节能,1.1567789889342477,1928.9835930377487,9.299807767379217,4.2824095519413,5,工况6,3,历史边界
244,节能,1.1567789889342477,1928.9835930377487,9.295074195881087,4.302728696861923,4,工况6,3,历史边界
245,节能,1.1567789889342477,1928.9835930377487,9.296320867121889,4.297367950976736,5,工况6,3,历史边界
246,节能,1.1567789889342477,1928.9835930377487,9.314068814268982,4.2217713185653,7,工况6,3,历史边界
247,节能,1.1567789889342477,1928.9835930377487,9.3740744698156,3.9758920108218074,7,工况6,3,历史边界
248,节能,1.1567789889342477,1928.9835930377487,9.300204618297869,4.280710410951703,6,工况6,3,历史边界
249,节能,1.1567789889342477,1928.9835930377487,9.242081899076076,4.536889744196032,5,工况6,3,历史边界
250,节能,1.1566617936045567,1928.7852044304777,9.270241278494279,4.410915743505594,6,工况6,3,历史边界
251,节能,1.1566617936045567,1928.7852044304777,9.259459505874434,4.458730535010874,5,工况6,3,历史边界
252,节能,1.1566617936045567,1928.7852044304777,9.32192298875272,4.188742666187492,13,工况6,3,历史边界
253,节能,1.1566617936045567,1928.7852044304777,9.182262206807271,4.816566795503016,13,工况6,3,历史边界
254,节能,1.1566617936045567,1928.7852044304777,9.39385886778328,3.898004401298008,13,工况6,3,历史边界
255,节能,1.1566617936045565,1928.7852044304775,9.220894292813693,4.634041146215298,26,工况6,3,历史边界
256,节能,1.1566617936045565,1928.7852044304775,9.234677573277494,4.570607026804044,24,工况6,3,历史边界
257,节能,1.1566617936045565,1928.7852044304775,9.190799256096003,4.775622547570577,13,工况6,3,历史边界
258,节能,1.1566617936045565,1928.7852044304775,9.222505337641579,4.626581508713122,7,工况6,3,历史边界
259,节能,1.1566617936045565,1928.7852044304775,9.24649986732647,4.516890120731497,6,工况6,3,历史边界
260,节能,1.1566617936045565,1928.7852044304775,9.274902749796109,4.390402235063265,4,工况6,3,历史边界
261,节能,1.1566617936045565,1928.7852044304775,9.248893859104223,4.506089656191404,4,工况6,3,历史边界
262,节能,1.1566617936045565,1928.7852044304775,9.33266242111508,4.143998640406596,8,工况6,3,历史边界
263,节能,1.1566617936045565,1928.7852044304775,9.288833373472182,4.329665228160171,3,工况6,3,历史边界
264,节能,1.1566617936045565,1928.7852044304775,9.336697432459466,4.127311248430452,6,工况6,3,历史边界
265,节能,1.1566617936045565,1928.7852044304775,9.274019925614022,4.394279899721685,8,工况6,3,历史边界
266,节能,1.1566617936045565,1928.7852044304775,9.165290428941628,4.899010123240035,1,工况6,3,历史边界
267,节能,1.1566617936045565,1928.7852044304775,9.195014020982539,4.755536779474803,3,工况6,3,历史边界
268,节能,1.1566617936045565,1928.7852044304775,9.22194768924872,4.629162233957648,2,工况6,3,历史边界
269,节能,1.1566617936045565,1928.7852044304775,9.241954535457173,4.537467615691539,5,工况6,3,历史边界
270,节能,1.1566617936045565,1928.7852044304775,9.144836336447817,5.000246751603831,0,工况6,3,历史边界
271,节能,1.1566617936045565,1928.7852044304775,9.247842282129465,4.510830648642411,7,工况6,3,历史边界
272,节能,1.1566617936045565,1928.7852044304775,9.33286018487067,4.143179188703902,5,工况6,3,历史边界
273,节能,1.1566617936045565,1928.7852044304775,9.222667671244867,4.6258305200229035,3,工况6,3,历史边界
274,节能,1.1566617936045565,1928.7852044304775,9.491382179490921,3.535806493164249,8,工况6,3,历史边界
275,节能,1.1566617936045565,1928.7852044304775,9.242604501397112,4.534519374519728,4,工况6,3,历史边界
276,节能,1.1566617936045565,1928.7852044304775,9.325840619603806,4.172364820814356,6,工况6,3,历史边界
277,节能,1.1566617936045565,1928.7852044304775,9.219112871124759,4.642303684968376,4,工况6,3,历史边界
278,节能,1.1566617936045565,1928.7852044304775,9.256082712066501,4.473812198175115,6,工况6,3,历史边界
279,节能,1.1566617936045565,1928.7852044304775,9.2142725117248,4.664828573547358,7,工况6,3,历史边界
280,节能,1.1566617936045565,1928.7852044304775,9.346615423756104,4.086578936637803,9,工况6,3,历史边界
281,节能,1.1566617936045565,1928.7852044304775,9.311890977156366,4.230975667972715,8,工况6,3,历史边界
282,节能,1.1566617936045565,1928.7852044304775,9.359965123653545,4.032386863001743,7,工况6,3,历史边界
283,节能,1.1566617936045565,1928.7852044304775,9.284507903982457,4.348433624806275,4,工况6,3,历史边界
284,节能,1.1566617936045565,1928.7852044304775,9.1945991278374,4.757510228442982,5,工况6,3,历史边界
285,节能,1.1566617936045565,1928.7852044304775,9.210770317113179,4.681194352385321,7,工况6,3,历史边界
286,节能,1.1566617936045565,1928.7852044304775,9.34891854514899,4.077177879308794,2,工况6,3,历史边界
287,节能,1.1566617936045565,1928.7852044304775,9.196686509140566,4.747589847952941,4,工况6,3,历史边界
288,节能,1.1566617936045565,1928.7852044304775,9.151405988868007,4.967504538673471,1,工况6,3,历史边界
289,节能,1.1566617936045565,1928.7852044304775,9.246691457660049,4.516024811141651,3,工况6,3,历史边界
290,节能,1.1566617936045565,1928.7852044304775,9.326807145048818,4.168334072273464,7,工况6,3,历史边界
291,节能,1.1566313925979022,1928.739365287111,9.19805201677274,4.741111401971493,4,工况6,3,历史边界
292,节能,1.1562760366655889,1928.1467919057145,9.329315530851034,4.157891384887518,13,工况6,3,历史边界
293,节能,1.1562141792514145,1928.0436416449518,9.218255198585322,4.646286969291317,24,工况6,3,历史边界
294,节能,1.1562015334068372,1928.022554081187,9.258799889820354,4.4616725554478665,41,工况6,3,历史边界
295,节能,1.1561991318826044,1928.0044044648305,9.309486986736506,4.241159128511646,50,工况6,3,历史边界
296,节能,1.1561983289988331,1928.017210574259,9.346637515113397,4.086488659559584,73,工况6,3,历史边界
297,节能,1.1561958021801022,1928.011013625337,9.390238603293403,3.912141783303693,74,工况6,3,历史边界
298,节能,1.1561958021801022,1928.011013625337,9.347189519355185,4.084233522965234,75,工况6,3,历史边界
299,节能,1.1561958021801022,1928.011013625337,9.247936517700147,4.510405587970219,57,工况6,3,历史边界
300,节能,1.1561958021763394,1928.0110163688616,9.231888240338266,4.583373768605387,25,工况6,3,历史边界
0,节能,1.2013373950136528,1910.0396022391046,10.735309239826263,0.6562394391496488,25,工况1,1,电压上限扩展4%
1,节能,1.2013373950136528,1910.0396022391046,10.662557810796168,0.7057613506321767,55,工况1,1,电压上限扩展4%
2,节能,1.1836113741055696,1881.856510573859,10.587093559954457,0.7610822252121247,77,工况1,1,电压上限扩展4%
3,节能,1.179001415191937,1874.5270091979082,9.678139117098148,1.8887978430082746,85,工况1,1,电压上限扩展4%
4,节能,1.1709210842626436,1861.6798672224666,9.434089154379883,2.410876869317061,78,工况1,1,电压上限扩展4%
5,节能,1.162522072084586,1848.326045101915,9.534263281066947,2.1810717857640842,89,工况1,1,电压上限扩展4%
6,节能,1.162153927888569,1847.74072244681,9.340676667736798,2.6469367134068857,90,工况1,1,电压上限扩展4%
7,节能,1.154032395849279,1834.8280736852842,9.340676667736798,2.6469367134068857,83,工况1,1,电压上限扩展4%
8,节能,1.1516226297099978,1830.9967197481917,9.135316748868986,3.250350813160318,91,工况1,1,电压上限扩展4%
9,节能,1.1516226297099978,1830.9967197481917,9.102148299747371,3.3599677716179985,90,工况1,1,电压上限扩展4%
10,节能,1.1493266794932544,1827.3463248991247,9.040838738407286,3.5724118055913388,89,工况1,1,电压上限扩展4%
11,节能,1.1488952758127378,1826.6604242372803,8.902188961241313,4.103707037332175,93,工况1,1,电压上限扩展4%
12,节能,1.1488952758127378,1826.6604242372803,8.898560126492036,4.1186257644564375,87,工况1,1,电压上限扩展4%
13,节能,1.1481261750874328,1825.4376096894762,8.822736580173244,4.4430589935198075,83,工况1,1,电压上限扩展4%
14,节能,1.1466045013629071,1823.014649367199,9.048345280495681,3.545695744085642,80,工况1,1,电压上限扩展4%
15,节能,1.1466045013629071,1823.014649367199,8.864865913673844,4.259764036363985,72,工况1,1,电压上限扩展4%
16,节能,1.1466045013629071,1823.014649367199,8.917036579968327,4.043226864225992,71,工况1,1,电压上限扩展4%
17,节能,1.146367997927356,1822.6422351199028,8.889657581588793,4.155455712148647,76,工况1,1,电压上限扩展4%
18,节能,1.1456116756299644,1821.43973734861,8.901551349148358,4.106324444921813,80,工况1,1,电压上限扩展4%
19,节能,1.1453228185755808,1820.9804755162982,8.822339978975092,4.444821465516244,90,工况1,1,电压上限扩展4%
20,节能,1.144569395361646,1819.7825870781003,8.842025943060303,4.358176512656333,88,工况1,1,电压上限扩展4%
21,节能,1.144569395361646,1819.7825870781003,8.780986783351425,4.632482486252228,77,工况1,1,电压上限扩展4%
22,节能,1.1439750064522727,1818.8375516860888,8.847962988066197,4.332378480374881,92,工况1,1,电压上限扩展4%
23,节能,1.1434695218179634,1818.0338676637139,8.760773117646073,4.7270747459898885,88,工况1,1,电压上限扩展4%
24,节能,1.1434695218179634,1818.0338676637139,8.856052111577716,4.297474696581615,93,工况1,1,电压上限扩展4%
25,节能,1.1434049793005716,1817.8662006298496,8.773973998853474,4.665083265130786,90,工况1,1,电压上限扩展4%
26,节能,1.1433872063041555,1817.9029919481118,8.871440318367823,4.231850481732125,86,工况1,1,电压上限扩展4%
27,节能,1.1433846823400065,1817.8989790275957,8.828182352984152,4.418928866883858,86,工况1,1,电压上限扩展4%
28,节能,1.1433768226545316,1817.8708301832648,8.711954409152236,4.963570163024237,81,工况1,1,电压上限扩展4%
29,节能,1.1433584873218328,1817.8570645983843,8.886565140545766,4.1683261041527775,72,工况1,1,电压上限扩展4%
30,节能,1.1433571807073364,1817.8552534199985,8.871317755122071,4.232369182848899,69,工况1,1,电压上限扩展4%
31,节能,1.143342407949938,1817.8207007324818,8.875444140913018,4.214940777682003,62,工况1,1,电压上限扩展4%
32,节能,1.143014492474006,1817.3104039051168,8.837066346006495,4.379845001118194,56,工况1,1,电压上限扩展4%
33,节能,1.142012451769841,1815.717231632319,8.812922969444266,4.4868760952609,53,工况1,1,电压上限扩展4%
34,节能,1.141705047612543,1815.2284812473156,8.8537892212483,4.3072104217981835,60,工况1,1,电压上限扩展4%
35,节能,1.1413791778077589,1814.7103718178623,8.815855478773866,4.473737563100378,66,工况1,1,电压上限扩展4%
36,节能,1.140738187750215,1813.6912439694893,8.851082677304934,4.318883866297327,74,工况1,1,电压上限扩展4%
37,节能,1.140738187750215,1813.6912439694893,8.87652050641216,4.2104064016087435,87,工况1,1,电压上限扩展4%
38,节能,1.1407224296917826,1813.6634154233625,8.787814069699953,4.600962920795499,87,工况1,1,电压上限扩展4%
39,节能,1.139702168867057,1812.0440488486909,8.830024997186047,4.410793850500853,92,工况1,1,电压上限扩展4%
40,节能,1.1396093872185427,1811.8965327355995,8.875197138355764,4.215982007420674,93,工况1,1,电压上限扩展4%
41,节能,1.1395035363706496,1811.7282375403902,8.80966961112515,4.501497282015741,92,工况1,1,电压上限扩展4%
42,节能,1.139500591733828,1811.7235557807387,8.855845706047342,4.298361810675111,95,工况1,1,电压上限扩展4%
43,节能,1.13948428447895,1811.6976284244854,8.86919469566525,4.241364299472308,93,工况1,1,电压上限扩展4%
44,节能,1.13948428447895,1811.6976284244854,8.952375633249197,3.9028382647814426,96,工况1,1,电压上限扩展4%
45,节能,1.1394822692829993,1811.6944244086214,8.974644989776085,3.816885180095465,97,工况1,1,电压上限扩展4%
46,节能,1.139473548823553,1811.6805595085846,8.869779840251237,4.238883214082908,99,工况1,1,电压上限扩展4%
47,节能,1.139473249867458,1811.6800841900078,8.845573524067404,4.342742920579901,97,工况1,1,电压上限扩展4%
48,节能,1.1394708758222085,1811.6763096297032,8.751906101394917,4.7691761757658915,97,工况1,1,电压上限扩展4%
49,节能,1.1394664965682315,1811.6672052170572,8.799517050976354,4.547431785781674,95,工况1,1,电压上限扩展4%
50,节能,1.1394664965682315,1811.6672052170572,8.892894309820782,4.142027374990741,92,工况1,1,电压上限扩展4%
51,节能,1.1394664965682315,1811.6672052170572,8.890054387161037,4.153807131271524,84,工况1,1,电压上限扩展4%
52,节能,1.1394664965682315,1811.6672052170572,8.82995279760985,4.411112319444073,73,工况1,1,电压上限扩展4%
53,节能,1.1394664965682315,1811.6672052170572,8.854099924796497,4.305872364117701,48,工况1,1,电压上限扩展4%
54,节能,1.1394664965682315,1811.6672052170572,8.799499841329162,4.547510046151751,13,工况1,1,电压上限扩展4%
55,节能,1.1394664940915222,1811.6674147849549,8.792731558060403,4.578393277645366,3,工况1,1,电压上限扩展4%
56,节能,1.1394664940915222,1811.6674147849549,8.81670656423802,4.4699316498984185,5,工况1,1,电压上限扩展4%
57,节能,1.1394664940915222,1811.6674147849549,8.849396774336778,4.326171226591759,3,工况1,1,电压上限扩展4%
58,节能,1.139466482441222,1811.6676853655592,8.784588140503732,4.615829267410851,1,工况1,1,电压上限扩展4%
59,节能,1.139466482441222,1811.6676853655592,8.893193155643962,4.140789732351608,7,工况1,1,电压上限扩展4%
60,节能,1.1394664803717647,1811.6675883201328,8.832489552987402,4.399936587588784,6,工况1,1,电压上限扩展4%
61,节能,1.1392318233077783,1811.2962334150843,8.85444529591819,4.3043854969247155,8,工况1,1,电压上限扩展4%
62,节能,1.1392299029477988,1811.2931801815575,8.892521984471214,4.143569843913377,9,工况1,1,电压上限扩展4%
63,节能,1.139226508913878,1811.2877839130097,8.9339765051844,3.9753117659321067,14,工况1,1,电压上限扩展4%
64,节能,1.1392262631468473,1811.2873931611998,8.827119698895368,4.423627155598033,22,工况1,1,电压上限扩展4%
65,节能,1.1392259981325035,1811.2869718075533,8.83194586547658,4.402329428579804,41,工况1,1,电压上限扩展4%
66,节能,1.139225950231603,1811.2868956485847,8.845515117272907,4.34299657368068,72,工况1,1,电压上限扩展4%
67,节能,1.139225950231603,1811.2868956485847,8.77228540353109,4.6729673575582575,90,工况1,1,电压上限扩展4%
68,节能,1.1392147619426365,1811.2364241458893,8.785700774769534,4.6106963936379834,95,工况1,1,电压上限扩展4%
69,节能,1.1392048929214476,1811.2532253111337,8.785724387036334,4.610587525929917,93,工况1,1,电压上限扩展4%
70,节能,1.1392040616764498,1811.249196477521,8.84449076800438,4.347447598356875,88,工况1,1,电压上限扩展4%
71,节能,1.1392040616764498,1811.249196477521,8.84792359525849,4.332549148288796,85,工况1,1,电压上限扩展4%
72,节能,1.1392040616764498,1811.249196477521,8.872110611147809,4.229014853365018,63,工况1,1,电压上限扩展4%
73,节能,1.139204052865736,1811.2497056142342,8.827614409646825,4.421439280910906,37,工况1,1,电压上限扩展4%
74,节能,1.139204051927397,1811.249493169678,8.814990115376833,4.477610647406412,11,工况1,1,电压上限扩展4%
75,节能,1.139204051927397,1811.249493169678,8.942396345096137,3.941980794896594,11,工况1,1,电压上限扩展4%
76,节能,1.1390460028849627,1810.8133836399534,8.796771382872645,4.559934680734999,7,工况1,1,电压上限扩展4%
77,节能,1.1389492578004496,1810.8469258557368,8.81205200032478,4.490785728120427,6,工况1,1,电压上限扩展4%
78,节能,1.1389491439296515,1810.8420363707119,8.792395581430627,4.579931769222713,10,工况1,1,电压上限扩展4%
79,节能,1.1389488725115922,1810.846006851751,8.817195383973601,4.467747193037558,21,工况1,1,电压上限扩展4%
80,节能,1.1382322399407723,1809.706968130706,8.88563799626892,4.172192535937354,43,工况1,1,电压上限扩展4%
81,节能,1.138140685263827,1809.5614028137002,8.851651771377222,4.316426714331741,55,工况1,1,电压上限扩展4%
82,节能,1.138140685263827,1809.5614028137002,8.822200102784578,4.445443233694627,59,工况1,1,电压上限扩展4%
83,节能,1.1381298893026883,1809.5442380160302,8.769679829001657,4.685158998499097,81,工况1,1,电压上限扩展4%
84,节能,1.1381298256136942,1809.544136755134,8.767474795125056,4.6955013312145315,91,工况1,1,电压上限扩展4%
85,节能,1.1381298256136942,1809.544136755134,8.895051662545951,4.133101192869241,99,工况1,1,电压上限扩展4%
86,节能,1.1381296704590653,1809.5438900704917,8.842646203785783,4.355474145103691,96,工况1,1,电压上限扩展4%
87,节能,1.1381296704590653,1809.5438900704917,8.800546358471491,4.542753488277328,95,工况1,1,电压上限扩展4%
88,节能,1.1381295178415847,1809.5436474197315,8.78212018391346,4.62723500231106,96,工况1,1,电压上限扩展4%
89,节能,1.1381292270304861,1809.5431850511104,8.865444119818722,4.257301726552361,98,工况1,1,电压上限扩展4%
90,节能,1.1381291185514133,1809.5430125772277,8.77788905934441,4.646854887835676,94,工况1,1,电压上限扩展4%
91,节能,1.1381291185514133,1809.5430125772277,8.965523801580026,3.851858966918488,94,工况1,1,电压上限扩展4%
92,节能,1.1381290225993295,1809.5428600203516,8.767795836420117,4.693994123337127,96,工况1,1,电压上限扩展4%
93,节能,1.1381290225993295,1809.5428600203516,8.864894820856023,4.259640900368714,96,工况1,1,电压上限扩展4%
94,节能,1.1381290225993295,1809.5428600203516,8.934023678161365,3.9751242430647857,96,工况1,1,电压上限扩展4%
95,节能,1.1377541370753594,1808.946819141194,8.916996907801035,4.043387270980369,93,工况1,1,电压上限扩展4%
96,节能,1.1377507910822358,1808.94149925404,8.86612674186887,4.254396590187565,96,工况1,1,电压上限扩展4%
97,节能,1.1377424983582867,1808.922775114786,8.819380862464154,4.457993689564122,96,工况1,1,电压上限扩展4%
98,节能,1.1377418875740486,1808.9242631557574,8.914162069218428,4.05486588354031,90,工况1,1,电压上限扩展4%
99,节能,1.1377417203029239,1808.925371439701,8.844151008348144,4.348924936614159,66,工况1,1,电压上限扩展4%
100,节能,1.1377417203029239,1808.925371439701,8.852780610099968,4.311556913839516,46,工况1,1,电压上限扩展4%
101,节能,1.1377417192609707,1808.9254326583102,8.75537526790202,4.752659775147107,22,工况1,1,电压上限扩展4%
102,节能,1.1377417183637242,1808.9254724649518,8.86408418580813,4.263095314519415,4,工况1,1,电压上限扩展4%
103,节能,1.1377417183637242,1808.9254724649518,8.957590030447989,3.882540282728327,9,工况1,1,电压上限扩展4%
104,节能,1.1377417183637242,1808.9254724649518,8.90163244359341,4.105991458321611,4,工况1,1,电压上限扩展4%
105,节能,1.137741718343638,1808.9254748491028,8.89997922439891,4.112785176418196,10,工况1,1,电压上限扩展4%
106,节能,1.137741718343638,1808.9254748491028,8.904199959382002,4.09546278247915,12,工况1,1,电压上限扩展4%
107,节能,1.1377417181778022,1808.925528141283,8.788973928849034,4.595629545437243,6,工况1,1,电压上限扩展4%
108,节能,1.137741718140997,1808.9255038595777,8.84894932469291,4.3281074035049425,3,工况1,1,电压上限扩展4%
109,节能,1.1377417181236378,1808.9255066278113,8.798393993370032,4.552541682455011,4,工况1,1,电压上限扩展4%
110,节能,1.1377417180961429,1808.925524329323,8.84369152926022,4.350923635822566,6,工况1,1,电压上限扩展4%
111,节能,1.1377417180961429,1808.925524329323,8.85915187239576,4.284174177764015,4,工况1,1,电压上限扩展4%
112,节能,1.1377417180896512,1808.925524812496,8.924726126966739,4.012255511672768,5,工况1,1,电压上限扩展4%
113,节能,1.1377417180896512,1808.925524812496,8.827294734293098,4.422852932019688,7,工况1,1,电压上限扩展4%
114,节能,1.1377417180896512,1808.925524812496,8.891765638210968,4.14670500295234,2,工况1,1,电压上限扩展4%
115,节能,1.1377417180896512,1808.925524812496,8.955692107500784,3.889916042121841,5,工况1,1,电压上限扩展4%
116,节能,1.1377417180893123,1808.9255241792698,8.97067687313035,3.8320611157415994,6,工况1,1,电压上限扩展4%
117,节能,1.1377417180893123,1808.9255241792698,8.835714845975872,4.385768363581993,8,工况1,1,电压上限扩展4%
118,节能,1.1377417180892782,1808.9255243315886,8.81523708409411,4.476504954189799,6,工况1,1,电压上限扩展4%
119,节能,1.1377417180892593,1808.9255243213531,8.902068451948567,4.104201601964097,7,工况1,1,电压上限扩展4%
120,节能,1.137741718089247,1808.925524336912,8.865443656065787,4.257303700888989,3,工况1,1,电压上限扩展4%
121,节能,1.1377417180892264,1808.9255243217292,8.754726865681018,4.7557424095864835,1,工况1,1,电压上限扩展4%
122,节能,1.1377417180892264,1808.9255243217292,8.861729251548006,4.273146453971012,3,工况1,1,电压上限扩展4%
123,节能,1.1377417180892264,1808.9255243217292,8.840234421024904,4.365991279986693,7,工况1,1,电压上限扩展4%
124,节能,1.1377417180891813,1808.9255243046496,8.979313982222834,3.799105710422897,4,工况1,1,电压上限扩展4%
125,节能,1.1377417180891813,1808.9255243046496,9.054052590120401,3.52551699858743,4,工况1,1,电压上限扩展4%
126,节能,1.1377417180891813,1808.9255243046496,8.834318546795133,4.39189648570528,3,工况1,1,电压上限扩展4%
127,节能,1.1377417180891813,1808.9255243046496,8.825818521102194,4.429386827384065,6,工况1,1,电压上限扩展4%
128,节能,1.1377417180891813,1808.9255243046496,8.857885950813598,4.289601040584032,7,工况1,1,电压上限扩展4%
129,节能,1.1377417180891813,1808.9255243046496,8.86227210465877,4.270827392637504,5,工况1,1,电压上限扩展4%
130,节能,1.1376781268284397,1808.8259683440779,8.91076853983268,4.068649564506782,6,工况1,1,电压上限扩展4%
131,节能,1.1376379633544573,1808.7621113242362,8.79854288055377,4.55186391780155,14,工况1,1,电压上限扩展4%
132,节能,1.1376229175060137,1808.738189513015,8.892410734071902,4.144030843355801,26,工况1,1,电压上限扩展4%
133,节能,1.1376226809287715,1808.7378133723043,8.803364239672597,4.529970567456111,50,工况1,1,电压上限扩展4%
134,节能,1.1376226809287715,1808.7378133723043,8.949012896174699,3.9159845751145643,74,工况1,1,电压上限扩展4%
135,节能,1.1376226809287715,1808.7378133723043,8.85519103328427,4.301176752410694,93,工况1,1,电压上限扩展4%
136,节能,1.1376226809287715,1808.7378133723043,8.877005660112678,4.20836420279253,94,工况1,1,电压上限扩展4%
137,节能,1.1376226809287715,1808.7378133723043,8.83874532943381,4.372497483853015,96,工况1,1,电压上限扩展4%
138,节能,1.1376226809287715,1808.7378133723043,8.86954449965776,4.2398809127690855,96,工况1,1,电压上限扩展4%
139,节能,1.1376226809287715,1808.7378133723043,8.819277907545175,4.458452685570785,93,工况1,1,电压上限扩展4%
140,节能,1.1376226809287715,1808.7378133723043,8.802624074065632,4.533324737038057,97,工况1,1,电压上限扩展4%
141,节能,1.1376226809287715,1808.7378133723043,8.761906556392038,4.721719931568052,97,工况1,1,电压上限扩展4%
142,节能,1.1376226809287715,1808.7378133723043,8.812684028493502,4.487948321795375,96,工况1,1,电压上限扩展4%
143,节能,1.1376226809287715,1808.7378133723043,8.873378677489344,4.2236555806464295,94,工况1,1,电压上限扩展4%
144,节能,1.1376226809287715,1808.7378133723043,8.946565514726924,3.925580220426063,96,工况1,1,电压上限扩展4%
145,节能,1.1376226809287715,1808.7378133723043,8.902033835496452,4.104343677321382,97,工况1,1,电压上限扩展4%
146,节能,1.1376226809287715,1808.7378133723043,8.849229299375773,4.326895812622548,95,工况1,1,电压上限扩展4%
147,节能,1.1376226809287715,1808.7378133723043,8.803381066070997,4.529894345007875,97,工况1,1,电压上限扩展4%
148,节能,1.1376226809287715,1808.7378133723043,8.860230565923747,4.279555358398834,96,工况1,1,电压上限扩展4%
149,节能,1.1376226809287715,1808.7378133723043,8.813691783592658,4.483427847137602,99,工况1,1,电压上限扩展4%
150,节能,1.1376226809287715,1808.7378133723043,8.936647114387323,3.9647094254010775,95,工况1,1,电压上限扩展4%
151,节能,1.1376226809287715,1808.7378133723043,8.899782020822775,4.113596312339686,97,工况1,1,电压上限扩展4%
152,节能,1.1376226809287715,1808.7378133723043,8.877550077219203,4.206073720875384,96,工况1,1,电压上限扩展4%
153,节能,1.1376226809287715,1808.7378133723043,8.84643813535342,4.338989758785333,98,工况1,1,电压上限扩展4%
154,节能,1.1376226809287715,1808.7378133723043,8.799864440165871,4.54585233149778,91,工况1,1,电压上限扩展4%
155,节能,1.1376226809287715,1808.7378133723043,8.811102967086814,4.495049656025617,98,工况1,1,电压上限扩展4%
156,节能,1.1376226809287715,1808.7378133723043,8.818485981592863,4.461984848380742,99,工况1,1,电压上限扩展4%
157,节能,1.1376226809287715,1808.7378133723043,8.880379209383383,4.194190999247485,95,工况1,1,电压上限扩展4%
158,节能,1.1376226809287715,1808.7378133723043,8.822665792236458,4.443373519631169,99,工况1,1,电压上限扩展4%
159,节能,1.1376226809287715,1808.7378133723043,8.904656192031034,4.093594724811739,96,工况1,1,电压上限扩展4%
160,节能,1.1376226809287715,1808.7378133723043,8.991989093762491,3.7512555156964846,99,工况1,1,电压上限扩展4%
161,节能,1.1376226809287715,1808.7378133723043,8.848679774335782,4.329274203649879,98,工况1,1,电压上限扩展4%
162,节能,1.1376226809287715,1808.7378133723043,8.752252377857321,4.7675250082078975,94,工况1,1,电压上限扩展4%
163,节能,1.1376226809287715,1808.7378133723043,8.904435846015225,4.094496831483841,96,工况1,1,电压上限扩展4%
164,节能,1.1376226809287715,1808.7378133723043,8.915370684021052,4.049968072990176,89,工况1,1,电压上限扩展4%
165,节能,1.1376226809287715,1808.7378133723043,8.884035661228632,4.17888314509977,98,工况1,1,电压上限扩展4%
166,节能,1.1376226809287715,1808.7378133723043,8.871389357543631,4.232066145815693,98,工况1,1,电压上限扩展4%
167,节能,1.1376226809287715,1808.7378133723043,8.895491822645896,4.131282366951769,95,工况1,1,电压上限扩展4%
168,节能,1.1376226809287715,1808.7378133723043,8.83492116358432,4.389250652438463,95,工况1,1,电压上限扩展4%
169,节能,1.1376226809287715,1808.7378133723043,8.883098315579302,4.182802039427229,96,工况1,1,电压上限扩展4%
170,节能,1.1376226809287715,1808.7378133723043,8.753618256323387,4.761017593643166,95,工况1,1,电压上限扩展4%
171,节能,1.1376226809287715,1808.7378133723043,8.976890761220815,3.8083229463588326,97,工况1,1,电压上限扩展4%
172,节能,1.1376226809287715,1808.7378133723043,8.856427137809051,4.295863333012586,98,工况1,1,电压上限扩展4%
173,节能,1.1376226809287715,1808.7378133723043,9.030227704655516,3.6105206172107818,96,工况1,1,电压上限扩展4%
174,节能,1.1376152066537526,1808.725731519894,8.81491679169064,4.477938974361341,94,工况1,1,电压上限扩展4%
175,节能,1.1376152066537526,1808.725731519894,8.788839426211233,4.596247711304996,93,工况1,1,电压上限扩展4%
176,节能,1.1376152066537526,1808.725731519894,8.839740861518154,4.368146688356712,93,工况1,1,电压上限扩展4%
177,节能,1.1376152066537526,1808.725731519894,8.947231458609394,3.9229668745605495,86,工况1,1,电压上限扩展4%
178,节能,1.1376152066537526,1808.725731519894,8.821977486432026,4.446432972214692,85,工况1,1,电压上限扩展4%
179,节能,1.1376152066537526,1808.725731519894,8.828157701506633,4.419037801352171,78,工况1,1,电压上限扩展4%
180,节能,1.1376152066537526,1808.725731519894,8.857363948183817,4.291840808139346,68,工况1,1,电压上限扩展4%
181,节能,1.1376152066537526,1808.725731519894,8.853972439546647,4.306421334323922,38,工况1,1,电压上限扩展4%
182,节能,1.1376152066537526,1808.725731519894,8.832904409669055,4.39811162307211,11,工况1,1,电压上限扩展4%
183,节能,1.1376152066537526,1808.725731519894,8.900425695422008,4.110949346865543,4,工况1,1,电压上限扩展4%
184,节能,1.1376152066537526,1808.725731519894,8.848862354553942,4.328483835976247,4,工况1,1,电压上限扩展4%
185,节能,1.1376152066537526,1808.725731519894,8.879320629296913,4.198633237135595,7,工况1,1,电压上限扩展4%
186,节能,1.1376152066537526,1808.725731519894,8.956994540841835,3.8848529836384995,8,工况1,1,电压上限扩展4%
187,节能,1.1376152066537526,1808.725731519894,8.887133767989202,4.1659565532964375,7,工况1,1,电压上限扩展4%
188,节能,1.1376152066537526,1808.725731519894,8.983816033498549,3.7820403850216957,6,工况1,1,电压上限扩展4%
189,节能,1.1376152066537526,1808.725731519894,8.841361722288104,4.361072265628122,3,工况1,1,电压上限扩展4%
190,节能,1.1376152066537526,1808.725731519894,8.83868470075711,4.372762590625787,6,工况1,1,电压上限扩展4%
191,节能,1.1376152066537526,1808.725731519894,8.870559841500787,4.235578169016432,7,工况1,1,电压上限扩展4%
192,节能,1.1376152066537526,1808.725731519894,8.80472549571086,4.523808312822733,4,工况1,1,电压上限扩展4%
193,节能,1.1376152066537526,1808.725731519894,8.778669226512648,4.643230978028162,4,工况1,1,电压上限扩展4%
194,节能,1.1376152066537526,1808.725731519894,8.78918129543917,4.594676664210158,2,工况1,1,电压上限扩展4%
195,节能,1.1376152066537526,1808.725731519894,8.883104776159955,4.182775016184588,9,工况1,1,电压上限扩展4%
196,节能,1.1376152066537526,1808.725731519894,8.843446969754718,4.351987825678987,5,工况1,1,电压上限扩展4%
197,节能,1.1376152066537526,1808.725731519894,8.77062702029629,4.680723357713541,2,工况1,1,电压上限扩展4%
198,节能,1.1376152066537526,1808.725731519894,8.837094461277141,4.379721862321645,2,工况1,1,电压上限扩展4%
199,节能,1.1376152066537526,1808.725731519894,8.921518603883131,4.0251455753809395,2,工况1,1,电压上限扩展4%
200,节能,1.13758680313478,1808.6807702737965,8.939596580322885,3.953032878260338,4,工况1,1,电压上限扩展4%
201,节能,1.137545537751278,1808.6151612974859,8.956056181105291,3.8885000841392605,12,工况1,1,电压上限扩展4%
202,节能,1.1375007259451557,1808.543913765613,8.80544645481474,4.520548007450036,30,工况1,1,电压上限扩展4%
203,节能,1.1375007259451557,1808.543913765613,8.913865068499572,4.05607036047899,59,工况1,1,电压上限扩展4%
204,节能,1.1374986818918635,1808.5406638686623,8.882681227977033,4.184546998175653,85,工况1,1,电压上限扩展4%
205,节能,1.137497834815791,1808.5393170789496,8.780218327771252,4.63604371141527,94,工况1,1,电压上限扩展4%
206,节能,1.137497834815791,1808.5393170789496,8.821605332898327,4.448088035907452,93,工况1,1,电压上限扩展4%
207,节能,1.137497834815791,1808.5393170789496,8.994792206058985,3.7407550491022237,94,工况1,1,电压上限扩展4%
208,节能,1.137497834815791,1808.5393170789496,8.876732962894241,4.209511968493945,95,工况1,1,电压上限扩展4%
209,节能,1.137497834815791,1808.5393170789496,8.915871140043851,4.04794174916118,96,工况1,1,电压上限扩展4%
210,节能,1.137497834815791,1808.5393170789496,8.927414134298298,4.001485021504649,96,工况1,1,电压上限扩展4%
211,节能,1.137497834815791,1808.5393170789496,8.794970568073863,4.568153676813295,95,工况1,1,电压上限扩展4%
212,节能,1.137497834815791,1808.5393170789496,8.850527282704885,4.3212832173065285,97,工况1,1,电压上限扩展4%
213,节能,1.137497834815791,1808.5393170789496,8.856462728662494,4.295710442291061,96,工况1,1,电压上限扩展4%
214,节能,1.137497834815791,1808.5393170789496,8.785999126409024,4.609320989996919,98,工况1,1,电压上限扩展4%
215,节能,1.137497834815791,1808.5393170789496,8.890030301593235,4.1539071792796705,100,工况1,1,电压上限扩展4%
216,节能,1.137497834815791,1808.5393170789496,8.704760137056605,4.999408197052938,94,工况1,1,电压上限扩展4%
217,节能,1.137497834815791,1808.5393170789496,8.857365076931496,4.291835963736732,94,工况1,1,电压上限扩展4%
218,节能,1.137497834815791,1808.5393170789496,8.882823884264404,4.1839500888140115,97,工况1,1,电压上限扩展4%
219,节能,1.137497834815791,1808.5393170789496,8.889516417189085,4.156042355965399,97,工况1,1,电压上限扩展4%
220,节能,1.1374978348157907,1808.5393170789494,8.796449346008588,4.561403384275537,95,工况1,1,电压上限扩展4%
221,节能,1.1374978348157907,1808.5393170789494,8.831071377861038,4.406180894929002,91,工况1,1,电压上限扩展4%
222,节能,1.1374978348157907,1808.5393170789494,8.918376823172546,4.037811586603216,97,工况1,1,电压上限扩展4%
223,节能,1.1374978348157907,1808.5393170789494,8.809585500005667,4.501875923915255,95,工况1,1,电压上限扩展4%
224,节能,1.1374978348157907,1808.5393170789494,8.867285678931387,4.24946886831186,95,工况1,1,电压上限扩展4%
225,节能,1.1374978348157907,1808.5393170789494,8.90915970597628,4.075200614038097,93,工况1,1,电压上限扩展4%
226,节能,1.1374978348157907,1808.5393170789494,8.815398882110962,4.475780723156932,98,工况1,1,电压上限扩展4%
227,节能,1.1374978348157907,1808.5393170789494,8.86369668011187,4.264747608353451,95,工况1,1,电压上限扩展4%
228,节能,1.1374978348157907,1808.5393170789494,8.81485727495815,4.478205494588512,96,工况1,1,电压上限扩展4%
229,节能,1.1374978348157907,1808.5393170789494,8.916181724512239,4.046684716542463,94,工况1,1,电压上限扩展4%
230,节能,1.1374978348157907,1808.5393170789494,8.833369169086863,4.3960680342000895,89,工况1,1,电压上限扩展4%
231,节能,1.1374978348157907,1808.5393170789494,8.870064325087597,4.237677487598983,95,工况1,1,电压上限扩展4%
232,节能,1.1374978348157907,1808.5393170789494,8.849036043927363,4.327732089617982,95,工况1,1,电压上限扩展4%
233,节能,1.1374978348157907,1808.5393170789494,8.801280710862255,4.53941873098592,94,工况1,1,电压上限扩展4%
234,节能,1.1374978348157907,1808.5393170789494,8.761249957219402,4.72482122701113,99,工况1,1,电压上限扩展4%
235,节能,1.1374978348157907,1808.5393170789494,9.072793743014067,3.4600600308717526,98,工况1,1,电压上限扩展4%
236,节能,1.1374978348157907,1808.5393170789494,8.877680171093193,4.205526572041876,95,工况1,1,电压上限扩展4%
237,节能,1.1374978348157907,1808.5393170789494,8.843652666232055,4.351092729176085,96,工况1,1,电压上限扩展4%
238,节能,1.1374978348157907,1808.5393170789494,8.820556491558026,4.452755821980406,94,工况1,1,电压上限扩展4%
239,节能,1.1374978348157907,1808.5393170789494,8.836771558043786,4.381136317025895,97,工况1,1,电压上限扩展4%
240,节能,1.1374978348157907,1808.5393170789494,8.859146534211353,4.284197047536847,95,工况1,1,电压上限扩展4%
241,节能,1.1374978348157907,1808.5393170789494,8.871899133942895,4.229909288178701,92,工况1,1,电压上限扩展4%
242,节能,1.1374978348157907,1808.5393170789494,8.809354630594113,4.502915389346469,95,工况1,1,电压上限扩展4%
243,节能,1.1374978348157907,1808.5393170789494,8.797331216588622,4.557382589997946,92,工况1,1,电压上限扩展4%
244,节能,1.1374978348157907,1808.5393170789494,8.834372018223778,4.3916616510042585,96,工况1,1,电压上限扩展4%
245,节能,1.1374978348157907,1808.5393170789494,8.861569673432186,4.273828409041865,95,工况1,1,电压上限扩展4%
246,节能,1.1374978348157907,1808.5393170789494,8.914757580554557,4.052451883793624,94,工况1,1,电压上限扩展4%
247,节能,1.1374978348157907,1808.5393170789494,8.850794694415448,4.320127810061158,94,工况1,1,电压上限扩展4%
248,节能,1.1374978348157907,1808.5393170789494,8.859490999210765,4.282721545747339,97,工况1,1,电压上限扩展4%
249,节能,1.1374978348157907,1808.5393170789494,8.869775625468641,4.238901080091756,96,工况1,1,电压上限扩展4%
250,节能,1.1374978348157907,1808.5393170789494,8.85912101234151,4.284306389651583,95,工况1,1,电压上限扩展4%
251,节能,1.1374978348157907,1808.5393170789494,8.819189730073019,4.458845837991664,95,工况1,1,电压上限扩展4%
252,节能,1.1374978348157907,1808.5393170789494,8.844992699762045,4.345266023889032,98,工况1,1,电压上限扩展4%
253,节能,1.1374978348157907,1808.5393170789494,8.839638268613447,4.368594852202478,96,工况1,1,电压上限扩展4%
254,节能,1.1374978348157907,1808.5393170789494,8.800754133641453,4.541809714948935,95,工况1,1,电压上限扩展4%
255,节能,1.1374978348157907,1808.5393170789494,8.970135618346983,3.8341357985659976,96,工况1,1,电压上限扩展4%
256,节能,1.1374970464879997,1808.5133649551574,8.8880469781936,4.162153895837954,96,工况1,1,电压上限扩展4%
257,节能,1.1374887296467142,1808.5207097703508,8.927366245536513,4.001676652256071,92,工况1,1,电压上限扩展4%
258,节能,1.1374887296467142,1808.5207097703508,8.987592557196916,3.767784355938762,94,工况1,1,电压上限扩展4%
259,节能,1.1374884362080604,1808.5217125859672,8.832145233050946,4.401451834324893,89,工况1,1,电压上限扩展4%
260,节能,1.137488347634762,1808.5228321754357,8.807764263242367,4.51008237652997,78,工况1,1,电压上限扩展4%
261,节能,1.1374883455323808,1808.522748347333,8.9114118870619,4.066032851900448,54,工况1,1,电压上限扩展4%
262,节能,1.1374883455323808,1808.522748347333,8.798612275382078,4.551548052946311,18,工况1,1,电压上限扩展4%
263,节能,1.1374883448439255,1808.5226672060398,8.825985499252543,4.428647278310438,3,工况1,1,电压上限扩展4%
264,节能,1.1374883448439255,1808.5226672060398,8.873156838851934,4.224592654581089,3,工况1,1,电压上限扩展4%
265,节能,1.1374883448437252,1808.5226648472553,8.791550974128551,4.583801647071502,3,工况1,1,电压上限扩展4%
266,节能,1.137488344843668,1808.5226656737416,8.907819141111235,4.080667348236492,7,工况1,1,电压上限扩展4%
267,节能,1.1374883448436675,1808.5226655894103,8.840589030905985,4.364443330813356,8,工况1,1,电压上限扩展4%
268,节能,1.1374883448436675,1808.5226655894103,8.812707026213065,4.487845110405273,6,工况1,1,电压上限扩展4%
269,节能,1.1374883448436675,1808.5226655894103,8.805291339925041,4.521249266142016,3,工况1,1,电压上限扩展4%
270,节能,1.1374883448436675,1808.5226655894103,8.844157543097221,4.348896517573795,3,工况1,1,电压上限扩展4%
271,节能,1.1374883448436672,1808.5226656130108,8.803021748857326,4.531522306481926,3,工况1,1,电压上限扩展4%
272,节能,1.1374883448436672,1808.5226656236646,8.769888269142076,4.684182525071229,4,工况1,1,电压上限扩展4%
273,节能,1.1374883448436672,1808.5226656236646,8.804978677054937,4.522663113931363,3,工况1,1,电压上限扩展4%
274,节能,1.1374883448436672,1808.5226656236646,8.851580252683231,4.316735430572417,4,工况1,1,电压上限扩展4%
275,节能,1.1374883448436672,1808.5226656236646,8.82044030661289,4.453273195226199,2,工况1,1,电压上限扩展4%
276,节能,1.1374883448436672,1808.5226656236646,8.951215607481638,3.9073682846971316,6,工况1,1,电压上限扩展4%
277,节能,1.1374883448436672,1808.5226656236646,8.84292353359231,4.354266409779936,2,工况1,1,电压上限扩展4%
278,节能,1.1374883448436672,1808.5226656236646,8.849057369518333,4.32763979915769,4,工况1,1,电压上限扩展4%
279,节能,1.1374883448436672,1808.5226656236646,8.837830918995769,4.376497569773994,3,工况1,1,电压上限扩展4%
280,节能,1.1374883448436672,1808.5226656236646,9.007031135948807,3.69525123730764,7,工况1,1,电压上限扩展4%
281,节能,1.1374883448436672,1808.5226656236646,8.900009415689183,4.112661008001515,6,工况1,1,电压上限扩展4%
282,节能,1.1374883448436672,1808.5226656236646,9.00631466243278,3.6978997356303926,5,工况1,1,电压上限扩展4%
283,节能,1.1374883448436672,1808.5226656236646,8.817712204776093,4.46543876492114,1,工况1,1,电压上限扩展4%
284,节能,1.1374883448436672,1808.5226656236646,8.848439140727024,4.330316097877163,5,工况1,1,电压上限扩展4%
285,节能,1.1374883448436672,1808.5226656236646,8.843430359944124,4.352060111972807,5,工况1,1,电压上限扩展4%
286,节能,1.1374883448436672,1808.5226656236646,8.864773892015911,4.260156044949377,4,工况1,1,电压上限扩展4%
287,节能,1.1374883448436672,1808.5226656236646,8.882494512427368,4.185328391115354,4,工况1,1,电压上限扩展4%
288,节能,1.1374883448436672,1808.5226656236646,8.888432797492058,4.160548366283846,5,工况1,1,电压上限扩展4%
289,节能,1.1374883448436672,1808.5226656236646,8.857342816462856,4.291931503079982,7,工况1,1,电压上限扩展4%
290,节能,1.1374883448436672,1808.5226656236646,8.933117049977565,3.978729836957203,6,工况1,1,电压上限扩展4%
291,节能,1.1374883448436672,1808.5226656236646,8.915690197585349,4.0486742599623025,6,工况1,1,电压上限扩展4%
292,节能,1.1374883448436672,1808.5226656236646,8.83489091065723,4.389383442127065,4,工况1,1,电压上限扩展4%
293,节能,1.1374883448436672,1808.5226656236646,8.794696744376909,4.569404716815717,2,工况1,1,电压上限扩展4%
294,节能,1.1374883448436672,1808.5226656236646,8.801228549472238,4.539655519552351,1,工况1,1,电压上限扩展4%
295,节能,1.1374883448436672,1808.5226656236646,8.84752532873053,4.334275001247219,7,工况1,1,电压上限扩展4%
296,节能,1.1374883448436672,1808.5226656236646,8.867905207857511,4.246837014766154,6,工况1,1,电压上限扩展4%
297,节能,1.1374883448436672,1808.5226656236646,8.85253302735328,4.312624513096871,4,工况1,1,电压上限扩展4%
298,节能,1.1374883448436672,1808.5226656236646,8.959615880272738,3.8746828009033734,6,工况1,1,电压上限扩展4%
299,节能,1.1374883448436672,1808.5226656236646,8.814189164502253,4.481198430197563,2,工况1,1,电压上限扩展4%
300,节能,1.1374883448436672,1808.5226656236646,8.876832326967305,4.209093715019173,6,工况1,1,电压上限扩展4%
0,节能,1.1754619706180016,1868.8995482246569,10.121051803190932,1.2129166075922981,18,工况1,2,电压上限扩展4%
1,节能,1.1725729789743737,1864.3062603833137,10.1066204858255,1.2305475046422,59,工况1,2,电压上限扩展4%
2,节能,1.1615431913573244,1846.7696955179442,9.905747266826445,1.5043071324267638,83,工况1,2,电压上限扩展4%
3,节能,1.1615431913573244,1846.7696955179442,9.856630405507554,1.5800385988439902,88,工况1,2,电压上限扩展4%
4,节能,1.152224409983911,1831.953506875431,9.466644246178562,2.3336543645199845,90,工况1,2,电压上限扩展4%
5,节能,1.1473076679860195,1824.136242575706,9.213263663351386,3.0066184796220177,93,工况1,2,电压上限扩展4%
6,节能,1.1437446659190207,1818.4713268916735,9.188503686424472,3.081991550935816,88,工况1,2,电压上限扩展4%
7,节能,1.1434536481647797,1818.0086297028054,9.058187012897706,3.5109711109512194,86,工况1,2,电压上限扩展4%
8,节能,1.1419775686514615,1815.6617699961203,9.098740577133611,3.3714371408902917,90,工况1,2,电压上限扩展4%
9,节能,1.1408375119686132,1813.8491622956726,8.929838339573893,3.9917963488158676,86,工况1,2,电压上限扩展4%
10,节能,1.140612109293555,1813.4907883387818,8.940982435406061,3.947558341885265,93,工况1,2,电压上限扩展4%
11,节能,1.1404546928447301,1813.2405075662466,8.847287825399508,4.335304528250785,84,工况1,2,电压上限扩展4%
12,节能,1.1403859144706952,1813.1311549241584,8.820007647196729,4.45520036268036,84,工况1,2,电压上限扩展4%
13,节能,1.1403751624903258,1813.1140600527315,8.849169289728724,4.327155475904155,84,工况1,2,电压上限扩展4%
14,节能,1.1388214845067466,1810.6438243886453,8.870055851187693,4.237713397405984,79,工况1,2,电压上限扩展4%
15,节能,1.1387492998477904,1810.5290559998039,8.800746121606347,4.541846104233594,84,工况1,2,电压上限扩展4%
16,节能,1.1385612336061295,1810.2300442726175,9.005938029391004,3.699292749167003,84,工况1,2,电压上限扩展4%
17,节能,1.1385612336061295,1810.2300442726175,8.829747390352741,4.412018486989919,81,工况1,2,电压上限扩展4%
18,节能,1.138428146600089,1810.0184455551082,8.843162777045988,4.353224804649401,87,工况1,2,电压上限扩展4%
19,节能,1.1382739654499545,1809.7674292387799,8.889240372142446,4.157189769232977,85,工况1,2,电压上限扩展4%
20,节能,1.1382739654499545,1809.7674292387799,8.853974400287065,4.306412890557833,80,工况1,2,电压上限扩展4%
21,节能,1.1382739654499545,1809.7674292387799,8.750020740472953,4.778176275710037,82,工况1,2,电压上限扩展4%
22,节能,1.1372690912532986,1808.1756313525825,8.76372433824959,4.713144671077769,78,工况1,2,电压上限扩展4%
23,节能,1.1371716366896176,1808.0206856422246,8.802869950491763,4.532210236373556,73,工况1,2,电压上限扩展4%
24,节能,1.1366347322353032,1807.167046377672,8.865860439395131,4.255529697391726,72,工况1,2,电压上限扩展4%
25,节能,1.1366135895347536,1807.0482790007156,9.018083714182902,3.6546340596597484,77,工况1,2,电压上限扩展4%
26,节能,1.1365872591015713,1807.0915675273118,8.823970975559446,4.437577885620712,78,工况1,2,电压上限扩展4%
27,节能,1.1365872591015713,1807.0915675273118,8.964871298624123,3.8543731364424447,70,工况1,2,电压上限扩展4%
28,节能,1.136563231030233,1807.0498832056226,8.828917728373456,4.415680489882704,77,工况1,2,电压上限扩展4%
29,节能,1.1365343316791827,1807.007416752329,8.910806769974478,4.068494022430226,81,工况1,2,电压上限扩展4%
30,节能,1.1365343316791827,1807.007416752329,8.887512579290831,4.164378740737432,74,工况1,2,电压上限扩展4%
31,节能,1.136525609009094,1806.9935483375307,8.820529401706173,4.452876448109827,82,工况1,2,电压上限扩展4%
32,节能,1.136525609009094,1806.9935483375307,8.820620721269934,4.452469831941389,77,工况1,2,电压上限扩展4%
33,节能,1.136525609009094,1806.9935483375307,8.95140899389997,3.9066127257992207,75,工况1,2,电压上限扩展4%
34,节能,1.1364251640592873,1806.8338481294356,8.928854932819531,3.995723839151071,71,工况1,2,电压上限扩展4%
35,节能,1.136356771803839,1806.7251093879838,8.853096812717244,4.3101938037796685,64,工况1,2,电压上限扩展4%
36,节能,1.1362927887815317,1806.6200267002166,8.828011411486134,4.419684309770428,66,工况1,2,电压上限扩展4%
37,节能,1.136286651273601,1806.6124006855262,8.893671435911754,4.138809747861048,57,工况1,2,电压上限扩展4%
38,节能,1.136286651273601,1806.6124006855262,8.86890480141576,4.2425940248292635,67,工况1,2,电压上限扩展4%
39,节能,1.136187551967751,1806.4560620830766,8.798812348643835,4.550637500972903,62,工况1,2,电压上限扩展4%
40,节能,1.1347159498338089,1804.1163210858886,8.852636785605448,4.312177065928704,62,工况1,2,电压上限扩展4%
41,节能,1.1346634928404415,1804.0329182590374,8.959782894159723,3.874035729104452,59,工况1,2,电压上限扩展4%
42,节能,1.1346617565972947,1804.0301577579633,8.914343826639257,4.054128948549238,66,工况1,2,电压上限扩展4%
43,节能,1.1346379562767372,1803.9667374848514,8.779541887403033,4.639180779430601,85,工况1,2,电压上限扩展4%
44,节能,1.1346319815558,1803.9828175947005,8.930083360454894,3.990818395172127,95,工况1,2,电压上限扩展4%
45,节能,1.1346319815558,1803.9828175947005,8.899443946444043,4.114987248964104,92,工况1,2,电压上限扩展4%
46,节能,1.1346304638677667,1803.978298016511,8.83955724933158,4.3689488069585565,90,工况1,2,电压上限扩展4%
47,节能,1.1346296352385092,1803.9762703477797,8.811557906738807,4.493005144799289,92,工况1,2,电压上限扩展4%
48,节能,1.134629513310925,1803.9778761589782,8.844806671582777,4.346074441007743,86,工况1,2,电压上限扩展4%
49,节能,1.134629019347655,1803.9777032274703,8.841965943008374,4.358438011318298,67,工况1,2,电压上限扩展4%
50,节能,1.1346287934729629,1803.9760813358744,9.02640993263649,3.6243311076748896,45,工况1,2,电压上限扩展4%
51,节能,1.1346287934729629,1803.9760813358744,8.935887880166801,3.967720711462331,15,工况1,2,电压上限扩展4%
52,节能,1.1346287934729629,1803.9760813358744,8.877639365570824,4.205698184251825,7,工况1,2,电压上限扩展4%
53,节能,1.1346287934729629,1803.9760813358744,8.873915523211553,4.221388737742776,8,工况1,2,电压上限扩展4%
54,节能,1.1346287934729629,1803.9760813358744,8.833726891273898,4.394495744366787,5,工况1,2,电压上限扩展4%
55,节能,1.1346287934729629,1803.9760813358744,8.834599606579161,4.390662273679343,3,工况1,2,电压上限扩展4%
56,节能,1.1346287934729629,1803.9760813358744,8.881457836118345,4.189669471662801,8,工况1,2,电压上限扩展4%
57,节能,1.1346287934729629,1803.9760813358744,8.850513505891342,4.32134275122977,4,工况1,2,电压上限扩展4%
58,节能,1.1346287934729629,1803.9760813358744,8.808896783014182,4.504977510292633,4,工况1,2,电压上限扩展4%
59,节能,1.1346287923994052,1803.9762070232098,8.88585081092914,4.171304726673212,4,工况1,2,电压上限扩展4%
60,节能,1.1346287916639453,1803.9762701799461,8.84216338295966,4.357577566475549,6,工况1,2,电压上限扩展4%
61,节能,1.134628791193917,1803.9761662888213,8.916677960830933,4.044677102782437,8,工况1,2,电压上限扩展4%
62,节能,1.1346287905898107,1803.9761793153446,8.87031488680507,4.236615820861665,6,工况1,2,电压上限扩展4%
63,节能,1.1346287905898107,1803.9761793153446,8.869551423273055,4.23985155756637,7,工况1,2,电压上限扩展4%
64,节能,1.1346287905898107,1803.9761793153446,8.799244782568309,4.548670076360734,3,工况1,2,电压上限扩展4%
65,节能,1.1346287905898107,1803.9761793153446,8.973598493391565,3.8208816274056656,7,工况1,2,电压上限扩展4%
66,节能,1.1346287905898107,1803.9761793153446,8.829165629028632,4.414585975467244,4,工况1,2,电压上限扩展4%
67,节能,1.1346287905898107,1803.9761793153446,8.823023699649237,4.441783487869799,4,工况1,2,电压上限扩展4%
68,节能,1.1346287905738217,1803.976164304968,8.916481680992643,4.045471069267365,8,工况1,2,电压上限扩展4%
69,节能,1.1346287905738217,1803.976164304968,8.830519156860202,4.408614752504448,6,工况1,2,电压上限扩展4%
70,节能,1.1346287905582784,1803.9761649916359,8.794704042536246,4.569371368693707,5,工况1,2,电压上限扩展4%
71,节能,1.1346287905582784,1803.9761649916359,8.84251378382478,4.356050935008542,3,工况1,2,电压上限扩展4%
72,节能,1.1346287905582784,1803.9761649916359,8.862433017169632,4.270140218367246,8,工况1,2,电压上限扩展4%
73,节能,1.1345785117127332,1803.8978044100556,8.945555222011107,3.929548209605889,5,工况1,2,电压上限扩展4%
74,节能,1.1343817141587307,1803.5849105275138,8.804764303337453,4.523632757965405,10,工况1,2,电压上限扩展4%
75,节能,1.1342660093359944,1803.4009482247388,8.8513231595395,4.317845376328525,14,工况1,2,电压上限扩展4%
76,节能,1.1342512338120232,1803.3774562098845,8.889197311705978,4.157368783493109,49,工况1,2,电压上限扩展4%
77,节能,1.134246869302565,1803.3705169553969,8.779339160154887,4.640121363121415,67,工况1,2,电压上限扩展4%
78,节能,1.134246869302565,1803.3705169553969,8.83657348634102,4.382004182103175,81,工况1,2,电压上限扩展4%
79,节能,1.1342463172714792,1803.369589777165,8.763828457331035,4.712653968330099,65,工况1,2,电压上限扩展4%
80,节能,1.1340481887648461,1803.0546292648844,8.764605537523337,4.708993280786237,52,工况1,2,电压上限扩展4%
81,节能,1.133987114424503,1802.95752547937,8.825877812619655,4.429124210103213,41,工况1,2,电压上限扩展4%
82,节能,1.1338420653261057,1802.7269078998638,8.806381412246733,4.516323462686293,37,工况1,2,电压上限扩展4%
83,节能,1.1337742727954425,1802.6191226774608,8.87680401199204,4.209212897090915,45,工况1,2,电压上限扩展4%
84,节能,1.1337657328919397,1802.6055448483203,8.808879533433618,4.505055219935363,61,工况1,2,电压上限扩展4%
85,节能,1.1337641452353502,1802.6030205891293,8.901623221869961,4.106029322813911,89,工况1,2,电压上限扩展4%
86,节能,1.1337641452353502,1802.6030205891293,8.845308482805507,4.3438940791891945,96,工况1,2,电压上限扩展4%
87,节能,1.1337620378416957,1802.5996699855818,8.883140823108103,4.182624242627944,89,工况1,2,电压上限扩展4%
88,节能,1.1337620378416957,1802.5996699855818,8.937797511908707,3.9601510559762505,97,工况1,2,电压上限扩展4%
89,节能,1.1332389900440312,1801.7680618032762,8.845069855088324,4.3449307764044205,97,工况1,2,电压上限扩展4%
90,节能,1.1332389900440312,1801.7680618032762,8.757406858945656,4.743014115449989,96,工况1,2,电压上限扩展4%
91,节能,1.1332191882981615,1801.7365784589954,8.848323147448902,4.330818414568777,98,工况1,2,电压上限扩展4%
92,节能,1.1331682182233997,1801.6555397252241,8.822079386131813,4.445979905113791,98,工况1,2,电压上限扩展4%
93,节能,1.1331680376565965,1801.6552526370617,8.856620044866734,4.295034710582936,98,工况1,2,电压上限扩展4%
94,节能,1.133165106846168,1801.6505928603758,8.926016773942527,4.007080446539994,99,工况1,2,电压上限扩展4%
95,节能,1.1329345931559842,1801.2840927589584,8.815029462605064,4.477434469304422,96,工况1,2,电压上限扩展4%
96,节能,1.1329313900712992,1801.2790000858897,8.804839328279078,4.5232933854126705,95,工况1,2,电压上限扩展4%
97,节能,1.132927911619457,1801.2734695989502,8.755616696525857,4.751512485537873,92,工况1,2,电压上限扩展4%
98,节能,1.132927911619457,1801.2734695989502,8.869812734650294,4.238743780860207,96,工况1,2,电压上限扩展4%
99,节能,1.1329272282681975,1801.2723831198534,8.883905619160778,4.1794266110412295,97,工况1,2,电压上限扩展4%
100,节能,1.1329272215624757,1801.2723724582409,8.914568840852871,4.053216814537398,96,工况1,2,电压上限扩展4%
101,节能,1.1329272215624757,1801.2723724582409,8.889200315219984,4.15735629679649,95,工况1,2,电压上限扩展4%
102,节能,1.1329272215624757,1801.2723724582409,8.836799509320329,4.381013860384542,93,工况1,2,电压上限扩展4%
103,节能,1.1329268912845345,1801.2718473401928,8.845601807593846,4.342620094232666,92,工况1,2,电压上限扩展4%
104,节能,1.1329268912845345,1801.2718473401928,8.798706116750212,4.551120949490195,94,工况1,2,电压上限扩展4%
105,节能,1.1329268912845345,1801.2718473401928,8.842558973248128,4.355854092026358,92,工况1,2,电压上限扩展4%
106,节能,1.1329268870096334,1801.2718405434093,8.800930954291672,4.541006700198852,91,工况1,2,电压上限扩展4%
107,节能,1.1329268554628258,1801.271790386266,8.858396466395208,4.287411691309934,97,工况1,2,电压上限扩展4%
108,节能,1.1329268518917557,1801.2717847085228,8.795203783825542,4.567088435640108,95,工况1,2,电压上限扩展4%
109,节能,1.1329268365645786,1801.2717603394194,8.820001127582353,4.455229408963375,96,工况1,2,电压上限扩展4%
110,节能,1.1329268343380499,1801.2717567993996,8.817675831162735,4.465601192018264,97,工况1,2,电压上限扩展4%
111,节能,1.1329268278920397,1801.2717465507096,8.787958914807525,4.600296542088315,94,工况1,2,电压上限扩展4%
112,节能,1.1329268230474978,1801.271738848238,8.845821034888747,4.341668177723479,92,工况1,2,电压上限扩展4%
113,节能,1.1329268180789593,1801.2717309486213,8.801003029653705,4.540679417291602,96,工况1,2,电压上限扩展4%
114,节能,1.1329268180789593,1801.2717309486213,8.82048850009899,4.453058581637889,99,工况1,2,电压上限扩展4%
115,节能,1.1329268180789593,1801.2717309486213,8.706006759861697,4.9931797038799655,97,工况1,2,电压上限扩展4%
116,节能,1.1329268180789593,1801.2717309486213,8.881258810203438,4.190503407447224,95,工况1,2,电压上限扩展4%
117,节能,1.1329268177525789,1801.2717304296998,8.929101052514717,3.994740533828099,94,工况1,2,电压上限扩展4%
118,节能,1.1329268175267773,1801.2717300706918,8.962889914286599,3.862017701916142,95,工况1,2,电压上限扩展4%
119,节能,1.1329268175267773,1801.2717300706918,8.80467188798283,4.524050830408781,96,工况1,2,电压上限扩展4%
120,节能,1.1329268175267773,1801.2717300706918,8.807532276815792,4.511128775794582,95,工况1,2,电压上限扩展4%
121,节能,1.132926817525982,1801.2717300694271,8.866427459855947,4.253117408954779,98,工况1,2,电压上限扩展4%
122,节能,1.1329268174370182,1801.2717299279811,8.900401314711482,4.11104957595338,91,工况1,2,电压上限扩展4%
123,节能,1.1329268174370182,1801.2717299279811,8.733187697634175,4.85928828737653,93,工况1,2,电压上限扩展4%
124,节能,1.132926817422029,1801.2717299041494,8.877029922823505,4.208262097707501,93,工况1,2,电压上限扩展4%
125,节能,1.1329268174199882,1801.2717299009048,8.89684095613109,4.125712473683325,96,工况1,2,电压上限扩展4%
126,节能,1.1329268173682179,1801.2717298185937,8.794682141110938,4.569471445535352,96,工况1,2,电压上限扩展4%
127,节能,1.1329268173682179,1801.2717298185937,8.872689565733834,4.226567154442921,97,工况1,2,电压上限扩展4%
128,节能,1.1329268173674265,1801.2717298173354,8.870821368259762,4.234470596821703,99,工况1,2,电压上限扩展4%
129,节能,1.1329268173630398,1801.271729810361,8.790075754428887,4.590568751816473,98,工况1,2,电压上限扩展4%
130,节能,1.1329268173630398,1801.271729810361,8.825692609033933,4.42994457575352,99,工况1,2,电压上限扩展4%
131,节能,1.1329268173630398,1801.271729810361,8.782668631506514,4.624697902208364,96,工况1,2,电压上限扩展4%
132,节能,1.132926817359984,1801.2717298055024,8.890845843791713,4.150520873711642,93,工况1,2,电压上限扩展4%
133,节能,1.1329268173593872,1801.2717298045536,8.896440041604624,4.127366863358314,93,工况1,2,电压上限扩展4%
134,节能,1.1329268173579161,1801.2717298022146,8.82152642652307,4.448439032258936,94,工况1,2,电压上限扩展4%
135,节能,1.1329268173579161,1801.2717298022146,8.817021223980714,4.4685253636180455,97,工况1,2,电压上限扩展4%
136,节能,1.1329268173577862,1801.271729802008,8.874697576042754,4.218088679307038,98,工况1,2,电压上限扩展4%
137,节能,1.1329268173565075,1801.271729799975,8.89980919987442,4.113484510212409,96,工况1,2,电压上限扩展4%
138,节能,1.1329268173565075,1801.271729799975,8.834646579859191,4.390456034714742,96,工况1,2,电压上限扩展4%
139,节能,1.1329268173565075,1801.271729799975,8.905042482505678,4.0920137135469465,95,工况1,2,电压上限扩展4%
140,节能,1.1329268173565075,1801.271729799975,8.854122897038788,4.305773449710624,94,工况1,2,电压上限扩展4%
141,节能,1.1329268173564893,1801.271729799946,8.839082617584967,4.371022940947646,95,工况1,2,电压上限扩展4%
142,节能,1.1329268173564893,1801.271729799946,8.834181550440574,4.3924982007288635,95,工况1,2,电压上限扩展4%
143,节能,1.1329268173564833,1801.2717297999366,8.845912320364995,4.341271864565257,96,工况1,2,电压上限扩展4%
144,节能,1.1329268173564322,1801.2717297998554,8.70600643805854,4.993181310701223,95,工况1,2,电压上限扩展4%
145,节能,1.1329268173564322,1801.2717297998554,8.912403594349549,4.062002536266407,95,工况1,2,电压上限扩展4%
146,节能,1.1329268173564322,1801.2717297998554,8.85591186639161,4.298077438985096,94,工况1,2,电压上限扩展4%
147,节能,1.1329268173564322,1801.2717297998554,8.840005663069928,4.366990149468664,96,工况1,2,电压上限扩展4%
148,节能,1.1329268173564322,1801.2717297998554,8.828354642506373,4.418167597321924,96,工况1,2,电压上限扩展4%
149,节能,1.1329268173564322,1801.2717297998554,8.900050928864625,4.1124902819272755,98,工况1,2,电压上限扩展4%
150,节能,1.1329268173564306,1801.271729799853,8.816790433833198,4.469556774261021,95,工况1,2,电压上限扩展4%
151,节能,1.1329268173564295,1801.271729799851,8.804098580925581,4.52664524430404,97,工况1,2,电压上限扩展4%
152,节能,1.132926817356429,1801.2717297998504,8.908051752882205,4.079718247368175,94,工况1,2,电压上限扩展4%
153,节能,1.132926817356429,1801.2717297998504,8.764411645589751,4.709906405119552,96,工况1,2,电压上限扩展4%
154,节能,1.1329268173564286,1801.2717297998497,8.8617738766238,4.272955768741324,98,工况1,2,电压上限扩展4%
155,节能,1.1329268173564284,1801.2717297998493,8.811720885862039,4.49227293842891,97,工况1,2,电压上限扩展4%
156,节能,1.1329268173564282,1801.271729799849,8.793127122862547,4.576582584561194,96,工况1,2,电压上限扩展4%
157,节能,1.1329012520140687,1801.2310827538531,8.92421266537462,4.014316179767466,98,工况1,2,电压上限扩展4%
158,节能,1.1329012520140687,1801.2310827538531,8.75453404735787,4.756659492275556,95,工况1,2,电压上限扩展4%
159,节能,1.1329012520140687,1801.2310827538531,8.846399286442868,4.339158327084687,97,工况1,2,电压上限扩展4%
160,节能,1.1329012520140687,1801.2310827538531,8.845868678511009,4.341461329852365,95,工况1,2,电压上限扩展4%
161,节能,1.1329012520140687,1801.2310827538531,8.815617796168118,4.474801019079296,94,工况1,2,电压上限扩展4%
162,节能,1.1329012520140687,1801.2310827538531,8.942273623838885,3.942464589421137,94,工况1,2,电压上限扩展4%
163,节能,1.1329012520140687,1801.2310827538531,8.917215497616674,4.042503524294783,94,工况1,2,电压上限扩展4%
164,节能,1.1329012520140687,1801.2310827538531,8.818178792914974,4.463355730155976,95,工况1,2,电压上限扩展4%
165,节能,1.1329012520140687,1801.2310827538531,8.848215688843528,4.331283823281373,91,工况1,2,电压上限扩展4%
166,节能,1.1329012520140687,1801.2310827538531,8.834009965596714,4.393251951511049,94,工况1,2,电压上限扩展4%
167,节能,1.1329012520140687,1801.2310827538531,8.991511432929427,3.753047771542285,97,工况1,2,电压上限扩展4%
168,节能,1.1329012520140687,1801.2310827538531,8.78346857384064,4.620999889869354,93,工况1,2,电压上限扩展4%
169,节能,1.1329012520140687,1801.2310827538531,8.917588601552417,4.040995531656099,96,工况1,2,电压上限扩展4%
170,节能,1.1329012520140687,1801.2310827538531,8.78568888441568,4.610751216775548,96,工况1,2,电压上限扩展4%
171,节能,1.1329012520140687,1801.2310827538531,8.862160015712822,4.271306132008462,96,工况1,2,电压上限扩展4%
172,节能,1.1329012520140687,1801.2310827538531,8.818490342090232,4.461965391949968,93,工况1,2,电压上限扩展4%
173,节能,1.1329012520140687,1801.2310827538531,8.87377641354317,4.221976014577191,95,工况1,2,电压上限扩展4%
174,节能,1.1329012520140684,1801.231082753853,8.863095727978566,4.267311287773849,97,工况1,2,电压上限扩展4%
175,节能,1.1329012520140684,1801.231082753853,8.899153344173282,4.116183247374315,92,工况1,2,电压上限扩展4%
176,节能,1.1329012520140684,1801.231082753853,8.849379518915297,4.326245877143735,94,工况1,2,电压上限扩展4%
177,节能,1.1329012520140684,1801.231082753853,8.908461175709707,4.078048259476835,95,工况1,2,电压上限扩展4%
178,节能,1.1329012520140684,1801.231082753853,8.841619493325734,4.3599482523802875,94,工况1,2,电压上限扩展4%
179,节能,1.1329012520140684,1801.231082753853,8.907469274848419,4.082095285850447,93,工况1,2,电压上限扩展4%
180,节能,1.1329012520140684,1801.231082753853,8.765288617812176,4.705777758650781,93,工况1,2,电压上限扩展4%
181,节能,1.1329012520140684,1801.231082753853,8.878102243724134,4.203751908921832,96,工况1,2,电压上限扩展4%
182,节能,1.1329012520140684,1801.231082753853,8.810741158659237,4.496676297122029,99,工况1,2,电压上限扩展4%
183,节能,1.1329012520140684,1801.231082753853,8.780155783238888,4.636333679669089,96,工况1,2,电压上限扩展4%
184,节能,1.1329012520140684,1801.231082753853,8.77754885579482,4.648436033303353,95,工况1,2,电压上限扩展4%
185,节能,1.1329012520140684,1801.231082753853,8.77357789627803,4.666931482644456,96,工况1,2,电压上限扩展4%
186,节能,1.1329012520140684,1801.231082753853,8.845994085753398,4.340916913296649,94,工况1,2,电压上限扩展4%
187,节能,1.1329012520140684,1801.231082753853,8.89881504248064,4.117575994705232,96,工况1,2,电压上限扩展4%
188,节能,1.1329012520140684,1801.231082753853,8.964600935109912,3.8554153591918485,97,工况1,2,电压上限扩展4%
189,节能,1.1329012520140684,1801.231082753853,8.742419055774686,4.814636870589176,95,工况1,2,电压上限扩展4%
190,节能,1.1329012520140684,1801.231082753853,8.90727385505474,4.082893086019419,98,工况1,2,电压上限扩展4%
191,节能,1.1329012520140684,1801.231082753853,8.870822828032011,4.2344644154635445,95,工况1,2,电压上限扩展4%
192,节能,1.1329012520140684,1801.231082753853,8.761013329889488,4.7259393811300905,93,工况1,2,电压上限扩展4%
193,节能,1.1329012520140684,1801.231082753853,8.796470747873274,4.561305762782174,96,工况1,2,电压上限扩展4%
194,节能,1.132850567482951,1801.1504980138313,8.909642858215783,4.073232147307852,95,工况1,2,电压上限扩展4%
195,节能,1.132850567482951,1801.1504980138313,8.899387838667002,4.115218138228478,94,工况1,2,电压上限扩展4%
196,节能,1.132850567482951,1801.1504980138313,8.909553960112081,4.073594266017278,97,工况1,2,电压上限扩展4%
197,节能,1.132850567482951,1801.1504980138313,8.767967899571723,4.693186529395218,96,工况1,2,电压上限扩展4%
198,节能,1.132850567482951,1801.1504980138313,8.895974795282322,4.129287552374385,92,工况1,2,电压上限扩展4%
199,节能,1.132850567482951,1801.1504980138313,8.868368280298734,4.244870876849529,96,工况1,2,电压上限扩展4%
200,节能,1.132850567482951,1801.1504980138313,8.834853701861768,4.389546768836343,92,工况1,2,电压上限扩展4%
201,节能,1.132850567482951,1801.1504980138313,8.76392425683584,4.712202520038221,95,工况1,2,电压上限扩展4%
202,节能,1.132850567482951,1801.1504980138313,8.922240882783958,4.022239347339027,97,工况1,2,电压上限扩展4%
203,节能,1.132850567482951,1801.1504980138313,8.890163431631668,4.15335420626672,92,工况1,2,电压上限扩展4%
204,节能,1.132850567482951,1801.1504980138313,8.814557787355097,4.479546862469566,94,工况1,2,电压上限扩展4%
205,节能,1.132850567482951,1801.1504980138313,8.748832561489191,4.783856978519072,94,工况1,2,电压上限扩展4%
206,节能,1.132850567482951,1801.1504980138313,8.792070550877023,4.581420628930474,95,工况1,2,电压上限扩展4%
207,节能,1.132850567482951,1801.1504980138313,8.856713279017036,4.294634285338119,92,工况1,2,电压上限扩展4%
208,节能,1.132850567482951,1801.1504980138313,8.78415463913662,4.617830669482556,91,工况1,2,电压上限扩展4%
209,节能,1.132850567482951,1801.1504980138313,8.867787839216065,4.247335489509098,94,工况1,2,电压上限扩展4%
210,节能,1.132850567482951,1801.1504980138313,8.842250721707263,4.357196997727751,96,工况1,2,电压上限扩展4%
211,节能,1.132850567482951,1801.1504980138313,8.838197526582205,4.374893406630052,95,工况1,2,电压上限扩展4%
212,节能,1.132850567482951,1801.1504980138313,8.827056623107602,4.423906188165663,91,工况1,2,电压上限扩展4%
213,节能,1.132850567482951,1801.1504980138313,8.845950294587217,4.341107011272854,91,工况1,2,电压上限扩展4%
214,节能,1.132850567482951,1801.1504980138313,8.824610395587984,4.434741316418676,93,工况1,2,电压上限扩展4%
215,节能,1.132850567482951,1801.1504980138313,8.828789655451882,4.416246055199812,91,工况1,2,电压上限扩展4%
216,节能,1.132850567482951,1801.1504980138313,8.866596580812086,4.252398178492192,97,工况1,2,电压上限扩展4%
217,节能,1.132850567482951,1801.1504980138313,8.833654401522661,4.394814311816404,95,工况1,2,电压上限扩展4%
218,节能,1.132850567482951,1801.1504980138313,8.807682006841178,4.510453374933617,95,工况1,2,电压上限扩展4%
219,节能,1.132850567482951,1801.1504980138313,9.003529977887078,3.7082115708162324,95,工况1,2,电压上限扩展4%
220,节能,1.132850567482951,1801.1504980138313,8.968849520426586,3.839070044924923,98,工况1,2,电压上限扩展4%
221,节能,1.132850567482951,1801.1504980138313,8.836742683258723,4.38126282322179,97,工况1,2,电压上限扩展4%
222,节能,1.132850567482951,1801.1504980138313,8.876116913960567,4.212106032806659,93,工况1,2,电压上限扩展4%
223,节能,1.132850567482951,1801.1504980138313,8.83566053592089,4.386006561371163,96,工况1,2,电压上限扩展4%
224,节能,1.132850567482951,1801.1504980138313,8.835121451157336,4.3883716281096925,95,工况1,2,电压上限扩展4%
225,节能,1.132850567482951,1801.1504980138313,8.762187701192833,4.720392631149031,97,工况1,2,电压上限扩展4%
226,节能,1.132850567482951,1801.1504980138313,8.788319879982875,4.598636294904072,95,工况1,2,电压上限扩展4%
227,节能,1.132850567482951,1801.1504980138313,8.838605836088107,4.37310746069898,96,工况1,2,电压上限扩展4%
228,节能,1.132850567482951,1801.1504980138313,8.913156971074038,4.058943470559906,93,工况1,2,电压上限扩展4%
229,节能,1.132850567482951,1801.1504980138313,8.820495053088127,4.453029400888991,94,工况1,2,电压上限扩展4%
230,节能,1.132850567482951,1801.1504980138313,8.82667173233622,4.425609236553729,94,工况1,2,电压上限扩展4%
231,节能,1.132850567482951,1801.1504980138313,8.897288345433719,4.123867086890813,99,工况1,2,电压上限扩展4%
232,节能,1.132850567482951,1801.1504980138313,8.928556601300475,3.996916067344517,94,工况1,2,电压上限扩展4%
233,节能,1.132850567482951,1801.1504980138313,8.909103574062677,4.0754293692670585,94,工况1,2,电压上限扩展4%
234,节能,1.132850567482951,1801.1504980138313,8.851917232280261,4.315281023872993,96,工况1,2,电压上限扩展4%
235,节能,1.132850567482951,1801.1504980138313,8.893314567980442,4.140287019913695,94,工况1,2,电压上限扩展4%
236,节能,1.132850567482951,1801.1504980138313,8.860638222776968,4.277811123876976,97,工况1,2,电压上限扩展4%
237,节能,1.132850567482951,1801.1504980138313,8.840529172001563,4.364704589428797,96,工况1,2,电压上限扩展4%
238,节能,1.132850567482951,1801.1504980138313,8.928439274456583,3.9973850404030253,96,工况1,2,电压上限扩展4%
239,节能,1.132850567482951,1801.1504980138313,8.9021558606801,4.103842874586295,100,工况1,2,电压上限扩展4%
240,节能,1.132850567482951,1801.1504980138313,8.896649817999789,4.126501130024579,95,工况1,2,电压上限扩展4%
241,节能,1.132850567482951,1801.1504980138313,8.814604110034548,4.4793393626621825,95,工况1,2,电压上限扩展4%
242,节能,1.132850567482951,1801.1504980138313,8.812930674793021,4.4868415224489615,96,工况1,2,电压上限扩展4%
243,节能,1.132850567482951,1801.1504980138313,8.82330704137989,4.440525123531147,93,工况1,2,电压上限扩展4%
244,节能,1.132850567482951,1801.1504980138313,8.958192188141144,3.8802030849795215,95,工况1,2,电压上限扩展4%
245,节能,1.132850567482951,1801.1504980138313,8.846532262071912,4.338581363138539,99,工况1,2,电压上限扩展4%
246,节能,1.132850567482951,1801.1504980138313,8.957255018246158,3.8838411989963837,92,工况1,2,电压上限扩展4%
247,节能,1.132850567482951,1801.1504980138313,8.914152347267754,4.054905304938045,98,工况1,2,电压上限扩展4%
248,节能,1.132850567482951,1801.1504980138313,8.882818332382065,4.183973317677098,95,工况1,2,电压上限扩展4%
249,节能,1.132850567482951,1801.1504980138313,8.802888531896013,4.532126022325419,96,工况1,2,电压上限扩展4%
250,节能,1.132850567482951,1801.1504980138313,8.817768230263045,4.465188593547932,94,工况1,2,电压上限扩展4%
251,节能,1.132850567482951,1801.1504980138313,8.76639460938931,4.700576085119636,93,工况1,2,电压上限扩展4%
252,节能,1.132850567482951,1801.1504980138313,8.867349340605436,4.2491983486208404,98,工况1,2,电压上限扩展4%
253,节能,1.132850567482951,1801.1504980138313,8.824792000706598,4.433936017821271,97,工况1,2,电压上限扩展4%
254,节能,1.132850567482951,1801.1504980138313,8.83133956343558,4.404999379213974,94,工况1,2,电压上限扩展4%
255,节能,1.132850567482951,1801.1504980138313,8.801679000559464,4.5376110872808795,96,工况1,2,电压上限扩展4%
256,节能,1.132850567482951,1801.1504980138313,8.757204782410621,4.743972664154896,98,工况1,2,电压上限扩展4%
257,节能,1.132850567482951,1801.1504980138313,8.705029965392805,4.998059397037555,93,工况1,2,电压上限扩展4%
258,节能,1.132850567482951,1801.1504980138313,8.732067961774895,4.864732454168047,95,工况1,2,电压上限扩展4%
259,节能,1.132850567482951,1801.1504980138313,8.829073498178504,4.414992713762409,97,工况1,2,电压上限扩展4%
260,节能,1.132850567482951,1801.1504980138313,8.92951294918416,3.993095452331981,97,工况1,2,电压上限扩展4%
261,节能,1.132850567482951,1801.1504980138313,8.862071857517153,4.271682699248714,96,工况1,2,电压上限扩展4%
262,节能,1.1327451451887982,1800.9828841880849,9.027410672421558,3.6207059095837053,97,工况1,2,电压上限扩展4%
263,节能,1.1327451451887982,1800.9828841880849,8.888397332742924,4.160695921704409,94,工况1,2,电压上限扩展4%
264,节能,1.1327392750866858,1800.97355115013,8.937640192825969,3.960774112315924,89,工况1,2,电压上限扩展4%
265,节能,1.1326460371411633,1800.8253095577859,8.845339726869444,4.343758360405063,93,工况1,2,电压上限扩展4%
266,节能,1.132592309358345,1800.7398862675852,8.966940012870937,3.8464077816846802,92,工况1,2,电压上限扩展4%
267,节能,1.1325814135430303,1800.7209295560226,8.81348791191321,4.4843419842826515,88,工况1,2,电压上限扩展4%
268,节能,1.1325814135430303,1800.7209295560226,8.851909975796252,4.315312337754352,83,工况1,2,电压上限扩展4%
269,节能,1.1325814135430303,1800.7209295560226,8.80115153336438,4.540005159615274,79,工况1,2,电压上限扩展4%
270,节能,1.1325814134478163,1800.7209495722386,8.86803279573449,4.246295204412519,74,工况1,2,电压上限扩展4%
271,节能,1.1325814134478163,1800.7209495722386,8.860321858107726,4.279164686276633,64,工况1,2,电压上限扩展4%
272,节能,1.1325814134478163,1800.7209495722386,8.90320214636303,4.099551328024984,32,工况1,2,电压上限扩展4%
273,节能,1.1325814134334615,1800.7209711620533,8.75939608595937,4.7335885615364335,4,工况1,2,电压上限扩展4%
274,节能,1.1325814134280547,1800.7209638139404,8.84889828724733,4.328328304688081,2,工况1,2,电压上限扩展4%
275,节能,1.1325814134280547,1800.7209638139404,8.875043278351924,4.216630728333346,6,工况1,2,电压上限扩展4%
276,节能,1.1325814134280547,1800.7209638139404,8.794426092790529,4.570641600825894,5,工况1,2,电压上限扩展4%
277,节能,1.1325814134280543,1800.7209637548801,8.916947348074407,4.043587665113869,6,工况1,2,电压上限扩展4%
278,节能,1.1325814134280543,1800.7209637548801,8.82388180105802,4.4379736220607375,3,工况1,2,电压上限扩展4%
279,节能,1.1325814134280543,1800.7209637548801,8.846029135372005,4.340764768480759,2,工况1,2,电压上限扩展4%
280,节能,1.1325814134280543,1800.7209637548801,8.704614173611597,5.000137981155983,0,工况1,2,电压上限扩展4%
281,节能,1.1325814134280543,1800.7209637548801,8.859325231289645,4.283431542440424,5,工况1,2,电压上限扩展4%
282,节能,1.1325814134280543,1800.7209637548801,8.8134921357786,4.4843230430657535,7,工况1,2,电压上限扩展4%
283,节能,1.1325814134280543,1800.7209637548801,8.798486231163777,4.552121785419779,8,工况1,2,电压上限扩展4%
284,节能,1.1325814134280543,1800.7209637548801,8.7969645640018,4.559053872485005,2,工况1,2,电压上限扩展4%
285,节能,1.132581413428054,1800.72096374717,8.924819641530524,4.011880324891787,5,工况1,2,电压上限扩展4%
286,节能,1.132581413428054,1800.72096374717,8.976742060382865,3.8088892892789326,7,工况1,2,电压上限扩展4%
287,节能,1.132581413428054,1800.72096374717,8.847968161932528,4.3323560652857145,7,工况1,2,电压上限扩展4%
288,节能,1.132581413428054,1800.72096374717,8.825854517142561,4.429227389866602,6,工况1,2,电压上限扩展4%
289,节能,1.132581413428054,1800.72096374717,8.88169592725965,4.188672067217899,4,工况1,2,电压上限扩展4%
290,节能,1.132581413428054,1800.72096374717,8.909299722307813,4.074630059342284,7,工况1,2,电压上限扩展4%
291,节能,1.132581413428054,1800.72096374717,8.819374092792406,4.458023868820204,3,工况1,2,电压上限扩展4%
292,节能,1.132581413428054,1800.72096374717,8.834164903089118,4.392571324798842,3,工况1,2,电压上限扩展4%
293,节能,1.132581413428054,1800.72096374717,8.971246507641943,3.829878863081759,7,工况1,2,电压上限扩展4%
294,节能,1.132581413428054,1800.72096374717,8.772545120290875,4.671753867206281,4,工况1,2,电压上限扩展4%
295,节能,1.132581413428054,1800.72096374717,8.75138110154014,4.771680649932338,3,工况1,2,电压上限扩展4%
296,节能,1.132581413428054,1800.72096374717,8.745813108820572,4.798323437642452,1,工况1,2,电压上限扩展4%
297,节能,1.132581413428054,1800.72096374717,8.867698380916101,4.2477154659171354,6,工况1,2,电压上限扩展4%
298,节能,1.132581413428054,1800.72096374717,8.761697795213465,4.722705746282199,5,工况1,2,电压上限扩展4%
299,节能,1.132581413428054,1800.72096374717,8.8938967138733,4.137877470252566,3,工况1,2,电压上限扩展4%
300,节能,1.132581413428054,1800.72096374717,8.905906193990923,4.0884809201815004,5,工况1,2,电压上限扩展4%
0,节能,1.1783172649370846,1873.439259756266,10.182926110153138,1.1401428615944633,31,工况1,3,电压上限扩展4%
1,节能,1.1783172649370846,1873.439259756266,10.381317722722674,0.9349726131916501,57,工况1,3,电压上限扩展4%
2,节能,1.1783172649370846,1873.439259756266,10.187148510476062,1.1353388713299022,80,工况1,3,电压上限扩展4%
3,节能,1.1656033113894226,1853.2249928252124,9.992145842803186,1.3797934845488242,91,工况1,3,电压上限扩展4%
4,节能,1.1656033113894226,1853.2249928252124,9.4489409641823,2.3753355642433864,83,工况1,3,电压上限扩展4%
5,节能,1.1656033113894226,1853.2249928252124,9.38022925246441,2.544286938559296,87,工况1,3,电压上限扩展4%
6,节能,1.1626712541177842,1848.5632337489462,9.541090709744545,2.1662313922174974,86,工况1,3,电压上限扩展4%
7,节能,1.1579367500671698,1841.035714609719,9.243353571675518,2.917497155561518,82,工况1,3,电压上限扩展4%
8,节能,1.1559882302132494,1837.9377089185743,9.155879790951971,3.1841962135566324,79,工况1,3,电压上限扩展4%
9,节能,1.1502033262227436,1828.740129818082,9.342512377378057,2.6420821632977516,77,工况1,3,电压上限扩展4%
10,节能,1.1500621168105665,1828.51561706206,9.101343983726816,3.3626713346390376,80,工况1,3,电压上限扩展4%
11,节能,1.1499910127797885,1828.4025667938934,8.980688539353805,3.7938872099624894,84,工况1,3,电压上限扩展4%
12,节能,1.1493080339940687,1827.3166799034757,9.10375796668603,3.354563693131145,79,工况1,3,电压上限扩展4%
13,节能,1.148243115549413,1825.6235365693135,9.058944246329693,3.5083134925929933,74,工况1,3,电压上限扩展4%
14,节能,1.148243115549413,1825.6235365693135,8.908691001774658,4.077111125385725,79,工况1,3,电压上限扩展4%
15,节能,1.148243115549413,1825.6235365693135,8.868111028408231,4.245963018379251,83,工况1,3,电压上限扩展4%
16,节能,1.1469361601330814,1823.545571949286,8.949611611164473,3.913640718170877,71,工况1,3,电压上限扩展4%
17,节能,1.1467655584909646,1823.2743276726967,8.88464022640993,4.17635750138858,76,工况1,3,电压上限扩展4%
18,节能,1.1467535358790442,1823.2552125889692,8.907297766097694,4.082795460954627,82,工况1,3,电压上限扩展4%
19,节能,1.1465246383266405,1822.8912820297764,8.95148686679601,3.906308518397462,79,工况1,3,电压上限扩展4%
20,节能,1.1458617605257422,1821.837354251938,8.811940344968535,4.49128717639489,77,工况1,3,电压上限扩展4%
21,节能,1.1446989231668505,1819.9885269236079,8.75091188134143,4.7739201442419725,80,工况1,3,电压上限扩展4%
22,节能,1.1439336816531804,1818.7718482432854,8.909679015030978,4.073084874868322,84,工况1,3,电压上限扩展4%
23,节能,1.1439336816531804,1818.7718482432854,8.906723369961707,4.0851412765406305,80,工况1,3,电压上限扩展4%
24,节能,1.1437322874142979,1818.4516459641213,8.795663203603945,4.5649907067890165,80,工况1,3,电压上限扩展4%
25,节能,1.1437322874142979,1818.4516459641213,9.003709821096878,3.7075447341095438,85,工况1,3,电压上限扩展4%
26,节能,1.1437322874142979,1818.4516459641213,8.913121233771804,4.059088528841444,83,工况1,3,电压上限扩展4%
27,节能,1.1437254025807344,1818.4166622703597,8.95038334581177,3.9106215911638893,86,工况1,3,电压上限扩展4%
28,节能,1.1436978673999252,1818.3969206298111,8.84201233072745,4.358235838009436,91,工况1,3,电压上限扩展4%
29,节能,1.1436978673999252,1818.3969206298111,8.802190413717689,4.535291086553949,81,工况1,3,电压上限扩展4%
30,节能,1.1436709071508084,1818.3540557829222,8.909294749771737,4.074650320637622,79,工况1,3,电压上限扩展4%
31,节能,1.1436462008914212,1818.2819558192439,8.83724301097719,4.3790713042739995,81,工况1,3,电压上限扩展4%
32,节能,1.1436462008914212,1818.2819558192439,8.813685192493988,4.483457397950305,72,工况1,3,电压上限扩展4%
33,节能,1.1436421220309936,1818.30828952356,8.891961911787515,4.145891194197715,71,工况1,3,电压上限扩展4%
34,节能,1.1436421220309936,1818.30828952356,8.95253727800893,3.9022074424137974,68,工况1,3,电压上限扩展4%
35,节能,1.1436421220309936,1818.30828952356,8.976256355158752,3.810739736054259,54,工况1,3,电压上限扩展4%
36,节能,1.1436421220309936,1818.30828952356,8.779765426402875,4.638143857499642,62,工况1,3,电压上限扩展4%
37,节能,1.1436421220309936,1818.30828952356,8.818263258335946,4.46297874685653,58,工况1,3,电压上限扩展4%
38,节能,1.1436421220309936,1818.30828952356,8.842197883466618,4.357427230433747,60,工况1,3,电压上限扩展4%
39,节能,1.1436410197443947,1818.3065309750677,8.901672316820525,4.105827742455624,50,工况1,3,电压上限扩展4%
40,节能,1.143639843446223,1818.3030363723703,8.770052812263765,4.683411838463319,49,工况1,3,电压上限扩展4%
41,节能,1.143639843446223,1818.3030363723703,8.908337560364764,4.078552399978234,53,工况1,3,电压上限扩展4%
42,节能,1.143639843446223,1818.3030363723703,8.89541255435182,4.1316098596370665,46,工况1,3,电压上限扩展4%
43,节能,1.143639843446223,1818.3030363723703,8.705422044525166,4.996100146361427,40,工况1,3,电压上限扩展4%
44,节能,1.143639843446223,1818.3030363723703,8.899494716887508,4.114778334540004,28,工况1,3,电压上限扩展4%
45,节能,1.143639843446223,1818.3030363723703,8.930273502168154,3.9900596462623557,18,工况1,3,电压上限扩展4%
46,节能,1.1436398430943993,1818.303034651674,8.828210767649084,4.418803306284636,4,工况1,3,电压上限扩展4%
47,节能,1.1436398430943993,1818.303034651674,8.811465336416587,4.4934210829847485,1,工况1,3,电压上限扩展4%
48,节能,1.1436398430943993,1818.303034651674,8.704621082925195,5.0001034337539885,0,工况1,3,电压上限扩展4%
49,节能,1.1423910834554383,1816.3192286376195,8.796068334241776,4.563141663769566,9,工况1,3,电压上限扩展4%
50,节能,1.1421253133023723,1815.8966733092363,8.855376388626725,4.300379580203133,8,工况1,3,电压上限扩展4%
51,节能,1.1419939349538424,1815.687791233634,8.794902946588557,4.568462592594579,23,工况1,3,电压上限扩展4%
52,节能,1.141976410718932,1815.6599289671162,8.901662277388533,4.105868962840927,50,工况1,3,电压上限扩展4%
53,节能,1.141976410718932,1815.6599289671162,8.765105964252928,4.706637364210047,76,工况1,3,电压上限扩展4%
54,节能,1.141976410718932,1815.6599289671162,8.801658227432167,4.537705348632666,95,工况1,3,电压上限扩展4%
55,节能,1.1419764000530792,1815.6599120091812,8.831500523619049,4.404290406765417,90,工况1,3,电压上限扩展4%
56,节能,1.1419763983576852,1815.6599093136274,8.742420061416523,4.814632028791346,94,工况1,3,电压上限扩展4%
57,节能,1.1419763983576852,1815.6599093136274,8.84234340121037,4.356793193587536,98,工况1,3,电压上限扩展4%
58,节能,1.1419763983576852,1815.6599093136274,8.75131089272896,4.772015675718848,96,工况1,3,电压上限扩展4%
59,节能,1.1419763973180714,1815.6599076607167,8.825433057920511,4.431094522029014,94,工况1,3,电压上限扩展4%
60,节能,1.1419763927902449,1815.6599004618,8.781948079941742,4.628031436365795,96,工况1,3,电压上限扩展4%
61,节能,1.1419763927902449,1815.6599004618,8.859752540509938,4.281601583654824,97,工况1,3,电压上限扩展4%
62,节能,1.1419763927697422,1815.659900429202,8.988057438326116,3.7660331911660543,97,工况1,3,电压上限扩展4%
63,节能,1.141559965505559,1814.9977988972032,8.866982498748747,4.250757418381027,96,工况1,3,电压上限扩展4%
64,节能,1.141559965505559,1814.9977988972032,8.918926991907162,4.0355907198937295,93,工况1,3,电压上限扩展4%
65,节能,1.141559965505559,1814.9977988972032,9.086345307338378,3.413487085666897,90,工况1,3,电压上限扩展4%
66,节能,1.141559965505559,1814.9977988972032,8.951963639192556,3.90444654222819,91,工况1,3,电压上限扩展4%
67,节能,1.1415599655055588,1814.997798897203,8.902533805083687,4.10229214320223,88,工况1,3,电压上限扩展4%
68,节能,1.1415599655055588,1814.997798897203,8.797888897551353,4.554841733047254,80,工况1,3,电压上限扩展4%
69,节能,1.1415599655055588,1814.997798897203,8.885492112293957,4.172801236367553,82,工况1,3,电压上限扩展4%
70,节能,1.1415599655055588,1814.997798897203,8.863610419516098,4.265115503890181,59,工况1,3,电压上限扩展4%
71,节能,1.1415599655055588,1814.997798897203,8.827801716505512,4.42061119256406,27,工况1,3,电压上限扩展4%
72,节能,1.141559885920932,1814.9976567945166,8.882293022136544,4.186171779114464,8,工况1,3,电压上限扩展4%
73,节能,1.141559885920932,1814.9976567945166,8.849014279654039,4.327826280587049,6,工况1,3,电压上限扩展4%
74,节能,1.141559885920932,1814.9976567945166,8.817223724497202,4.467620576536988,8,工况1,3,电压上限扩展4%
75,节能,1.141559885920932,1814.9976567945166,8.838685609144964,4.372758618463167,6,工况1,3,电压上限扩展4%
76,节能,1.141559885920932,1814.9976567945166,8.879315661580064,4.198654094808479,5,工况1,3,电压上限扩展4%
77,节能,1.141559885920932,1814.9976567945166,8.87228860792177,4.228262169353732,2,工况1,3,电压上限扩展4%
78,节能,1.141559885920932,1814.9976567945166,8.777690447815575,4.647777898446468,3,工况1,3,电压上限扩展4%
79,节能,1.141559885920932,1814.9976567945166,8.89782755045539,4.12164407643192,4,工况1,3,电压上限扩展4%
80,节能,1.141559885920932,1814.9976567945166,8.91261303329613,4.061151883817184,4,工况1,3,电压上限扩展4%
81,节能,1.141559885920932,1814.9976567945166,8.842387345669993,4.356601740871628,7,工况1,3,电压上限扩展4%
82,节能,1.141559885920932,1814.9976567945166,8.849837924546161,4.324263156153102,6,工况1,3,电压上限扩展4%
83,节能,1.141559885920932,1814.9976567945166,9.06444940745719,3.4890527269838785,8,工况1,3,电压上限扩展4%
84,节能,1.141559885920932,1814.9976567945166,8.80886633840751,4.505114664648795,3,工况1,3,电压上限扩展4%
85,节能,1.141559885920932,1814.9976567945166,8.925536202029663,4.009006599645655,6,工况1,3,电压上限扩展4%
86,节能,1.141559885920932,1814.9976567945166,8.85073709209139,4.32037666663054,9,工况1,3,电压上限扩展4%
87,节能,1.141559885920932,1814.9976567945166,8.892083601941957,4.145386710753948,8,工况1,3,电压上限扩展4%
88,节能,1.141559885920932,1814.9976567945166,8.804147018943983,4.526425987888615,6,工况1,3,电压上限扩展4%
89,节能,1.141559885920932,1814.9976567945166,8.88985087352344,4.154652573697301,6,工况1,3,电压上限扩展4%
90,节能,1.141559885920932,1814.9976567945166,8.813513631381701,4.484226650873447,2,工况1,3,电压上限扩展4%
91,节能,1.141559885920932,1814.9976567945166,8.854720901051708,4.303199349646767,5,工况1,3,电压上限扩展4%
92,节能,1.141559885920932,1814.9976567945166,8.79367439743854,4.574078622507613,3,工况1,3,电压上限扩展4%
93,节能,1.141559885920932,1814.9976567945166,8.839670837083164,4.368452576070201,4,工况1,3,电压上限扩展4%
94,节能,1.141559885920932,1814.9976567945166,8.863883984863172,4.263948875668851,4,工况1,3,电压上限扩展4%
95,节能,1.141559885920932,1814.9976567945166,8.909079363902139,4.075528037260728,3,工况1,3,电压上限扩展4%
96,节能,1.141559885920932,1814.9976567945166,8.833892465448566,4.393768189594636,2,工况1,3,电压上限扩展4%
97,节能,1.141559885920932,1814.9976567945166,8.827833477358677,4.420470792410699,6,工况1,3,电压上限扩展4%
98,节能,1.141559885920932,1814.9976567945166,8.870274161033352,4.2367883638238935,1,工况1,3,电压上限扩展4%
99,节能,1.141559885920932,1814.9976567945166,8.856004711083562,4.297678403833721,7,工况1,3,电压上限扩展4%
100,节能,1.141559885920932,1814.9976567945166,8.897267237695985,4.123954133314405,7,工况1,3,电压上限扩展4%
101,节能,1.141559885920932,1814.9976567945166,8.825922389302148,4.428926778840026,2,工况1,3,电压上限扩展4%
102,节能,1.141559885920932,1814.9976567945166,8.868919317801415,4.242532438145226,5,工况1,3,电压上限扩展4%
103,节能,1.141559885920932,1814.9976567945166,8.878862777053905,4.200556030924918,8,工况1,3,电压上限扩展4%
104,节能,1.141559885920932,1814.9976567945166,8.929573686821739,3.9928529285128165,4,工况1,3,电压上限扩展4%
105,节能,1.141559885920932,1814.9976567945166,8.808109913279685,4.508523735775852,3,工况1,3,电压上限扩展4%
106,节能,1.141559885920932,1814.9976567945166,8.867351711172278,4.249188275624072,5,工况1,3,电压上限扩展4%
107,节能,1.141559885920932,1814.9976567945166,8.88745996448576,4.164597854477381,3,工况1,3,电压上限扩展4%
108,节能,1.141559885920932,1814.9976567945166,8.83795209795488,4.375967262485631,3,工况1,3,电压上限扩展4%
109,节能,1.141559885920932,1814.9976567945166,8.908211894585698,4.079064966648411,9,工况1,3,电压上限扩展4%
110,节能,1.141559885920932,1814.9976567945166,8.907882498343808,4.080408816636266,9,工况1,3,电压上限扩展4%
111,节能,1.141559885920932,1814.9976567945166,8.890725457946543,4.151020567752361,4,工况1,3,电压上限扩展4%
112,节能,1.141559885920932,1814.9976567945166,8.918640776302592,4.03674593424372,9,工况1,3,电压上限扩展4%
113,节能,1.141559885920932,1814.9976567945166,8.854628505910775,4.303596962725618,4,工况1,3,电压上限扩展4%
114,节能,1.141559885920932,1814.9976567945166,8.844585308315425,4.347036608736526,5,工况1,3,电压上限扩展4%
115,节能,1.141559885920932,1814.9976567945166,8.923844247548262,4.01579539787716,5,工况1,3,电压上限扩展4%
116,节能,1.141559885920932,1814.9976567945166,8.936108080247498,3.966847115227993,5,工况1,3,电压上限扩展4%
117,节能,1.141559885920932,1814.9976567945166,8.905400234281919,4.090550050202215,7,工况1,3,电压上限扩展4%
118,节能,1.141559885920932,1814.9976567945166,8.87629150702001,4.211370692522216,9,工况1,3,电压上限扩展4%
119,节能,1.141559885920932,1814.9976567945166,8.773336236717416,4.668059427539816,3,工况1,3,电压上限扩展4%
120,节能,1.141559885920932,1814.9976567945166,8.83779290594586,4.376663936956577,5,工况1,3,电压上限扩展4%
121,节能,1.141559885920932,1814.9976567945166,8.802494352232676,4.533912846376815,5,工况1,3,电压上限扩展4%
122,节能,1.1415102616732826,1814.9187856867757,8.873772726710188,4.221991580326307,10,工况1,3,电压上限扩展4%
123,节能,1.1411018306631817,1813.9829154042704,8.812670750795537,4.488007911813282,8,工况1,3,电压上限扩展4%
124,节能,1.1409602346300705,1814.0442824546292,8.913194130140466,4.0587926468121065,19,工况1,3,电压上限扩展4%
125,节能,1.1409602346300705,1814.0442824546292,8.82249312879515,4.4441407940322994,28,工况1,3,电压上限扩展4%
126,节能,1.1409597670184222,1814.0435389859163,9.043350639387667,3.563449521771711,53,工况1,3,电压上限扩展4%
127,节能,1.1409597670184222,1814.0435389859163,8.829765451749726,4.411938800492151,65,工况1,3,电压上限扩展4%
128,节能,1.14095414324991,1814.0297309544817,8.74951246402033,4.780605527510906,77,工况1,3,电压上限扩展4%
129,节能,1.1409540616286666,1814.0301009901311,8.886834215798789,4.167204661634601,76,工况1,3,电压上限扩展4%
130,节能,1.140953925517163,1814.0322682310345,8.91365282360724,4.056931332061118,60,工况1,3,电压上限扩展4%
131,节能,1.1409539054843554,1814.0315772131146,8.770371220385712,4.681920839481219,41,工况1,3,电压上限扩展4%
132,节能,1.1409539049462543,1814.0316265249912,8.79985536188867,4.545893600192689,12,工况1,3,电压上限扩展4%
133,节能,1.1409539047148984,1814.0316735040801,8.877332698992896,4.206988129103161,2,工况1,3,电压上限扩展4%
134,节能,1.1409539047013308,1814.0316831853304,8.82052444962239,4.452898499181673,7,工况1,3,电压上限扩展4%
135,节能,1.14095390469878,1814.0316901553151,8.82333739132288,4.440390355891903,2,工况1,3,电压上限扩展4%
136,节能,1.1409539046987642,1814.0316898165197,8.90727942309824,4.082870352356401,8,工况1,3,电压上限扩展4%
137,节能,1.140953904698764,1814.0316898080348,8.878720530923927,4.201153586263037,2,工况1,3,电压上限扩展4%
138,节能,1.1409539046987618,1814.0316896042384,8.798317940539846,4.552887929300863,6,工况1,3,电压上限扩展4%
139,节能,1.1409539046987618,1814.0316896042384,8.789160350295013,4.594772901383087,3,工况1,3,电压上限扩展4%
140,节能,1.1409539046987618,1814.0316896042384,8.80832123245645,4.507571098910345,4,工况1,3,电压上限扩展4%
141,节能,1.1409539046987616,1814.0316896507145,8.909394941962324,4.074242092947077,8,工况1,3,电压上限扩展4%
142,节能,1.1409539046987616,1814.0316896507145,8.993634937231617,3.7450866142205843,4,工况1,3,电压上限扩展4%
143,节能,1.1409539046987613,1814.031689617392,8.958004847066764,3.8809300744896444,6,工况1,3,电压上限扩展4%
144,节能,1.1409539046987613,1814.031689617392,8.881046208871968,4.19139440876185,5,工况1,3,电压上限扩展4%
145,节能,1.1409539046987613,1814.031689617392,8.757062588727381,4.744647275062771,6,工况1,3,电压上限扩展4%
146,节能,1.1409539046987613,1814.031689617392,8.855152596675655,4.301342078235368,3,工况1,3,电压上限扩展4%
147,节能,1.1409539046987613,1814.031689617392,8.857127498872186,4.2928557309282285,6,工况1,3,电压上限扩展4%
148,节能,1.1409539046987613,1814.031689617392,8.818462547718978,4.462089411196106,5,工况1,3,电压上限扩展4%
149,节能,1.1409539046987613,1814.031689617392,8.807245485226716,4.512422715121308,1,工况1,3,电压上限扩展4%
150,节能,1.1409539046987613,1814.031689617392,8.913686632338356,4.056794174679127,4,工况1,3,电压上限扩展4%
151,节能,1.1409539046987613,1814.031689617392,8.937002776286226,3.9632995800472415,5,工况1,3,电压上限扩展4%
152,节能,1.1409539046987613,1814.031689617392,8.839483265270522,4.369272051491177,4,工况1,3,电压上限扩展4%
153,节能,1.1409539046987613,1814.031689617392,8.80381505622165,4.527928842013966,4,工况1,3,电压上限扩展4%
154,节能,1.1409539046987613,1814.031689617392,8.761104544733504,4.725508324966273,2,工况1,3,电压上限扩展4%
155,节能,1.1409539046987613,1814.031689617392,8.853257311118645,4.309502080076191,1,工况1,3,电压上限扩展4%
156,节能,1.1409539046987613,1814.031689617392,8.851532499954866,4.316941571388712,5,工况1,3,电压上限扩展4%
157,节能,1.1409539046987613,1814.031689617392,8.815841185944938,4.473801505922994,5,工况1,3,电压上限扩展4%
158,节能,1.1409539046987613,1814.031689617392,8.898789462329134,4.117681324270182,3,工况1,3,电压上限扩展4%
159,节能,1.1409539046987613,1814.031689617392,8.809104602592718,4.504041385041075,5,工况1,3,电压上限扩展4%
160,节能,1.1409539046987613,1814.031689617392,8.800106543740641,4.544751897612811,6,工况1,3,电压上限扩展4%
161,节能,1.1409539046987613,1814.031689617392,8.774484525826256,4.662702222138714,4,工况1,3,电压上限扩展4%
162,节能,1.1409539046987613,1814.031689617392,8.857845380446754,4.289775074802154,5,工况1,3,电压上限扩展4%
163,节能,1.1409539046987613,1814.031689617392,8.720218711797763,4.922718753707649,1,工况1,3,电压上限扩展4%
164,节能,1.1409539046987613,1814.031689617392,8.811145365232028,4.494859078297659,7,工况1,3,电压上限扩展4%
165,节能,1.1409539046987613,1814.031689617392,8.841271252158643,4.361466830248468,3,工况1,3,电压上限扩展4%
166,节能,1.1409539046987613,1814.031689617392,8.854327750238097,4.304891488583316,5,工况1,3,电压上限扩展4%
167,节能,1.1409539046987613,1814.031689617392,8.811952331047337,4.491233343795494,5,工况1,3,电压上限扩展4%
168,节能,1.1409539046987613,1814.031689617392,8.910666243443163,4.069065793956466,5,工况1,3,电压上限扩展4%
169,节能,1.1409539046987613,1814.031689617392,8.838564414066221,4.37328860740363,3,工况1,3,电压上限扩展4%
170,节能,1.1409539046987613,1814.031689617392,8.878743380705398,4.201057591918393,8,工况1,3,电压上限扩展4%
171,节能,1.1409539046987613,1814.031689617392,8.937522503988061,3.961240278649164,9,工况1,3,电压上限扩展4%
172,节能,1.1409539046987613,1814.031689617392,8.836545734641536,4.382125791853807,8,工况1,3,电压上限扩展4%
173,节能,1.1409539046987613,1814.031689617392,8.81092521921858,4.495848712532773,4,工况1,3,电压上限扩展4%
174,节能,1.1409539046987613,1814.031689617392,8.896685076788346,4.126355637158721,3,工况1,3,电压上限扩展4%
175,节能,1.1409539046987613,1814.031689617392,8.754680064946688,4.755964987031888,2,工况1,3,电压上限扩展4%
176,节能,1.1409539046987613,1814.031689617392,8.70460705493746,5.000173575635604,0,工况1,3,电压上限扩展4%
177,节能,1.1409539046987613,1814.031689617392,8.76876193019743,4.689461474658209,4,工况1,3,电压上限扩展4%
178,节能,1.1409539046987613,1814.031689617392,8.891472779859587,4.147919577983707,2,工况1,3,电压上限扩展4%
179,节能,1.1409539046987613,1814.031689617392,8.805579903345876,4.519944787208835,4,工况1,3,电压上限扩展4%
180,节能,1.1409539046987613,1814.031689617392,8.783453383157552,4.621070086547398,4,工况1,3,电压上限扩展4%
181,节能,1.1409539046987613,1814.031689617392,8.88304894584458,4.1830085483519115,2,工况1,3,电压上限扩展4%
182,节能,1.1409539046987613,1814.031689617392,8.893986358588043,4.1375065480329605,7,工况1,3,电压上限扩展4%
183,节能,1.1409539046987613,1814.031689617392,8.880624258947664,4.193163340489414,7,工况1,3,电压上限扩展4%
184,节能,1.1409539046987613,1814.031689617392,8.779817707571686,4.637901376256315,5,工况1,3,电压上限扩展4%
185,节能,1.1409539046987613,1814.031689617392,8.762794419988534,4.717529548847373,3,工况1,3,电压上限扩展4%
186,节能,1.1409539046987613,1814.031689617392,8.946971758562263,3.923985801544733,4,工况1,3,电压上限扩展4%
187,节能,1.1409539046987613,1814.031689617392,8.716632291042497,4.940405391322665,2,工况1,3,电压上限扩展4%
188,节能,1.1409539046987613,1814.031689617392,8.802552328401653,4.533649995099135,2,工况1,3,电压上限扩展4%
189,节能,1.1409539046987613,1814.031689617392,8.988465954087943,3.76449502145258,2,工况1,3,电压上限扩展4%
190,节能,1.1409539046987613,1814.031689617392,8.898954666962771,4.117001120423533,12,工况1,3,电压上限扩展4%
191,节能,1.1409539046987613,1814.031689617392,8.895213017650729,4.1324343496939315,3,工况1,3,电压上限扩展4%
192,节能,1.1409539046987613,1814.031689617392,8.790562827016098,4.588333356061948,6,工况1,3,电压上限扩展4%
193,节能,1.1409539046987613,1814.031689617392,8.865252034421772,4.2581195705898764,2,工况1,3,电压上限扩展4%
194,节能,1.1409539046987613,1814.031689617392,8.879511599257086,4.197831500869729,6,工况1,3,电压上限扩展4%
195,节能,1.1409539046987613,1814.031689617392,8.863506046135049,4.265560691648359,4,工况1,3,电压上限扩展4%
196,节能,1.1409539046987613,1814.031689617392,8.914482222806521,4.053567911464751,3,工况1,3,电压上限扩展4%
197,节能,1.1409539046987613,1814.031689617392,8.851598677184942,4.316655897605772,6,工况1,3,电压上限扩展4%
198,节能,1.1409539046987613,1814.031689617392,8.816589916956097,4.470453085687201,9,工况1,3,电压上限扩展4%
199,节能,1.1409539046987613,1814.031689617392,8.89745932085455,4.123162067252412,3,工况1,3,电压上限扩展4%
200,节能,1.1409539046987613,1814.031689617392,8.833799694709066,4.394175821626643,7,工况1,3,电压上限扩展4%
201,节能,1.1409539046987613,1814.031689617392,8.902429935148154,4.102718270153187,6,工况1,3,电压上限扩展4%
202,节能,1.1409539046987613,1814.031689617392,8.930577757776282,3.988845832902338,7,工况1,3,电压上限扩展4%
203,节能,1.1409539046987613,1814.031689617392,8.885685714701948,4.171993450197319,7,工况1,3,电压上限扩展4%
204,节能,1.1409539046987613,1814.031689617392,8.812350224564534,4.489446666640977,4,工况1,3,电压上限扩展4%
205,节能,1.1409539046987613,1814.031689617392,8.84207936894423,4.357943679443551,4,工况1,3,电压上限扩展4%
206,节能,1.1405238111573053,1813.350400686037,8.826251777546906,4.427468182657588,4,工况1,3,电压上限扩展4%
207,节能,1.1404312731300708,1813.203271913167,8.900338319257065,4.111308561546921,15,工况1,3,电压上限扩展4%
208,节能,1.1404231831771277,1813.1904094728852,8.847611893564501,4.333899821690262,13,工况1,3,电压上限扩展4%
209,节能,1.1404206627115971,1813.1864021149195,8.844549626222298,4.347191722869009,33,工况1,3,电压上限扩展4%
210,节能,1.140412801163579,1813.1739028219552,8.90432094174206,4.094967333697078,63,工况1,3,电压上限扩展4%
211,节能,1.140412801163579,1813.1739028219552,8.811271612031964,4.494291652541454,93,工况1,3,电压上限扩展4%
212,节能,1.140412801163579,1813.1739028219552,8.77905918496374,4.641420663864498,90,工况1,3,电压上限扩展4%
213,节能,1.140412801163579,1813.1739028219552,8.789858279909454,4.591567192113424,98,工况1,3,电压上限扩展4%
214,节能,1.140412801163579,1813.1739028219552,8.759822491213516,4.731570564775617,96,工况1,3,电压上限扩展4%
215,节能,1.140412801163579,1813.1739028219552,8.784858788253981,4.6145801726440645,97,工况1,3,电压上限扩展4%
216,节能,1.140412801163579,1813.1739028219552,8.796770206692601,4.559940044042327,97,工况1,3,电压上限扩展4%
217,节能,1.140412801163579,1813.1739028219552,8.896004803968799,4.129163639738093,95,工况1,3,电压上限扩展4%
218,节能,1.140412801163579,1813.1739028219552,8.852642293418524,4.312153315328879,90,工况1,3,电压上限扩展4%
219,节能,1.140412801163579,1813.1739028219552,8.864406374931445,4.261722012820737,97,工况1,3,电压上限扩展4%
220,节能,1.140412801163579,1813.1739028219552,8.871273918187022,4.232554721008554,96,工况1,3,电压上限扩展4%
221,节能,1.140412801163579,1813.1739028219552,8.862798072252119,4.268581666473554,95,工况1,3,电压上限扩展4%
222,节能,1.140412801163579,1813.1739028219552,8.965367068564964,3.8524627277013566,96,工况1,3,电压上限扩展4%
223,节能,1.140412801163579,1813.1739028219552,8.81886273084894,4.460304115535792,99,工况1,3,电压上限扩展4%
224,节能,1.140412801163579,1813.1739028219552,8.705171480748765,4.997352144927572,90,工况1,3,电压上限扩展4%
225,节能,1.140412801163579,1813.1739028219552,8.850968838634797,4.319375550278936,95,工况1,3,电压上限扩展4%
226,节能,1.140412801163579,1813.1739028219552,8.804115712738797,4.526567695327499,97,工况1,3,电压上限扩展4%
227,节能,1.140412801163579,1813.1739028219552,8.978672962448053,3.8015417930149007,94,工况1,3,电压上限扩展4%
228,节能,1.140412801163579,1813.1739028219552,9.037097435306228,3.585802314314463,95,工况1,3,电压上限扩展4%
229,节能,1.140412801163579,1813.1739028219552,8.773635149691684,4.666664292534637,99,工况1,3,电压上限扩展4%
230,节能,1.140412801163579,1813.1739028219552,8.809510217085954,4.502214851036545,93,工况1,3,电压上限扩展4%
231,节能,1.140412801163579,1813.1739028219552,8.825502799737428,4.430785500222113,96,工况1,3,电压上限扩展4%
232,节能,1.140412801163579,1813.1739028219552,8.891059181017049,4.149635507548882,88,工况1,3,电压上限扩展4%
233,节能,1.1399366537560651,1812.4168628691243,8.910823583981506,4.068425615318242,98,工况1,3,电压上限扩展4%
234,节能,1.1399366537560651,1812.4168628691243,8.81390859857982,4.48245587815901,92,工况1,3,电压上限扩展4%
235,节能,1.1398876961738367,1812.3360613138707,8.84182611200496,4.359047498690362,92,工况1,3,电压上限扩展4%
236,节能,1.1398876961738367,1812.3360613138707,8.89311569597534,4.141110488974801,79,工况1,3,电压上限扩展4%
237,节能,1.1398876961738367,1812.3360613138707,8.940356138817318,3.950031458580089,74,工况1,3,电压上限扩展4%
238,节能,1.1398876961738367,1812.3360613138707,8.804278677911912,4.525830082543646,61,工况1,3,电压上限扩展4%
239,节能,1.1398876961738367,1812.3360613138707,8.77861155968693,4.643498746140335,43,工况1,3,电压上限扩展4%
240,节能,1.1398876961738367,1812.3360613138707,8.875329177974713,4.215425367512989,28,工况1,3,电压上限扩展4%
241,节能,1.1398876957538016,1812.336070556311,8.798927961315641,4.550111420024394,23,工况1,3,电压上限扩展4%
242,节能,1.1398876900280919,1812.3367483118082,8.843238158928242,4.352896662737883,6,工况1,3,电压上限扩展4%
243,节能,1.1398876855119096,1812.3364643549428,8.949293565363694,3.914885633126539,6,工况1,3,电压上限扩展4%
244,节能,1.1398876853810849,1812.3364791988527,8.817428723413482,4.466704813028921,4,工况1,3,电压上限扩展4%
245,节能,1.1397791017805663,1812.1663666189759,8.864766951027047,4.260185614747669,5,工况1,3,电压上限扩展4%
246,节能,1.1392906090877695,1811.3896985551007,8.752268781333944,4.76744680486428,10,工况1,3,电压上限扩展4%
247,节能,1.139284023630376,1811.379228153969,8.798376128077836,4.5526230156689245,27,工况1,3,电压上限扩展4%
248,节能,1.139230986061993,1811.2949022548178,8.887964485626654,4.162497256759014,53,工况1,3,电压上限扩展4%
249,节能,1.1392278339383324,1811.2898906060939,8.830265032549066,4.409735231055881,79,工况1,3,电压上限扩展4%
250,节能,1.1392278339383324,1811.2898906060939,8.880714321174022,4.1927857118687815,89,工况1,3,电压上限扩展4%
251,节能,1.1392278339383324,1811.2898906060939,8.779829901075512,4.637844824332922,95,工况1,3,电压上限扩展4%
252,节能,1.1392278339383324,1811.2898906060939,8.829440257099227,4.413373772698395,92,工况1,3,电压上限扩展4%
253,节能,1.1392278339383324,1811.2898906060939,8.77880840455544,4.64258478719724,97,工况1,3,电压上限扩展4%
254,节能,1.1392278339383324,1811.2898906060939,8.873708067325193,4.222264580531262,96,工况1,3,电压上限扩展4%
255,节能,1.1392278339383324,1811.2898906060939,8.870537065349374,4.235674640284748,94,工况1,3,电压上限扩展4%
256,节能,1.1392278339383324,1811.2898906060939,8.814379781376442,4.480344319566714,98,工况1,3,电压上限扩展4%
257,节能,1.1392278339383324,1811.2898906060939,8.721255865978941,4.917615782111075,95,工况1,3,电压上限扩展4%
258,节能,1.1392278339383324,1811.2898906060939,8.904231996902396,4.095331576108506,96,工况1,3,电压上限扩展4%
259,节能,1.1392278339383324,1811.2898906060939,8.836138286438619,4.383911644929262,97,工况1,3,电压上限扩展4%
260,节能,1.1392278339383324,1811.2898906060939,8.885476684664253,4.172865613296444,95,工况1,3,电压上限扩展4%
261,节能,1.1392278339383324,1811.2898906060939,8.76806288453187,4.692740768430386,95,工况1,3,电压上限扩展4%
262,节能,1.1392278339383324,1811.2898906060939,8.900542540353701,4.1104690313316805,90,工况1,3,电压上限扩展4%
263,节能,1.1392278339383324,1811.2898906060939,8.858880780498852,4.285335740106503,96,工况1,3,电压上限扩展4%
264,节能,1.1392278339017246,1811.28989054789,8.913026425042107,4.059473384112124,96,工况1,3,电压上限扩展4%
265,节能,1.1392278338788895,1811.289890511584,8.95867792845098,3.8783187716113257,97,工况1,3,电压上限扩展4%
266,节能,1.1389871763692596,1810.198914938834,8.812788730541595,4.487478449013097,96,工况1,3,电压上限扩展4%
267,节能,1.1386714931170996,1810.4053489233763,8.754510497481627,4.756771512336953,93,工况1,3,电压上限扩展4%
268,节能,1.1386376186807876,1810.351491018738,8.871181705347743,4.232945034892481,91,工况1,3,电压上限扩展4%
269,节能,1.1386376186807876,1810.351491018738,8.806364003532762,4.516402086754024,89,工况1,3,电压上限扩展4%
270,节能,1.1385354644684749,1810.1890732068368,8.794876543188675,4.568583217131701,90,工况1,3,电压上限扩展4%
271,节能,1.1381823929583317,1809.49003270445,8.914848815634164,4.052082174888871,84,工况1,3,电压上限扩展4%
272,节能,1.1381823929583317,1809.49003270445,8.907445978603127,4.082190384451248,81,工况1,3,电压上限扩展4%
273,节能,1.1381043547441463,1809.5036399140786,8.906428683297838,4.086345290589577,74,工况1,3,电压上限扩展4%
274,节能,1.1381043547441463,1809.5036399140786,8.965999535409386,3.850026943114404,74,工况1,3,电压上限扩展4%
275,节能,1.1381014674541403,1809.4990493317182,8.78045329127246,4.6349545383160535,78,工况1,3,电压上限扩展4%
276,节能,1.1380991008641241,1809.4951286591377,8.820288740545694,4.453948211484034,78,工况1,3,电压上限扩展4%
277,节能,1.1380952160255258,1809.4716370731032,8.840467649660775,4.364973124532357,72,工况1,3,电压上限扩展4%
278,节能,1.1380948960804267,1809.488601322619,8.89934971292385,4.115375036969148,70,工况1,3,电压上限扩展4%
279,节能,1.138090006994654,1809.4782656990094,8.874086578195106,4.2206667099166575,57,工况1,3,电压上限扩展4%
280,节能,1.138090006994654,1809.4782656990094,8.840206063453328,4.366115090652393,42,工况1,3,电压上限扩展4%
281,节能,1.138090006994654,1809.4782656990094,8.816840180486109,4.469334434301887,29,工况1,3,电压上限扩展4%
282,节能,1.138090006994654,1809.4782656990094,8.871977635899096,4.229577245058213,22,工况1,3,电压上限扩展4%
283,节能,1.138090006994654,1809.4782656990094,8.899344710870617,4.115395622345644,9,工况1,3,电压上限扩展4%
284,节能,1.138090006994654,1809.4782656990094,8.831828216095817,4.40284739037934,10,工况1,3,电压上限扩展4%
285,节能,1.1380900043351796,1809.4782730254665,8.808714920914289,4.505796869465558,8,工况1,3,电压上限扩展4%
286,节能,1.1380900043351796,1809.4782730254665,8.845911162710207,4.341276890262326,6,工况1,3,电压上限扩展4%
287,节能,1.138090000421029,1809.478314686003,8.870563547073454,4.235562473802822,4,工况1,3,电压上限扩展4%
288,节能,1.1380899983788761,1809.4780342982801,8.934606017835618,3.972810044398213,9,工况1,3,电压上限扩展4%
289,节能,1.1380899983788761,1809.4780342982801,8.866017046703146,4.254863302524158,7,工况1,3,电压上限扩展4%
290,节能,1.1380899983788761,1809.4780342982801,8.865889869694652,4.255404457721045,5,工况1,3,电压上限扩展4%
291,节能,1.1380899980707873,1809.4782397481003,8.779754183261462,4.638196005100078,4,工况1,3,电压上限扩展4%
292,节能,1.13808999774745,1809.4782281547084,8.86610599108729,4.2544848731579314,7,工况1,3,电压上限扩展4%
293,节能,1.1380899976521808,1809.4782082894694,8.737436767606763,4.838684635604734,1,工况1,3,电压上限扩展4%
294,节能,1.138089997581448,1809.4782182388037,8.91412954982501,4.05499774746329,4,工况1,3,电压上限扩展4%
295,节能,1.1380899975601013,1809.4782168513982,8.779239122618472,4.640585572650049,3,工况1,3,电压上限扩展4%
296,节能,1.1380899974857084,1809.4782222767885,8.87156264814445,4.231332832070607,1,工况1,3,电压上限扩展4%
297,节能,1.1380899974857084,1809.4782222767885,8.797606865934434,4.556126523593297,5,工况1,3,电压上限扩展4%
298,节能,1.1380899974251373,1809.478206276511,8.790542695160932,4.588425728654339,4,工况1,3,电压上限扩展4%
299,节能,1.1380899974251373,1809.478206276511,8.823828899278606,4.4382084049724995,5,工况1,3,电压上限扩展4%
300,节能,1.138089997403558,1809.4782062600088,8.866786043131116,4.251592585589015,3,工况1,3,电压上限扩展4%
0,节能,10.031732657149936,2196.5397229923215,8.811717513546887,5.43434095159918,0,工况2,1,电压上限扩展4%
1,节能,1.268574640242412,2208.461973278835,8.9099033666769,4.926123645811187,1,工况2,1,电压上限扩展4%
2,节能,1.268574640242412,2208.461973278835,8.9099033666769,4.926123645811187,2,工况2,1,电压上限扩展4%
3,节能,1.2194798881087798,2122.992904502592,9.169999354665286,3.797930875725325,6,工况2,1,电压上限扩展4%
4,节能,1.2194767067735808,2122.9873661151855,9.169999354665286,3.797930875725325,16,工况2,1,电压上限扩展4%
5,节能,1.2145254108634471,2114.367653573958,9.250093172560778,3.505603170088425,35,工况2,1,电压上限扩展4%
6,节能,1.211777866614667,2109.584452963726,9.247279951651588,3.5154790912865006,66,工况2,1,电压上限扩展4%
7,节能,1.210917942519188,2108.087410846907,9.171796916900348,3.7911099909308574,91,工况2,1,电压上限扩展4%
8,节能,1.2090893041874113,2104.903933824351,9.141627658464413,3.9072277541648996,83,工况2,1,电压上限扩展4%
9,节能,1.2090893041874113,2104.903933824351,9.096447885888146,4.087803894851273,91,工况2,1,电压上限扩展4%
10,节能,1.2087588326654988,2104.328615852319,9.06706597556336,4.209693285116532,89,工况2,1,电压上限扩展4%
11,节能,1.2087588326654988,2104.328615852319,9.050524884077019,4.279905297664896,89,工况2,1,电压上限扩展4%
12,节能,1.2084363082267606,2103.767132959779,9.103223820741208,4.060198832639112,89,工况2,1,电压上限扩展4%
13,节能,1.2084363082267606,2103.767132959779,9.048763755790354,4.287449401065928,90,工况2,1,电压上限扩展4%
14,节能,1.2084363082267606,2103.767132959779,9.07416732656377,4.1799046703838885,94,工况2,1,电压上限扩展4%
15,节能,1.2084363082267606,2103.767132959779,8.995406370323394,4.5224297123098225,92,工况2,1,电压上限扩展4%
16,节能,1.2084363082267606,2103.767132959779,9.075550083134504,4.1741288739164215,88,工况2,1,电压上限扩展4%
17,节能,1.20829267098589,2103.5170748438854,8.921206608977721,4.870755983186872,83,工况2,1,电压上限扩展4%
18,节能,1.2069824565677396,2101.236122168705,9.001161885644576,4.496475560217965,88,工况2,1,电压上限扩展4%
19,节能,1.2069824565677396,2101.236122168705,9.08091608993524,4.151790457639723,80,工况2,1,电压上限扩展4%
20,节能,1.2067043656263616,2100.751993565102,8.959371047396246,4.688368805595182,80,工况2,1,电压上限扩展4%
21,节能,1.2064178660921296,2100.2532264396673,9.024999018710016,4.39055985251263,90,工况2,1,电压上限扩展4%
22,节能,1.2062516553127698,2099.9638700438186,8.95304912722976,4.718102185894839,92,工况2,1,电压上限扩展4%
23,节能,1.2062516553127698,2099.9638700438186,9.04140205211038,4.319128797191876,94,工况2,1,电压上限扩展4%
24,节能,1.2062516553127698,2099.9638700438186,9.040493995211675,4.323052593137932,96,工况2,1,电压上限扩展4%
25,节能,1.2062516553127698,2099.9638700438186,8.990233671868532,4.545883484845734,98,工况2,1,电压上限扩展4%
26,节能,1.2062516553127698,2099.9638700438186,8.98273364849467,4.580105891242499,88,工况2,1,电压上限扩展4%
27,节能,1.2062501246181065,2099.958100876283,9.006204285187344,4.47385960117885,92,工况2,1,电压上限扩展4%
28,节能,1.2062494254275236,2099.9599426523523,8.95857427956504,4.69210583561526,82,工况2,1,电压上限扩展4%
29,节能,1.206248670321191,2099.958615079011,8.99523226265284,4.523217170561551,63,工况2,1,电压上限扩展4%
30,节能,1.2062479945054347,2099.95484908303,9.033530413098662,4.35326158417081,45,工况2,1,电压上限扩展4%
31,节能,1.2062473115066565,2099.9547639511084,9.039952192873363,4.325395467771703,33,工况2,1,电压上限扩展4%
32,节能,1.2062473115066565,2099.9547639511084,8.965590522859847,4.65930010059583,23,工况2,1,电压上限扩展4%
33,节能,1.2062473115066565,2099.9547639511084,9.109276331223787,4.035698655226149,20,工况2,1,电压上限扩展4%
34,节能,1.2062473115066565,2099.9547639511084,9.05634938306243,4.255049450298944,15,工况2,1,电压上限扩展4%
35,节能,1.2062473115066565,2099.9547639511084,8.954417981384568,4.711648210398221,9,工况2,1,电压上限扩展4%
36,节能,1.2062473115066565,2099.9547639511084,8.996186154422698,4.518904568134256,9,工况2,1,电压上限扩展4%
37,节能,1.2053536009651327,2098.400446959533,9.015438169978243,4.432738642329023,7,工况2,1,电压上限扩展4%
38,节能,1.2051217223827646,2097.9967694656493,9.067255726547558,4.208894567453637,14,工况2,1,电压上限扩展4%
39,节能,1.2047485232210868,2097.3445342810214,9.036404623041916,4.340767360552196,23,工况2,1,电压上限扩展4%
40,节能,1.2047485232210868,2097.3445342810214,9.070150182780557,4.196729720140862,47,工况2,1,电压上限扩展4%
41,节能,1.2047485232210868,2097.3445342810214,9.039090565821128,4.3291239515689295,70,工况2,1,电压上限扩展4%
42,节能,1.2038412401400664,2095.7675775436687,8.989710058361775,4.548264394122276,84,工况2,1,电压上限扩展4%
43,节能,1.202976027307744,2094.2613282632856,8.932388886277383,4.8165932349486145,85,工况2,1,电压上限扩展4%
44,节能,1.2027959903898486,2093.9479019386968,9.070419550039585,4.195599410800265,89,工况2,1,电压上限扩展4%
45,节能,1.2027483231690912,2093.864918059723,8.952927600793757,4.718675594879656,87,工况2,1,电压上限扩展4%
46,节能,1.2027286149407521,2093.830607999072,9.010117805921709,4.456385274239939,93,工况2,1,电压上限扩展4%
47,节能,1.2027286149407521,2093.830607999072,8.930420313340045,4.826084388990524,95,工况2,1,电压上限扩展4%
48,节能,1.2027286149407521,2093.830607999072,8.96584308212673,4.658123499765211,96,工况2,1,电压上限扩展4%
49,节能,1.2017865542996395,2092.1905743452207,9.028626229572604,4.37466321378198,98,工况2,1,电压上限扩展4%
50,节能,1.2017865542996395,2092.1905743452207,8.96456766960097,4.664068319065985,93,工况2,1,电压上限扩展4%
51,节能,1.2014048034896267,2091.52598424509,9.00453473262844,4.481335183626626,96,工况2,1,电压上限扩展4%
52,节能,1.2012620991839718,2091.2775502763943,9.058588082116005,4.245534329841199,90,工况2,1,电压上限扩展4%
53,节能,1.2012599116038067,2091.2641732896595,8.90618221811412,4.944488631965215,84,工况2,1,电压上限扩展4%
54,节能,1.2012599116038067,2091.2641732896595,8.95896051150689,4.690293944394663,75,工况2,1,电压上限扩展4%
55,节能,1.2007631923000783,2090.4090031319593,8.994013508600178,4.528733220490568,67,工况2,1,电压上限扩展4%
56,节能,1.2007631923000783,2090.4090031319593,9.012335612547696,4.446512825088956,66,工况2,1,电压上限扩展4%
57,节能,1.2007352984299997,2090.360442685138,8.989954279704689,4.54715374651146,61,工况2,1,电压上限扩展4%
58,节能,1.200726524354155,2090.342779152113,9.038734338916372,4.330666376704858,36,工况2,1,电压上限扩展4%
59,节能,1.200726524354155,2090.342779152113,8.961991853875814,4.676097585521283,18,工况2,1,电压上限扩展4%
60,节能,1.200726524354155,2090.342779152113,9.068096646076212,4.2053567135515175,19,工况2,1,电压上限扩展4%
61,节能,1.200726524354155,2090.342779152113,9.038823367005548,4.330280842914404,25,工况2,1,电压上限扩展4%
62,节能,1.200726524354155,2090.342779152113,8.92765959745905,4.839426244869135,24,工况2,1,电压上限扩展4%
63,节能,1.200726524354155,2090.342779152113,8.962806266286247,4.672290863946293,18,工况2,1,电压上限扩展4%
64,节能,1.2006301587285078,2090.1774049471437,9.070078122785917,4.197032147358321,25,工况2,1,电压上限扩展4%
65,节能,1.2006301587285078,2090.1774049471437,9.038554246301985,4.331446367967905,18,工况2,1,电压上限扩展4%
66,节能,1.1998061062845873,2088.742811799327,9.001317572232217,4.495775573772247,19,工况2,1,电压上限扩展4%
67,节能,1.1998061062845873,2088.742811799327,9.016925968407314,4.4261485243397045,42,工况2,1,电压上限扩展4%
68,节能,1.1989249401953521,2087.2087894891797,9.07006803673194,4.197074479064585,67,工况2,1,电压上限扩展4%
69,节能,1.1982433491660516,2086.022207460983,9.006547339560115,4.472325087305402,81,工况2,1,电压上限扩展4%
70,节能,1.1982044345594844,2085.954231017272,8.948184897957502,4.741108024131646,90,工况2,1,电压上限扩展4%
71,节能,1.1976237945847765,2084.943624703838,9.016479392352291,4.428125577706138,86,工况2,1,电压上限扩展4%
72,节能,1.197617856968978,2084.9332879067056,8.985219675387846,4.5687337663843435,87,工况2,1,电压上限扩展4%
73,节能,1.1975970518517307,2084.8793178916003,9.019206390353288,4.416066538069168,83,工况2,1,电压上限扩展4%
74,节能,1.1975857648759405,2084.865196943622,9.03780838748073,4.3346782205532985,68,工况2,1,电压上限扩展4%
75,节能,1.1968186295846202,2083.5419127125588,8.955273098134944,4.70762092323739,58,工况2,1,电压上限扩展4%
76,节能,1.1968186295846202,2083.5419127125588,9.059770882795362,4.240515677569384,58,工况2,1,电压上限扩展4%
77,节能,1.1961286404485507,2082.340710417758,9.096574653329725,4.087285727253932,63,工况2,1,电压上限扩展4%
78,节能,1.1951292151393997,2080.6008105960414,8.947129814842475,4.746112926984383,64,工况2,1,电压上限扩展4%
79,节能,1.195077378521164,2080.510568211742,8.949694340923376,4.733956990370729,78,工况2,1,电压上限扩展4%
80,节能,1.194679084275703,2079.817177639857,9.038748416666841,4.330605411093372,84,工况2,1,电压上限扩展4%
81,节能,1.1943786060266606,2079.2940749655986,8.998194539088411,4.509837977142545,81,工况2,1,电压上限扩展4%
82,节能,1.1942990764738315,2079.155621943125,9.027963654670392,4.377562716295781,88,工况2,1,电压上限扩展4%
83,节能,1.1941959479105866,2078.9760853963107,9.04011042766271,4.324711093878328,94,工况2,1,电压上限扩展4%
84,节能,1.1939996811966496,2078.6344046149043,8.953985080353773,4.713688329318177,92,工况2,1,电压上限扩展4%
85,节能,1.1935364675704847,2077.827995873599,9.071019698466532,4.193082183844226,94,工况2,1,电压上限扩展4%
86,节能,1.1935364675704847,2077.827995873599,9.070437519103267,4.195524020484616,95,工况2,1,电压上限扩展4%
87,节能,1.1933038693483744,2077.423065558671,8.958636429650364,4.691814229898983,89,工况2,1,电压上限扩展4%
88,节能,1.1932256225179747,2077.286845628061,9.06178947424497,4.231964442509356,82,工况2,1,电压上限扩展4%
89,节能,1.1924194133445678,2075.8747626436784,9.047234174898948,4.294012419797108,78,工况2,1,电压上限扩展4%
90,节能,1.1924194133445678,2075.8747626436784,9.039061378398625,4.329250309382796,76,工况2,1,电压上限扩展4%
91,节能,1.1924194133445678,2075.8747626436784,8.957948574625307,4.695042628101321,74,工况2,1,电压上限扩展4%
92,节能,1.1924194133445678,2075.8747626436784,9.069454155023779,4.199651777312257,77,工况2,1,电压上限扩展4%
93,节能,1.1924194133445678,2075.8747626436784,8.916628821945716,4.893104380837253,72,工况2,1,电压上限扩展4%
94,节能,1.1924194133445678,2075.8747626436784,8.95235760514414,4.721365986123501,59,工况2,1,电压上限扩展4%
95,节能,1.192419410291018,2075.877910537489,9.085624705846742,4.132287223682466,52,工况2,1,电压上限扩展4%
96,节能,1.1924188444079182,2075.8778447539803,9.035521974233912,4.3446004250648675,43,工况2,1,电压上限扩展4%
97,节能,1.1924188444079182,2075.8778447539803,9.036038797429658,4.342355614923891,32,工况2,1,电压上限扩展4%
98,节能,1.1924188444079182,2075.8778447539803,9.016443972485538,4.4282824241017895,25,工况2,1,电压上限扩展4%
99,节能,1.192418828563466,2075.8775310703622,8.971163554461404,4.633405895525602,11,工况2,1,电压上限扩展4%
100,节能,1.192418777270211,2075.8789820302554,9.068782083832726,4.20247519094545,9,工况2,1,电压上限扩展4%
101,节能,1.192418777270211,2075.8789820302554,8.997352843611656,4.513635485317335,4,工况2,1,电压上限扩展4%
102,节能,1.192418777270211,2075.8789820302554,8.976350518688903,4.6094348072271245,9,工况2,1,电压上限扩展4%
103,节能,1.1924187689909556,2075.8786508916455,8.928408150616624,4.835805032576727,3,工况2,1,电压上限扩展4%
104,节能,1.1924187689909556,2075.8786508916455,9.028378348971817,4.375747742338894,5,工况2,1,电压上限扩展4%
105,节能,1.1924187689909556,2075.8786508916455,8.998942776981387,4.506464807600874,3,工况2,1,电压上限扩展4%
106,节能,1.1924187686167314,2075.878741473699,8.894979651492568,5.000191017575917,0,工况2,1,电压上限扩展4%
107,节能,1.1921240585585953,2075.3691325993987,9.068730193660306,4.202693263765569,11,工况2,1,电压上限扩展4%
108,节能,1.1919365675865874,2075.0427295097597,8.974979603177092,4.615758286392508,11,工况2,1,电压上限扩展4%
109,节能,1.1917311388011016,2074.6850984752346,8.976160778105687,4.610309487054253,14,工况2,1,电压上限扩展4%
110,节能,1.1917007849136978,2074.632255383511,9.029622133348994,4.37030863889564,45,工况2,1,电压上限扩展4%
111,节能,1.1916715760262273,2074.5814056225163,9.054611294239669,4.262451535065762,70,工况2,1,电压上限扩展4%
112,节能,1.191670401416086,2074.5793607433675,8.969196397288394,4.642529504012248,92,工况2,1,电压上限扩展4%
113,节能,1.191670401416086,2074.5793607433675,9.069420652448006,4.199792478821065,92,工况2,1,电压上限扩展4%
114,节能,1.191670401416086,2074.5793607433675,8.986063525230133,4.5648800673164835,93,工况2,1,电压上限扩展4%
115,节能,1.191670401416086,2074.5793607433675,9.015141798359062,4.434052574954406,96,工况2,1,电压上限扩展4%
116,节能,1.1916568349408485,2074.5557428625407,9.028383064254347,4.375727109500651,97,工况2,1,电压上限扩展4%
117,节能,1.1914224895158518,2074.1477708415814,9.054443368478479,4.263167370586253,98,工况2,1,电压上限扩展4%
118,节能,1.191331212751785,2073.988867095526,8.91630589489586,4.894684751758121,99,工况2,1,电压上限扩展4%
119,节能,1.1913199765352778,2073.9693059628244,9.039302705669293,4.328205669276736,90,工况2,1,电压上限扩展4%
120,节能,1.190759297188479,2072.528727379743,9.007954619080934,4.466035702298927,92,工况2,1,电压上限扩展4%
121,节能,1.1905462180575748,2072.6222695959436,9.045713814685666,4.300545830746045,92,工况2,1,电压上限扩展4%
122,节能,1.1905462180575748,2072.6222695959436,9.072110744443044,4.1885098331743285,90,工况2,1,电压上限扩展4%
123,节能,1.1905462180575748,2072.6222695959436,9.032780804691313,4.356526049035984,92,工况2,1,电压上限扩展4%
124,节能,1.1905408899055328,2072.612993814449,8.989454693482001,4.549426009424023,92,工况2,1,电压上限扩展4%
125,节能,1.1905408899055328,2072.612993814449,8.975755680818756,4.612177489255138,88,工况2,1,电压上限扩展4%
126,节能,1.1905366703011646,2072.6056479039335,9.034833372109953,4.347593156427655,96,工况2,1,电压上限扩展4%
127,节能,1.190536281291442,2072.6049706767903,9.069052029689773,4.201340903283326,96,工况2,1,电压上限扩展4%
128,节能,1.1905328092937284,2072.598926274925,8.898303450099629,4.983598979208896,98,工况2,1,电压上限扩展4%
129,节能,1.1905312018817868,2072.5961279309918,8.998944623939071,4.5064564843587585,96,工况2,1,电压上限扩展4%
130,节能,1.1905312018817868,2072.5961279309918,8.961644706573544,4.677721161977034,97,工况2,1,电压上限扩展4%
131,节能,1.1905312017795937,2072.5961277530837,8.993183796720322,4.532492323514872,95,工况2,1,电压上限扩展4%
132,节能,1.1905304913988164,2072.5948910509746,8.980972983319225,4.588177027384219,97,工况2,1,电压上限扩展4%
133,节能,1.190529814939795,2072.59371340326,9.038317829308033,4.3324705165559765,92,工况2,1,电压上限扩展4%
134,节能,1.1905290191932867,2072.592328087924,9.037504238522505,4.335996808931798,93,工况2,1,电压上限扩展4%
135,节能,1.1905290191932867,2072.592328087924,9.033341597663128,4.354083624757352,93,工况2,1,电压上限扩展4%
136,节能,1.1905288699727994,2072.592068309933,8.956401811758797,4.702310364978927,96,工况2,1,电压上限扩展4%
137,节能,1.1905288699727994,2072.592068309933,9.006458225951416,4.472723650091625,98,工况2,1,电压上限扩展4%
138,节能,1.190528752327138,2072.5918635005655,9.006282430509348,4.473510003639602,95,工况2,1,电压上限扩展4%
139,节能,1.189947099506324,2071.5792639296233,9.035222131012484,4.345903319374393,98,工况2,1,电压上限扩展4%
140,节能,1.189682211828556,2071.1181208916155,8.953186259417466,4.717455226580752,95,工况2,1,电压上限扩展4%
141,节能,1.189393041435115,2070.614704066579,9.003402768605692,4.486410765974705,94,工况2,1,电压上限扩展4%
142,节能,1.1893675774753365,2070.570373851331,9.069229569964335,4.200595062276197,91,工况2,1,电压上限扩展4%
143,节能,1.1893346326645167,2070.5130202202527,9.071732662096549,4.190093734204015,91,工况2,1,电压上限扩展4%
144,节能,1.189324493218894,2070.4953684563143,9.041732813588363,4.317700432004431,95,工况2,1,电压上限扩展4%
145,节能,1.189324493218894,2070.4953684563143,9.017931821146718,4.421698709026122,97,工况2,1,电压上限扩展4%
146,节能,1.189324493218894,2070.4953684563143,9.050112892183726,4.281668947231309,100,工况2,1,电压上限扩展4%
147,节能,1.189324493218894,2070.4953684563143,9.068136418691243,4.205189458843983,98,工况2,1,电压上限扩展4%
148,节能,1.189324493218894,2070.4953684563143,8.953351687012292,4.7166748938549805,95,工况2,1,电压上限扩展4%
149,节能,1.1893238865946427,2070.4942460810503,9.033064686015988,4.355289488176774,94,工况2,1,电压上限扩展4%
150,节能,1.1893238865946427,2070.4942460810503,9.009586702150168,4.458752705886819,92,工况2,1,电压上限扩展4%
151,节能,1.1893233154418965,2070.4930356266036,9.015399065872744,4.432911983997704,95,工况2,1,电压上限扩展4%
152,节能,1.18932328145089,2070.4928972035846,9.069256568447692,4.200481654111252,81,工况2,1,电压上限扩展4%
153,节能,1.189323129253293,2070.492654554891,9.068708114653928,4.2027860560813215,53,工况2,1,电压上限扩展4%
154,节能,1.1893230509191448,2070.4924471592094,8.971792747191312,4.630491507173551,23,工况2,1,电压上限扩展4%
155,节能,1.189322877301421,2070.491736538613,8.952889886183515,4.718853561246521,3,工况2,1,电压上限扩展4%
156,节能,1.189322877301421,2070.491736538613,9.039288346632745,4.32826781858633,2,工况2,1,电压上限扩展4%
157,节能,1.1893227998883056,2070.491482475605,9.011684989809785,4.449406768768067,9,工况2,1,电压上限扩展4%
158,节能,1.1893227998883056,2070.491482475605,8.959826271102443,4.68623503467988,8,工况2,1,电压上限扩展4%
159,节能,1.1893227998883056,2070.491482475605,8.953079710085415,4.717957895063143,2,工况2,1,电压上限扩展4%
160,节能,1.1893227998883056,2070.491482475605,8.996343909694202,4.518191743344623,5,工况2,1,电压上限扩展4%
161,节能,1.1893227991001871,2070.4914790950024,9.055546335750554,4.258467828697996,8,工况2,1,电压上限扩展4%
162,节能,1.1893227991001871,2070.4914790950024,9.071544449893873,4.190882435194397,11,工况2,1,电压上限扩展4%
163,节能,1.1893227991001871,2070.4914790950024,9.017733674190694,4.422574941974348,4,工况2,1,电压上限扩展4%
164,节能,1.1893227991001871,2070.4914790950024,8.916360651905702,4.894416740794803,1,工况2,1,电压上限扩展4%
165,节能,1.1893227989460944,2070.4914789988616,8.987278223768765,4.55933848052975,2,工况2,1,电压上限扩展4%
166,节能,1.189322798619965,2070.491477835368,9.06755554267856,4.207632862117881,9,工况2,1,电压上限扩展4%
167,节能,1.189322798429789,2070.49147673051,9.06306788995304,4.226557689465445,10,工况2,1,电压上限扩展4%
168,节能,1.1893227984253862,2070.491476652798,8.986287056006127,4.563859790168637,6,工况2,1,电压上限扩展4%
169,节能,1.1893227984033246,2070.4914765591793,9.004666847754851,4.480743170570147,9,工况2,1,电压上限扩展4%
170,节能,1.189322798316241,2070.4914763017823,9.013428580101829,4.44165558572814,3,工况2,1,电压上限扩展4%
171,节能,1.1893227981900707,2070.4914756565477,8.961240761905453,4.679611084185536,3,工况2,1,电压上限扩展4%
172,节能,1.1893227981475964,2070.491475504909,9.011344995435053,4.450919799236692,6,工况2,1,电压上限扩展4%
173,节能,1.1893227981475964,2070.491475504909,8.98133938668366,4.586496211831804,6,工况2,1,电压上限扩展4%
174,节能,1.1893227981475964,2070.491475504909,8.978321622054965,4.600358083282295,4,工况2,1,电压上限扩展4%
175,节能,1.1893227981402317,2070.491475497172,8.952504625473992,4.720671900362479,8,工况2,1,电压上限扩展4%
176,节能,1.1893227981370273,2070.4914754627002,9.01083255236176,4.453201226758532,6,工况2,1,电压上限扩展4%
177,节能,1.1893227981315908,2070.491475453022,9.109472940705333,4.034905276601308,2,工况2,1,电压上限扩展4%
178,节能,1.1893227981264791,2070.4914754245024,8.96974858298427,4.639966673271808,5,工况2,1,电压上限扩展4%
179,节能,1.1893227981263286,2070.4914754257093,9.01649241578807,4.428067908672581,2,工况2,1,电压上限扩展4%
180,节能,1.1893227981248389,2070.4914754159586,8.959514272767956,4.6876973603154335,1,工况2,1,电压上限扩展4%
181,节能,1.1893227981245214,2070.491475418372,9.033314796896791,4.354200319098932,4,工况2,1,电压上限扩展4%
182,节能,1.1893227981229297,2070.491475410291,9.091206034993885,4.109287811905197,6,工况2,1,电压上限扩展4%
183,节能,1.1893227981229297,2070.491475410291,8.987128895980533,4.560019367297243,1,工况2,1,电压上限扩展4%
184,节能,1.189322798121966,2070.491475408236,9.082468754657723,4.145349120973153,6,工况2,1,电压上限扩展4%
185,节能,1.1893227981216854,2070.4914754064307,8.901070572041077,4.96982781515836,1,工况2,1,电压上限扩展4%
186,节能,1.1893227981209675,2070.491475403516,8.988079156658763,4.555688218386699,5,工况2,1,电压上限扩展4%
187,节能,1.1893227981204535,2070.4914754019355,9.058244239695961,4.246994375638006,5,工况2,1,电压上限扩展4%
188,节能,1.1893227981203462,2070.49147540154,9.097461495444088,4.083662556965032,11,工况2,1,电压上限扩展4%
189,节能,1.1893227981201844,2070.4914754002507,9.038228415152298,4.332857918068791,4,工况2,1,电压上限扩展4%
190,节能,1.1893227981199983,2070.4914754001734,8.998573380776541,4.50812978609751,7,工况2,1,电压上限扩展4%
191,节能,1.1893227981199983,2070.4914754001734,9.037788296357684,4.334765309981653,7,工况2,1,电压上限扩展4%
192,节能,1.1893227981199057,2070.491475399365,8.955366198342412,4.707182663154121,4,工况2,1,电压上限扩展4%
193,节能,1.1893227981199035,2070.491475399628,9.002152605613533,4.4920230180659315,4,工况2,1,电压上限扩展4%
194,节能,1.189322798119854,2070.4914753992507,9.01646383038314,4.428194488595969,7,工况2,1,电压上限扩展4%
195,节能,1.1888945162222357,2068.7691133727926,8.93941726854458,4.782859063660491,3,工况2,1,电压上限扩展4%
196,节能,1.188405988327758,2068.896343014692,8.959451066432408,4.687993661851708,5,工况2,1,电压上限扩展4%
197,节能,1.1883975116700243,2068.8755358076733,8.986183315450964,4.56433327207617,17,工况2,1,电压上限扩展4%
198,节能,1.1883975116700243,2068.8755358076733,9.018652980723774,4.4185111081778405,35,工况2,1,电压上限扩展4%
199,节能,1.1883972962711342,2068.877729230485,8.9725876856864,4.626812013902502,55,工况2,1,电压上限扩展4%
200,节能,1.1883972962711342,2068.877729230485,9.123355314219381,3.9792782255765626,67,工况2,1,电压上限扩展4%
201,节能,1.1883972962711342,2068.877729230485,9.070350295926385,4.1958899833783585,66,工况2,1,电压上限扩展4%
202,节能,1.1883972962711342,2068.877729230485,8.952927495138221,4.718676093433881,34,工况2,1,电压上限扩展4%
203,节能,1.1883972962711342,2068.877729230485,8.955786622641222,4.705204065138082,5,工况2,1,电压上限扩展4%
204,节能,1.1883972960747617,2068.877784680162,9.104595369290125,4.0546338899887715,6,工况2,1,电压上限扩展4%
205,节能,1.1883972960661362,2068.8778000257735,9.04278917046431,4.313141807655799,2,工况2,1,电压上限扩展4%
206,节能,1.1883972960661362,2068.8778000257735,9.035966245610707,4.342670672151134,5,工况2,1,电压上限扩展4%
207,节能,1.1883972960661027,2068.877799093974,9.040492656111047,4.323058382144249,9,工况2,1,电压上限扩展4%
208,节能,1.1883972960660993,2068.8777990701515,8.96661906969557,4.654510255932731,3,工况2,1,电压上限扩展4%
209,节能,1.1883972960660982,2068.877799151893,9.036523508950939,4.3402513351533605,6,工况2,1,电压上限扩展4%
210,节能,1.188397296066097,2068.8777990894673,8.976437214258143,4.609035206974676,3,工况2,1,电压上限扩展4%
211,节能,1.188397296066097,2068.8777990894673,8.981169298064955,4.587276388984913,5,工况2,1,电压上限扩展4%
212,节能,1.188397296066097,2068.8777990894673,9.038183185851972,4.333053894632747,9,工况2,1,电压上限扩展4%
213,节能,1.1883972960660967,2068.8777990563244,9.018467672426498,4.419329970816468,6,工况2,1,电压上限扩展4%
214,节能,1.1883972960660967,2068.8777990563244,9.069632836996929,4.198901442283812,8,工况2,1,电压上限扩展4%
215,节能,1.1883972960660962,2068.8777990628937,8.946062325008604,4.751182059426642,2,工况2,1,电压上限扩展4%
216,节能,1.1883972960660962,2068.8777990628937,9.05001000723857,4.282109489168304,3,工况2,1,电压上限扩展4%
217,节能,1.1883972960660962,2068.8777990628937,8.976558494320056,4.608476256794855,5,工况2,1,电压上限扩展4%
218,节能,1.1883972960660962,2068.8777990628937,9.000142131366662,4.5010631991406855,7,工况2,1,电压上限扩展4%
219,节能,1.1883972960660962,2068.8777990628937,9.017101878149457,4.42536999017198,4,工况2,1,电压上限扩展4%
220,节能,1.1883972960660962,2068.8777990628937,9.037083065732572,4.337823397432642,3,工况2,1,电压上限扩展4%
221,节能,1.1883972960660962,2068.8777990628937,8.953045248265864,4.718120487278367,4,工况2,1,电压上限扩展4%
222,节能,1.1883972960660962,2068.8777990628937,9.007189256081821,4.46945514917032,6,工况2,1,电压上限扩展4%
223,节能,1.1883972960660962,2068.8777990628937,9.038209730255279,4.332938877829152,6,工况2,1,电压上限扩展4%
224,节能,1.1879724100983213,2067.731479126968,9.000312933371083,4.500294474175999,5,工况2,1,电压上限扩展4%
225,节能,1.1879724100983213,2067.731479126968,9.103789747011161,4.057901709520957,7,工况2,1,电压上限扩展4%
226,节能,1.1879724100983213,2067.731479126968,9.023841742444429,4.395643884469927,7,工况2,1,电压上限扩展4%
227,节能,1.1879724100983213,2067.731479126968,8.960831388200942,4.6815271860848435,14,工况2,1,电压上限扩展4%
228,节能,1.1879724100983213,2067.731479126968,8.952485939283521,4.720760112560931,17,工况2,1,电压上限扩展4%
229,节能,1.1879724100983213,2067.731479126968,9.072494411154214,4.186903149617141,23,工况2,1,电压上限扩展4%
230,节能,1.1879724100983213,2067.731479126968,8.952837560644458,4.719100484262978,18,工况2,1,电压上限扩展4%
231,节能,1.1879724100983213,2067.731479126968,9.046750717795183,4.296088892507413,27,工况2,1,电压上限扩展4%
232,节能,1.1879724100983213,2067.731479126968,8.98958660516248,4.5488259265737465,20,工况2,1,电压上限扩展4%
233,节能,1.1879724100983213,2067.731479126968,8.97765878116755,4.60340839954213,8,工况2,1,电压上限扩展4%
234,节能,1.1878644819155042,2067.9536343385034,9.061513741156794,4.233131496024378,6,工况2,1,电压上限扩展4%
235,节能,1.187642441104305,2067.56708342341,8.931984984291887,4.818539059454277,13,工况2,1,电压上限扩展4%
236,节能,1.1876311152997818,2067.547366326905,8.97009747189345,4.638348122724126,33,工况2,1,电压上限扩展4%
237,节能,1.1875948934425709,2067.4689948211108,9.011988467775089,4.4480566767270275,67,工况2,1,电压上限扩展4%
238,节能,1.187591791858888,2067.4741190216864,8.96766337184674,4.649652078004162,88,工况2,1,电压上限扩展4%
239,节能,1.1871794468893075,2066.7610566550725,8.952280966857272,4.721727837390011,92,工况2,1,电压上限扩展4%
240,节能,1.1871794468893075,2066.7610566550725,8.975422103712047,4.613716262713161,83,工况2,1,电压上限扩展4%
241,节能,1.1870022033040033,2066.3945765481694,9.00760222574032,4.467609780870478,76,工况2,1,电压上限扩展4%
242,节能,1.1870022033040033,2066.3945765481694,8.951716167756269,4.724395418280481,57,工况2,1,电压上限扩展4%
243,节能,1.186995074988982,2066.4027947162745,8.898145962681772,4.984383895149336,42,工况2,1,电压上限扩展4%
244,节能,1.186985336516149,2066.4223681786643,9.037090465055755,4.337791300594162,41,工况2,1,电压上限扩展4%
245,节能,1.1869847002327694,2066.4209721132474,8.997647474659205,4.512305824055406,48,工况2,1,电压上限扩展4%
246,节能,1.1869842345478052,2066.414120223439,8.980748735880754,4.589206029701116,51,工况2,1,电压上限扩展4%
247,节能,1.1869833059436825,2066.416026450173,9.038224573331519,4.332874564164352,42,工况2,1,电压上限扩展4%
248,节能,1.1869833059436825,2066.416026450173,9.03894557189697,4.329751693747134,38,工况2,1,电压上限扩展4%
249,节能,1.1869832689164461,2066.4163540460986,8.95274381354497,4.719542906983168,17,工况2,1,电压上限扩展4%
250,节能,1.1869832689164461,2066.4163540460986,9.038229284165915,4.332854152757897,7,工况2,1,电压上限扩展4%
251,节能,1.1869832689164461,2066.4163540460986,9.067129385077012,4.209426358975615,9,工况2,1,电压上限扩展4%
252,节能,1.1869832689164461,2066.4163540460986,9.085367408245865,4.13335058806594,3,工况2,1,电压上限扩展4%
253,节能,1.1869832689164461,2066.4163540460986,9.039585247403256,4.326982943285685,4,工况2,1,电压上限扩展4%
254,节能,1.1869832689164461,2066.4163540460986,8.9819658527623,4.583623827354937,7,工况2,1,电压上限扩展4%
255,节能,1.1869832689164461,2066.4163540460986,9.036649016177892,4.339706636426537,5,工况2,1,电压上限扩展4%
256,节能,1.1869832689164461,2066.4163540460986,8.994223126273914,4.52778401745626,4,工况2,1,电压上限扩展4%
257,节能,1.1869832689164461,2066.4163540460986,9.066664142554735,4.211385218749299,6,工况2,1,电压上限扩展4%
258,节能,1.1869832689164461,2066.4163540460986,9.09957831331055,4.07502732992976,6,工况2,1,电压上限扩展4%
259,节能,1.1869832689164461,2066.4163540460986,8.952128683090997,4.72244693464044,2,工况2,1,电压上限扩展4%
260,节能,1.1869832689164461,2066.4163540460986,9.036989242983907,4.3382304030399075,5,工况2,1,电压上限扩展4%
261,节能,1.1869832689164461,2066.4163540460986,9.052590094191725,4.271075514770966,4,工况2,1,电压上限扩展4%
262,节能,1.1869832689164461,2066.4163540460986,8.998111695508973,4.510211603739328,4,工况2,1,电压上限扩展4%
263,节能,1.1869832686852246,2066.416356246554,9.067415344173535,4.208222807308598,6,工况2,1,电压上限扩展4%
264,节能,1.1869832682308297,2066.4163628978704,8.976432224195326,4.609058206407266,5,工况2,1,电压上限扩展4%
265,节能,1.1869832681208443,2066.416363160433,9.01831997409463,4.4199827466868955,6,工况2,1,电压上限扩展4%
266,节能,1.1869832680176315,2066.416362469701,9.113782899921715,4.017552421328298,5,工况2,1,电压上限扩展4%
267,节能,1.1869832680176315,2066.416362469701,8.944830352654174,4.75703899142309,5,工况2,1,电压上限扩展4%
268,节能,1.1869832680176315,2066.416362469701,8.949391060597355,4.735392924124358,5,工况2,1,电压上限扩展4%
269,节能,1.1869832680176315,2066.416362469701,9.003597908892562,4.485535371905919,4,工况2,1,电压上限扩展4%
270,节能,1.1869832679492325,2066.4163633831827,8.993073678707116,4.532991460045865,6,工况2,1,电压上限扩展4%
271,节能,1.1869832679492325,2066.4163633831827,9.001061891108574,4.496925205685926,6,工况2,1,电压上限扩展4%
272,节能,1.186983267924451,2066.416363613517,8.92535896580809,4.850572799201941,1,工况2,1,电压上限扩展4%
273,节能,1.1869832679048535,2066.416363556693,8.973513838373101,4.622528863256868,3,工况2,1,电压上限扩展4%
274,节能,1.1869832679048535,2066.416363556693,8.95581743879892,4.705059071061699,7,工况2,1,电压上限扩展4%
275,节能,1.1869832679048535,2066.416363556693,8.969625657919345,4.640537076534083,2,工况2,1,电压上限扩展4%
276,节能,1.1869832679048535,2066.416363556693,8.918783926501582,4.882570584087461,2,工况2,1,电压上限扩展4%
277,节能,1.1869832679048535,2066.416363556693,9.067041417970094,4.209796666321392,8,工况2,1,电压上限扩展4%
278,节能,1.1869832679045667,2066.4163636175635,9.038765080060262,4.33053324911289,11,工况2,1,电压上限扩展4%
279,节能,1.1869832679037282,2066.4163635674495,8.99999461440599,4.5017272312804115,2,工况2,1,电压上限扩展4%
280,节能,1.1869832679037282,2066.4163635674495,9.038208487138897,4.332944264179798,4,工况2,1,电压上限扩展4%
281,节能,1.1869832679037282,2066.4163635674495,9.01286308424265,4.444168033892334,6,工况2,1,电压上限扩展4%
282,节能,1.1869832679037282,2066.4163635674495,8.95156286518952,4.7251197357428865,2,工况2,1,电压上限扩展4%
283,节能,1.1869832679036596,2066.416363572369,8.986877106873763,4.561167675060213,4,工况2,1,电压上限扩展4%
284,节能,1.1864650948561895,2065.517440985462,8.960647847384026,4.6823865162676634,5,工况2,1,电压上限扩展4%
285,节能,1.1864650948561895,2065.517440985462,9.03966506166576,4.326637602114958,7,工况2,1,电压上限扩展4%
286,节能,1.1864650948561895,2065.517440985462,8.966570132535105,4.654738040021517,10,工况2,1,电压上限扩展4%
287,节能,1.1864650948561895,2065.517440985462,8.95431177221598,4.712148657212873,16,工况2,1,电压上限扩展4%
288,节能,1.1864650948561895,2065.517440985462,8.97034093481058,4.637218994415518,28,工况2,1,电压上限扩展4%
289,节能,1.1861763014530915,2065.0146804630276,9.02462142235639,4.392218024943547,60,工况2,1,电压上限扩展4%
290,节能,1.1861663717339284,2064.9973938119456,9.019510825597605,4.414722336395295,86,工况2,1,电压上限扩展4%
291,节能,1.1859037125236167,2064.540130313604,8.953572792015832,4.71563212872042,96,工况2,1,电压上限扩展4%
292,节能,1.1857306336424283,2064.237263303185,9.019587158355181,4.4143853613267074,87,工况2,1,电压上限扩展4%
293,节能,1.1857306336424283,2064.237263303185,9.026856161289619,4.382413523650709,86,工况2,1,电压上限扩展4%
294,节能,1.1857306336424283,2064.237263303185,9.037909288510082,4.33424086912391,82,工况2,1,电压上限扩展4%
295,节能,1.1857299244256267,2064.2356096618414,8.952529636750855,4.720553831807129,62,工况2,1,电压上限扩展4%
296,节能,1.1857299244256267,2064.2356096618414,9.028707743542153,4.374306632151372,62,工况2,1,电压上限扩展4%
297,节能,1.1857299244256267,2064.2356096618414,9.031235075573807,4.3632652653607815,50,工况2,1,电压上限扩展4%
298,节能,1.1857298153133027,2064.235116540265,9.066877475338583,4.2104868880418325,35,工况2,1,电压上限扩展4%
299,节能,1.1857298153133027,2064.235116540265,9.004818358932113,4.480064339323928,39,工况2,1,电压上限扩展4%
300,节能,1.1857298153133027,2064.235116540265,9.014919689738372,4.435037525634867,40,工况2,1,电压上限扩展4%
0,节能,1.2569471633796114,2188.219695306316,9.33207080209554,3.2296861476930654,2,工况2,2,电压上限扩展4%
1,节能,1.2569471633796114,2188.219695306316,9.33207080209554,3.2296861476930654,3,工况2,2,电压上限扩展4%
2,节能,1.2569471633796114,2188.219695306316,9.096568768039358,4.0873097821880355,5,工况2,2,电压上限扩展4%
3,节能,1.2569471633796114,2188.219695306316,8.967646916357007,4.649728590935723,8,工况2,2,电压上限扩展4%
4,节能,1.2569471633796114,2188.219695306316,9.039281701810669,4.328296579251435,10,工况2,2,电压上限扩展4%
5,节能,1.2345424098045084,2149.2152530593526,9.013420988491456,4.441689305174751,15,工况2,2,电压上限扩展4%
6,节能,1.2345424098045084,2149.2152530593526,9.134717420628323,3.9343211302501113,39,工况2,2,电压上限扩展4%
7,节能,1.230514333080576,2142.2027730774457,9.112701169026982,4.021900683304307,77,工况2,2,电压上限扩展4%
8,节能,1.2195081195808584,2123.042052680836,9.121230236864992,3.9877434911068588,88,工况2,2,电压上限扩展4%
9,节能,1.2161155631289833,2117.135950131966,9.216917994799518,3.6238528096334597,90,工况2,2,电压上限扩展4%
10,节能,1.2099375528955434,2106.3806502558214,9.18688889686253,3.7343242176168716,91,工况2,2,电压上限扩展4%
11,节能,1.2099375528955434,2106.3806502558214,9.119138509936478,3.996093491467022,97,工况2,2,电压上限扩展4%
12,节能,1.2099375528955434,2106.3806502558214,9.077403018738407,4.1664016431520325,91,工况2,2,电压上限扩展4%
13,节能,1.2096467708244782,2105.8744276607235,9.07021346829226,4.196464136356931,89,工况2,2,电压上限扩展4%
14,节能,1.2096467708244782,2105.8744276607235,9.060019589444023,4.239461164264293,94,工况2,2,电压上限扩展4%
15,节能,1.2092504677859433,2105.184503581576,9.137487540149142,3.9234376716861235,90,工况2,2,电压上限扩展4%
16,节能,1.2092301055895136,2105.1490550276785,9.155852717319078,3.852040659835565,95,工况2,2,电压上限扩展4%
17,节能,1.2084923880181688,2103.864762285532,8.992711676107009,4.534632711791444,90,工况2,2,电压上限扩展4%
18,节能,1.207871382159584,2102.7836529992815,9.07879865279093,4.16059092690227,95,工况2,2,电压上限扩展4%
19,节能,1.207102279643244,2101.4338503219515,9.033075577810873,4.355242051515341,90,工况2,2,电压上限扩展4%
20,节能,1.207102279643244,2101.4338503219515,9.059424526125255,4.241984662840742,90,工况2,2,电压上限扩展4%
21,节能,1.2064607670334322,2100.327912701302,9.011645567392275,4.449582178596893,88,工况2,2,电压上限扩展4%
22,节能,1.2060555985233388,2099.622554720048,8.953210038590061,4.717343050732437,87,工况2,2,电压上限扩展4%
23,节能,1.2056930290634302,2098.9912945149276,9.096727536950265,4.086660895978218,82,工况2,2,电压上限扩展4%
24,节能,1.204997552782832,2097.780602571728,9.048999363384034,4.286439364420341,78,工况2,2,电压上限扩展4%
25,节能,1.2045664072572684,2097.030021196418,8.995901482836675,4.520191154983425,78,工况2,2,电压上限扩展4%
26,节能,1.2042802036939833,2096.5317693268935,8.98389174477586,4.57480475784631,83,工况2,2,电压上限扩展4%
27,节能,1.2041793047717324,2096.3561143627576,9.11640025232889,4.007050820018242,92,工况2,2,电压上限扩展4%
28,节能,1.204106105779935,2096.2286822158903,9.056659825502418,4.25372870738326,95,工况2,2,电压上限扩展4%
29,节能,1.204106105779935,2096.2286822158903,9.04309438626493,4.31182556950435,94,工况2,2,电压上限扩展4%
30,节能,1.204106105779935,2096.2286822158903,9.079397976303255,4.158098134003921,92,工况2,2,电压上限扩展4%
31,节能,1.204106105779935,2096.2286822158903,9.02601276101655,4.386111211509539,85,工况2,2,电压上限扩展4%
32,节能,1.2041048386044222,2096.224007172348,9.058003635971746,4.248016341240941,81,工况2,2,电压上限扩展4%
33,节能,1.2036013845703672,2095.3500129101376,8.964095532330436,4.666270919475693,78,工况2,2,电压上限扩展4%
34,节能,1.2035659778329622,2095.288373310325,8.990825550824956,4.543193668174166,77,工况2,2,电压上限扩展4%
35,节能,1.2035359060854103,2095.2360213959546,8.92996377887005,4.828288165880984,81,工况2,2,电压上限扩展4%
36,节能,1.202346786962886,2093.1658835574026,8.964678333760995,4.663552202421494,77,工况2,2,电压上限扩展4%
37,节能,1.2015909248839312,2091.8500030364926,8.94041405527376,4.778093948514609,71,工况2,2,电压上限扩展4%
38,节能,1.2011786366884518,2091.112626076458,8.999837466946433,4.502434721867145,76,工况2,2,电压上限扩展4%
39,节能,1.2007465401560344,2090.3800134093776,9.030745740404367,4.365400886983491,77,工况2,2,电压上限扩展4%
40,节能,1.1995719762676567,2088.335214782335,9.019539253267833,4.414596837908389,71,工况2,2,电压上限扩展4%
41,节能,1.199339906779779,2087.931204940992,9.109016587362706,4.03674703932679,64,工况2,2,电压上限扩展4%
42,节能,1.198611711033846,2086.3720059279653,9.05670348162507,4.253543010134527,77,工况2,2,电压上限扩展4%
43,节能,1.1985120827748759,2086.399958544002,9.016267279045124,4.429064941689257,73,工况2,2,电压上限扩展4%
44,节能,1.1984947759135276,2086.4599163613907,8.977464503019634,4.60430282808124,70,工况2,2,电压上限扩展4%
45,节能,1.1984781659089931,2086.428028310913,8.972866807988883,4.625520747699013,74,工况2,2,电压上限扩展4%
46,节能,1.1984768119440794,2086.4226146899728,9.06613582690273,4.21361074731601,74,工况2,2,电压上限扩展4%
47,节能,1.1981027618588953,2085.777458975611,9.069647478857652,4.198839963003791,66,工况2,2,电压上限扩展4%
48,节能,1.1971089635532406,2082.5577850660543,9.001633339365565,4.494356179717933,60,工况2,2,电压上限扩展4%
49,节能,1.1965109723559428,2082.6110722753165,9.025366833790832,4.388945235344126,46,工况2,2,电压上限扩展4%
50,节能,1.1963159783662782,2082.666791241841,9.022176710826264,4.402968866991241,52,工况2,2,电压上限扩展4%
51,节能,1.1963159783662782,2082.666791241841,9.022472292849708,4.40166762086633,65,工况2,2,电压上限扩展4%
52,节能,1.1963156639472086,2082.664560135538,9.074625663099173,4.177989306333145,61,工况2,2,电压上限扩展4%
53,节能,1.1963156639472086,2082.664560135538,9.117948558485418,4.0008514790414385,70,工况2,2,电压上限扩展4%
54,节能,1.1963152153046257,2082.6637397655604,9.009197063728303,4.460490345758271,68,工况2,2,电压上限扩展4%
55,节能,1.1963147339563955,2082.663431733492,9.064778154587616,4.219335335152187,52,工况2,2,电压上限扩展4%
56,节能,1.1963147339563955,2082.663431733492,9.038133027235077,4.333271240073863,41,工况2,2,电压上限扩展4%
57,节能,1.1958481660543354,2081.852432460393,9.029815283670603,4.369464593892913,17,工况2,2,电压上限扩展4%
58,节能,1.1958481660543354,2081.852432460393,9.16498605696733,3.8170188406886227,12,工况2,2,电压上限扩展4%
59,节能,1.1958481660543354,2081.852432460393,9.065882248926018,4.214679361686777,13,工况2,2,电压上限扩展4%
60,节能,1.1957884309258984,2081.7484395573056,9.09212489992086,4.105513665690832,24,工况2,2,电压上限扩展4%
61,节能,1.1952824697858133,2080.8676116561414,8.905370628582594,4.948503156030164,42,工况2,2,电压上限扩展4%
62,节能,1.194849173918808,2080.113286750768,8.984864770090224,4.570355521969257,59,工况2,2,电压上限扩展4%
63,节能,1.194605494085939,2079.6890644563323,9.041763407689304,4.31756833786224,72,工况2,2,电压上限扩展4%
64,节能,1.193942409587711,2078.5347004536534,9.045616522151494,4.300964262103031,83,工况2,2,电压上限扩展4%
65,节能,1.1933166153009553,2077.445254991358,9.082053339473111,4.147071519674042,88,工况2,2,电压上限扩展4%
66,节能,1.1919107571152467,2074.997796052429,9.005777334626133,4.475770125867125,96,工况2,2,电压上限扩展4%
67,节能,1.1918092588190519,2074.8210976380133,8.980191391538765,4.591764510627193,93,工况2,2,电压上限扩展4%
68,节能,1.1914740122508134,2074.237466786394,9.194456448688685,3.7061711846874266,94,工况2,2,电压上限扩展4%
69,节能,1.1914443363366054,2074.1858039784115,8.975262749005916,4.614451538695666,97,工况2,2,电压上限扩展4%
70,节能,1.191430409388964,2074.161558551068,9.049408038566229,4.284687960934065,94,工况2,2,电压上限扩展4%
71,节能,1.191430409388964,2074.161558551068,9.042785126847459,4.313159248383956,95,工况2,2,电压上限扩展4%
72,节能,1.191430409388964,2074.161558551068,8.996237215250874,4.518673835015324,95,工况2,2,电压上限扩展4%
73,节能,1.191430409388964,2074.161558551068,9.070701775310129,4.194415473697801,96,工况2,2,电压上限扩展4%
74,节能,1.1912238516010063,2073.701301711345,9.089053512920664,4.11814267134677,93,工况2,2,电压上限扩展4%
75,节能,1.1912238516010063,2073.701301711345,8.963154482886841,4.670664177940634,93,工况2,2,电压上限扩展4%
76,节能,1.1912096790438478,2073.7772890267734,8.967131036182007,4.652127912562936,85,工况2,2,电压上限扩展4%
77,节能,1.1910820334461012,2073.555070767211,9.124298876703337,3.9755252987685963,82,工况2,2,电压上限扩展4%
78,节能,1.1909381946888107,2073.3046618313215,9.137913856976636,3.921765400669021,75,工况2,2,电压上限扩展4%
79,节能,1.1908193633189004,2073.097788263654,9.076905837291568,4.168473615779582,80,工况2,2,电压上限扩展4%
80,节能,1.1907979295137912,2073.0604741458833,9.017985229811163,4.421462558309796,83,工况2,2,电压上限扩展4%
81,节能,1.1907881175624233,2073.037233045831,9.076330365777517,4.170873143966372,86,工况2,2,电压上限扩展4%
82,节能,1.1907881175624233,2073.037233045831,9.05014582064455,4.2815279607843655,88,工况2,2,电压上限扩展4%
83,节能,1.190788113166802,2073.041517391921,8.933210609670907,4.812636953317573,88,工况2,2,电压上限扩展4%
84,节能,1.190788113166802,2073.041517391921,9.042189214223404,4.315730280408764,89,工况2,2,电压上限扩展4%
85,节能,1.1907877398238216,2073.0415383142295,9.066514737320551,4.212014468749598,72,工况2,2,电压上限扩展4%
86,节能,1.1907877398238216,2073.0415383142295,9.003667279773682,4.485224217157541,45,工况2,2,电压上限扩展4%
87,节能,1.1907876676758458,2073.0392113099356,9.016991581599243,4.42585812013435,17,工况2,2,电压上限扩展4%
88,节能,1.1907417895400525,2072.962740048693,9.033484372729305,4.353462014555962,8,工况2,2,电压上限扩展4%
89,节能,1.1895370165621453,2070.86535040859,9.051034296878763,4.277725614342443,8,工况2,2,电压上限扩展4%
90,节能,1.1892531938233077,2070.3712433170635,9.031581593477826,4.361753577754887,13,工况2,2,电压上限扩展4%
91,节能,1.1892278483373322,2070.327119352895,9.05674265960943,4.253376368157367,30,工况2,2,电压上限扩展4%
92,节能,1.1892263524191713,2070.324515108518,9.090077777579431,4.113926762820385,55,工况2,2,电压上限扩展4%
93,节能,1.1892255030074743,2070.323036367439,8.907096716777582,4.9399689706468815,86,工况2,2,电压上限扩展4%
94,节能,1.1892255030074743,2070.323036367439,9.103031360242436,4.06098033573338,95,工况2,2,电压上限扩展4%
95,节能,1.1892255030074743,2070.323036367439,9.023430842545816,4.397450425224683,94,工况2,2,电压上限扩展4%
96,节能,1.1892255030074743,2070.323036367439,9.042193131696616,4.315713373684118,95,工况2,2,电压上限扩展4%
97,节能,1.1892255030074743,2070.323036367439,9.11453832378029,4.014518612426238,93,工况2,2,电压上限扩展4%
98,节能,1.1892255030074743,2070.323036367439,9.065828865211836,4.214904362930836,99,工况2,2,电压上限扩展4%
99,节能,1.1892255030074743,2070.323036367439,9.155323357544434,3.8540803150192495,98,工况2,2,电压上限扩展4%
100,节能,1.1892255030074743,2070.323036367439,9.044992631292711,4.303648431617456,90,工况2,2,电压上限扩展4%
101,节能,1.1892255030074743,2070.323036367439,8.967864923344045,4.64871502810097,94,工况2,2,电压上限扩展4%
102,节能,1.189225500753713,2070.323032443865,9.054764194392256,4.261799855397886,93,工况2,2,电压上限扩展4%
103,节能,1.1892254989953428,2070.323029382718,8.937050323161724,4.794193238232578,97,工况2,2,电压上限扩展4%
104,节能,1.1892254986606412,2070.323028800036,9.026738868372663,4.382927579863193,94,工况2,2,电压上限扩展4%
105,节能,1.1892254982003756,2070.3230279987592,8.955396652142996,4.707039313734765,100,工况2,2,电压上限扩展4%
106,节能,1.1883495367910089,2068.7980665173627,8.953662733708821,4.715208015856249,96,工况2,2,电压上限扩展4%
107,节能,1.1881714273860229,2068.487995800578,9.054911208707916,4.2611733558619935,91,工况2,2,电压上限扩展4%
108,节能,1.1880464154658537,2068.0486661342584,8.97029173098156,4.637447168959532,91,工况2,2,电压上限扩展4%
109,节能,1.1879732828900063,2068.073989694522,9.086854703413088,4.127207645028989,89,工况2,2,电压上限扩展4%
110,节能,1.1879516036351527,2068.1053045664794,9.068545449950822,4.20346975663282,69,工况2,2,电压上限扩展4%
111,节能,1.187948454216377,2068.073751721903,9.045678614772584,4.300697212249784,50,工况2,2,电压上限扩展4%
112,节能,1.1879445791684509,2068.0773853072546,9.00390861842401,4.484141889807518,49,工况2,2,电压上限扩展4%
113,节能,1.187942403594789,2068.0872827234525,9.09257157734841,4.103680234914423,41,工况2,2,电压上限扩展4%
114,节能,1.1879422690025192,2068.085699408213,9.05682700954162,4.25301761127991,27,工况2,2,电压上限扩展4%
115,节能,1.1879421373374575,2068.0858403017214,8.937043141992087,4.794227666271113,24,工况2,2,电压上限扩展4%
116,节能,1.1879421349974295,2068.085510173593,8.962872301572387,4.671982338069069,23,工况2,2,电压上限扩展4%
117,节能,1.1879421349974295,2068.085510173593,8.992786389543737,4.534293926453312,30,工况2,2,电压上限扩展4%
118,节能,1.1879421349974295,2068.085510173593,9.109077440595165,4.036501397694949,14,工况2,2,电压上限扩展4%
119,节能,1.1879421336609144,2068.0853262017117,8.999356454075427,4.504600971874529,9,工况2,2,电压上限扩展4%
120,节能,1.187942131748501,2068.08550671292,9.053358462988276,4.2677950140962775,7,工况2,2,电压上限扩展4%
121,节能,1.187942131748501,2068.08550671292,8.90280264858771,4.961227143619882,1,工况2,2,电压上限扩展4%
122,节能,1.187942131748501,2068.08550671292,9.0164516346901,4.428248493825991,9,工况2,2,电压上限扩展4%
123,节能,1.187942131748501,2068.08550671292,8.951350354863386,4.726123979181217,2,工况2,2,电压上限扩展4%
124,节能,1.1877949026660373,2067.83250380215,9.080770263265624,4.152395943562029,5,工况2,2,电压上限扩展4%
125,节能,1.1877949026660373,2067.83250380215,8.940421377109935,4.778058964221562,6,工况2,2,电压上限扩展4%
126,节能,1.1877949026660373,2067.83250380215,8.965222981146406,4.661012902482027,5,工况2,2,电压上限扩展4%
127,节能,1.1877340539443406,2067.726572244221,9.011736095497744,4.449179384584502,11,工况2,2,电压上限扩展4%
128,节能,1.1875709328702249,2067.4425947171626,9.016669333978058,4.427284572208314,23,工况2,2,电压上限扩展4%
129,节能,1.1875338106699562,2067.3779686675343,9.004042806456896,4.483540211998025,37,工况2,2,电压上限扩展4%
130,节能,1.1875221932696962,2067.3524275974096,9.08688686149018,4.127074924101403,65,工况2,2,电压上限扩展4%
131,节能,1.1875221932696962,2067.3524275974096,9.108178359746095,4.040132170733537,85,工况2,2,电压上限扩展4%
132,节能,1.1875217639551658,2067.354890810471,9.013659057795808,4.44063200115253,78,工况2,2,电压上限扩展4%
133,节能,1.1875217639551658,2067.354890810471,8.927236419205867,4.841474618196799,71,工况2,2,电压上限扩展4%
134,节能,1.1875217636540727,2067.354910417765,8.938723043309297,4.786180597932337,46,工况2,2,电压上限扩展4%
135,节能,1.1875217597444978,2067.3548400546442,9.12200098096344,3.984671145493182,14,工况2,2,电压上限扩展4%
136,节能,1.1875217597444978,2067.3548400546442,8.975128237525102,4.615072277152569,2,工况2,2,电压上限扩展4%
137,节能,1.1875217597444978,2067.3548400546442,9.016757923537106,4.426892378392675,5,工况2,2,电压上限扩展4%
138,节能,1.1863167364163754,2065.259163732906,8.905731273743584,4.946718824087479,1,工况2,2,电压上限扩展4%
139,节能,1.1854751981700409,2063.7941295464,9.028336935600933,4.375928960555444,5,工况2,2,电压上限扩展4%
140,节能,1.1854751981700409,2063.7941295464,9.075286650861186,4.175228619022616,11,工况2,2,电压上限扩展4%
141,节能,1.1854731823278404,2063.7906201661062,9.081943465795907,4.147527198704642,22,工况2,2,电压上限扩展4%
142,节能,1.185468744722038,2063.78073018861,9.014703401693561,4.435996874974106,32,工况2,2,电压上限扩展4%
143,节能,1.1842007407189252,2061.5754261859,8.981353159011316,4.5864330455381515,52,工况2,2,电压上限扩展4%
144,节能,1.1837827057458608,2060.270321800172,9.085531724263983,4.13267146815249,52,工况2,2,电压上限扩展4%
145,节能,1.1835285687222532,2060.405241754443,9.088327272876079,4.1211345177318455,46,工况2,2,电压上限扩展4%
146,节能,1.183492263373467,2060.3420377618063,9.059781180757478,4.240472009124436,34,工况2,2,电压上限扩展4%
147,节能,1.1833365581004658,2060.070970405142,9.114104606720232,4.016260155277486,50,工况2,2,电压上限扩展4%
148,节能,1.182388274377348,2058.4201029859532,8.989807347961067,4.547821916826464,68,工况2,2,电压上限扩展4%
149,节能,1.181651173336166,2057.136883561353,9.061695004345518,4.232364254649532,84,工况2,2,电压上限扩展4%
150,节能,1.1815850519572852,2057.0217728329444,9.06173018948334,4.2322153409497085,90,工况2,2,电压上限扩展4%
151,节能,1.1815735825961236,2057.0018058186433,9.00689697904329,4.470761659207306,89,工况2,2,电压上限扩展4%
152,节能,1.1815692987099127,2056.977967860301,8.972032051696761,4.629383542269225,88,工况2,2,电压上限扩展4%
153,节能,1.1814564453916938,2056.797881624171,9.054848788998386,4.261439345366528,90,工况2,2,电压上限扩展4%
154,节能,1.1805872971680642,2055.2847812198765,8.949394020552784,4.735378907593107,92,工况2,2,电压上限扩展4%
155,节能,1.1804547698019803,2054.9617588347974,9.129720666090797,3.9540291643089747,82,工况2,2,电压上限扩展4%
156,节能,1.180414666325261,2054.984189224891,9.02038034391194,4.410885322889604,66,工况2,2,电压上限扩展4%
157,节能,1.180414666325261,2054.984189224891,9.109318079683645,4.035530174539774,69,工况2,2,电压上限扩展4%
158,节能,1.180414666325261,2054.984189224891,8.983097068755905,4.578441690383489,82,工况2,2,电压上限扩展4%
159,节能,1.180414666325261,2054.984189224891,9.053598346892201,4.266771361550938,87,工况2,2,电压上限扩展4%
160,节能,1.1804144278629825,2054.983285449766,9.080755631599583,4.15245670047723,87,工况2,2,电压上限扩展4%
161,节能,1.180412651385173,2054.978598131921,9.060283604304418,4.238342031257233,72,工况2,2,电压上限扩展4%
162,节能,1.180412651385173,2054.978598131921,9.05231421270089,4.272253988003449,53,工况2,2,电压上限扩展4%
163,节能,1.180412651385173,2054.978598131921,9.061413430419751,4.233556145862857,24,工况2,2,电压上限扩展4%
164,节能,1.180412651385173,2054.978598131921,9.022513121717571,4.401487909429391,11,工况2,2,电压上限扩展4%
165,节能,1.1804126513851727,2054.978598131921,9.007455192085253,4.468266718160732,3,工况2,2,电压上限扩展4%
166,节能,1.1804126513851727,2054.978598131921,9.032872246884288,4.356127696953679,6,工况2,2,电压上限扩展4%
167,节能,1.1804126513851727,2054.978598131921,9.088722033817172,4.119507975859977,9,工况2,2,电压上限扩展4%
168,节能,1.1804126513851727,2054.978598131921,8.995337348951844,4.522741867383865,3,工况2,2,电压上限扩展4%
169,节能,1.1804126513851727,2054.978598131921,9.145164620291846,3.8934324498614092,5,工况2,2,电压上限扩展4%
170,节能,1.1804126513634396,2054.978622217808,8.945365545226423,4.754493740649389,3,工况2,2,电压上限扩展4%
171,节能,1.180412651324962,2054.9786134298424,9.038955991719016,4.329706578740031,3,工况2,2,电压上限扩展4%
172,节能,1.1804126512961863,2054.978611971618,9.063605203673124,4.224287312037262,2,工况2,2,电压上限扩展4%
173,节能,1.1804126512813293,2054.9786187718755,9.101164181311729,4.068569996076198,5,工况2,2,电压上限扩展4%
174,节能,1.1804126512776287,2054.978616538609,9.107211700694917,4.044039489282494,6,工况2,2,电压上限扩展4%
175,节能,1.1804126512710453,2054.9786150388654,8.970783135560378,4.635168866016771,5,工况2,2,电压上限扩展4%
176,节能,1.1804126512690019,2054.978617706451,9.002517827061029,4.490382734468698,6,工况2,2,电压上限扩展4%
177,节能,1.1804126512650976,2054.9786165603487,8.94758238362876,4.7439654703900125,2,工况2,2,电压上限扩展4%
178,节能,1.1804126512621447,2054.9786170852194,9.046460845113382,4.2973343918253315,4,工况2,2,电压上限扩展4%
179,节能,1.1804126512621447,2054.9786170852194,9.036542939276085,4.340167003478001,7,工况2,2,电压上限扩展4%
180,节能,1.1804126512613515,2054.978617520909,9.014455594730455,4.437096282102786,7,工况2,2,电压上限扩展4%
181,节能,1.1804126512603648,2054.9786176196426,9.028812586873258,4.373848039313405,5,工况2,2,电压上限扩展4%
182,节能,1.1801913776506332,2054.5955248127343,9.00713369956292,4.469703463437469,5,工况2,2,电压上限扩展4%
183,节能,1.1801913776506332,2054.5955248127343,8.983944186514607,4.574564853420937,8,工况2,2,电压上限扩展4%
184,节能,1.1801913776506332,2054.5955248127343,8.98541577511971,4.567837926757623,8,工况2,2,电压上限扩展4%
185,节能,1.1801913776506332,2054.5955248127343,9.086803958925925,4.127417083378228,12,工况2,2,电压上限扩展4%
186,节能,1.1801883234165949,2054.590207695777,9.000176606946626,4.500908025051314,16,工况2,2,电压上限扩展4%
187,节能,1.1801846596315206,2054.5780145987246,9.032500337971516,4.3577480809683005,33,工况2,2,电压上限扩展4%
188,节能,1.180184149301374,2054.580584377429,9.14509568753078,3.8937008441606737,36,工况2,2,电压上限扩展4%
189,节能,1.180184149301374,2054.580584377429,9.027798420002496,4.3782861011798895,47,工况2,2,电压上限扩展4%
190,节能,1.180184149301374,2054.580584377429,9.086763440679618,4.1275843224683175,31,工况2,2,电压上限扩展4%
191,节能,1.1801841467453167,2054.580736810951,9.087919873369149,4.122813807950138,19,工况2,2,电压上限扩展4%
192,节能,1.1801841466173957,2054.580763242588,9.072763711454387,4.185775767151183,12,工况2,2,电压上限扩展4%
193,节能,1.1801841465821583,2054.5807855617677,9.018964611162664,4.417134380148279,2,工况2,2,电压上限扩展4%
194,节能,1.1801841465821583,2054.5807855617677,9.037736845666613,4.334988342390019,9,工况2,2,电压上限扩展4%
195,节能,1.1801841465821297,2054.580785534929,8.971517572138813,4.631765878246655,3,工况2,2,电压上限扩展4%
196,节能,1.1801841465821297,2054.580785534929,9.067096078222372,4.209566564062352,9,工况2,2,电压上限扩展4%
197,节能,1.1801841465821095,2054.5807860611876,9.03123665098455,4.363258391431225,4,工况2,2,电压上限扩展4%
198,节能,1.1801841465821072,2054.580786110614,9.18708231690035,3.733601994333951,8,工况2,2,电压上限扩展4%
199,节能,1.1801841465820964,2054.5807861246,9.050873132600154,4.278415086462812,10,工况2,2,电压上限扩展4%
200,节能,1.1801841465820841,2054.5807861888443,8.983719463121986,4.5755929806723605,2,工况2,2,电压上限扩展4%
201,节能,1.1801841465820533,2054.580786122724,9.017837586165184,4.422115407355786,6,工况2,2,电压上限扩展4%
202,节能,1.1801841465820533,2054.580786122724,8.96069209222376,4.682179349409748,4,工况2,2,电压上限扩展4%
203,节能,1.1801841465820533,2054.580786122724,9.087832818023042,4.123172736556223,7,工况2,2,电压上限扩展4%
204,节能,1.1801841465820533,2054.580786122724,8.964333301660544,4.665161555256689,2,工况2,2,电压上限扩展4%
205,节能,1.1801841465820533,2054.580786122724,8.992735783463187,4.534523395103194,6,工况2,2,电压上限扩展4%
206,节能,1.1801841465820533,2054.580786122724,9.011336988798993,4.450955436274323,6,工况2,2,电压上限扩展4%
207,节能,1.1801841465820533,2054.580786122724,9.05599324966882,4.256565085367773,1,工况2,2,电压上限扩展4%
208,节能,1.1801841465820524,2054.58078612116,8.975338261528796,4.614103102974068,4,工况2,2,电压上限扩展4%
209,节能,1.1790148715942892,2052.547345064894,9.07218004301746,4.188219585470959,6,工况2,2,电压上限扩展4%
210,节能,1.1787711613570235,2052.1230698394356,9.05003000345734,4.282023864026248,12,工况2,2,电压上限扩展4%
211,节能,1.1783268514658962,2051.3213197735195,8.93875522305824,4.786026582320401,33,工况2,2,电压上限扩展4%
212,节能,1.1783268514658962,2051.3213197735195,9.016062215380062,4.429973275108903,71,工况2,2,电压上限扩展4%
213,节能,1.1783225141254325,2051.3247039982857,8.939423884814765,4.782827419077349,80,工况2,2,电压上限扩展4%
214,节能,1.1765887518405513,2048.3237124548914,9.036418180898188,4.340708509451158,86,工况2,2,电压上限扩展4%
215,节能,1.1765519089626486,2048.2595726776535,9.151664508880101,3.8682076407451125,81,工况2,2,电压上限扩展4%
216,节能,1.1765519089626486,2048.2595726776535,9.041656241920892,4.318031058184285,73,工况2,2,电压上限扩展4%
217,节能,1.1765212416489408,2048.206183941983,8.98651517552145,4.562818803424508,64,工况2,2,电压上限扩展4%
218,节能,1.1765212416489408,2048.206183941983,9.01023856372379,4.455847163440187,57,工况2,2,电压上限扩展4%
219,节能,1.1765180886943432,2048.1967854354752,8.993676919550698,4.530257799064436,49,工况2,2,电压上限扩展4%
220,节能,1.1765180886943432,2048.1967854354752,9.054229824333541,4.264077842226615,47,工况2,2,电压上限扩展4%
221,节能,1.1765180886943432,2048.1967854354752,9.059997747872421,4.2395537617701,57,工况2,2,电压上限扩展4%
222,节能,1.1765179673872608,2048.197793294866,9.110492890641519,4.030791973260251,43,工况2,2,电压上限扩展4%
223,节能,1.1765179673872608,2048.197793294866,9.184445827288812,3.7434585848954463,24,工况2,2,电压上限扩展4%
224,节能,1.1765179673872608,2048.197793294866,8.925664328505718,4.849091841333091,14,工况2,2,电压上限扩展4%
225,节能,1.1765179673872608,2048.197793294866,9.057189574093215,4.251475897359045,13,工况2,2,电压上限扩展4%
226,节能,1.1765179571692637,2048.198338496939,9.04304403104667,4.312042697888729,11,工况2,2,电压上限扩展4%
227,节能,1.1765179571692637,2048.198338496939,8.968140268920415,4.647435201187605,11,工况2,2,电压上限扩展4%
228,节能,1.1765179571692637,2048.198338496939,9.069697607444846,4.198629486364084,19,工况2,2,电压上限扩展4%
229,节能,1.1765179571692637,2048.198338496939,8.957414466287027,4.697550959318253,17,工况2,2,电压上限扩展4%
230,节能,1.1765179571692637,2048.198338496939,9.08704796005259,4.12641011181576,14,工况2,2,电压上限扩展4%
231,节能,1.1765179571692637,2048.198338496939,9.086467533490998,4.128805885066637,16,工况2,2,电压上限扩展4%
232,节能,1.1765179571692637,2048.198338496939,9.107950442670758,4.041053090784582,9,工况2,2,电压上限扩展4%
233,节能,1.1765179571692637,2048.198338496939,9.07633105121395,4.1708702850989425,11,工况2,2,电压上限扩展4%
234,节能,1.1765179570493558,2048.198367371741,9.019841993133564,4.41326056573606,7,工况2,2,电压上限扩展4%
235,节能,1.1765179570493558,2048.198367371741,8.978729646513893,4.598481407555325,4,工况2,2,电压上限扩展4%
236,节能,1.1765179570484743,2048.1983637325484,9.06695481679631,4.2101612554407835,2,工况2,2,电压上限扩展4%
237,节能,1.1765179570484743,2048.1983637325484,8.989505640716215,4.549194234655771,5,工况2,2,电压上限扩展4%
238,节能,1.1765179570484743,2048.1983637325484,9.058065847601267,4.247752073442472,8,工况2,2,电压上限扩展4%
239,节能,1.1765179570447981,2048.198366130369,8.968471683000672,4.645895230922858,2,工况2,2,电压上限扩展4%
240,节能,1.1762591133901859,2047.7498447773664,8.988248949251203,4.554914761939199,3,工况2,2,电压上限扩展4%
241,节能,1.1762591133901859,2047.7498447773664,9.005827925657828,4.475543697766494,6,工况2,2,电压上限扩展4%
242,节能,1.1758489213718006,2047.0357413690144,9.02761362078676,4.379095279783139,21,工况2,2,电压上限扩展4%
243,节能,1.1758371401690517,2047.0152314696004,9.124016447857345,3.976648260361848,54,工况2,2,电压上限扩展4%
244,节能,1.1758360315063143,2046.9681168792458,8.952074842816458,4.722701199324677,80,工况2,2,电压上限扩展4%
245,节能,1.175821669640723,2046.9853209563425,8.984485056028504,4.572091279752975,84,工况2,2,电压上限扩展4%
246,节能,1.175821669640723,2046.9853209563425,9.04844946506403,4.2887971184287075,86,工况2,2,电压上限扩展4%
247,节能,1.175821669640723,2046.9853209563425,9.011426649158519,4.450556379899708,82,工况2,2,电压上限扩展4%
248,节能,1.175821669640723,2046.9853209563425,9.131214464008492,3.948127053155016,75,工况2,2,电压上限扩展4%
249,节能,1.175821669640723,2046.9853209563425,9.057568073208657,4.249867021990731,61,工况2,2,电压上限扩展4%
250,节能,1.175821669640723,2046.9853209563425,9.085542418557461,4.1326272723872854,51,工况2,2,电压上限扩展4%
251,节能,1.175821669640723,2046.9853209563425,9.003092352277871,4.487803637303592,45,工况2,2,电压上限扩展4%
252,节能,1.1758216677175741,2046.984616817567,9.007258876664546,4.469143993929903,42,工况2,2,电压上限扩展4%
253,节能,1.175821664531125,2046.9847301230816,9.007725601273298,4.467058621133132,30,工况2,2,电压上限扩展4%
254,节能,1.1758216631959526,2046.9848512528613,8.976450002640698,4.608976265246124,14,工况2,2,电压上限扩展4%
255,节能,1.1758216628382467,2046.9848118132782,8.983992253253003,4.574344974293332,6,工况2,2,电压上限扩展4%
256,节能,1.1758216624436433,2046.9849212548322,9.050295121977326,4.280888770670658,8,工况2,2,电压上限扩展4%
257,节能,1.175821662436553,2046.984914133743,9.011272878724734,4.451240796505001,5,工况2,2,电压上限扩展4%
258,节能,1.1755942150165626,2046.3385465388278,8.987422305930124,4.558681608510013,6,工况2,2,电压上限扩展4%
259,节能,1.175527187281553,2046.3524764024637,9.05246370907179,4.271615349274961,2,工况2,2,电压上限扩展4%
260,节能,1.1755181834532054,2046.3549205403488,9.030324000624443,4.367242338472225,5,工况2,2,电压上限扩展4%
261,节能,1.1755174804666135,2046.3551184869207,8.9721760651473,4.628716896775545,7,工况2,2,电压上限扩展4%
262,节能,1.1755173670879506,2046.355143963309,9.09101617426224,4.110068078364342,7,工况2,2,电压上限扩展4%
263,节能,1.1755173670879506,2046.355143963309,8.894977214554642,5.000203202745892,0,工况2,2,电压上限扩展4%
264,节能,1.1755173670879506,2046.355143963309,9.05832076318374,4.246669393250355,5,工况2,2,电压上限扩展4%
265,节能,1.1755173670879506,2046.355143963309,8.98503846589649,4.5695617393223005,8,工况2,2,电压上限扩展4%
266,节能,1.1755173670879506,2046.355143963309,8.935335919031173,4.802419472452961,5,工况2,2,电压上限扩展4%
267,节能,1.1755173669513228,2046.3551473071257,9.02772964329563,4.378587235635041,6,工况2,2,电压上限扩展4%
268,节能,1.1755173594027393,2046.355148655016,9.086122442083141,4.130230946376346,5,工况2,2,电压上限扩展4%
269,节能,1.1755173561516357,2046.355149744646,9.025332927726266,4.389094049727492,5,工况2,2,电压上限扩展4%
270,节能,1.1755173511456822,2046.3551510631692,9.086506266869902,4.128645965561001,2,工况2,2,电压上限扩展4%
271,节能,1.1755173490378796,2046.355151678456,9.046888534051547,4.295496862415861,8,工况2,2,电压上限扩展4%
272,节能,1.1755173483891617,2046.3551519751159,9.048490754296177,4.288620040944575,7,工况2,2,电压上限扩展4%
273,节能,1.17551734417544,2046.3551536135437,9.004970858264741,4.4793811845936915,3,工况2,2,电压上限扩展4%
274,节能,1.17551734417544,2046.3551536135437,9.08365087425664,4.140451717761361,5,工况2,2,电压上限扩展4%
275,节能,1.17551734417544,2046.3551536135437,9.090209830676264,4.113383541919003,2,工况2,2,电压上限扩展4%
276,节能,1.17551734417544,2046.3551536135437,9.034657031438192,4.348359881525824,7,工况2,2,电压上限扩展4%
277,节能,1.175517343756847,2046.3551537415601,9.01600363963914,4.430232771675787,4,工况2,2,电压上限扩展4%
278,节能,1.175517343756847,2046.3551537415601,8.985354309970866,4.5681186982244295,4,工况2,2,电压上限扩展4%
279,节能,1.1755173437031965,2046.3551537821204,8.933911917320785,4.809262997434944,2,工况2,2,电压上限扩展4%
280,节能,1.1755173432700976,2046.3551539415266,9.056362698853032,4.254992791328695,8,工况2,2,电压上限扩展4%
281,节能,1.1755173432700976,2046.3551539415266,8.952395380139928,4.7211876399118,4,工况2,2,电压上限扩展4%
282,节能,1.1755173432700976,2046.3551539415266,9.038379085004928,4.33220513618332,5,工况2,2,电压上限扩展4%
283,节能,1.1755173432700976,2046.3551539415266,8.983566023671742,4.576295111009726,4,工况2,2,电压上限扩展4%
284,节能,1.1755173432700976,2046.3551539415266,9.037634553794595,4.335431799143363,4,工况2,2,电压上限扩展4%
285,节能,1.1755173432486024,2046.3551539464738,9.019524896349225,4.414660218370854,8,工况2,2,电压上限扩展4%
286,节能,1.1755173432486024,2046.3551539464738,8.943500040690697,4.763371548508421,2,工况2,2,电压上限扩展4%
287,节能,1.1755173432486024,2046.3551539464738,8.990656426072057,4.54396209965923,1,工况2,2,电压上限扩展4%
288,节能,1.1755173432486024,2046.3551539464738,9.043944506959207,4.308161555005541,7,工况2,2,电压上限扩展4%
289,节能,1.1755173432472545,2046.3551539470345,9.07111126703916,4.192698246872285,5,工况2,2,电压上限扩展4%
290,节能,1.1755173432447419,2046.3551539481218,9.074892416285909,4.176874963005456,5,工况2,2,电压上限扩展4%
291,节能,1.1755173432447419,2046.3551539481218,8.99909381858289,4.505784195340893,5,工况2,2,电压上限扩展4%
292,节能,1.1755173432430712,2046.3551539486539,9.044660643141983,4.305077429093645,5,工况2,2,电压上限扩展4%
293,节能,1.1755173432428876,2046.3551539488967,9.013516283832711,4.441266053043963,7,工况2,2,电压上限扩展4%
294,节能,1.1755173432422925,2046.355153949084,9.007300482432766,4.468958055628826,8,工况2,2,电压上限扩展4%
295,节能,1.1755173432422925,2046.355153949084,9.19998822017272,3.6857260935349325,5,工况2,2,电压上限扩展4%
296,节能,1.1755173432409989,2046.3551539494933,8.962666493449902,4.672943968934679,3,工况2,2,电压上限扩展4%
297,节能,1.1755173432409989,2046.3551539494933,9.018788078372815,4.4179142180349995,4,工况2,2,电压上限扩展4%
298,节能,1.1755173432409989,2046.3551539494933,8.985733408187004,4.566387260787984,5,工况2,2,电压上限扩展4%
299,节能,1.1755173432409989,2046.3551539494933,9.086726161082554,4.127738200016937,6,工况2,2,电压上限扩展4%
300,节能,1.1755173432409451,2046.355153949507,9.01068933737437,4.4538390375870165,5,工况2,2,电压上限扩展4%
0,节能,1.3948121401563256,2428.228874900323,9.194107944004843,3.7074630277980227,1,工况2,3,电压上限扩展4%
1,节能,1.3948121401563256,2428.228874900323,9.194107944004843,3.7074630277980227,1,工况2,3,电压上限扩展4%
2,节能,1.3948121401563256,2428.228874900323,9.194107944004843,3.7074630277980227,1,工况2,3,电压上限扩展4%
3,节能,1.3775067127101461,2398.101851047063,9.194107944004843,3.7074630277980227,4,工况2,3,电压上限扩展4%
4,节能,1.3371995060215818,2327.9310227828514,9.194107944004843,3.7074630277980227,11,工况2,3,电压上限扩展4%
5,节能,1.3112294865792424,2282.7198081137967,9.332840679578844,3.227200641940041,24,工况2,3,电压上限扩展4%
6,节能,1.25247163213332,2180.4282416116666,9.41393053528746,2.9758366650969448,57,工况2,3,电压上限扩展4%
7,节能,1.2320429628425906,2144.863965090544,9.208209085557865,3.6555504404102273,86,工况2,3,电压上限扩展4%
8,节能,1.2217681938807217,2126.976616710178,9.241992268779509,3.5341170622788285,95,工况2,3,电压上限扩展4%
9,节能,1.2097915665925845,2106.126502657031,9.22145848601524,3.6074360360963547,94,工况2,3,电压上限扩展4%
10,节能,1.2076621214881214,2102.4193510333052,9.174542362094556,3.7807159808467707,99,工况2,3,电压上限扩展4%
11,节能,1.2015211786337274,2091.728581768506,9.138023917486258,3.921333792922327,99,工况2,3,电压上限扩展4%
12,节能,1.1971541198435522,2084.12596780538,9.097778871175136,4.082366707222172,97,工况2,3,电压上限扩展4%
13,节能,1.1955689799761897,2081.366397332861,9.067045575386853,4.20977916447856,92,工况2,3,电压上限扩展4%
14,节能,1.1955689799761897,2081.366397332861,9.04555891117518,4.301212051990906,95,工况2,3,电压上限扩展4%
15,节能,1.195113762540239,2080.5739091615083,9.073178639521904,4.184039331573901,94,工况2,3,电压上限扩展4%
16,节能,1.195113762540239,2080.5739091615083,9.095233176170215,4.092772407006418,90,工况2,3,电压上限扩展4%
17,节能,1.1950702422037536,2080.4981445946128,9.078486924826047,4.161888101616936,88,工况2,3,电压上限扩展4%
18,节能,1.1943103452961035,2079.1752398392123,9.07365026222192,4.182066508897921,87,工况2,3,电压上限扩展4%
19,节能,1.1937806294406845,2078.253057346969,9.0062750440402,4.473543047205265,84,工况2,3,电压上限扩展4%
20,节能,1.1935852259074962,2077.9128792771876,9.043948521729831,4.308144258759806,75,工况2,3,电压上限扩展4%
21,节能,1.1933065080781486,2077.4276593241298,9.003916301882095,4.484107436223622,84,工况2,3,电压上限扩展4%
22,节能,1.1926726293144376,2076.324139593468,9.178967468315594,3.7640228726681273,85,工况2,3,电压上限扩展4%
23,节能,1.1925518108940758,2076.113806769071,8.978240677606507,4.600730471801242,89,工况2,3,电压上限扩展4%
24,节能,1.1915188461633803,2074.3155181582856,8.979634718000188,4.5943213360181305,89,工况2,3,电压上限扩展4%
25,节能,1.190990031157294,2073.3949039549166,9.029805944099678,4.3695054030079605,79,工况2,3,电压上限扩展4%
26,节能,1.1906963085177638,2072.8527619777274,9.027954948850567,4.3776008267339535,84,工况2,3,电压上限扩展4%
27,节能,1.190645961106638,2072.795912300099,9.097820455631636,4.082196947751119,90,工况2,3,电压上限扩展4%
28,节能,1.190645961106638,2072.795912300099,9.04213557079515,4.315961797186047,89,工况2,3,电压上限扩展4%
29,节能,1.1906253151175503,2072.759969691478,8.914529016056333,4.903389745088544,92,工况2,3,电压上限扩展4%
30,节能,1.190420893224272,2072.4040915559003,8.934465578158482,4.806601033835575,78,工况2,3,电压上限扩展4%
31,节能,1.190420893224272,2072.4040915559003,9.02095394862827,4.408355943766455,89,工况2,3,电压上限扩展4%
32,节能,1.1898680072869356,2071.4415722610684,8.980586270839703,4.589951675816193,84,工况2,3,电压上限扩展4%
33,节能,1.189473796805653,2070.7552911154717,9.040864741992364,4.3214501323782155,88,工况2,3,电压上限扩展4%
34,节能,1.1891578568275165,2070.205271112376,9.103681196285166,4.058342221606065,89,工况2,3,电压上限扩展4%
35,节能,1.189140439680951,2070.1640660658386,9.030852544110301,4.364934670888118,90,工况2,3,电压上限扩展4%
36,节能,1.188450002904521,2068.9729680046353,9.081327603275332,4.150082291971723,87,工况2,3,电压上限扩展4%
37,节能,1.1883002009716361,2068.7121777745574,9.068504730343017,4.203640923757634,89,工况2,3,电压上限扩展4%
38,节能,1.1880751624691184,2068.320408177745,9.123424768268011,3.9790018581907005,92,工况2,3,电压上限扩展4%
39,节能,1.1880139750891543,2068.2138870495364,9.028134784789147,4.376813647564224,93,工况2,3,电压上限扩展4%
40,节能,1.1876186582887787,2067.5256799126973,8.952539149866762,4.7205089248449825,94,工况2,3,电压上限扩展4%
41,节能,1.1876186582887787,2067.5256799126973,9.114232400746017,4.015746934017648,94,工况2,3,电压上限扩展4%
42,节能,1.1856798500149877,2064.1504080049067,9.051792694508741,4.2744826272671235,93,工况2,3,电压上限扩展4%
43,节能,1.1856617287480224,2064.118860685789,9.04629946247317,4.29802796295902,98,工况2,3,电压上限扩展4%
44,节能,1.1856617287480224,2064.118860685789,9.010550972182763,4.454455336515012,93,工况2,3,电压上限扩展4%
45,节能,1.185661675322655,2064.105401347061,8.936873635559923,4.7950403875766,91,工况2,3,电压上限扩展4%
46,节能,1.1856569289110814,2064.110220666607,8.991832929569306,4.538619255911073,87,工况2,3,电压上限扩展4%
47,节能,1.185656280502991,2064.090137397551,8.985730005655963,4.566402798088816,73,工况2,3,电压上限扩展4%
48,节能,1.1856399109291795,2064.080878038394,8.98865948605792,4.55304518556918,64,工况2,3,电压上限扩展4%
49,节能,1.1852085638949674,2063.3299458566175,9.040485688619503,4.3230885031219035,45,工况2,3,电压上限扩展4%
50,节能,1.1849327147591577,2062.8474635900075,9.132150377617936,3.9444336759247567,51,工况2,3,电压上限扩展4%
51,节能,1.1849327147591577,2062.8474635900075,9.072225521332012,4.188029116634369,66,工况2,3,电压上限扩展4%
52,节能,1.1847835281884105,2062.590001067056,8.984061739335143,4.574027132025647,80,工况2,3,电压上限扩展4%
53,节能,1.1845703370734422,2062.2188565907973,9.03250943945297,4.357708419185456,71,工况2,3,电压上限扩展4%
54,节能,1.1842379926517954,2061.640278087054,8.918653107405989,4.883209359336533,75,工况2,3,电压上限扩展4%
55,节能,1.1842254980573943,2061.596297364566,9.087442720241029,4.124781490860953,75,工况2,3,电压上限扩展4%
56,节能,1.1842192585952906,2061.6067540136355,9.16687381194214,3.809820041305659,69,工况2,3,电压上限扩展4%
57,节能,1.1842189329729094,2061.6060172845837,9.081651127831124,4.148739855608984,79,工况2,3,电压上限扩展4%
58,节能,1.1842188730506749,2061.603983907815,9.00523057808303,4.478217951590256,73,工况2,3,电压上限扩展4%
59,节能,1.1842188730506749,2061.603983907815,9.044289796451439,4.306674248880125,72,工况2,3,电压上限扩展4%
60,节能,1.1842188730506749,2061.603983907815,9.067000180865676,4.209970269725524,55,工况2,3,电压上限扩展4%
61,节能,1.1842188685873858,2061.604889830487,9.002748026977988,4.489349167704162,21,工况2,3,电压上限扩展4%
62,节能,1.184218852927663,2061.6050288200718,9.090561327321687,4.111937955476954,9,工况2,3,电压上限扩展4%
63,节能,1.1834570178564026,2059.7106675879754,9.056430383719485,4.25470480245621,5,工况2,3,电压上限扩展4%
64,节能,1.1834570178564026,2059.7106675879754,8.98564966944409,4.5667696603274655,6,工况2,3,电压上限扩展4%
65,节能,1.1834570178564026,2059.7106675879754,9.045614712864989,4.300972043786671,7,工况2,3,电压上限扩展4%
66,节能,1.1834570178564026,2059.7106675879754,9.044781866328709,4.304555585518997,9,工况2,3,电压上限扩展4%
67,节能,1.1826112179213768,2058.808225468901,9.055551563947802,4.258445564646415,11,工况2,3,电压上限扩展4%
68,节能,1.1826112179213768,2058.808225468901,8.961909359393768,4.676483353681249,12,工况2,3,电压上限扩展4%
69,节能,1.1826112179213768,2058.808225468901,8.981485956422752,4.585824019541415,27,工况2,3,电压上限扩展4%
70,节能,1.1825999080857417,2058.7885361726376,8.974039839219154,4.62009804852524,58,工况2,3,电压上限扩展4%
71,节能,1.1825999080857417,2058.7885361726376,9.133243831647752,3.9401229762319563,64,工况2,3,电压上限扩展4%
72,节能,1.182594549594936,2058.7725648369037,8.985753792317528,4.566294179902727,55,工况2,3,电压上限扩展4%
73,节能,1.182594549594936,2058.7725648369037,8.980230544260355,4.5915847340691,50,工况2,3,电压上限扩展4%
74,节能,1.182594549594936,2058.7725648369037,9.080048337725518,4.155394746572316,46,工况2,3,电压上限扩展4%
75,节能,1.182594549594936,2058.7725648369037,9.042485232800914,4.3144529331388295,52,工况2,3,电压上限扩展4%
76,节能,1.1825943348891164,2058.773144497882,9.038923010025009,4.329849382152488,58,工况2,3,电压上限扩展4%
77,节能,1.1825943348891164,2058.773144497882,9.066240848091068,4.213168252144225,50,工况2,3,电压上限扩展4%
78,节能,1.1825939272575638,2058.7748935533673,9.038718107032318,4.3307366721498735,45,工况2,3,电压上限扩展4%
79,节能,1.1825939272575638,2058.7748935533673,9.09449281900741,4.095803642333609,43,工况2,3,电压上限扩展4%
80,节能,1.1825939272575638,2058.7748935533673,9.044689752499933,4.3049521128777055,34,工况2,3,电压上限扩展4%
81,节能,1.1824375695722007,2058.5059210055197,8.965598571844774,4.659262598110477,26,工况2,3,电压上限扩展4%
82,节能,1.1824375695722007,2058.5059210055197,9.100255934927276,4.0722669386782675,22,工况2,3,电压上限扩展4%
83,节能,1.1824375695722007,2058.5059210055197,8.99966388108409,4.503216348718709,11,工况2,3,电压上限扩展4%
84,节能,1.1823669168160735,2058.3810401307496,9.063087459484937,4.226474978519236,12,工况2,3,电压上限扩展4%
85,节能,1.1823669168160735,2058.3810401307496,9.063957293105853,4.222800246919201,16,工况2,3,电压上限扩展4%
86,节能,1.1823669168160735,2058.3810401307496,8.937750605182995,4.790837126150975,20,工况2,3,电压上限扩展4%
87,节能,1.1823669168160735,2058.3810401307496,9.044364739919677,4.306351503869307,26,工况2,3,电压上限扩展4%
88,节能,1.1823669168160735,2058.3810401307496,9.064814161740657,4.219183411634228,27,工况2,3,电压上限扩展4%
89,节能,1.1823669168160735,2058.3810401307496,8.960808291848508,4.681635313535334,28,工况2,3,电压上限扩展4%
90,节能,1.1823669156600818,2058.3809876528762,9.006794347844547,4.471220522382122,11,工况2,3,电压上限扩展4%
91,节能,1.182366914451815,2058.3808356930854,8.978729826673197,4.598480579096189,3,工况2,3,电压上限扩展4%
92,节能,1.182366914014279,2058.3808381178906,9.155117632347897,3.854873278012963,9,工况2,3,电压上限扩展4%
93,节能,1.182366914014279,2058.3808381178906,8.980127655118094,4.592057182588498,4,工况2,3,电压上限扩展4%
94,节能,1.1823669140022615,2058.380838568027,8.963396697969987,4.669533009626971,2,工况2,3,电压上限扩展4%
95,节能,1.1823669139871664,2058.3808370730076,8.991964839297582,4.5380206073629274,3,工况2,3,电压上限扩展4%
96,节能,1.1823669139871664,2058.3808370730076,8.999659064773057,4.503238037661519,4,工况2,3,电压上限扩展4%
97,节能,1.1823669139854083,2058.380839673271,9.04560533774571,4.301012366101607,5,工况2,3,电压上限扩展4%
98,节能,1.1823669139756177,2058.3808391992343,8.963078666463943,4.671018304415295,2,工况2,3,电压上限扩展4%
99,节能,1.1823669139749549,2058.3808476054896,8.996177277601776,4.518944681818915,1,工况2,3,电压上限扩展4%
100,节能,1.1823669139659492,2058.3808404181905,9.133376647599714,3.939599699798516,7,工况2,3,电压上限扩展4%
101,节能,1.1823669139659492,2058.3808404181905,9.053690710755568,4.266377284263414,8,工况2,3,电压上限扩展4%
102,节能,1.1823669139659492,2058.3808404181905,9.029652343860672,4.370176611629784,3,工况2,3,电压上限扩展4%
103,节能,1.1823669139659492,2058.3808404181905,8.954814115293411,4.709782136407536,3,工况2,3,电压上限扩展4%
104,节能,1.1823669139659492,2058.3808404181905,9.024151216076818,4.394283759062638,7,工况2,3,电压上限扩展4%
105,节能,1.1823669139651394,2058.380840422409,9.079464670802555,4.157820820978566,4,工况2,3,电压上限扩展4%
106,节能,1.1823669139651394,2058.380840422409,8.940143155048979,4.779388510579945,4,工况2,3,电压上限扩展4%
107,节能,1.1823669139649216,2058.3808390214112,8.906123465687067,4.944779141206857,1,工况2,3,电压上限扩展4%
108,节能,1.1823669139648034,2058.38083950825,9.122444997005852,3.982902280312168,5,工况2,3,电压上限扩展4%
109,节能,1.1823669139647133,2058.3808391536704,8.99813652710588,4.510099609373324,4,工况2,3,电压上限扩展4%
110,节能,1.1823669139646982,2058.380839097248,9.079941247810707,4.155839771270138,8,工况2,3,电压上限扩展4%
111,节能,1.182366913964632,2058.3808392679334,9.094329264883207,4.0964735826955,6,工况2,3,电压上限扩展4%
112,节能,1.1823669139645425,2058.380839136964,9.061620122632075,4.232681193203138,3,工况2,3,电压上限扩展4%
113,节能,1.1823669139645425,2058.380839136964,8.98203088079037,4.583325773027077,4,工况2,3,电压上限扩展4%
114,节能,1.1823669139645425,2058.380839136964,9.077942502092654,4.164154545008966,9,工况2,3,电压上限扩展4%
115,节能,1.1823669139645365,2058.3808391486814,8.998002307652614,4.510704993103294,4,工况2,3,电压上限扩展4%
116,节能,1.1823669139645365,2058.3808391486814,8.986443998953778,4.563143580763979,4,工况2,3,电压上限扩展4%
117,节能,1.1823669139645365,2058.3808391486814,8.973177654320567,4.6240831449908,4,工况2,3,电压上限扩展4%
118,节能,1.1823669139645365,2058.3808391486814,8.974310384375014,4.618848272446666,2,工况2,3,电压上限扩展4%
119,节能,1.1823669139645365,2058.3808391486814,8.995240593523624,4.5231794883807375,5,工况2,3,电压上限扩展4%
120,节能,1.1823669139645363,2058.3808391464136,8.982217393043769,4.582471006323802,6,工况2,3,电压上限扩展4%
121,节能,1.1823669139645363,2058.3808391464136,8.990732878153667,4.543614717577166,6,工况2,3,电压上限扩展4%
122,节能,1.1819968196099848,2057.738619263549,8.987764791852314,4.557120591563778,5,工况2,3,电压上限扩展4%
123,节能,1.1818214553264477,2057.433327529521,9.13874893142307,3.918491801637702,9,工况2,3,电压上限扩展4%
124,节能,1.181789992757402,2057.3785543335935,9.056388886934629,4.25488136268934,20,工况2,3,电压上限扩展4%
125,节能,1.1817724264151177,2057.34797308302,9.043088391640364,4.311851417357306,47,工况2,3,电压上限扩展4%
126,节能,1.181769689558305,2057.34320848817,9.0405133493637,4.322968924930498,71,工况2,3,电压上限扩展4%
127,节能,1.1815132559871917,2056.8967832069843,9.120286043809463,3.991510468915683,94,工况2,3,电压上限扩展4%
128,节能,1.1812788208712395,2056.4886550430138,9.056541557879106,4.254231815517813,97,工况2,3,电压上限扩展4%
129,节能,1.1811904275992287,2056.334771169147,9.008414932072036,4.46398040112364,91,工况2,3,电压上限扩展4%
130,节能,1.1811879201629087,2056.3304059725024,8.987598048730023,4.557880523434816,92,工况2,3,电压上限扩展4%
131,节能,1.1811872701643895,2056.3292743898846,9.046414477311885,4.2975336543930265,93,工况2,3,电压上限扩展4%
132,节能,1.1811860449455998,2056.3271414061246,8.983872366232587,4.574893411757265,96,工况2,3,电压上限扩展4%
133,节能,1.1811860449455998,2056.3271414061246,8.93504258020121,4.803828415200703,93,工况2,3,电压上限扩展4%
134,节能,1.1811860449455998,2056.3271414061246,8.958231426881627,4.693714812497121,97,工况2,3,电压上限扩展4%
135,节能,1.1811860449455998,2056.3271414061246,9.0469912798048,4.295055541027474,96,工况2,3,电压上限扩展4%
136,节能,1.1811860449455998,2056.3271414061246,9.016556580706062,4.427783791173643,97,工况2,3,电压上限扩展4%
137,节能,1.1811860449455998,2056.3271414061246,8.982053750372678,4.583220955479639,91,工况2,3,电压上限扩展4%
138,节能,1.1811860449455998,2056.3271414061246,9.068145574531597,4.205150956976897,97,工况2,3,电压上限扩展4%
139,节能,1.1811860449455998,2056.3271414061246,9.037966100109877,4.333994640960615,97,工况2,3,电压上限扩展4%
140,节能,1.1811860449455998,2056.3271414061246,9.036241724706317,4.341474521926595,96,工况2,3,电压上限扩展4%
141,节能,1.1808272522630252,2055.702519116966,8.993221190157819,4.532322841215251,97,工况2,3,电压上限扩展4%
142,节能,1.1808272522630252,2055.702519116966,9.101690423312702,4.0664295069174115,94,工况2,3,电压上限扩展4%
143,节能,1.1808272522630252,2055.702519116966,9.003268446331296,4.487013431347453,96,工况2,3,电压上限扩展4%
144,节能,1.1808272522630252,2055.702519116966,9.094769041109036,4.094672447081436,98,工况2,3,电压上限扩展4%
145,节能,1.1808272522630252,2055.702519116966,9.040671213119564,4.322286538682967,94,工况2,3,电压上限扩展4%
146,节能,1.1808272522630252,2055.702519116966,9.039281428597965,4.3282977617972085,92,工况2,3,电压上限扩展4%
147,节能,1.1808272522630252,2055.702519116966,8.975800776799458,4.611969503277787,94,工况2,3,电压上限扩展4%
148,节能,1.1808272522630252,2055.702519116966,8.991410697957008,4.540536009065513,96,工况2,3,电压上限扩展4%
149,节能,1.1808272522630252,2055.702519116966,8.950778069831056,4.728829443269902,94,工况2,3,电压上限扩展4%
150,节能,1.1808272522630252,2055.702519116966,9.105490855285522,4.051004647334334,94,工况2,3,电压上限扩展4%
151,节能,1.1805493336453852,2055.2186905118106,8.936342230033777,4.7975891756967215,96,工况2,3,电压上限扩展4%
152,节能,1.1801993838646987,2054.609462833212,8.945464771446446,4.754021993612607,93,工况2,3,电压上限扩展4%
153,节能,1.1801494076070753,2054.5224591512633,9.010413327750758,4.455068509688667,96,工况2,3,电压上限扩展4%
154,节能,1.180120747949741,2054.4725655451784,9.00062408343432,4.498894425089753,92,工况2,3,电压上限扩展4%
155,节能,1.1801190351965347,2054.4695838126054,9.04619703142486,4.298468237017414,93,工况2,3,电压上限扩展4%
156,节能,1.1801190351965347,2054.4695838126054,8.932405215154501,4.81651458603168,95,工况2,3,电压上限扩展4%
157,节能,1.1801190351965347,2054.4695838126054,8.965994552784583,4.657417984168146,94,工况2,3,电压上限扩展4%
158,节能,1.1801190351965347,2054.4695838126054,8.998251288421768,4.509582054105594,97,工况2,3,电压上限扩展4%
159,节能,1.1801190351965347,2054.4695838126054,9.033305983576073,4.354238694231923,95,工况2,3,电压上限扩展4%
160,节能,1.1799008279076717,2054.089706677702,9.025860614909758,4.386778592022715,93,工况2,3,电压上限扩展4%
161,节能,1.1798784915344938,2054.050821278909,8.9983626559539,4.509079861045804,96,工况2,3,电压上限扩展4%
162,节能,1.1798579317165996,2054.0150286857447,9.039714780783326,4.326422490858968,96,工况2,3,电压上限扩展4%
163,节能,1.179840764836572,2053.9851428591346,8.98749125327208,4.558367310365424,94,工况2,3,电压上限扩展4%
164,节能,1.1798394746632788,2053.98289679606,9.013163929289957,4.4428312290455745,94,工况2,3,电压上限扩展4%
165,节能,1.1798394369785001,2053.982831190617,9.100879624229508,4.069727901220335,94,工况2,3,电压上限扩展4%
166,节能,1.1798394369785001,2053.982831190617,8.897273055142454,4.9887367009523755,89,工况2,3,电压上限扩展4%
167,节能,1.1798394369785001,2053.982831190617,9.035463213635092,4.344855723888163,96,工况2,3,电压上限扩展4%
168,节能,1.1798394369785001,2053.982831190617,8.981953600989131,4.583679985218379,95,工况2,3,电压上限扩展4%
169,节能,1.1798394369785001,2053.982831190617,9.034384778046977,4.349543898418784,97,工况2,3,电压上限扩展4%
170,节能,1.1798394369785001,2053.982831190617,9.047522181006409,4.292775896066435,95,工况2,3,电压上限扩展4%
171,节能,1.1798394369785001,2053.982831190617,9.035458049384353,4.344878161870484,97,工况2,3,电压上限扩展4%
172,节能,1.1798394369785001,2053.982831190617,9.078465936566934,4.161975453319489,95,工况2,3,电压上限扩展4%
173,节能,1.1798394369785001,2053.982831190617,9.151798134788583,3.8676907825185136,94,工况2,3,电压上限扩展4%
174,节能,1.1798394369785001,2053.982831190617,9.046849991266042,4.295662426020689,98,工况2,3,电压上限扩展4%
175,节能,1.1798394369785001,2053.982831190617,9.065466859764113,4.216430457482454,98,工况2,3,电压上限扩展4%
176,节能,1.1798394369785001,2053.982831190617,9.058928045503066,4.244091248921778,96,工况2,3,电压上限扩展4%
177,节能,1.1793556676118548,2053.1406369545184,9.071425264362452,4.191381957511884,97,工况2,3,电压上限扩展4%
178,节能,1.1793556676118548,2053.1406369545184,9.00539171089149,4.4774964218874365,95,工况2,3,电压上限扩展4%
179,节能,1.1793556676118548,2053.1406369545184,8.98303406604938,4.578730153688542,91,工况2,3,电压上限扩展4%
180,节能,1.1792353632422583,2052.9311990412534,9.034689535859101,4.348218542903046,95,工况2,3,电压上限扩展4%
181,节能,1.1792353632422583,2052.9311990412534,8.956190468285493,4.703304272608257,95,工况2,3,电压上限扩展4%
182,节能,1.1792236446096902,2052.910798070286,9.075111889995176,4.175958349354159,96,工况2,3,电压上限扩展4%
183,节能,1.179223310094397,2052.908333329497,9.046455360291517,4.297357962003601,91,工况2,3,电压上限扩展4%
184,节能,1.1792219883068293,2052.905215315111,9.006804418805268,4.471175493122608,89,工况2,3,电压上限扩展4%
185,节能,1.1792202418128568,2052.9019671904703,9.048319383670945,4.289355047419834,91,工况2,3,电压上限扩展4%
186,节能,1.1792202418128568,2052.9019671904703,8.980095182045401,4.592206303216387,82,工况2,3,电压上限扩展4%
187,节能,1.1792202418128568,2052.9019671904703,9.066784016974363,4.210880411647705,71,工况2,3,电压上限扩展4%
188,节能,1.1792202242881678,2052.902312101436,9.001834933495486,4.493450235213943,45,工况2,3,电压上限扩展4%
189,节能,1.1792202160914105,2052.902313376464,9.04602666932909,4.299200595456165,13,工况2,3,电压上限扩展4%
190,节能,1.1792202045263183,2052.9026595879495,8.979973384966042,4.592765654594924,4,工况2,3,电压上限扩展4%
191,节能,1.1792202045263183,2052.9026595879495,9.045529727662485,4.3013375782990675,7,工况2,3,电压上限扩展4%
192,节能,1.1792202045263183,2052.9026595879495,9.144409216358175,3.896374675193898,7,工况2,3,电压上限扩展4%
193,节能,1.1792202043047957,2052.9026067416316,9.03124445751411,4.363224329658569,5,工况2,3,电压上限扩展4%
194,节能,1.1792202042682611,2052.902615763948,9.091155985898853,4.1094934831881975,6,工况2,3,电压上限扩展4%
195,节能,1.1792202042682611,2052.902615763948,9.07676319187257,4.169068271856556,5,工况2,3,电压上限扩展4%
196,节能,1.1792202041666358,2052.902637237446,9.083664601010977,4.14039488318787,6,工况2,3,电压上限扩展4%
197,节能,1.1792202041455977,2052.9026431984344,8.985136861854224,4.569112135038521,5,工况2,3,电压上限扩展4%
198,节能,1.1792202039749753,2052.902636965384,8.99928057638351,4.5049427835670555,6,工况2,3,电压上限扩展4%
199,节能,1.1792202039749753,2052.902636965384,9.06897932948155,4.201646352744797,3,工况2,3,电压上限扩展4%
200,节能,1.1792202039708077,2052.9026373419306,9.06119015294131,4.234501509139185,6,工况2,3,电压上限扩展4%
201,节能,1.1792202039708077,2052.9026373419306,9.064774277751921,4.219351692853732,5,工况2,3,电压上限扩展4%
202,节能,1.1792202039708077,2052.9026373419306,9.045991220353072,4.299353000416253,7,工况2,3,电压上限扩展4%
203,节能,1.1792202039618973,2052.9026383838273,9.121738653168165,3.985716572605974,4,工况2,3,电压上限扩展4%
204,节能,1.1792202039618973,2052.9026383838273,9.062846855058474,4.227492009453567,8,工况2,3,电压上限扩展4%
205,节能,1.1792202039580622,2052.9026384565364,8.984894433993134,4.57021994939761,3,工况2,3,电压上限扩展4%
206,节能,1.1792202039580622,2052.9026384565364,9.025000863254785,4.390551753935888,2,工况2,3,电压上限扩展4%
207,节能,1.1792202039580622,2052.9026384565364,9.016709478055558,4.4271068465206715,2,工况2,3,电压上限扩展4%
208,节能,1.1792202039567552,2052.90263861352,9.004482835700577,4.481567757190253,5,工况2,3,电压上限扩展4%
209,节能,1.1792202039567552,2052.90263861352,9.102390661373736,4.06358303492448,10,工况2,3,电压上限扩展4%
210,节能,1.1792202039566722,2052.9026385836005,8.90691492235509,4.940867111089014,2,工况2,3,电压上限扩展4%
211,节能,1.1792202039566722,2052.9026385836005,8.9805306025014,4.590207197911059,2,工况2,3,电压上限扩展4%
212,节能,1.1792202039566722,2052.9026385836005,9.1156796239101,4.009939455406053,6,工况2,3,电压上限扩展4%
213,节能,1.1792202039566722,2052.9026385836005,9.00401518722985,4.483664045623197,6,工况2,3,电压上限扩展4%
214,节能,1.1792202039566722,2052.9026385836005,9.041976389074492,4.316648874094809,6,工况2,3,电压上限扩展4%
215,节能,1.1792202039566722,2052.9026385836005,8.978903418999927,4.597682387435018,4,工况2,3,电压上限扩展4%
216,节能,1.1792202039566528,2052.9026385830534,8.986373077009315,4.56346721925599,1,工况2,3,电压上限扩展4%
217,节能,1.1792202039566493,2052.902638587933,9.11310277576543,4.020285785187212,8,工况2,3,电压上限扩展4%
218,节能,1.1792202039566262,2052.902638584426,9.05514284344759,4.260186434388067,2,工况2,3,电压上限扩展4%
219,节能,1.1792202039566224,2052.902638584768,9.144583450307564,3.895695853584541,3,工况2,3,电压上限扩展4%
220,节能,1.1792202039566084,2052.902638586,8.970462364311555,4.6366559334139135,3,工况2,3,电压上限扩展4%
221,节能,1.1792202039566084,2052.902638586,8.936673880912096,4.795998314852566,2,工况2,3,电压上限扩展4%
222,节能,1.1792202039566084,2052.902638586,8.932360492381738,4.816729998735913,3,工况2,3,电压上限扩展4%
223,节能,1.1792202039566084,2052.902638586,8.894986452463526,5.0001570115376595,0,工况2,3,电压上限扩展4%
224,节能,1.1792202039566084,2052.902638586,9.010728833146649,4.45366313324838,3,工况2,3,电压上限扩展4%
225,节能,1.1792202039566084,2052.902638586,9.049117067455967,4.285934862744589,7,工况2,3,电压上限扩展4%
226,节能,1.1792202039566084,2052.902638586,8.996267932888255,4.518535034162843,6,工况2,3,电压上限扩展4%
227,节能,1.1792202039566084,2052.902638586,9.022849612314797,4.400007099287381,4,工况2,3,电压上限扩展4%
228,节能,1.1792202039566084,2052.902638586,8.94455662839834,4.75834128660775,3,工况2,3,电压上限扩展4%
229,节能,1.1792202039566084,2052.902638586,9.059695746668936,4.240834305461529,5,工况2,3,电压上限扩展4%
230,节能,1.1792202039566082,2052.902638585995,8.943386036925672,4.763914621754775,2,工况2,3,电压上限扩展4%
231,节能,1.1792202039566082,2052.902638585995,9.064854462642018,4.2190133781660055,5,工况2,3,电压上限扩展4%
232,节能,1.1792202039566082,2052.902638585995,9.137886210729524,3.921873824263149,6,工况2,3,电压上限扩展4%
233,节能,1.1792202039566082,2052.902638585995,8.97158485843164,4.631454234376262,5,工况2,3,电压上限扩展4%
234,节能,1.1792202039566082,2052.902638585995,8.970875110172534,4.634742567762651,2,工况2,3,电压上限扩展4%
235,节能,1.1792202039566082,2052.902638585995,9.143271689544529,3.9008094277096927,8,工况2,3,电压上限扩展4%
236,节能,1.1792202039566082,2052.902638585995,9.135067517713518,3.9329439769729335,5,工况2,3,电压上限扩展4%
237,节能,1.1792202039566082,2052.902638585995,9.04504819144513,4.30340932689705,6,工况2,3,电压上限扩展4%
238,节能,1.1792202039566082,2052.902638585995,9.000980233448754,4.497292429067704,5,工况2,3,电压上限扩展4%
239,节能,1.1792202039566082,2052.902638585995,8.989980745547948,4.547033403845623,3,工况2,3,电压上限扩展4%
240,节能,1.1792202039566082,2052.902638585995,9.020155354577028,4.4118778366930975,7,工况2,3,电压上限扩展4%
241,节能,1.1792202039566082,2052.902638585995,8.94342921331887,4.763708937544285,2,工况2,3,电压上限扩展4%
242,节能,1.1792202039566082,2052.902638585995,9.048523989347993,4.288477510803804,4,工况2,3,电压上限扩展4%
243,节能,1.1792202039566082,2052.902638585995,8.894986452463465,5.0001570115379605,0,工况2,3,电压上限扩展4%
244,节能,1.1792202039566082,2052.902638585995,9.054252292653418,4.263982036637976,4,工况2,3,电压上限扩展4%
245,节能,1.1792202039566082,2052.902638585995,8.993478653851142,4.531156082842624,7,工况2,3,电压上限扩展4%
246,节能,1.1792202039566082,2052.902638585995,8.949727639177809,4.733799360490803,6,工况2,3,电压上限扩展4%
247,节能,1.1792202039566082,2052.902638585995,8.92359474310874,4.85913784293989,7,工况2,3,电压上限扩展4%
248,节能,1.1792202039566082,2052.902638585995,9.137925200100064,3.9217209158523274,5,工况2,3,电压上限扩展4%
249,节能,1.1792202039566082,2052.902638585995,9.023101211061972,4.3989002022664305,5,工况2,3,电压上限扩展4%
250,节能,1.1792202039566082,2052.902638585995,9.04520981193301,4.302713863984131,7,工况2,3,电压上限扩展4%
251,节能,1.1792202039566082,2052.902638585995,8.986800900692383,4.561515277475919,4,工况2,3,电压上限扩展4%
252,节能,1.1792202039566082,2052.902638585995,9.020023631353453,4.41245902174071,10,工况2,3,电压上限扩展4%
253,节能,1.1792202039566082,2052.902638585995,8.937910861194672,4.7900694272163715,3,工况2,3,电压上限扩展4%
254,节能,1.1792202039566082,2052.902638585995,8.982074446102457,4.583126103358748,2,工况2,3,电压上限扩展4%
255,节能,1.1792202039566082,2052.902638585995,8.953488897574411,4.716027760639232,3,工况2,3,电压上限扩展4%
256,节能,1.1790793448010002,2052.505174568407,9.079541033128946,4.157503332230203,4,工况2,3,电压上限扩展4%
257,节能,1.1790793448010002,2052.505174568407,9.06557192157074,4.215987494950704,9,工况2,3,电压上限扩展4%
258,节能,1.1790793448010002,2052.505174568407,9.058413194929173,4.246276884326483,9,工况2,3,电压上限扩展4%
259,节能,1.1790793448010002,2052.505174568407,9.064854462642014,4.219013378166021,15,工况2,3,电压上限扩展4%
260,节能,1.1790793448010002,2052.505174568407,9.04332596108183,4.310827174893569,18,工况2,3,电压上限扩展4%
261,节能,1.1790793448010002,2052.505174568407,9.063403050711573,4.225141350548131,25,工况2,3,电压上限扩展4%
262,节能,1.1790793448010002,2052.505174568407,8.97858830591628,4.599131405600057,30,工况2,3,电压上限扩展4%
263,节能,1.1790793448010002,2052.505174568407,8.981707747613399,4.584807036955082,20,工况2,3,电压上限扩展4%
264,节能,1.1790793448010002,2052.505174568407,8.964257073459382,4.665517185684535,8,工况2,3,电压上限扩展4%
265,节能,1.1790793448010002,2052.505174568407,9.039201240118972,4.328644855327621,6,工况2,3,电压上限扩展4%
266,节能,1.1790793448010002,2052.505174568407,9.025515822188945,4.388291382133588,3,工况2,3,电压上限扩展4%
267,节能,1.1790793448010002,2052.505174568407,9.05704953335981,4.252071318852419,6,工况2,3,电压上限扩展4%
268,节能,1.1790793448010002,2052.505174568407,9.067850972011522,4.2063899875479205,6,工况2,3,电压上限扩展4%
269,节能,1.1790793448010002,2052.505174568407,9.041738584860752,4.3176755134510465,5,工况2,3,电压上限扩展4%
270,节能,1.1790793448010002,2052.505174568407,8.997449608550001,4.513198744788813,5,工况2,3,电压上限扩展4%
271,节能,1.1790793448010002,2052.505174568407,8.96866873742144,4.6449798269243425,1,工况2,3,电压上限扩展4%
272,节能,1.1785236972049724,2051.692259422596,9.04529217623034,4.302359488574249,10,工况2,3,电压上限扩展4%
273,节能,1.1784695725359673,2051.5980337700234,9.010516263194605,4.454609948835742,9,工况2,3,电压上限扩展4%
274,节能,1.1784469133997029,2051.558586472876,8.983567653296722,4.57628765337097,15,工况2,3,电压上限扩展4%
275,节能,1.1784468451083443,2051.5584675844293,9.045965000285964,4.2994657312183415,31,工况2,3,电压上限扩展4%
276,节能,1.1784464572037028,2051.557792281122,9.049014206032284,4.286375742780767,60,工况2,3,电压上限扩展4%
277,节能,1.1784464572037028,2051.557792281122,8.98256204515714,4.580891920140336,84,工况2,3,电压上限扩展4%
278,节能,1.1784464572037028,2051.557792281122,9.045725889567871,4.300493902475234,96,工况2,3,电压上限扩展4%
279,节能,1.1784464572037028,2051.557792281122,9.014572823245377,4.43657615838233,95,工况2,3,电压上限扩展4%
280,节能,1.1784464572037028,2051.557792281122,9.0123087476433,4.446632281835492,97,工况2,3,电压上限扩展4%
281,节能,1.1784464572037028,2051.557792281122,9.065252982388651,4.2173323530066025,93,工况2,3,电压上限扩展4%
282,节能,1.1784464572037028,2051.557792281122,8.985679463904356,4.56663359791724,92,工况2,3,电压上限扩展4%
283,节能,1.1784464572037028,2051.557792281122,9.063223519361529,4.225899963974331,93,工况2,3,电压上限扩展4%
284,节能,1.1783420420074426,2051.376015834504,9.030048571725086,4.368445368889803,96,工况2,3,电压上限扩展4%
285,节能,1.1783072429813448,2051.3072711133827,8.976238957363082,4.6099490705709245,95,工况2,3,电压上限扩展4%
286,节能,1.1783072429813448,2051.3072711133827,8.981736556319506,4.58467495649914,94,工况2,3,电压上限扩展4%
287,节能,1.1783072429813448,2051.3072711133827,9.005212771965812,4.478297691973958,91,工况2,3,电压上限扩展4%
288,节能,1.1783072429813448,2051.3072711133827,9.045436278945445,4.301739551558966,81,工况2,3,电压上限扩展4%
289,节能,1.1783067064536787,2051.3098684372935,9.047458232192986,4.293050422769015,64,工况2,3,电压上限扩展4%
290,节能,1.1783067064536787,2051.3098684372935,9.159690737003833,3.837284786735666,27,工况2,3,电压上限扩展4%
291,节能,1.178306651509154,2051.3109333464026,8.922632819280222,4.863814212211996,4,工况2,3,电压上限扩展4%
292,节能,1.178306651509154,2051.3109333464026,9.060103038108142,4.239107401654264,1,工况2,3,电压上限扩展4%
293,节能,1.1783066513675426,2051.3110616159315,9.030360552827208,4.367082709062166,5,工况2,3,电压上限扩展4%
294,节能,1.1783066512832918,2051.31098564119,9.058213050749398,4.247126836984297,10,工况2,3,电压上限扩展4%
295,节能,1.1783066512624036,2051.3110217345375,8.987427302576306,4.55865883044787,5,工况2,3,电压上限扩展4%
296,节能,1.1783066512574847,2051.3110135902216,9.058085525952912,4.247668485505908,3,工况2,3,电压上限扩展4%
297,节能,1.1783066512570932,2051.311010903327,9.058285738368031,4.246818134668036,5,工况2,3,电压上限扩展4%
298,节能,1.1783066512570914,2051.3110102018563,8.975772144606292,4.612101555969949,5,工况2,3,电压上限扩展4%
299,节能,1.1783066512570874,2051.3110105859546,9.037810297040322,4.334669943234831,4,工况2,3,电压上限扩展4%
300,节能,1.1783066512570874,2051.3110105859546,9.037537192351937,4.335853923586859,6,工况2,3,电压上限扩展4%
0,节能,2187.587869696237,2198.033717899945,7.554819276887651,18.54845315779816,0,工况3,1,电压上限扩展4%
1,节能,2187.587869696237,2198.033717899945,7.554819276887651,18.54845315779816,0,工况3,1,电压上限扩展4%
2,节能,1589.3810878836068,2117.9472710610285,7.74844187549673,15.283346923482275,0,工况3,1,电压上限扩展4%
3,节能,1347.8275934434027,2242.6408621445016,7.836933135990521,13.98901723808954,0,工况3,1,电压上限扩展4%
4,节能,1323.45316229053,2146.9738564584677,7.846267376441039,13.859047913648586,0,工况3,1,电压上限扩展4%
5,节能,683.0621415918741,2210.986375085158,8.133650447978882,10.397394300909744,0,工况3,1,电压上限扩展4%
6,节能,683.0621415918741,2210.986375085158,8.133650447978882,10.397394300909744,0,工况3,1,电压上限扩展4%
7,节能,602.1975148014625,2200.941932482459,8.178425937471019,9.942114627952657,0,工况3,1,电压上限扩展4%
8,节能,525.0401187777705,2235.4514401151378,8.224068807499997,9.498528266071657,0,工况3,1,电压上限扩展4%
9,节能,468.58369897525813,2227.1405096253734,8.259628206051081,9.166701066379213,0,工况3,1,电压上限扩展4%
10,节能,363.3950383755003,2252.7467126601587,8.332181334707025,8.525181728234625,0,工况3,1,电压上限扩展4%
11,节能,250.8568348286455,2268.722222454265,8.422765674244046,7.78687793120872,0,工况3,1,电压上限扩展4%
12,节能,243.56889471608824,2282.9480590487183,8.42928571112021,7.736272354334572,0,工况3,1,电压上限扩展4%
13,节能,163.1565478360799,2292.1921543685967,8.508966388594628,7.143760269782077,0,工况3,1,电压上限扩展4%
14,节能,146.30667918560832,2297.7645272886566,8.52803911919718,7.008800372708181,0,工况3,1,电压上限扩展4%
15,节能,100.91561478121379,2316.987777666137,8.585813178729524,6.615348609418548,0,工况3,1,电压上限扩展4%
16,节能,100.91561478121379,2316.987777666137,8.585813178729524,6.615348609418548,0,工况3,1,电压上限扩展4%
17,节能,54.13520322809372,2324.3063997919508,8.661803759566398,6.131270054410006,0,工况3,1,电压上限扩展4%
18,节能,39.19716611873989,2331.433486922686,8.692976472529516,5.943090012351309,0,工况3,1,电压上限扩展4%
19,节能,38.905198490976225,2326.9603092088405,8.693636515576449,5.939168611400441,0,工况3,1,电压上限扩展4%
20,节能,12.5782771232032,2340.5724995451365,8.771268245512005,5.495543160208319,0,工况3,1,电压上限扩展4%
21,节能,12.5782771232032,2340.5724995451365,8.771268245512005,5.495543160208319,0,工况3,1,电压上限扩展4%
22,节能,8.485359227219387,2354.0648383291646,8.790219528545869,5.392376226922177,0,工况3,1,电压上限扩展4%
23,节能,5.846936625765482,2351.5587445581505,8.805479196123171,5.310715004414856,0,工况3,1,电压上限扩展4%
24,节能,5.846936625765482,2351.5587445581505,8.805479196123171,5.310715004414856,0,工况3,1,电压上限扩展4%
25,节能,4.692029482533477,2357.123925213694,8.813569501165809,5.267923033488825,0,工况3,1,电压上限扩展4%
26,节能,3.536635447431869,2355.1933659053166,8.82313811835882,5.217756688616237,0,工况3,1,电压上限扩展4%
27,节能,2.4219636329036094,2355.156609115939,8.835089609954396,5.1557678806254765,0,工况3,1,电压上限扩展4%
28,节能,1.2257433962556261,2357.3536565606937,8.866052460039338,4.998576713967422,1,工况3,1,电压上限扩展4%
29,节能,1.2257433962556261,2357.3536565606937,8.866052460039338,4.998576713967422,1,工况3,1,电压上限扩展4%
30,节能,1.2257433962556261,2357.3536565606937,8.874256343404939,4.957736725917939,2,工况3,1,电压上限扩展4%
31,节能,1.2257433962556261,2357.3536565606937,8.874256343404939,4.957736725917939,7,工况3,1,电压上限扩展4%
32,节能,1.2250346098738203,2355.990516303137,8.88127935393622,4.923040467384283,11,工况3,1,电压上限扩展4%
33,节能,1.2250346098738203,2355.990516303137,8.874256343404939,4.957736725917939,26,工况3,1,电压上限扩展4%
34,节能,1.2250346098738203,2355.990516303137,8.881950708033038,4.919736473196816,41,工况3,1,电压上限扩展4%
35,节能,1.2250346098738203,2355.990516303137,8.883995389550181,4.909687455981752,72,工况3,1,电压上限扩展4%
36,节能,1.2250055844607708,2355.919963618755,8.880295921269868,4.927884327612482,66,工况3,1,电压上限扩展4%
37,节能,1.222302209284568,2350.7355546692916,8.882152117864997,4.918745689680587,79,工况3,1,电压上限扩展4%
38,节能,1.222302209284568,2350.7355546692916,8.885280262374192,4.903383182957027,76,工况3,1,电压上限扩展4%
39,节能,1.2219613959705944,2350.0801014036615,8.882777078744615,4.915672626419929,75,工况3,1,电压上限扩展4%
40,节能,1.2213624601575495,2348.92822611456,8.883378515539649,4.912717048915684,80,工况3,1,电压上限扩展4%
41,节能,1.2211872970194826,2348.591351801977,8.879609678885684,4.931267211308773,80,工况3,1,电压上限扩展4%
42,节能,1.220022456618717,2346.351126982947,8.8770819061435,4.943748101931807,84,工况3,1,电压上限扩展4%
43,节能,1.2196208333049257,2345.5787237293634,8.887293152092186,4.893523140283109,89,工况3,1,电压上限扩展4%
44,节能,1.2190127316147754,2344.4092205958236,8.88242272122411,4.91741484064857,93,工况3,1,电压上限扩展4%
45,节能,1.2185198388051448,2343.461287553211,8.881179809866042,4.9235305512621235,97,工况3,1,电压上限扩展4%
46,节能,1.2184829050414858,2343.390256419714,8.880225195199843,4.928232869829874,97,工况3,1,电压上限扩展4%
47,节能,1.2180420093367947,2342.5423243771756,8.878611936810177,4.936189799419336,95,工况3,1,电压上限扩展4%
48,节能,1.2166909305193372,2339.943925233958,8.876529063175587,4.94648197393642,96,工况3,1,电压上限扩展4%
49,节能,1.2165339652521276,2339.6420491253534,8.875440641317178,4.951868764057341,96,工况3,1,电压上限扩展4%
50,节能,1.2160873755266246,2338.783166323608,8.884695720041817,4.906250255880429,88,工况3,1,电压上限扩展4%
51,节能,1.216014639428623,2338.6432800251287,8.88218365807915,4.918590553834695,100,工况3,1,电压上限扩展4%
52,节能,1.2155545104127785,2337.7583584164913,8.875968238336899,4.949256861931851,92,工况3,1,电压上限扩展4%
53,节能,1.2141024238589202,2334.96570086856,8.87608943060625,4.948657086605955,95,工况3,1,电压上限扩展4%
54,节能,1.2140654704168687,2334.894631889515,8.886959689471315,4.895155219438333,97,工况3,1,电压上限扩展4%
55,节能,1.2137748069541356,2334.3356269796823,8.886959689471315,4.895155219438333,95,工况3,1,电压上限扩展4%
56,节能,1.2137748069541356,2334.3356269796823,8.876174800268496,4.948234639454243,91,工况3,1,电压上限扩展4%
57,节能,1.2126537361708003,2332.1795800301884,8.881510797745177,4.921901191991066,94,工况3,1,电压上限扩展4%
58,节能,1.212163635745075,2331.2370173093163,8.875044117134916,4.953832689115836,87,工况3,1,电压上限扩展4%
59,节能,1.2111653960537085,2329.0211239877353,8.888249412538194,4.88884589435149,85,工况3,1,电压上限扩展4%
60,节能,1.2110575723228456,2329.109832565148,8.88868302976437,4.886726466099083,77,工况3,1,电压上限扩展4%
61,节能,1.2102217574077252,2327.5023906222536,8.884106938510522,4.909139815995343,89,工况3,1,电压上限扩展4%
62,节能,1.208739561507857,2324.6518266828784,8.88196702752557,4.919656186249303,84,工况3,1,电压上限扩展4%
63,节能,1.2080157292662392,2322.923361083881,8.88374946541426,4.910895015104888,82,工况3,1,电压上限扩展4%
64,节能,1.207393104431865,2322.062316087767,8.88113160846207,4.923767878066891,79,工况3,1,电压上限扩展4%
65,节能,1.2071777284500091,2321.648104304196,8.87161434003434,4.970852401258439,81,工况3,1,电压上限扩展4%
66,节能,1.2059975303331294,2319.378343475958,8.876501219615838,4.946619703520242,91,工况3,1,电压上限扩展4%
67,节能,1.2048686656744956,2316.740184068778,8.880208276544687,4.928316249607662,89,工况3,1,电压上限扩展4%
68,节能,1.2040585724673643,2315.6493334492743,8.883075154183995,4.914207603496483,81,工况3,1,电压上限扩展4%
69,节能,1.2030863005532397,2313.7794569653915,8.875404084281653,4.952049793008584,83,工况3,1,电压上限扩展4%
70,节能,1.2022264461286698,2312.125782160321,8.874524422294053,4.956407839495092,80,工况3,1,电压上限扩展4%
71,节能,1.2017841501755684,2311.275157155519,8.875804887619282,4.950065392627158,80,工况3,1,电压上限扩展4%
72,节能,1.2007618838191632,2309.309131198853,8.87854336495907,4.936528294696792,80,工况3,1,电压上限扩展4%
73,节能,1.200733593729257,2309.2547236066207,8.878892730658643,4.934803942267986,82,工况3,1,电压上限扩展4%
74,节能,1.1992390350702848,2306.380383569028,8.876684925020664,4.945711066208435,77,工况3,1,电压上限扩展4%
75,节能,1.1992390350702848,2306.380383569028,8.883929167300172,4.910012597297603,80,工况3,1,电压上限扩展4%
76,节能,1.199170810340497,2305.9674510478753,8.883133178065735,4.913922470367997,75,工况3,1,电压上限扩展4%
77,节能,1.1983826177483243,2304.733319010791,8.88211188886936,4.918943569859709,64,工况3,1,电压上限扩展4%
78,节能,1.1974093330412225,2302.8614947201854,8.878819127261272,4.9351671739708785,80,工况3,1,电压上限扩展4%
79,节能,1.1973397225333675,2302.7276195667655,8.881956981413753,4.919705609913714,86,工况3,1,电压上限扩展4%
80,节能,1.1970031106805998,2301.209118482498,8.874691356933392,4.955580512396687,76,工况3,1,电压上限扩展4%
81,节能,1.1966562965395948,2301.413252489341,8.874691356933392,4.955580512396687,76,工况3,1,电压上限扩展4%
82,节能,1.1955878774437745,2299.304899020043,8.880619830941013,4.926288396703163,74,工况3,1,电压上限扩展4%
83,节能,1.1955878774437745,2299.304899020043,8.880153823733675,4.92858461758764,63,工况3,1,电压上限扩展4%
84,节能,1.195575445044286,2299.319863785821,8.883024483247034,4.914456617309002,56,工况3,1,电压上限扩展4%
85,节能,1.1955708339810383,2299.3100403368026,8.87679482869518,4.945167544257238,55,工况3,1,电压上限扩展4%
86,节能,1.1955145421984281,2299.2174268546564,8.872711198446323,4.965403069106634,44,工况3,1,电压上限扩展4%
87,节能,1.1949508867495209,2298.1334028757547,8.870637308114597,4.975711456062083,36,工况3,1,电压上限扩展4%
88,节能,1.1949508867495209,2298.1334028757547,8.870703105176519,4.975384079637626,44,工况3,1,电压上限扩展4%
89,节能,1.1949508867495209,2298.1334028757547,8.870298826318896,4.9773959288762315,65,工况3,1,电压上限扩展4%
90,节能,1.1944207401106046,2297.1138231483988,8.870152644586224,4.978123586421136,88,工况3,1,电压上限扩展4%
91,节能,1.194417646954221,2297.1078743800563,8.871491272665892,4.97146418862716,96,工况3,1,电压上限扩展4%
92,节能,1.1941890772391321,2296.6682883661406,8.873364751363376,4.96215897565532,95,工况3,1,电压上限扩展4%
93,节能,1.1933199282440037,2294.9043182380083,8.87700812996678,4.944112846219987,91,工况3,1,电压上限扩展4%
94,节能,1.1933199282440037,2294.9043182380083,8.874191060865236,4.958060390127281,88,工况3,1,电压上限扩展4%
95,节能,1.1925024012313734,2293.4244676231783,8.87735514346966,4.942397469949164,81,工况3,1,电压上限扩展4%
96,节能,1.1924662207872039,2293.3548852761555,8.875733350012515,4.950419521125284,66,工况3,1,电压上限扩展4%
97,节能,1.191771436507375,2292.018673906322,8.879117303652114,4.93369584300372,66,工况3,1,电压上限扩展4%
98,节能,1.1910394579988044,2290.6109304757033,8.879117303652114,4.93369584300372,71,工况3,1,电压上限扩展4%
99,节能,1.1910237331207345,2290.580688339437,8.878859334394608,4.934968749035352,77,工况3,1,电压上限扩展4%
100,节能,1.1908884863645632,2290.2689246378545,8.870567134309953,4.976060632917158,77,工况3,1,电压上限扩展4%
101,节能,1.1904894441279787,2289.553142023805,8.87739226314853,4.942214013147188,74,工况3,1,电压上限扩展4%
102,节能,1.1896446249693908,2287.9283830908066,8.876467579683153,4.946786110273026,73,工况3,1,电压上限扩展4%
103,节能,1.1891755022281654,2287.026164720484,8.87357369339611,4.961122280380572,74,工况3,1,电压上限扩展4%
104,节能,1.1888742621144854,2286.446818761407,8.874717022843006,4.9554533245473715,65,工况3,1,电压上限扩展4%
105,节能,1.1884305774390855,2285.593522961398,8.877064626730801,4.943833527733592,64,工况3,1,电压上限扩展4%
106,节能,1.188134876016846,2284.478793690714,8.875246476802134,4.952830334602893,61,工况3,1,电压上限扩展4%
107,节能,1.1876885425496662,2284.1664390666674,8.875684901109638,4.950659369330009,80,工况3,1,电压上限扩展4%
108,节能,1.187216361954157,2283.1149769371095,8.87567748379944,4.950696090042425,71,工况3,1,电压上限扩展4%
109,节能,1.186366564531769,2279.9123853069973,8.874961004989167,4.954244429890401,62,工况3,1,电压上限扩展4%
110,节能,1.186366564531769,2279.9123853069973,8.875933405058483,4.949429263776721,54,工况3,1,电压上限扩展4%
111,节能,1.186366564531769,2279.9123853069973,8.875380665632306,4.95216576468418,57,工况3,1,电压上限扩展4%
112,节能,1.1859530911198333,2279.9784617903174,8.87859288729458,4.936283832339548,52,工况3,1,电压上限扩展4%
113,节能,1.1850162704762146,2278.9898562597054,8.874905165901254,4.954521078104486,38,工况3,1,电压上限扩展4%
114,节能,1.1850162704762146,2278.9898562597054,8.868825246072346,4.984735927906877,21,工况3,1,电压上限扩展4%
115,节能,1.1850162704762146,2278.9898562597054,8.876087771569862,4.948665296614941,15,工况3,1,电压上限扩展4%
116,节能,1.1850094444660877,2279.009142005233,8.86905716293739,4.983580017620131,17,工况3,1,电压上限扩展4%
117,节能,1.1850089371879726,2279.005865847872,8.87486436125417,4.954723249713289,32,工况3,1,电压上限扩展4%
118,节能,1.1850089371879726,2279.005865847872,8.875468317436777,4.951731717441658,35,工况3,1,电压上限扩展4%
119,节能,1.1850078616048976,2279.010944820052,8.877801034559994,4.940194190200337,40,工况3,1,电压上限扩展4%
120,节能,1.1850073942283366,2279.000466084131,8.869046731922138,4.983632001690425,36,工况3,1,电压上限扩展4%
121,节能,1.1850068474238107,2279.006779095929,8.866029623675509,4.998690864587278,24,工况3,1,电压上限扩展4%
122,节能,1.1842669355512083,2276.645057703411,8.875037148728596,4.953867209555129,10,工况3,1,电压上限扩展4%
123,节能,1.183989046388612,2277.0515561072048,8.874921746123617,4.954438931724314,14,工况3,1,电压上限扩展4%
124,节能,1.1831263721181242,2275.392458165362,8.874213667251107,4.957948307567826,16,工况3,1,电压上限扩展4%
125,节能,1.1831263721181242,2275.392458165362,8.873912606000262,4.959441178398429,24,工况3,1,电压上限扩展4%
126,节能,1.1830887201482976,2275.319959568511,8.877338536053323,4.94247955108323,41,工况3,1,电压上限扩展4%
127,节能,1.1826094171304065,2274.303801373405,8.873710371665911,4.9604442491081455,59,工况3,1,电压上限扩展4%
128,节能,1.1825849326751545,2274.3265327345416,8.871730969663307,4.970272686393848,58,工况3,1,电压上限扩展4%
129,节能,1.1825849326751545,2274.3265327345416,8.874120314189556,4.958411168825772,60,工况3,1,电压上限扩展4%
130,节能,1.1813208358875236,2271.920045058131,8.868233398773938,4.98768700360603,58,工况3,1,电压上限扩展4%
131,节能,1.1813208358875236,2271.920045058131,8.877857659838881,4.939914458246585,58,工况3,1,电压上限扩展4%
132,节能,1.1812416592505652,2271.764462701831,8.874162745970775,4.958200779071499,56,工况3,1,电压上限扩展4%
133,节能,1.1812407793216544,2271.756261522393,8.868264514809539,4.987531808974195,52,工况3,1,电压上限扩展4%
134,节能,1.179994752367918,2269.369716952431,8.876795207760688,4.945165669715147,57,工况3,1,电压上限扩展4%
135,节能,1.1799932212299509,2268.939818495069,8.873835093539514,4.959825611787102,59,工况3,1,电压上限扩展4%
136,节能,1.1798446330794121,2269.0810070521693,8.876706632524442,4.945603708332018,33,工况3,1,电压上限扩展4%
137,节能,1.1798446330794121,2269.0810070521693,8.87446792832851,4.9566878545382975,28,工况3,1,电压上限扩展4%
138,节能,1.1798157418577704,2269.0251964650806,8.873715844765918,4.960417100174986,45,工况3,1,电压上限扩展4%
139,节能,1.1798151873324463,2269.023316455661,8.867548145109728,4.991106005709256,53,工况3,1,电压上限扩展4%
140,节能,1.1794902237720388,2268.306914550457,8.87343711886406,4.9617998896054845,56,工况3,1,电压上限扩展4%
141,节能,1.1790287673788873,2266.9102529498905,8.874306752582333,4.9574868167867585,39,工况3,1,电压上限扩展4%
142,节能,1.1790287673788873,2266.9102529498905,8.869426137213333,4.98174154398712,26,工况3,1,电压上限扩展4%
143,节能,1.1787828269138374,2267.0389380068677,8.872712911731883,4.9653945619605455,16,工况3,1,电压上限扩展4%
144,节能,1.1782287825188213,2265.6272894913927,8.872918170538473,4.964375475590315,25,工况3,1,电压上限扩展4%
145,节能,1.178088757216459,2265.68868622721,8.871807800882218,4.969890828954509,25,工况3,1,电压上限扩展4%
146,节能,1.1772229746680771,2263.6892051893924,8.876215549982707,4.948033004415148,36,工况3,1,电压上限扩展4%
147,节能,1.177119754846491,2263.7245608301428,8.871690086643191,4.970475890305834,38,工况3,1,电压上限扩展4%
148,节能,1.177119754846491,2263.7245608301428,8.87306244907116,4.963659274448455,48,工况3,1,电压上限扩展4%
149,节能,1.1770965750619284,2263.7959330018048,8.871805949170598,4.969900031767626,47,工况3,1,电压上限扩展4%
150,节能,1.1770833133424372,2263.770395099646,8.872057185683962,4.968651568248254,46,工况3,1,电压上限扩展4%
151,节能,1.1770815123634522,2263.761563559906,8.871940671878292,4.969230518478713,44,工况3,1,电压上限扩展4%
152,节能,1.177080586951957,2263.7606977193805,8.871855562969104,4.96965346226553,50,工况3,1,电压上限扩展4%
153,节能,1.177080586951957,2263.7606977193805,8.871009702443066,4.973858874302627,37,工况3,1,电压上限扩展4%
154,节能,1.177080586951957,2263.7606977193805,8.872037656105848,4.96874860486472,31,工况3,1,电压上限扩展4%
155,节能,1.176796083796248,2263.0842056072784,8.871743988757206,4.970207978368261,15,工况3,1,电压上限扩展4%
156,节能,1.176796083796248,2263.0842056072784,8.873954313935315,4.959234334661408,13,工况3,1,电压上限扩展4%
157,节能,1.1767589494983888,2263.1466104281,8.871703103054736,4.970411192967136,12,工况3,1,电压上限扩展4%
158,节能,1.1767503874160306,2263.126069335019,8.871245214249889,4.972687609740989,8,工况3,1,电压上限扩展4%
159,节能,1.1767503874160306,2263.126069335019,8.871846201046987,4.969699987991979,12,工况3,1,电压上限扩展4%
160,节能,1.176750377089485,2263.1213942285244,8.866492736053672,4.996376444932835,10,工况3,1,电压上限扩展4%
161,节能,1.1762401742214237,2261.11682768652,8.87215634027644,4.968158928051012,11,工况3,1,电压上限扩展4%
162,节能,1.1757762971340782,2261.2567702289098,8.873209345579834,4.962930183782537,13,工况3,1,电压上限扩展4%
163,节能,1.1755502382597371,2260.8220130720256,8.871706075744738,4.970396417497439,13,工况3,1,电压上限扩展4%
164,节能,1.1755203410437685,2260.5795933057793,8.871158601314205,4.973118327465701,22,工况3,1,电压上限扩展4%
165,节能,1.1752657685998948,2260.269520718179,8.870566513797229,4.976063720627054,43,工况3,1,电压上限扩展4%
166,节能,1.1752342322950253,2259.95538219649,8.87088805478473,4.974463969391032,64,工况3,1,电压上限扩展4%
167,节能,1.174685837284347,2259.1595943257403,8.870605697320725,4.975868744737285,54,工况3,1,电压上限扩展4%
168,节能,1.1743573430215446,2258.5278330990905,8.871168603283984,4.973068586735239,67,工况3,1,电压上限扩展4%
169,节能,1.1742386822041144,2258.299624231954,8.870501983264646,4.976384839029974,74,工况3,1,电压上限扩展4%
170,节能,1.1736434412240229,2257.1548548575156,8.870126580494718,4.9782533383807435,85,工况3,1,电压上限扩展4%
171,节能,1.1733167826217046,2255.942862297947,8.871654864070344,4.9706509663382645,76,工况3,1,电压上限扩展4%
172,节能,1.1733167826217046,2255.942862297947,8.86914592208765,4.983137698922717,69,工况3,1,电压上限扩展4%
173,节能,1.1731487553089912,2255.9828729122473,8.870064855420472,4.978560630921404,71,工况3,1,电压上限扩展4%
174,节能,1.173070056813786,2256.023319713049,8.871076376219612,4.973527259402601,68,工况3,1,电压上限扩展4%
175,节能,1.173070056813786,2256.023319713049,8.86888963072154,4.98441499776443,61,工况3,1,电压上限扩展4%
176,节能,1.173070056813786,2256.023319713049,8.869375954396446,4.981991548083703,52,工况3,1,电压上限扩展4%
177,节能,1.173070056813786,2256.023319713049,8.870346528519566,4.977158501799762,54,工况3,1,电压上限扩展4%
178,节能,1.173064726324842,2256.037725639358,8.86956522177347,4.98104870883821,51,工况3,1,电压上限扩展4%
179,节能,1.1730646990297278,2256.0380167609405,8.867771950672008,4.989989093413502,45,工况3,1,电压上限扩展4%
180,节能,1.1730646990297278,2256.0380167609405,8.869569086022668,4.9810294608619206,33,工况3,1,电压上限扩展4%
181,节能,1.1730646990297278,2256.0380167609405,8.867902710888192,4.989336644019035,23,工况3,1,电压上限扩展4%
182,节能,1.173064558882933,2256.0391646028684,8.867536603948674,4.991163609199912,11,工况3,1,电压上限扩展4%
183,节能,1.173064558882933,2256.0391646028684,8.868254351323674,4.987582499940832,9,工况3,1,电压上限扩展4%
184,节能,1.173064127432216,2256.039128675765,8.869648443301184,4.980634195603495,9,工况3,1,电压上限扩展4%
185,节能,1.173064127432216,2256.039128675765,8.868249551520412,4.987606439413039,9,工况3,1,电压上限扩展4%
186,节能,1.1727811444300733,2255.2610347257664,8.868933956115368,4.984194066503119,9,工况3,1,电压上限扩展4%
187,节能,1.1727811444300733,2255.2610347257664,8.868204331447814,4.9878319844378645,5,工况3,1,电压上限扩展4%
188,节能,1.1727811444300733,2255.2610347257664,8.867564118932677,4.991026279302371,11,工况3,1,电压上限扩展4%
189,节能,1.1727811444300733,2255.2610347257664,8.867529033136904,4.991201396503148,19,工况3,1,电压上限扩展4%
190,节能,1.1727000297660022,2255.340482895978,8.868335875740684,4.9871759067591,26,工况3,1,电压上限扩展4%
191,节能,1.1726905112665291,2255.317726494356,8.867600334893922,4.990845527761132,36,工况3,1,电压上限扩展4%
192,节能,1.1726905112665291,2255.317726494356,8.867213005050786,4.992779005599177,38,工况3,1,电压上限扩展4%
193,节能,1.1726905112665291,2255.317726494356,8.867523122520977,4.991230897664804,25,工况3,1,电压上限扩展4%
194,节能,1.1726905112665291,2255.317726494356,8.867547600678098,4.991108723025976,12,工况3,1,电压上限扩展4%
195,节能,1.17268996282415,2255.315699263018,8.866376739895356,4.996956039020641,4,工况3,1,电压上限扩展4%
196,节能,1.17268996282415,2255.315699263018,8.869200212322092,4.98286717055238,4,工况3,1,电压上限扩展4%
197,节能,1.1726898179256684,2255.3174676267377,8.865734508768934,5.000166270471202,0,工况3,1,电压上限扩展4%
198,节能,1.1726898179256684,2255.3174676267377,8.865746590127696,5.00010586203353,0,工况3,1,电压上限扩展4%
199,节能,1.1726895959462182,2255.317211086774,8.865818955170344,4.99974404225129,2,工况3,1,电压上限扩展4%
200,节能,1.1726895959462182,2255.317211086774,8.869219397999958,4.982771571785063,2,工况3,1,电压上限扩展4%
201,节能,1.1726895837670053,2255.3155012368443,8.865834639933661,4.999665623064335,1,工况3,1,电压上限扩展4%
202,节能,1.1726895837670053,2255.3155012368443,8.865837387630107,4.9996518855197465,1,工况3,1,电压上限扩展4%
203,节能,1.1726895695653787,2255.3172480737667,8.8664195534455,4.996742106172345,5,工况3,1,电压上限扩展4%
204,节能,1.1726895631478265,2255.316388376108,8.865841233375624,4.99963265816789,2,工况3,1,电压上限扩展4%
205,节能,1.172689545750616,2255.3159640998624,8.867221400007216,4.992737091612896,2,工况3,1,电压上限扩展4%
206,节能,1.1726895260031323,2255.3174277709,8.866432127587037,4.996679276824889,3,工况3,1,电压上限扩展4%
207,节能,1.1726895026288633,2255.3165693617557,8.869205391392747,4.982841363998066,4,工况3,1,电压上限扩展4%
208,节能,1.1726894772027778,2255.317034923899,8.865839249626966,4.999642576192306,1,工况3,1,电压上限扩展4%
209,节能,1.1726894772027778,2255.317034923899,8.866631645330934,4.995682450094221,3,工况3,1,电压上限扩展4%
210,节能,1.1726894762482918,2255.316948134665,8.867221450116075,4.992736841432542,3,工况3,1,电压上限扩展4%
211,节能,1.1726894656428382,2255.316835681371,8.867112157222266,4.993282541910017,2,工况3,1,电压上限扩展4%
212,节能,1.1726894618530435,2255.316715262308,8.865747846589779,5.0000995795940515,0,工况3,1,电压上限扩展4%
213,节能,1.1726894556796388,2255.3165971217795,8.868616441095083,4.9857768742525685,3,工况3,1,电压上限扩展4%
214,节能,1.1726894556796388,2255.3165971217795,8.866631258232173,4.995684383917078,1,工况3,1,电压上限扩展4%
215,节能,1.172689453804065,2255.316593448904,8.865908197865476,4.999297871527022,1,工况3,1,电压上限扩展4%
216,节能,1.1726894493308049,2255.316678712872,8.866743316758944,4.9951246062493215,2,工况3,1,电压上限扩展4%
217,节能,1.1726894493308049,2255.316678712872,8.865730653467082,5.000185547658645,0,工况3,1,电压上限扩展4%
218,节能,1.1726894484335246,2255.3166863400565,8.866285770421962,4.997410630156729,2,工况3,1,电压上限扩展4%
219,节能,1.1726894451314815,2255.316643266937,8.866630192788149,4.995689706541989,1,工况3,1,电压上限扩展4%
220,节能,1.1726894444785405,2255.316703224179,8.865843468943003,4.999621481164705,1,工况3,1,电压上限扩展4%
221,节能,1.1726894444785405,2255.316703224179,8.865843731086702,4.999620170545609,1,工况3,1,电压上限扩展4%
222,节能,1.172689444032578,2255.3166903031524,8.865843374137233,4.999621955157693,2,工况3,1,电压上限扩展4%
223,节能,1.1726894432989399,2255.316670099346,8.867806367615746,4.989817356194975,4,工况3,1,电压上限扩展4%
224,节能,1.172689442646678,2255.3166748854296,8.869207741809426,4.982829652258379,5,工况3,1,电压上限扩展4%
225,节能,1.1726894419425593,2255.3166790565665,8.869207804343036,4.982829340664061,1,工况3,1,电压上限扩展4%
226,节能,1.1726894419425593,2255.3166790565665,8.866086531020587,4.998406410455151,1,工况3,1,电压上限扩展4%
227,节能,1.1726894416811997,2255.316679504069,8.866447736878323,4.996601282811315,1,工况3,1,电压上限扩展4%
228,节能,1.1726894413878755,2255.3166782145145,8.865730321712368,5.000187206494048,0,工况3,1,电压上限扩展4%
229,节能,1.1726894413878755,2255.3166782145145,8.865730302260838,5.00018730375534,0,工况3,1,电压上限扩展4%
230,节能,1.1726894413316513,2255.316681095499,8.866266431426864,4.997507275990926,2,工况3,1,电压上限扩展4%
231,节能,1.1726894413316513,2255.316681095499,8.866438523174978,4.996647320225356,3,工况3,1,电压上限扩展4%
232,节能,1.172689441320305,2255.316680121055,8.867806329973169,4.989817544024564,2,工况3,1,电压上限扩展4%
233,节能,1.1726894412932551,2255.3166795935567,8.865736344799542,5.000157090021315,0,工况3,1,电压上限扩展4%
234,节能,1.1726894412932551,2255.3166795935567,8.865730283493988,5.000187397593105,0,工况3,1,电压上限扩展4%
235,节能,1.1726894412370714,2255.3166798146667,8.86610618641935,4.9983081657494965,1,工况3,1,电压上限扩展4%
236,节能,1.1726894411575535,2255.3166809049194,8.869321115528686,4.9822647623507,1,工况3,1,电压上限扩展4%
237,节能,1.1726894411575535,2255.3166809049194,8.866379851626368,4.996940489861764,2,工况3,1,电压上限扩展4%
238,节能,1.1726894411575535,2255.3166809049194,8.86574995848369,5.000089019925343,0,工况3,1,电压上限扩展4%
239,节能,1.1726894411395354,2255.316680793846,8.866467421820435,4.996502925972384,1,工况3,1,电压上限扩展4%
240,节能,1.1726894411395354,2255.316680793846,8.869227441943833,4.982731490811401,2,工况3,1,电压上限扩展4%
241,节能,1.1726894411318884,2255.3166806676318,8.866649946727264,4.995591022966384,3,工况3,1,电压上限扩展4%
242,节能,1.1726894411318884,2255.3166806676318,8.869207756105085,4.982829581025542,1,工况3,1,电压上限扩展4%
243,节能,1.1726894411307152,2255.3166808752485,8.867919699445443,4.9892518831078,1,工况3,1,电压上限扩展4%
244,节能,1.1726894411249482,2255.3166809886775,8.868505287415182,4.986331092500437,2,工况3,1,电压上限扩展4%
245,节能,1.1726894411249482,2255.3166809886775,8.86861865555161,4.98576583347865,3,工况3,1,电压上限扩展4%
246,节能,1.1726894411217905,2255.316680939398,8.867919700743855,4.989251876629695,1,工况3,1,电压上限扩展4%
247,节能,1.1726894411217905,2255.316680939398,8.86852497560142,4.986232921651647,2,工况3,1,电压上限扩展4%
248,节能,1.1726894411217905,2255.316680939398,8.866418853438928,4.996745603925882,1,工况3,1,电压上限扩展4%
249,节能,1.17268944112044,2255.316680898076,8.867806332001484,4.98981753390364,2,工况3,1,电压上限扩展4%
250,节能,1.17268944112044,2255.316680898076,8.86791970069012,4.989251876897791,3,工况3,1,电压上限扩展4%
251,节能,1.1726894411191178,2255.3166809035756,8.869321124461289,4.98226471784611,4,工况3,1,电压上限扩展4%
252,节能,1.1726894411191178,2255.3166809035756,8.866379859371415,4.996940451160223,1,工况3,1,电压上限扩展4%
253,节能,1.1726894411189952,2255.316680904376,8.866561105527605,4.996034856980952,4,工况3,1,电压上限扩展4%
254,节能,1.1726894411189064,2255.316680899301,8.86584364657701,4.999620593061986,1,工况3,1,电压上限扩展4%
255,节能,1.172689441118774,2255.3166808814085,8.86573027809707,5.000187424578708,0,工况3,1,电压上限扩展4%
256,节能,1.172689441118774,2255.3166808814085,8.866447736973177,4.996601282337367,2,工况3,1,电压上限扩展4%
257,节能,1.1726894411185356,2255.31668089044,8.865843646602697,4.9996205929335655,1,工况3,1,电压上限扩展4%
258,节能,1.1726894411184585,2255.316680887645,8.867224231336367,4.992722955550834,1,工况3,1,电压上限扩展4%
259,节能,1.1726894411184459,2255.3166808867827,8.865749966063099,5.000088982027624,0,工况3,1,电压上限扩展4%
260,节能,1.1726894411181992,2255.316680890735,8.868524976009567,4.9862329196165325,2,工况3,1,电压上限扩展4%
261,节能,1.1726894411181972,2255.316680890539,8.866266490759699,4.997506979474657,2,工况3,1,电压上限扩展4%
262,节能,1.1726894411181972,2255.316680890539,8.866630259496567,4.995689373287441,6,工况3,1,电压上限扩展4%
263,节能,1.1726894411181603,2255.3166808869873,8.866379859359785,4.996940451218338,2,工况3,1,电压上限扩展4%
264,节能,1.1726894411181035,2255.31668088917,8.867806332313048,4.989817532348992,3,工况3,1,电压上限扩展4%
265,节能,1.1726894411181035,2255.31668088917,8.86922744398825,4.982731480624624,2,工况3,1,电压上限扩展4%
266,节能,1.1726894411181035,2255.31668088917,8.86920775590017,4.982829582046599,2,工况3,1,电压上限扩展4%
267,节能,1.1726894411180209,2255.316680890219,8.865730278014446,5.000187424991842,0,工况3,1,电压上限扩展4%
268,节能,1.1726894411180209,2255.316680890219,8.865730278014446,5.000187424991842,0,工况3,1,电压上限扩展4%
269,节能,1.172689441118005,2255.3166808899296,8.869227443986118,4.982731480635245,4,工况3,1,电压上限扩展4%
270,节能,1.172689441118005,2255.3166808899296,8.867826020396457,4.989719293372292,3,工况3,1,电压上限扩展4%
271,节能,1.1726894411179807,2255.3166808895926,8.868505287933703,4.9863310899149225,2,工况3,1,电压上限扩展4%
272,节能,1.1726894411179807,2255.3166808895926,8.86791970092887,4.98925187570661,3,工况3,1,电压上限扩展4%
273,节能,1.1726894411179807,2255.3166808895926,8.86584364662983,4.999620592797907,1,工况3,1,电压上限扩展4%
274,节能,1.1726894411179765,2255.31668088948,8.866418853235125,4.996745604944235,3,工况3,1,电压上限扩展4%
275,节能,1.1726894411179765,2255.31668088948,8.865843646630045,4.999620592796832,3,工况3,1,电压上限扩展4%
276,节能,1.1726894411179694,2255.3166808896885,8.867826020397722,4.989719293365981,1,工况3,1,电压上限扩展4%
277,节能,1.1726894411179676,2255.316680889673,8.867110862749684,4.9932890055815475,4,工况3,1,电压上限扩展4%
278,节能,1.1726894411179676,2255.316680889673,8.869207755900517,4.982829582044873,3,工况3,1,电压上限扩展4%
279,节能,1.1726894411179676,2255.316680889673,8.867806332311334,4.989817532357546,4,工况3,1,电压上限扩展4%
280,节能,1.1726894411179667,2255.316680889615,8.866379859378577,4.996940451124435,3,工况3,1,电压上限扩展4%
281,节能,1.1726894411179662,2255.3166808896244,8.866447736940772,4.996601282499279,1,工况3,1,电压上限扩展4%
282,节能,1.1726894411179662,2255.3166808896244,8.869321124519079,4.982264717558184,1,工况3,1,电压上限扩展4%
283,节能,1.172689441117966,2255.316680889626,8.865843646630756,4.9996205927932795,1,工况3,1,电压上限扩展4%
284,节能,1.1726894411179656,2255.316680889636,8.866630259502568,4.9956893732574645,2,工况3,1,电压上限扩展4%
285,节能,1.1726894411179645,2255.3166808896426,8.867806332311215,4.989817532358139,1,工况3,1,电压上限扩展4%
286,节能,1.1726894411179645,2255.3166808896426,8.866266490760145,4.997506979472429,3,工况3,1,电压上限扩展4%
287,节能,1.1726894411179645,2255.3166808896426,8.866630259502598,4.9956893732573135,2,工况3,1,电压上限扩展4%
288,节能,1.1726894411179642,2255.316680889638,8.8671108627496,4.993289005581964,1,工况3,1,电压上限扩展4%
289,节能,1.1726894411179642,2255.316680889638,8.86920775590024,4.9828295820462545,3,工况3,1,电压上限扩展4%
290,节能,1.172689441117964,2255.3166808896376,8.866649947589632,4.995591018658345,1,工况3,1,电压上限扩展4%
291,节能,1.172689441117964,2255.3166808896376,8.867806332311241,4.989817532358007,2,工况3,1,电压上限扩展4%
292,节能,1.172689441117964,2255.3166808896376,8.867806332311229,4.989817532358069,6,工况3,1,电压上限扩展4%
293,节能,1.172689441117964,2255.3166808896376,8.867919700930164,4.98925187570015,4,工况3,1,电压上限扩展4%
294,节能,1.172689441117964,2255.3166808896376,8.868505287935818,4.986331089904374,2,工况3,1,电压上限扩展4%
295,节能,1.1726894411179638,2255.3166808896403,8.865811659738597,4.999780517675753,1,工况3,1,电压上限扩展4%
296,节能,1.1726894411179638,2255.3166808896403,8.866743628121528,4.99512305095466,3,工况3,1,电压上限扩展4%
297,节能,1.1726894411179638,2255.3166808896403,8.866266490760188,4.997506979472216,3,工况3,1,电压上限扩展4%
298,节能,1.1726894411179638,2255.3166808896403,8.867110862749605,4.9932890055819374,3,工况3,1,电压上限扩展4%
299,节能,1.1726894411179638,2255.3166808896403,8.866743628121522,4.995123050954686,1,工况3,1,电压上限扩展4%
300,节能,1.1726894411179638,2255.3166808896403,8.865843646630829,4.999620592792915,1,工况3,1,电压上限扩展4%
0,节能,1912.2640078403608,2052.1454972963566,7.640110411975173,17.032022740767193,0,工况3,2,电压上限扩展4%
1,节能,1912.2640078403608,2052.1454972963566,7.640110411975173,17.032022740767193,0,工况3,2,电压上限扩展4%
2,节能,1912.2640078403608,2052.1454972963566,7.640110411975173,17.032022740767193,0,工况3,2,电压上限扩展4%
3,节能,1479.4867167945602,2118.6827018160675,7.7877891719756285,14.693665797155857,0,工况3,2,电压上限扩展4%
4,节能,1415.1241996504184,2229.3102499269785,7.811536997262846,14.348833898591174,0,工况3,2,电压上限扩展4%
5,节能,1053.1794866149244,2196.801469902008,7.956416017739276,12.413562898510676,0,工况3,2,电压上限扩展4%
6,节能,1053.1794866149244,2196.801469902008,7.956416017739276,12.413562898510676,0,工况3,2,电压上限扩展4%
7,节能,729.2566609936288,2193.5478903759977,8.109254292230641,10.65417018855688,0,工况3,2,电压上限扩展4%
8,节能,729.2566609936288,2193.5478903759977,8.109254292230641,10.65417018855688,0,工况3,2,电压上限扩展4%
9,节能,686.1620492275819,2220.6706340561436,8.131990964953394,10.414662924792534,0,工况3,2,电压上限扩展4%
10,节能,586.5819763135028,2234.6800706269664,8.187423531821652,9.853060749670469,0,工况3,2,电压上限扩展4%
11,节能,529.2899001187534,2362.285932907052,8.221511511080433,9.522849903961543,0,工况3,2,电压上限扩展4%
12,节能,401.96040727919655,2358.1714925794363,8.304532983341339,8.76417764518662,0,工况3,2,电压上限扩展4%
13,节能,337.95006345152956,2357.8747583660393,8.351305624119348,8.363692788048548,0,工况3,2,电压上限扩展4%
14,节能,285.89043854783114,2265.128264397452,8.392703944905369,8.024519002519384,0,工况3,2,电压上限扩展4%
15,节能,279.21775437973935,2393.2082426766965,8.398336295353014,7.9794491430921335,0,工况3,2,电压上限扩展4%
16,节能,210.63881491353786,2372.318972233119,8.460062935013909,7.501798109423529,0,工况3,2,电压上限扩展4%
17,节能,166.9658532485635,2383.0761671040445,8.504846358383498,7.173253492679582,0,工况3,2,电压上限扩展4%
18,节能,100.45925439484074,2261.893700612172,8.586414261678796,6.611373430991608,0,工况3,2,电压上限扩展4%
19,节能,100.07464428521442,2259.6188737646453,8.586954209146855,6.607804600224423,0,工况3,2,电压上限扩展4%
20,节能,72.93714173203544,2397.3189366967003,8.628385911193012,6.339625919984479,0,工况3,2,电压上限扩展4%
21,节能,59.47306946030218,2396.083813967443,8.651834034813673,6.19270285444665,0,工况3,2,电压上限扩展4%
22,节能,58.4730428188493,2270.4084006991807,8.653558044525408,6.18203577230237,0,工况3,2,电压上限扩展4%
23,节能,46.12141678143766,2403.8768928628083,8.677965179002445,6.032976448923118,0,工况3,2,电压上限扩展4%
24,节能,19.852342877533427,2411.979031160816,8.744860673960867,5.642600274175748,0,工况3,2,电压上限扩展4%
25,节能,19.662479398202507,2412.024177497995,8.74547948616822,5.6391096443784265,0,工况3,2,电压上限扩展4%
26,节能,13.99746770807576,2418.3878314121835,8.765698460212276,5.526237556964601,0,工况3,2,电压上限扩展4%
27,节能,13.99746770807576,2418.3878314121835,8.765698460212276,5.526237556964601,0,工况3,2,电压上限扩展4%
28,节能,10.804616859106178,2419.124119019862,8.779142564779407,5.4524394278123,0,工况3,2,电压上限扩展4%
29,节能,1.731969867291945,2441.499952297245,8.84670175876313,5.096244602207307,0,工况3,2,电压上限扩展4%
30,节能,1.2707840210586938,2443.975931579785,8.877907834697702,4.939666604954111,1,工况3,2,电压上限扩展4%
31,节能,1.268692942505257,2439.9543625555034,8.877907834697702,4.939666604954111,2,工况3,2,电压上限扩展4%
32,节能,1.268692942505257,2439.9543625555034,8.877907834697702,4.939666604954111,5,工况3,2,电压上限扩展4%
33,节能,1.2673046244041881,2437.2843447018304,8.877907834697702,4.939666604954111,13,工况3,2,电压上限扩展4%
34,节能,1.265535875759276,2433.882681598152,8.889266839687771,4.883874379314523,29,工况3,2,电压上限扩展4%
35,节能,1.265535875759276,2433.882681598152,8.888847225306431,4.885924153267978,61,工况3,2,电压上限扩展4%
36,节能,1.265535875759276,2433.882681598152,8.892120702383686,4.869956341942016,78,工况3,2,电压上限扩展4%
37,节能,1.2647038296983295,2432.282487927771,8.90638253630497,4.800994761586617,83,工况3,2,电压上限扩展4%
38,节能,1.263972542232522,2430.8760735128258,8.90638253630497,4.800994761586617,87,工况3,2,电压上限扩展4%
39,节能,1.263896362957487,2430.6180761560126,8.897232068652505,4.845127719512946,85,工况3,2,电压上限扩展4%
40,节能,1.2629819129991553,2428.9708921733163,8.898431498508677,4.839319812454048,81,工况3,2,电压上限扩展4%
41,节能,1.2611484595149505,2425.444788513833,8.895733294181476,4.852394917833114,82,工况3,2,电压上限扩展4%
42,节能,1.260997717752174,2425.1548814690445,8.894707598519282,4.857374551609394,87,工况3,2,电压上限扩展4%
43,节能,1.2563669887184168,2416.249048442641,8.889401878699845,4.883214910271274,89,工况3,2,电压上限扩展4%
44,节能,1.2562123290718687,2415.9516065111357,8.885858845738968,4.900546987583097,83,工况3,2,电压上限扩展4%
45,节能,1.256019415282816,2415.5805940892747,8.888211087431031,4.889033263484739,83,工况3,2,电压上限扩展4%
46,节能,1.253668115345634,2410.8401735515,8.8929138082324,4.86609548232179,85,工况3,2,电压上限扩展4%
47,节能,1.252832617516435,2409.451734337514,8.885279904306465,4.903384938700611,90,工况3,2,电压上限扩展4%
48,节能,1.2516428900312417,2406.975614919335,8.891735689427902,4.871831699223025,90,工况3,2,电压上限扩展4%
49,节能,1.2516414085044558,2407.160797320276,8.890829379059031,4.876249092269613,89,工况3,2,电压上限扩展4%
50,节能,1.251319835385314,2406.5423468594568,8.893883058224361,4.8613813042922365,89,工况3,2,电压上限扩展4%
51,节能,1.2502129506169393,2404.4135824997297,8.887548939194106,4.892271600251596,97,工况3,2,电压上限扩展4%
52,节能,1.2494432141103204,2402.9332227653767,8.894690322117258,4.857458470289837,93,工况3,2,电压上限扩展4%
53,节能,1.2494432141103204,2402.9332227653767,8.88796754740274,4.890224083784366,97,工况3,2,电压上限扩展4%
54,节能,1.2471280948928631,2398.480778012814,8.891738885653185,4.871816127776259,98,工况3,2,电压上限扩展4%
55,节能,1.2460024175139353,2396.3158716438056,8.894990765781884,4.855999296876933,99,工况3,2,电压上限扩展4%
56,节能,1.245656919738086,2395.6514092059742,8.88796754740274,4.890224083784366,96,工况3,2,电压上限扩展4%
57,节能,1.2452913111665538,2394.9482696209648,8.884406382793017,4.907670022217128,94,工况3,2,电压上限扩展4%
58,节能,1.2450630889380079,2394.50935189429,8.899440413502338,4.834439812302748,95,工况3,2,电压上限扩展4%
59,节能,1.2445510445922576,2393.524586555588,8.887099256298274,4.89447206583078,97,工况3,2,电压上限扩展4%
60,节能,1.2444301467769656,2393.292075486942,8.891569413274382,4.8726418360099135,97,工况3,2,电压上限扩展4%
61,节能,1.2436487969843462,2391.789381043463,8.890356615483615,4.878554950244979,95,工况3,2,电压上限扩展4%
62,节能,1.2423336604793676,2389.260106271632,8.889888560010109,4.880838919062599,87,工况3,2,电压上限扩展4%
63,节能,1.2403891600650907,2385.5204367977585,8.881333721929881,4.922772818827183,95,工况3,2,电压上限扩展4%
64,节能,1.2385664497387932,2382.014994414243,8.89161687459407,4.872410579485929,96,工况3,2,电压上限扩展4%
65,节能,1.2381069883246552,2381.131356739363,8.88995035642533,4.8805373100333975,97,工况3,2,电压上限扩展4%
66,节能,1.2374590648750488,2379.885268269487,8.886607267844031,4.896880682033882,93,工况3,2,电压上限扩展4%
67,节能,1.235280137107151,2375.6947473523633,8.881541563153007,4.921749770022886,94,工况3,2,电压上限扩展4%
68,节能,1.23524015004265,2375.617844100831,8.887705196069854,4.89150720889829,96,工况3,2,电压上限扩展4%
69,节能,1.2350433294254661,2375.239318054497,8.888844263817735,4.885938622898557,93,工况3,2,电压上限扩展4%
70,节能,1.2348437001569597,2374.8553904008722,8.887835350067768,4.890870601108651,92,工况3,2,电压上限扩展4%
71,节能,1.2344275672207805,2374.0550821946736,8.879586539824514,4.931381317522573,93,工况3,2,电压上限扩展4%
72,节能,1.2311937428929973,2367.835780808215,8.888908709986701,4.8856237530186934,97,工况3,2,电压上限扩展4%
73,节能,1.231059004114532,2367.5766507545136,8.887429535191107,4.892855791941147,96,工况3,2,电压上限扩展4%
74,节能,1.229413057637247,2364.4111611760395,8.891875818626167,4.87114906118281,88,工况3,2,电压上限扩展4%
75,节能,1.2290450117262326,2363.7033340918697,8.896661930441182,4.847890899587004,80,工况3,2,电压上限扩展4%
76,节能,1.2282224741836552,2362.121427234711,8.88878662605353,4.886220245592793,83,工况3,2,电压上限扩展4%
77,节能,1.2282118461303553,2362.100987328296,8.871647624193777,4.970686953367987,94,工况3,2,电压上限扩展4%
78,节能,1.226716140144866,2359.224440748642,8.887624209144727,4.891903373068217,94,工况3,2,电压上限扩展4%
79,节能,1.226716140144866,2359.224440748642,8.879314376085734,4.93272364335722,95,工况3,2,电压上限扩展4%
80,节能,1.2257460206561843,2357.358703816319,8.87037834401043,4.977000153577896,97,工况3,2,电压上限扩展4%
81,节能,1.2255927393210564,2357.063912657786,8.878143709946858,4.938501597266557,97,工况3,2,电压上限扩展4%
82,节能,1.2247180045112127,2355.381619847721,8.885812438117952,4.900774415587621,83,工况3,2,电压上限扩展4%
83,节能,1.2244330525895328,2354.833599392079,8.890623777563276,4.8772517594480655,79,工况3,2,电压上限扩展4%
84,节能,1.2243720059421876,2354.716194282837,8.879419666837393,4.932204300518565,78,工况3,2,电压上限扩展4%
85,节能,1.222529387803261,2351.172465129808,8.888873189409018,4.8857972962789,79,工况3,2,电压上限扩展4%
86,节能,1.2213269226850338,2348.8598803326977,8.886216807702455,4.898793092093923,90,工况3,2,电压上限扩展4%
87,节能,1.2213269226850338,2348.8598803326977,8.883461048593277,4.912311604107552,91,工况3,2,电压上限扩展4%
88,节能,1.2210932753166754,2348.3951607752233,8.885581586617501,4.9019058973119325,85,工况3,2,电压上限扩展4%
89,节能,1.2193154270743798,2344.991365480881,8.887483288225557,4.892592793163758,76,工况3,2,电压上限扩展4%
90,节能,1.2193154270743798,2344.991365480881,8.886377019171329,4.898008312123985,80,工况3,2,电压上限扩展4%
91,节能,1.2192313534151733,2344.8296747480927,8.889632199832084,4.882090332196193,87,工况3,2,电压上限扩展4%
92,节能,1.2179417410089977,2342.349488005475,8.88225570936898,4.918236175807993,82,工况3,2,电压上限扩展4%
93,节能,1.217867753797161,2342.207195560829,8.880804581019394,4.925378348604064,80,工况3,2,电压上限扩展4%
94,节能,1.2170250611250504,2340.4687510602034,8.885125323185976,4.904142968025625,75,工况3,2,电压上限扩展4%
95,节能,1.21637008781175,2339.3268795029985,8.885125323185976,4.904142968025625,75,工况3,2,电压上限扩展4%
96,节能,1.2162302452674814,2339.0579338704283,8.88374019713423,4.910940530866011,78,工况3,2,电压上限扩展4%
97,节能,1.2128232304822875,2332.5055520371934,8.887365335739963,4.893169920680854,82,工况3,2,电压上限扩展4%
98,节能,1.2126194556771825,2332.1136516742004,8.887365335739963,4.893169920680854,81,工况3,2,电压上限扩展4%
99,节能,1.2124885388746836,2331.773061436539,8.889810435389187,4.881220247648313,80,工况3,2,电压上限扩展4%
100,节能,1.2123172538278537,2331.5324561020184,8.884503550095232,4.907193180328003,86,工况3,2,电压上限扩展4%
101,节能,1.211985373349178,2330.8941824940703,8.88355093741378,4.911870062056662,72,工况3,2,电压上限扩展4%
102,节能,1.2119230813919282,2330.7743824007994,8.887960736557936,4.890257390455079,86,工况3,2,电压上限扩展4%
103,节能,1.2101883391998594,2327.438120617007,8.881221551817195,4.923325037779652,85,工况3,2,电压上限扩展4%
104,节能,1.2101883391998594,2327.438120617007,8.873545435185157,4.961262474801349,81,工况3,2,电压上限扩展4%
105,节能,1.2101883391998594,2327.438120617007,8.880768990571456,4.925553648145232,81,工况3,2,电压上限扩展4%
106,节能,1.2091940119354547,2325.525827212268,8.878016401819322,4.939130348679476,85,工况3,2,电压上限扩展4%
107,节能,1.2068439083642677,2321.006100437677,8.879793294709918,4.9303618357384345,82,工况3,2,电压上限扩展4%
108,节能,1.2068439083642677,2321.006100437677,8.883543002735006,4.911909036322406,80,工况3,2,电压上限扩展4%
109,节能,1.206379879564461,2320.113678751935,8.888236250497938,4.888910241961428,89,工况3,2,电压上限扩展4%
110,节能,1.2059489096915008,2319.2848361010233,8.876979398656815,4.944254899099351,91,工况3,2,电压上限扩展4%
111,节能,1.20594709097884,2319.2813383469625,8.883263083438138,4.91328416689995,88,工况3,2,电压上限扩展4%
112,节能,1.203999039385607,2315.534839234257,8.881201618581716,4.923423176555074,86,工况3,2,电压上限扩展4%
113,节能,1.203558527862519,2314.6876460510175,8.874519557348352,4.956431952208757,88,工况3,2,电压上限扩展4%
114,节能,1.203212069656889,2314.0213365115314,8.887829799031634,4.890897750583438,86,工况3,2,电压上限扩展4%
115,节能,1.202909499026516,2313.439431698455,8.883631939277628,4.911472207540355,86,工况3,2,电压上限扩展4%
116,节能,1.2028651235630803,2313.354088663925,8.878956821379388,4.934487677261525,83,工况3,2,电压上限扩展4%
117,节能,1.2019574588201223,2311.6084649001914,8.88068980037666,4.925943719142802,79,工况3,2,电压上限扩展4%
118,节能,1.2018658325036873,2311.4322488726402,8.885524830679392,4.9021841174749055,80,工况3,2,电压上限扩展4%
119,节能,1.201346073074818,2310.432645861178,8.884444749536684,4.907481734511402,90,工况3,2,电压上限扩展4%
120,节能,1.2012687807345743,2310.28399698291,8.885416854498027,4.902713465174216,92,工况3,2,电压上限扩展4%
121,节能,1.2005284512383578,2308.860192905893,8.885021887365534,4.904650258312629,89,工况3,2,电压上限扩展4%
122,节能,1.2000813561087116,2308.000338109268,8.884335517766637,4.908017816705804,88,工况3,2,电压上限扩展4%
123,节能,1.1999832456330832,2307.811651725824,8.888249562847353,4.88884515951323,90,工况3,2,电压上限扩展4%
124,节能,1.199832467721829,2307.5216751601665,8.885357067935233,4.903006590323048,89,工况3,2,电压上限扩展4%
125,节能,1.1983112549462767,2304.5960738395233,8.884580956546074,4.906813346621296,97,工况3,2,电压上限扩展4%
126,节能,1.1983112549462767,2304.5960738395233,8.886408460860268,4.897854312891224,92,工况3,2,电压上限扩展4%
127,节能,1.1983112549462767,2304.5960738395233,8.88509701944126,4.904281775600625,91,工况3,2,电压上限扩展4%
128,节能,1.198145523006531,2304.2773376379973,8.88347084832858,4.912263464989985,78,工况3,2,电压上限扩展4%
129,节能,1.1973379425495505,2302.7241962961425,8.883886719325858,4.910221021809784,69,工况3,2,电压上限扩展4%
130,节能,1.1972613486597106,2302.576890679946,8.883813597263291,4.910580080425951,73,工况3,2,电压上限扩展4%
131,节能,1.1962383366865086,2300.609430750649,8.87732539810024,4.942544485574238,80,工况3,2,电压上限扩展4%
132,节能,1.1962383366865086,2300.609430750649,8.881334610965343,4.922768442309521,92,工况3,2,电压上限扩展4%
133,节能,1.1956627649361704,2299.5024893023674,8.877109338446108,4.943612485398006,95,工况3,2,电压上限扩展4%
134,节能,1.1945292374112648,2297.322485507274,8.877949424644907,4.939461168752868,95,工况3,2,电压上限扩展4%
135,节能,1.1945292374112648,2297.322485507274,8.877729253398709,4.940548815803851,92,工况3,2,电压上限扩展4%
136,节能,1.1943059111769587,2296.892983772526,8.876690339318868,4.9456842887263806,89,工况3,2,电压上限扩展4%
137,节能,1.1937457728700032,2295.759414994861,8.878018433117719,4.939120315842105,87,工况3,2,电压上限扩展4%
138,节能,1.1933591277963473,2295.072126918577,8.873546900149284,4.961255206735123,92,工况3,2,电压上限扩展4%
139,节能,1.1932130396220708,2294.791169670214,8.878278187392185,4.937837524840396,96,工况3,2,电压上限扩展4%
140,节能,1.192086698186256,2292.624986184857,8.87775155455011,4.94043863710526,90,工况3,2,电压上限扩展4%
141,节能,1.1914791334293995,2291.214950106116,8.876217128633469,4.948025193205241,90,工况3,2,电压上限扩展4%
142,节能,1.1914791334293995,2291.214950106116,8.877696909902113,4.940708613011841,84,工况3,2,电压上限扩展4%
143,节能,1.1910788228299898,2290.6866370461144,8.878275521717768,4.937850687525105,87,工况3,2,电压上限扩展4%
144,节能,1.1902864272733764,2289.162699353665,8.872606663362262,4.965922155064735,84,工况3,2,电压上限扩展4%
145,节能,1.190164338838104,2288.9278984808298,8.875091512810723,4.953597904431633,82,工况3,2,电压上限扩展4%
146,节能,1.1899378917950394,2288.492394796603,8.875923676554208,4.949477414554686,85,工况3,2,电压上限扩展4%
147,节能,1.1893418606933785,2287.346105857812,8.874339236891432,4.957325778868267,87,工况3,2,电压上限扩展4%
148,节能,1.1884661670333638,2285.661968984002,8.874270531096402,4.957666387577889,92,工况3,2,电压上限扩展4%
149,节能,1.1882235762345792,2285.1954175766605,8.873681626983378,4.960586837552628,92,工况3,2,电压上限扩展4%
150,节能,1.1882235762345792,2285.1954175766605,8.872412411237242,4.966886889693882,87,工况3,2,电压上限扩展4%
151,节能,1.188215133685784,2285.179180448353,8.87599276971843,4.94913545131267,77,工况3,2,电压上限扩展4%
152,节能,1.188215133685784,2285.179180448353,8.870263824552902,4.9775701495727915,84,工况3,2,电压上限扩展4%
153,节能,1.188215133685784,2285.179180448353,8.876144783043399,4.948383173956532,75,工况3,2,电压上限扩展4%
154,节能,1.187806714696609,2284.393708121145,8.873282771878182,4.9625657875684785,63,工况3,2,电压上限扩展4%
155,节能,1.1878015219838152,2284.3801955901667,8.872141427246264,4.968233018907484,38,工况3,2,电压上限扩展4%
156,节能,1.187801264017259,2284.38144442494,8.87606880394171,4.948759161948337,34,工况3,2,电压上限扩展4%
157,节能,1.1876036682011835,2284.0032084456784,8.873557118352563,4.961204511879907,43,工况3,2,电压上限扩展4%
158,节能,1.187593722538996,2283.9840809160537,8.871819865730354,4.969830868338115,26,工况3,2,电压上限扩展4%
159,节能,1.1875169792444595,2283.8364879642622,8.873471248192608,4.961630549596613,23,工况3,2,电压上限扩展4%
160,节能,1.1868008682370272,2282.459260963056,8.874285522987417,4.957592063340846,46,工况3,2,电压上限扩展4%
161,节能,1.1858765412871655,2280.681592389217,8.874308700761324,4.957477158724504,74,工况3,2,电压上限扩展4%
162,节能,1.1858765412871655,2280.681592389217,8.874684770832332,4.955613150458232,93,工况3,2,电压上限扩展4%
163,节能,1.1858765412871655,2280.681592389217,8.871383343492571,4.972000783603839,74,工况3,2,电压上限扩展4%
164,节能,1.1856028564226917,2280.022763781205,8.87901601998088,4.934195571138178,65,工况3,2,电压上限扩展4%
165,节能,1.1851989836164827,2279.3785112897026,8.871836689258732,4.96974725895077,61,工况3,2,电压上限扩展4%
166,节能,1.1845627675334154,2278.1549384649475,8.872522300504018,4.966341112123513,73,工况3,2,电压上限扩展4%
167,节能,1.1845627675334154,2278.1549384649475,8.874812741606195,4.954979017384512,74,工况3,2,电压上限扩展4%
168,节能,1.1844167367727896,2277.8740916347033,8.87164258217973,4.9707120157046125,71,工况3,2,电压上限扩展4%
169,节能,1.1844060410226507,2277.8535215335087,8.872287354623873,4.967508070587873,63,工况3,2,电压上限扩展4%
170,节能,1.1840266935133514,2277.0660064890517,8.87108518191513,4.973483464228726,69,工况3,2,电压上限扩展4%
171,节能,1.1840266935133514,2277.0660064890517,8.871860938581348,4.969626747407337,71,工况3,2,电压上限扩展4%
172,节能,1.1834435982873195,2276.0025485580113,8.872303900376016,4.967425880110524,75,工况3,2,电压上限扩展4%
173,节能,1.1833253987120296,2275.775226753248,8.87507130360009,4.95369801374664,74,工况3,2,电压上限扩展4%
174,节能,1.1833253987120296,2275.775226753248,8.872106023997251,4.968408913611811,80,工况3,2,电压上限扩展4%
175,节能,1.1832642166513843,2275.6575612167103,8.874174966293912,4.958140188626017,85,工况3,2,电压上限扩展4%
176,节能,1.1832584766680914,2275.6465220623118,8.871686708638872,4.970492680623218,93,工况3,2,电压上限扩展4%
177,节能,1.1814619044771915,2272.191348625171,8.873206925108706,4.962942196426297,97,工况3,2,电压上限扩展4%
178,节能,1.1813899508112062,2272.052967102471,8.868020270073822,4.9887501361416975,93,工况3,2,电压上限扩展4%
179,节能,1.1813899508112062,2272.052967102471,8.87226590576716,4.967614619099372,90,工况3,2,电压上限扩展4%
180,节能,1.181385924742836,2272.032278153768,8.870475192255128,4.976518163189496,78,工况3,2,电压上限扩展4%
181,节能,1.1799556455390605,2269.2945065729295,8.872493284067037,4.966485219738154,70,工况3,2,电压上限扩展4%
182,节能,1.1799556455390605,2269.2945065729295,8.869341839411744,4.982161511548285,60,工况3,2,电压上限扩展4%
183,节能,1.1799132590177404,2269.212988678297,8.87143494457339,4.971744229608857,56,工况3,2,电压上限扩展4%
184,节能,1.1797139937366623,2268.8297610464697,8.871614972167928,4.970849259016668,46,工况3,2,电压上限扩展4%
185,节能,1.1796298958360736,2268.5515223746056,8.874169003489795,4.95816975313289,41,工况3,2,电压上限扩展4%
186,节能,1.1793785456177905,2268.184626141379,8.872536996919147,4.966268125249184,46,工况3,2,电压上限扩展4%
187,节能,1.1793785456177905,2268.184626141379,8.873633389971422,4.960826127210484,56,工况3,2,电压上限扩展4%
188,节能,1.177877653024735,2265.2978394253128,8.870518197848577,4.976304149674499,66,工况3,2,电压上限扩展4%
189,节能,1.177877653024735,2265.2978394253128,8.8714272848378,4.971782312000931,55,工况3,2,电压上限扩展4%
190,节能,1.177613110694556,2264.789335997928,8.871588349893756,4.9709815960900565,60,工况3,2,电压上限扩展4%
191,节能,1.1774255408842118,2264.428601133171,8.874994221913363,4.954079867861862,60,工况3,2,电压上限扩展4%
192,节能,1.1773880659704863,2264.3093447009796,8.869352528943473,4.982108254859373,58,工况3,2,电压上限扩展4%
193,节能,1.1773755886536372,2264.322666206981,8.870784814003164,4.974977563450576,46,工况3,2,电压上限扩展4%
194,节能,1.1773755886536372,2264.322666206981,8.871193883578007,4.97294286768828,56,工况3,2,电压上限扩展4%
195,节能,1.175822159218496,2261.0798020035777,8.8705596942001,4.976097655492627,65,工况3,2,电压上限扩展4%
196,节能,1.175822159218496,2261.0798020035777,8.870040166279775,4.978683548822648,75,工况3,2,电压上限扩展4%
197,节能,1.1757356920652853,2261.178678429528,8.870867025681353,4.974568579008014,69,工况3,2,电压上限扩展4%
198,节能,1.1757195503778073,2261.1458522431117,8.871484463792422,4.971498038813023,55,工况3,2,电压上限扩展4%
199,节能,1.1757195503778073,2261.1458522431117,8.870684302979628,4.975477628668161,34,工况3,2,电压上限扩展4%
200,节能,1.1747598527780365,2259.282153821925,8.869732751827453,4.980214303375077,25,工况3,2,电压上限扩展4%
201,节能,1.1747513984170241,2259.276877085789,8.868086268957281,4.9884208950677476,38,工况3,2,电压上限扩展4%
202,节能,1.1745993535794188,2258.4797327783162,8.868302610543772,4.98734180890704,42,工况3,2,电压上限扩展4%
203,节能,1.1745216773413651,2258.843881393465,8.868205424206854,4.987826533942348,46,工况3,2,电压上限扩展4%
204,节能,1.174294253486357,2258.406499101355,8.868844604273928,4.984639433317934,48,工况3,2,电压上限扩展4%
205,节能,1.174294253486357,2258.406499101355,8.868551434134272,4.986100994989386,46,工况3,2,电压上限扩展4%
206,节能,1.173605307217018,2256.8148535064006,8.868240922049377,4.987649480004048,47,工况3,2,电压上限扩展4%
207,节能,1.173605307217018,2256.8148535064006,8.869243498004991,4.982651488412114,46,工况3,2,电压上限扩展4%
208,节能,1.1732409478204318,2256.241838766929,8.869243498004991,4.982651488412114,48,工况3,2,电压上限扩展4%
209,节能,1.1732094049203667,2256.1043741401822,8.867786596327749,4.989916012286253,48,工况3,2,电压上限扩展4%
210,节能,1.1732094049203667,2256.1043741401822,8.868154359843206,4.988081240633451,43,工况3,2,电压上限扩展4%
211,节能,1.1732094049203667,2256.1043741401822,8.86857791502912,4.985968960321445,39,工况3,2,电压上限扩展4%
212,节能,1.1729524241153162,2255.784374230571,8.868490971885603,4.986402474981623,42,工况3,2,电压上限扩展4%
213,节能,1.1729524241153162,2255.784374230571,8.867935576655599,4.989172668335985,45,工况3,2,电压上限扩展4%
214,节能,1.172944339493995,2255.7996155936007,8.867339784820548,4.992146062349424,39,工况3,2,电压上限扩展4%
215,节能,1.1729434816018947,2255.8014270738995,8.870001462955544,4.978876244155231,42,工况3,2,电压上限扩展4%
216,节能,1.1729434816018947,2255.8014270738995,8.867973253737711,4.988984694408866,46,工况3,2,电压上限扩展4%
217,节能,1.1728997060092872,2255.5114494057243,8.86704173562597,4.993634189219015,47,工况3,2,电压上限扩展4%
218,节能,1.1728997060092872,2255.5114494057243,8.868036444612427,4.9886694460625955,38,工况3,2,电压上限扩展4%
219,节能,1.1728997060092872,2255.5114494057243,8.86675985116767,4.995042015500242,26,工况3,2,电压上限扩展4%
220,节能,1.1728997060092872,2255.5114494057243,8.869856561659521,4.979597742047477,26,工况3,2,电压上限扩展4%
221,节能,1.1728997060092872,2255.5114494057243,8.869145891726449,4.983137850216767,24,工况3,2,电压上限扩展4%
222,节能,1.1728997060092872,2255.5114494057243,8.870013125621693,4.978818177522409,27,工况3,2,电压上限扩展4%
223,节能,1.1728997060092872,2255.5114494057243,8.870127216279856,4.978250173282262,25,工况3,2,电压上限扩展4%
224,节能,1.1728997060092872,2255.5114494057243,8.866588161897415,4.9958996842429295,24,工况3,2,电压上限扩展4%
225,节能,1.1728997060092872,2255.5114494057243,8.867164234749302,4.993022510874389,26,工况3,2,电压上限扩展4%
226,节能,1.1728997060092872,2255.5114494057243,8.867361408294538,4.992038115975978,25,工况3,2,电压上限扩展4%
227,节能,1.1728997060092872,2255.5114494057243,8.869059182097356,4.98356995498503,16,工况3,2,电压上限扩展4%
228,节能,1.1728222470391996,2255.5531021614343,8.869372138096077,4.982010560896166,27,工况3,2,电压上限扩展4%
229,节能,1.1728222470391996,2255.5531021614343,8.866893853402074,4.9943727135542035,30,工况3,2,电压上限扩展4%
230,节能,1.1728219730578604,2255.5544585733337,8.866364712306858,4.997016140713062,21,工况3,2,电压上限扩展4%
231,节能,1.1728216816528068,2255.554380829387,8.868265687552194,4.987525959886329,18,工况3,2,电压上限扩展4%
232,节能,1.1728216816528068,2255.554380829387,8.869124462110246,4.983244638092589,9,工况3,2,电压上限扩展4%
233,节能,1.172817184913591,2255.565796054015,8.866341324920429,4.997133009227158,3,工况3,2,电压上限扩展4%
234,节能,1.1728158673898614,2255.5581788589348,8.867764845813983,4.990024546703501,7,工况3,2,电压上限扩展4%
235,节能,1.1728155159976723,2255.5604817263547,8.865795088603063,4.9998633704028315,5,工况3,2,电压上限扩展4%
236,节能,1.1728155014392638,2255.560093846996,8.869983922352837,4.978963577411295,6,工况3,2,电压上限扩展4%
237,节能,1.1728153949283182,2255.560126039855,8.869233948551736,4.982699070236777,5,工况3,2,电压上限扩展4%
238,节能,1.1728153949283182,2255.560126039855,8.869252722371971,4.982605526818232,2,工况3,2,电压上限扩展4%
239,节能,1.1728153911898076,2255.559607948403,8.86923716241608,4.982683056543629,6,工况3,2,电压上限扩展4%
240,节能,1.1728153604303886,2255.5596822692796,8.866679156269177,4.995445106172113,2,工况3,2,电压上限扩展4%
241,节能,1.1728153604303886,2255.5596822692796,8.8664534380194,4.9965727965636955,3,工况3,2,电压上限扩展4%
242,节能,1.1728153551564555,2255.5601061033713,8.869276421977002,4.982487442434506,9,工况3,2,电压上限扩展4%
243,节能,1.1728153551564555,2255.5601061033713,8.866455573128341,4.996562128347831,2,工况3,2,电压上限扩展4%
244,节能,1.1728153518843982,2255.559845853893,8.866458107091539,4.996549467259325,2,工况3,2,电压上限扩展4%
245,节能,1.1728153492736597,2255.5600950823127,8.86649957800723,4.996342260074185,2,工况3,2,电压上限扩展4%
246,节能,1.1728153492736597,2255.5600950823127,8.86650106040747,4.996334853500709,2,工况3,2,电压上限扩展4%
247,节能,1.172815348411591,2255.5600790686135,8.869247880826517,4.982629650387769,4,工况3,2,电压上限扩展4%
248,节能,1.1728153469623606,2255.5601683330706,8.869235939382158,4.9826891505377615,6,工况3,2,电压上限扩展4%
249,节能,1.172815346460626,2255.5600460128426,8.86668384183366,4.995421699746778,2,工况3,2,电压上限扩展4%
250,节能,1.1728153457092663,2255.5599552098843,8.86596178365814,4.9990299873652715,2,工况3,2,电压上限扩展4%
251,节能,1.172815345247753,2255.5600137230354,8.867865597494717,4.989521818669292,3,工况3,2,电压上限扩展4%
252,节能,1.1728153447381808,2255.5600591942966,8.866636405524963,4.99565866973305,4,工况3,2,电压上限扩展4%
253,节能,1.1728153445688665,2255.5600409911312,8.865738711830263,5.0001452545098815,0,工况3,2,电压上限扩展4%
254,节能,1.1728153443158407,2255.560031183584,8.867166298317146,4.99301220744432,3,工况3,2,电压上限扩展4%
255,节能,1.1728153443158407,2255.560031183584,8.868532519119384,4.986195308055903,6,工况3,2,电压上限扩展4%
256,节能,1.1728153442279128,2255.560032365009,8.865779003476215,4.999943794486183,2,工况3,2,电压上限扩展4%
257,节能,1.1726936570015396,2255.3282267747913,8.869953670481758,4.979114202653884,4,工况3,2,电压上限扩展4%
258,节能,1.1726936570015396,2255.3282267747913,8.866643425772573,4.995623599095317,9,工况3,2,电压上限扩展4%
259,节能,1.1726936570015396,2255.3282267747913,8.86632609855345,4.99720909798747,9,工况3,2,电压上限扩展4%
260,节能,1.1726920122105213,2255.3245190445678,8.867976962484628,4.988966191561574,16,工况3,2,电压上限扩展4%
261,节能,1.1726916581681717,2255.313632778719,8.867755550815396,4.990070929190177,22,工况3,2,电压上限扩展4%
262,节能,1.1726909805892274,2255.318075559918,8.867358821090818,4.992051031412273,19,工况3,2,电压上限扩展4%
263,节能,1.1726909805892274,2255.318075559918,8.866288927554734,4.997394852692759,7,工况3,2,电压上限扩展4%
264,节能,1.1726909805892274,2255.318075559918,8.866288927554734,4.997394852692759,4,工况3,2,电压上限扩展4%
265,节能,1.1726909791139157,2255.318641823662,8.867794079075644,4.989878674142412,2,工况3,2,电压上限扩展4%
266,节能,1.1726907899432095,2255.3186472966945,8.867142562910963,4.993130720023605,1,工况3,2,电压上限扩展4%
267,节能,1.1726907899432095,2255.3186472966945,8.865770383810643,4.999986892515312,2,工况3,2,电压上限扩展4%
268,节能,1.1726907899432095,2255.3186472966945,8.86611121785116,4.998283017166064,2,工况3,2,电压上限扩展4%
269,节能,1.1726907853818234,2255.318171915348,8.866472391526472,4.99647809488333,3,工况3,2,电压上限扩展4%
270,节能,1.1726907853818234,2255.318171915348,8.86855317368083,4.986092321442106,1,工况3,2,电压上限扩展4%
271,节能,1.1726907853818234,2255.318171915348,8.86578650034352,4.9999063107115305,1,工况3,2,电压上限扩展4%
272,节能,1.1726907853818234,2255.318171915348,8.86575244185563,5.000076602859992,0,工况3,2,电压上限扩展4%
273,节能,1.1726907821016317,2255.3182123508204,8.866001285871757,4.998832518515084,2,工况3,2,电压上限扩展4%
274,节能,1.1726907809168154,2255.3180515245726,8.867148852055495,4.993099317601589,5,工况3,2,电压上限扩展4%
275,节能,1.1726907809168154,2255.3180515245726,8.865753006319087,5.000073780500262,0,工况3,2,电压上限扩展4%
276,节能,1.1726907809168154,2255.3180515245726,8.867801940434093,4.9898394470717236,2,工况3,2,电压上限扩展4%
277,节能,1.1726907809168154,2255.3180515245726,8.867147421525972,4.993106460382681,6,工况3,2,电压上限扩展4%
278,节能,1.1726907809168154,2255.3180515245726,8.865763280032576,5.000022411438695,0,工况3,2,电压上限扩展4%
279,节能,1.1726907808928366,2255.318079510541,8.86572489441562,5.000214344067451,0,工况3,2,电压上限扩展4%
280,节能,1.1726907808735845,2255.318077520401,8.865724758629097,5.000215023029218,0,工况3,2,电压上限扩展4%
281,节能,1.1726907808722242,2255.318097967779,8.86849927346583,4.986361080133255,2,工况3,2,电压上限扩展4%
282,节能,1.1726907808709097,2255.3180834356654,8.866108925327937,4.998294475859084,5,工况3,2,电压上限扩展4%
283,节能,1.1726907808683458,2255.318093599199,8.865765459040787,5.000011516360675,0,工况3,2,电压上限扩展4%
284,节能,1.1726907808683458,2255.318093599199,8.866330116068704,4.997189021664021,1,工况3,2,电压上限扩展4%
285,节能,1.1726907808681362,2255.318088440536,8.86920186066072,4.982858957106712,3,工况3,2,电压上限扩展4%
286,节能,1.1726907808676987,2255.318092640218,8.86714610560287,4.993113030931147,4,工况3,2,电压上限扩展4%
287,节能,1.1726907808669214,2255.3180861204387,8.86575268171131,5.000075403563361,0,工况3,2,电压上限扩展4%
288,节能,1.1726907808667173,2255.318093445494,8.867841575832388,4.9896416767171905,3,工况3,2,电压上限扩展4%
289,节能,1.1726907808666012,2255.3180927628846,8.865765537813578,5.0000111224958275,0,工况3,2,电压上限扩展4%
290,节能,1.172690584913567,2255.3193518338794,8.866665500937513,4.995513321097593,2,工况3,2,电压上限扩展4%
291,节能,1.172690584913567,2255.3193518338794,8.869201867119813,4.982858924921963,1,工况3,2,电压上限扩展4%
292,节能,1.172690584913567,2255.3193518338794,8.866264626381719,4.99751629672531,1,工况3,2,电压上限扩展4%
293,节能,1.172690584913567,2255.3193518338794,8.866482989813024,4.996425141057339,2,工况3,2,电压上限扩展4%
294,节能,1.172690584913567,2255.3193518338794,8.868527992803095,4.986217877204022,4,工况3,2,电压上限扩展4%
295,节能,1.172690584913567,2255.3193518338794,8.867146119909043,4.993112959498811,3,工况3,2,电压上限扩展4%
296,节能,1.172690584913567,2255.3193518338794,8.865800389717164,4.99983686562687,1,工况3,2,电压上限扩展4%
297,节能,1.1726905849127898,2255.3193518412586,8.865761141112777,5.000033106097061,0,工况3,2,电压上限扩展4%
298,节能,1.1726905849127898,2255.3193518412586,8.866632415538657,4.995678602382496,3,工况3,2,电压上限扩展4%
299,节能,1.1726905849127898,2255.3193518412586,8.86670240689214,4.995328960311655,1,工况3,2,电压上限扩展4%
300,节能,1.1726905849127898,2255.3193518412586,8.866121762772773,4.998230310941339,2,工况3,2,电压上限扩展4%
0,节能,1624.9899234645688,2135.651288062473,7.73598942080858,15.47485198798323,0,工况3,3,电压上限扩展4%
1,节能,1354.3239093610591,2258.5915473365817,7.834457725056335,14.0236886996722,0,工况3,3,电压上限扩展4%
2,节能,1354.3239093610591,2258.5915473365817,7.834457725056335,14.0236886996722,0,工况3,3,电压上限扩展4%
3,节能,1279.5751675003414,2264.3768180709076,7.863348616698475,13.624328542436695,0,工况3,3,电压上限扩展4%
4,节能,1175.902752306976,2263.1241331817796,7.904853493705604,13.070426786940434,0,工况3,3,电压上限扩展4%
5,节能,946.0666901766679,2276.1466617397355,8.003969908977458,11.837065657596346,0,工况3,3,电压上限扩展4%
6,节能,817.1660942039239,2296.6602201940655,8.06491264531665,11.13722420139032,0,工况3,3,电压上限扩展4%
7,节能,707.2150225739833,2304.2304736458373,8.120823293767033,10.53162232233528,0,工况3,3,电压上限扩展4%
8,节能,707.2150225739833,2304.2304736458373,8.120823293767033,10.53162232233528,0,工况3,3,电压上限扩展4%
9,节能,706.4871827868363,2305.1714152941895,8.121207636331679,10.527575349363842,0,工况3,3,电压上限扩展4%
10,节能,608.6853310038879,2315.1570166060274,8.174760058344118,9.978628104549342,0,工况3,3,电压上限扩展4%
11,节能,546.4149019627782,2308.4316878559666,8.21113145577479,9.622212414656074,0,工况3,3,电压上限扩展4%
12,节能,540.5580571995275,2319.935651300975,8.214660701605418,9.58831311627524,0,工况3,3,电压上限扩展4%
13,节能,417.7339558575167,2312.5119981399394,8.293577726232732,8.86071931850473,0,工况3,3,电压上限扩展4%
14,节能,363.5768210743555,2314.7349268347284,8.332071195417173,8.526120737405982,0,工况3,3,电压上限扩展4%
15,节能,267.7642661944806,2337.611376461433,8.40804268471293,7.902372177494136,0,工况3,3,电压上限扩展4%
16,节能,232.50835502098786,2345.2686751936367,8.439390789536958,7.658490373922065,0,工况3,3,电压上限扩展4%
17,节能,217.2330456835398,2347.120283935436,8.453712071593506,7.549592612160423,0,工况3,3,电压上限扩展4%
18,节能,204.72152789188658,2352.133037467409,8.465825815800214,7.458690472625091,0,工况3,3,电压上限扩展4%
19,节能,157.9141942160055,2354.7315422884253,8.514824641609609,7.102032659430763,0,工况3,3,电压上限扩展4%
20,节能,100.26764948984494,2369.4932670593294,8.586762749625724,6.609069848446956,0,工况3,3,电压上限扩展4%
21,节能,93.71081873069778,2353.458544654898,8.596144764319664,6.547353422921744,0,工况3,3,电压上限扩展4%
22,节能,93.71081873069778,2353.458544654898,8.596144764319664,6.547353422921744,0,工况3,3,电压上限扩展4%
23,节能,86.14114215880737,2359.573827481425,8.607418857154013,6.473952494521033,0,工况3,3,电压上限扩展4%
24,节能,78.81962875176664,2368.9614256655195,8.618815386435669,6.4005907340970305,0,工况3,3,电压上限扩展4%
25,节能,51.02227509556678,2362.0874689227608,8.66793183417403,6.093812063979562,0,工况3,3,电压上限扩展4%
26,节能,43.45424645481415,2365.5150073802133,8.683589157627653,5.999142348634971,0,工况3,3,电压上限扩展4%
27,节能,36.52298110722413,2390.734659150122,8.699242584925447,5.905966374268143,0,工况3,3,电压上限扩展4%
28,节能,28.452222123896796,2374.092820862642,8.719502006356056,5.7875188034789256,0,工况3,3,电压上限扩展4%
29,节能,11.281872243262985,2392.190774185693,8.776941729626248,5.464452562791405,0,工况3,3,电压上限扩展4%
30,节能,9.30278839604114,2402.8310806961763,8.786205716833493,5.41406370539021,0,工况3,3,电压上限扩展4%
31,节能,9.2975885927796,2404.374813033822,8.786235372606987,5.413903149523997,0,工况3,3,电压上限扩展4%
32,节能,2.8585148740367265,2407.892521782166,8.830232807396646,5.180869334315324,0,工况3,3,电压上限扩展4%
33,节能,2.8585148740367265,2407.892521782166,8.830232807396646,5.180869334315324,0,工况3,3,电压上限扩展4%
34,节能,2.8585148740367265,2407.892521782166,8.830232807396646,5.180869334315324,0,工况3,3,电压上限扩展4%
35,节能,2.8370449450355686,2419.5989334049937,8.830538898864384,5.179283757094832,0,工况3,3,电压上限扩展4%
36,节能,1.5660958962581426,2425.8571448810394,8.85029114255356,5.077985014378576,0,工况3,3,电压上限扩展4%
37,节能,1.5473953968879222,2422.3956307715644,8.850726434141386,5.075775091234085,0,工况3,3,电压上限扩展4%
38,节能,1.4086158317464965,2414.455616743869,8.854794915397058,5.05516634698947,0,工况3,3,电压上限扩展4%
39,节能,1.331897138398351,2415.652864016918,8.858046897844597,5.038753735985266,0,工况3,3,电压上限扩展4%
40,节能,1.331897138398351,2415.652864016918,8.858046897844597,5.038753735985266,0,工况3,3,电压上限扩展4%
41,节能,1.2811347016714352,2422.157057046141,8.861638203198085,5.020690487453076,0,工况3,3,电压上限扩展4%
42,节能,1.279695953130171,2425.8977646025733,8.861973880613355,5.019005437879741,0,工况3,3,电压上限扩展4%
43,节能,1.2508207386869785,2403.334778210761,8.868530162501342,4.986207058627572,3,工况3,3,电压上限扩展4%
44,节能,1.2508207386869785,2403.334778210761,8.874401332906572,4.957017958248961,10,工况3,3,电压上限扩展4%
45,节能,1.2508207386869785,2403.334778210761,8.874401332906572,4.957017958248961,32,工况3,3,电压上限扩展4%
46,节能,1.2503823177657394,2403.5368840896035,8.874226163370787,4.957886352839504,52,工况3,3,电压上限扩展4%
47,节能,1.2495670784936266,2403.1714391472037,8.873675003280757,4.960619695113486,59,工况3,3,电压上限扩展4%
48,节能,1.249422775039972,2402.893914279302,8.873252409185639,4.962716466715213,57,工况3,3,电压上限扩展4%
49,节能,1.2484977230671448,2401.1138336280255,8.87495098969296,4.954294048364317,63,工况3,3,电压上限扩展4%
50,节能,1.2484977230671448,2401.1138336280255,8.870803631947968,4.974883945478237,62,工况3,3,电压上限扩展4%
51,节能,1.2484977230671448,2401.1138336280255,8.870003248733015,4.978867352998143,66,工况3,3,电压上限扩展4%
52,节能,1.2482723329578054,2400.6813803530813,8.870668469067413,4.975556410567872,73,工况3,3,电压上限扩展4%
53,节能,1.248152022130642,2400.2513126853046,8.871864698901335,4.969608060055681,61,工况3,3,电压上限扩展4%
54,节能,1.243627836964601,2391.7490706658273,8.871830091423954,4.969780048630244,70,工况3,3,电压上限扩展4%
55,节能,1.2433679803631352,2391.2493136110324,8.872710129298957,4.965408377857085,72,工况3,3,电压上限扩展4%
56,节能,1.242470753087553,2388.5667368569575,8.872710129298957,4.965408377857085,80,工况3,3,电压上限扩展4%
57,节能,1.242438860034417,2388.469329638642,8.871649949900746,4.970675393020141,81,工况3,3,电压上限扩展4%
58,节能,1.2417895185733143,2388.2136108013397,8.871526611477782,4.971288506093608,77,工况3,3,电压上限扩展4%
59,节能,1.2417516590398319,2388.100261293683,8.869894703817415,4.979407813066322,64,工况3,3,电压上限扩展4%
60,节能,1.2406265031329546,2384.909855847848,8.869343209295273,4.982154686571965,72,工况3,3,电压上限扩展4%
61,节能,1.2404976878272673,2385.7291577403203,8.87041831738504,4.976801210062569,69,工况3,3,电压上限扩展4%
62,节能,1.2373956061152551,2379.763224177798,8.87041831738504,4.976801210062569,75,工况3,3,电压上限扩展4%
63,节能,1.2373956061152551,2379.763224177798,8.871309622007631,4.972367340396118,76,工况3,3,电压上限扩展4%
64,节能,1.2369957962655411,2378.994308584182,8.870171875026665,4.978027855832469,68,工况3,3,电压上限扩展4%
65,节能,1.2369653697043432,2378.935792123465,8.86900930136803,4.983818545288916,46,工况3,3,电压上限扩展4%
66,节能,1.2366121460840211,2378.256471316603,8.868374059340612,4.986985482065079,46,工况3,3,电压上限扩展4%
67,节能,1.2360799244498846,2377.232900951741,8.867398376710167,4.991853571647251,50,工况3,3,电压上限扩展4%
68,节能,1.2359735671448502,2377.0283542393618,8.869225163774429,4.9827428423307625,55,工况3,3,电压上限扩展4%
69,节能,1.2359283518035664,2376.941395949043,8.867556099600199,4.991066304161998,68,工况3,3,电压上限扩展4%
70,节能,1.2353441357322894,2375.8178297148265,8.867933973300609,4.989180667757292,79,工况3,3,电压上限扩展4%
71,节能,1.2326669857984789,2370.6691263198845,8.86989761458646,4.979393319181295,93,工况3,3,电压上限扩展4%
72,节能,1.2326669857984789,2370.6691263198845,8.868922910484367,4.984249120375671,89,工况3,3,电压上限扩展4%
73,节能,1.2306791372776325,2366.795179093043,8.870585355802268,4.9759699624926546,79,工况3,3,电压上限扩展4%
74,节能,1.2306749149249514,2366.79894615935,8.869336715675104,4.982187038897168,67,工况3,3,电压上限扩展4%
75,节能,1.2306114024414514,2366.7158217719207,8.868574043703289,4.985988262669235,59,工况3,3,电压上限扩展4%
76,节能,1.2305736828437432,2366.6432793198437,8.868509047310367,4.986312344453419,67,工况3,3,电压上限扩展4%
77,节能,1.2283095275449483,2361.364054548818,8.869467912415534,4.981533435073735,76,工况3,3,电压上限扩展4%
78,节能,1.2281725911215426,2361.9920088844483,8.869250564249294,4.982616279903818,89,工况3,3,电压上限扩展4%
79,节能,1.2281725911215426,2361.9920088844483,8.86762063517444,4.990744213225257,85,工况3,3,电压上限扩展4%
80,节能,1.2265492209259061,2357.8743607582546,8.867698786974355,4.990354192822674,71,工况3,3,电压上限扩展4%
81,节能,1.2265358039232144,2357.87206600568,8.869413377983054,4.981805107580178,49,工况3,3,电压上限扩展4%
82,节能,1.226092694324213,2357.6660611262746,8.867039662818302,4.99364454007298,21,工况3,3,电压上限扩展4%
83,节能,1.226092694324213,2357.6660611262746,8.866638996667296,4.995645725287157,20,工况3,3,电压上限扩展4%
84,节能,1.2256610542049533,2356.5209169945065,8.86803067489737,4.988698229346853,7,工况3,3,电压上限扩展4%
85,节能,1.2250409765107273,2353.230861149654,8.86852785033328,4.986218587589615,3,工况3,3,电压上限扩展4%
86,节能,1.2245436264383596,2355.0462553750913,8.867450655515007,4.991592610330018,3,工况3,3,电压上限扩展4%
87,节能,1.2245334899176565,2355.026760785753,8.86600900593249,4.998793927373411,5,工况3,3,电压上限扩展4%
88,节能,1.2245245230450637,2355.001752297934,8.866137035917145,4.998153972831156,10,工况3,3,电压上限扩展4%
89,节能,1.2235362372589376,2352.336283024302,8.867352238867484,4.992083890315196,20,工况3,3,电压上限扩展4%
90,节能,1.2225067191132204,2351.086832493892,8.866170685232525,4.997985791201419,33,工况3,3,电压上限扩展4%
91,节能,1.222064172973214,2349.646017916964,8.867970074212243,4.989000557037978,46,工况3,3,电压上限扩展4%
92,节能,1.2217952378176273,2349.731311617356,8.869608940315898,4.980830949408998,35,工况3,3,电压上限扩展4%
93,节能,1.2217952378176273,2349.731311617356,8.869336924786003,4.982185997067664,16,工况3,3,电压上限扩展4%
94,节能,1.2207799710817455,2347.7189006262547,8.869161643670077,4.983059356728472,5,工况3,3,电压上限扩展4%
95,节能,1.2207799710817455,2347.7189006262547,8.868168418932026,4.988011113249216,5,工况3,3,电压上限扩展4%
96,节能,1.2207562547332327,2347.746061942082,8.868219451919357,4.987756566636459,6,工况3,3,电压上限扩展4%
97,节能,1.220327157267911,2346.9371282550956,8.868694711938407,4.985386648563847,7,工况3,3,电压上限扩展4%
98,节能,1.220327157267911,2346.9371282550956,8.866669651816395,4.995492585369882,8,工况3,3,电压上限扩展4%
99,节能,1.2203087258665015,2346.9016809244054,8.86859002654723,4.985908573033777,19,工况3,3,电压上限扩展4%
100,节能,1.2196978794318518,2343.444025226969,8.866501027642727,4.996335017204343,32,工况3,3,电压上限扩展4%
101,节能,1.2183601148546463,2342.5658985635146,8.866992049097783,4.99388231172903,62,工况3,3,电压上限扩展4%
102,节能,1.2177357227546066,2341.9532730335727,8.86758311526055,4.990931469031276,68,工况3,3,电压上限扩展4%
103,节能,1.2177351193866097,2341.9521126342934,8.86843194797879,4.986696800622676,46,工况3,3,电压上限扩展4%
104,节能,1.2177287767857405,2341.932136311853,8.867500883729926,4.991341897840073,20,工况3,3,电压上限扩展4%
105,节能,1.2176524426976014,2341.7931085591,8.866835181073636,4.99466575362698,20,工况3,3,电压上限扩展4%
106,节能,1.2173160473905422,2341.14615201863,8.866811958115022,4.994781745889903,21,工况3,3,电压上限扩展4%
107,节能,1.2172253383075233,2340.506922292499,8.86692232167512,4.994230534411909,27,工况3,3,电压上限扩展4%
108,节能,1.2172133735507749,2340.509682608105,8.867046129476025,4.993612247987359,24,工况3,3,电压上限扩展4%
109,节能,1.2160002816929902,2337.0697552066954,8.867403951864507,4.991825741370726,19,工况3,3,电压上限扩展4%
110,节能,1.2160002816929902,2337.0697552066954,8.867741923405811,4.990138931393933,15,工况3,3,电压上限扩展4%
111,节能,1.2160002816929902,2337.0697552066954,8.86648547578504,4.996412720099694,5,工况3,3,电压上限扩展4%
112,节能,1.2155415059111887,2337.7333481170535,8.867960331653647,4.989049162905014,6,工况3,3,电压上限扩展4%
113,节能,1.2155388132022154,2337.728169490463,8.867972140800827,4.9889902468370355,9,工况3,3,电压上限扩展4%
114,节能,1.21424006951111,2334.98285091021,8.8679749717689,4.988976123184921,26,工况3,3,电压上限扩展4%
115,节能,1.21424006951111,2334.98285091021,8.868490833487302,4.9864031650913,44,工况3,3,电压上限扩展4%
116,节能,1.21424006951111,2334.98285091021,8.867235154396505,4.992668420035585,62,工况3,3,电压上限扩展4%
117,节能,1.2137856465169066,2334.356473661795,8.867203319232933,4.992827364981403,58,工况3,3,电压上限扩展4%
118,节能,1.2131861931092542,2333.0059624726323,8.868395409712209,4.98687900920851,39,工况3,3,电压上限扩展4%
119,节能,1.2131861931092542,2333.0059624726323,8.867057728981838,4.993554324889002,23,工况3,3,电压上限扩展4%
120,节能,1.2131787262701756,2333.0074558277297,8.86630198457872,4.997329602014288,33,工况3,3,电压上限扩展4%
121,节能,1.2120169348082548,2329.345789072951,8.867641920548474,4.990637984498534,47,工况3,3,电压上限扩展4%
122,节能,1.2120169348082548,2329.345789072951,8.867013017656504,4.993777598312382,35,工况3,3,电压上限扩展4%
123,节能,1.2120169348082548,2329.345789072951,8.8664560070294,4.996559960334702,13,工况3,3,电压上限扩展4%
124,节能,1.2120169348082548,2329.345789072951,8.868510414600927,4.986305526720283,7,工况3,3,电压上限扩展4%
125,节能,1.2119986263216038,2329.346819248477,8.866576650876308,4.995957192480632,10,工况3,3,电压上限扩展4%
126,节能,1.2113164190786458,2328.9387155833524,8.866554562067176,4.9960675484443,5,工况3,3,电压上限扩展4%
127,节能,1.2113004936018659,2328.939472965203,8.86794081845162,4.989146516179085,4,工况3,3,电压上限扩展4%
128,节能,1.2113004936018659,2328.939472965203,8.866407573222698,4.996801968614641,1,工况3,3,电压上限扩展4%
129,节能,1.2112483860486525,2328.9458400735884,8.86530192191684,5.002329744569579,0,工况3,3,电压上限扩展4%
130,节能,1.2112449937562486,2328.9471480617813,8.867227091836506,4.992708673886552,2,工况3,3,电压上限扩展4%
131,节能,1.2104454623208594,2327.932620633346,8.866496082190022,4.996359726403969,3,工况3,3,电压上限扩展4%
132,节能,1.2104445203805643,2327.9308090907293,8.86593552751851,4.99916124431778,7,工况3,3,电压上限扩展4%
133,节能,1.2104445203805643,2327.9308090907293,8.865968510169694,4.998996361445396,22,工况3,3,电压上限扩展4%
134,节能,1.2104445203805643,2327.9308090907293,8.867883615342631,4.989431919033901,49,工况3,3,电压上限扩展4%
135,节能,1.2101422964067303,2327.349570968628,8.867868303529557,4.989508316867685,80,工况3,3,电压上限扩展4%
136,节能,1.2098050849625916,2326.6338499199205,8.86657938096605,4.995943553087768,88,工况3,3,电压上限扩展4%
137,节能,1.2098050849625916,2326.6338499199205,8.86638446263673,4.996917448970503,86,工况3,3,电压上限扩展4%
138,节能,1.2094579321230798,2326.033399369082,8.86638446263673,4.996917448970503,82,工况3,3,电压上限扩展4%
139,节能,1.2094571389639022,2326.031873962791,8.868706691619895,4.985326925577431,73,工况3,3,电压上限扩展4%
140,节能,1.2094571389639022,2326.031873962791,8.866728485633255,4.995198690119563,60,工况3,3,电压上限扩展4%
141,节能,1.2078274752877525,2322.886938021181,8.86714739768708,4.9931065794128076,59,工况3,3,电压上限扩展4%
142,节能,1.2078274752877525,2322.886938021181,8.868953368311805,4.98409731328792,74,工况3,3,电压上限扩展4%
143,节能,1.2078274752877525,2322.886938021181,8.868641000898045,4.985654426058587,70,工况3,3,电压上限扩展4%
144,节能,1.2078274752877525,2322.886938021181,8.869341995251842,4.982160735127806,47,工况3,3,电压上限扩展4%
145,节能,1.2078274752877525,2322.886938021181,8.868659188757302,4.985563748502195,8,工况3,3,电压上限扩展4%
146,节能,1.2076243023496747,2322.5069566696397,8.866489605118492,4.99639208828811,3,工况3,3,电压上限扩展4%
147,节能,1.2076193294506388,2322.4973927741607,8.86807438571974,4.98848017401041,5,工况3,3,电压上限扩展4%
148,节能,1.2069951970102644,2321.2348076783833,8.868682178326582,4.985449133856479,10,工况3,3,电压上限扩展4%
149,节能,1.2069951970102644,2321.2348076783833,8.86659837726258,4.995848649563995,32,工况3,3,电压上限扩展4%
150,节能,1.2067412787032352,2317.5215982183686,8.869581117197315,4.9809695335870545,51,工况3,3,电压上限扩展4%
151,节能,1.2064649746186606,2320.277333834871,8.867700823143482,4.990344031627881,39,工况3,3,电压上限扩展4%
152,节能,1.2049026025824845,2316.5623972412827,8.86669641890925,4.995358872345555,21,工况3,3,电压上限扩展4%
153,节能,1.2049026025824845,2316.5623972412827,8.866750955431948,4.995086450271569,21,工况3,3,电压上限扩展4%
154,节能,1.2041445613842587,2315.8101524299477,8.866762805057173,4.9950272607198585,37,工况3,3,电压上限扩展4%
155,节能,1.2041445388619296,2315.8101215384486,8.866762805057173,4.9950272607198585,33,工况3,3,电压上限扩展4%
156,节能,1.2041445388619296,2315.8101215384486,8.867595675401496,4.990868782622245,12,工况3,3,电压上限扩展4%
157,节能,1.2041445388619296,2315.8101215384486,8.86572540588177,5.000211786627727,0,工况3,3,电压上限扩展4%
158,节能,1.20371342440402,2312.1915232764195,8.866410768969544,4.996786000126026,1,工况3,3,电压上限扩展4%
159,节能,1.203694822866086,2314.5937939211144,8.865725039855688,5.000213616835993,0,工况3,3,电压上限扩展4%
160,节能,1.2031266439648625,2313.857045544859,8.868719318070061,4.9852639789928395,2,工况3,3,电压上限扩展4%
161,节能,1.2031266439648625,2313.857045544859,8.868365851563915,4.987026414296285,4,工况3,3,电压上限扩展4%
162,节能,1.2027786482834946,2313.1877791270704,8.868368354988503,4.987013929667368,8,工况3,3,电压上限扩展4%
163,节能,1.2027786176429205,2313.1877201990196,8.867693892419531,4.990378618444637,17,工况3,3,电压上限扩展4%
164,节能,1.2027786176429205,2313.1877201990196,8.867694629983076,4.990374937724652,43,工况3,3,电压上限扩展4%
165,节能,1.200821805872087,2307.3841302532833,8.867696363195904,4.9903662883502875,79,工况3,3,电压上限扩展4%
166,节能,1.2001016291315698,2308.0393272522733,8.867688524147285,4.990405408227581,83,工况3,3,电压上限扩展4%
167,节能,1.2001016291315698,2308.0393272522733,8.868165607772093,4.98802513536591,85,工况3,3,电压上限扩展4%
168,节能,1.2001016291315698,2308.0393272522733,8.868777736766406,4.984972754876804,62,工况3,3,电压上限扩展4%
169,节能,1.200081366991527,2308.0003590391334,8.867415579734569,4.991767697407096,32,工况3,3,电压上限扩展4%
170,节能,1.200081366991527,2308.0003590391334,8.866161489356823,4.99803175226884,31,工况3,3,电压上限扩展4%
171,节能,1.2000584346796657,2307.7192087303497,8.867248780900683,4.992600387882024,55,工况3,3,电压上限扩展4%
172,节能,1.2000584346796657,2307.7192087303497,8.86723308532487,4.992678750234887,79,工况3,3,电压上限扩展4%
173,节能,1.200058196521071,2307.7192415164063,8.867197297400674,4.9928574310408225,75,工况3,3,电压上限扩展4%
174,节能,1.2000130824938808,2302.469166234795,8.867030576188737,4.993689915677247,63,工况3,3,电压上限扩展4%
175,节能,1.2000130824938808,2302.469166234795,8.867887696622876,4.989411555805528,61,工况3,3,电压上限扩展4%
176,节能,1.1996239180465655,2302.4925590628345,8.866059935894953,4.998539345469311,48,工况3,3,电压上限扩展4%
177,节能,1.1993250685072148,2302.51197273367,8.867273668870727,4.992476133739352,34,工况3,3,电压上限扩展4%
178,节能,1.1979204370100744,2303.663566013878,8.86605845276864,4.99854675894004,21,工况3,3,电压上限扩展4%
179,节能,1.197849632296704,2303.7082796696786,8.867798053241577,4.989858843575979,15,工况3,3,电压上限扩展4%
180,节能,1.1976449952282266,2303.1495494487926,8.868186152006373,4.987922661261564,14,工况3,3,电压上限扩展4%
181,节能,1.1976165452215193,2303.1620918225726,8.866868176526504,4.994500955087332,17,工况3,3,电压上限扩展4%
182,节能,1.1975874547969316,2303.1876022534952,8.868487570751066,4.986419434436135,31,工况3,3,电压上限扩展4%
183,节能,1.1975874547969316,2303.1876022534952,8.866905088375258,4.994316602225898,56,工况3,3,电压上限扩展4%
184,节能,1.197587077746971,2303.187870109346,8.867715556791879,4.990270506195188,51,工况3,3,电压上限扩展4%
185,节能,1.1970220859602176,2301.576397812064,8.868083691020749,4.98843375491679,35,工况3,3,电压上限扩展4%
186,节能,1.196775688369307,2301.6417952909264,8.866829484234227,4.994694207516729,15,工况3,3,电压上限扩展4%
187,节能,1.196775688369307,2301.6417952909264,8.866843137128834,4.9946260159486275,10,工况3,3,电压上限扩展4%
188,节能,1.1963768527745433,2300.5798160123577,8.866900873303655,4.994337653672354,18,工况3,3,电压上限扩展4%
189,节能,1.1962475637463217,2300.627176261868,8.866857712835124,4.994553216277345,25,工况3,3,电压上限扩展4%
190,节能,1.195310518745793,2296.514563556555,8.86802257844397,4.988738620273101,49,工况3,3,电压上限扩展4%
191,节能,1.195310518745793,2296.514563556555,8.868749930735081,4.985111369112524,38,工况3,3,电压上限扩展4%
192,节能,1.195306383597764,2296.514934981958,8.866665389602776,4.995513877271786,21,工况3,3,电压上限扩展4%
193,节能,1.195306383597764,2296.514934981958,8.86701084970395,4.993788424597013,11,工况3,3,电压上限扩展4%
194,节能,1.195306383597764,2296.514934981958,8.866576304911675,4.995958920905427,12,工况3,3,电压上限扩展4%
195,节能,1.1953058161704246,2296.5149636354668,8.865965134023376,4.9990132388170405,9,工况3,3,电压上限扩展4%
196,节能,1.194468169567712,2297.205039633417,8.866032961965571,4.9986741775350945,3,工况3,3,电压上限扩展4%
197,节能,1.1944638633532105,2297.196757907787,8.866032961965571,4.9986741775350945,5,工况3,3,电压上限扩展4%
198,节能,1.1944638633532105,2297.196757907787,8.866032961965571,4.9986741775350945,15,工况3,3,电压上限扩展4%
199,节能,1.1944638633532105,2297.196757907787,8.86625984267746,4.997540203422486,42,工况3,3,电压上限扩展4%
200,节能,1.1944638633532105,2297.196757907787,8.867278316978828,4.992452928224521,79,工况3,3,电压上限扩展4%
201,节能,1.1944638633532105,2297.196757907787,8.86750064339534,4.9913430974323045,96,工况3,3,电压上限扩展4%
202,节能,1.1944638633532105,2297.196757907787,8.866088132738401,4.998398404424972,97,工况3,3,电压上限扩展4%
203,节能,1.1944638367429825,2297.19670673091,8.86725436310594,4.992572518239674,96,工况3,3,电压上限扩展4%
204,节能,1.1944638160669534,2297.1966669667045,8.866609017069733,4.995795494980578,92,工况3,3,电压上限扩展4%
205,节能,1.194463812211275,2297.196659551451,8.869127804752438,4.98322798091665,99,工况3,3,电压上限扩展4%
206,节能,1.194463812211275,2297.196659551451,8.866052956287136,4.998574233435348,94,工况3,3,电压上限扩展4%
207,节能,1.194463812211275,2297.196659551451,8.86853690810521,4.986173423763398,97,工况3,3,电压上限扩展4%
208,节能,1.1936890957425992,2292.2205270184563,8.867925803306427,4.98922142950083,90,工况3,3,电压上限扩展4%
209,节能,1.1936890957425992,2292.2205270184563,8.868973904896238,4.98399495800364,81,工况3,3,电压上限扩展4%
210,节能,1.193537725269046,2295.1879066876313,8.866008305715164,4.998797427616754,80,工况3,3,电压上限扩展4%
211,节能,1.1934661274412035,2292.2357072864033,8.866015759846059,4.9987601660652885,46,工况3,3,电压上限扩展4%
212,节能,1.1934661274412035,2292.2357072864033,8.866048020340715,4.998598906190839,16,工况3,3,电压上限扩展4%
213,节能,1.1934661274412035,2292.2357072864033,8.866009968163137,4.9987891173830095,1,工况3,3,电压上限扩展4%
214,节能,1.1923565989951252,2292.5866676474625,8.865736584493982,5.000155891511603,0,工况3,3,电压上限扩展4%
215,节能,1.1923565989951252,2292.5866676474625,8.865506100534706,5.001308480059961,0,工况3,3,电压上限扩展4%
216,节能,1.1923565989951252,2292.5866676474625,8.868612207768248,4.9857979807202835,7,工况3,3,电压上限扩展4%
217,节能,1.1923540677330007,2292.5868181153182,8.868387835152612,4.986916782763824,3,工况3,3,电压上限扩展4%
218,节能,1.1923361122364113,2292.588837413778,8.866096271096561,4.998357725834059,4,工况3,3,电压上限扩展4%
219,节能,1.1923361122364113,2292.588837413778,8.866093608526926,4.998371034327282,6,工况3,3,电压上限扩展4%
220,节能,1.1923318537929462,2292.5887561725785,8.866416177161172,4.996758976622888,2,工况3,3,电压上限扩展4%
221,节能,1.1922195928316404,2291.621545338713,8.86669043348151,4.995388771794597,1,工况3,3,电压上限扩展4%
222,节能,1.1922195928316404,2291.621545338713,8.868476067511763,4.986476794742069,1,工况3,3,电压上限扩展4%
223,节能,1.1922195928316404,2291.621545338713,8.865324840895108,5.002215097596679,0,工况3,3,电压上限扩展4%
224,节能,1.1922195928316404,2291.621545338713,8.865324840895108,5.002215097596679,0,工况3,3,电压上限扩展4%
225,节能,1.1922195928316404,2291.621545338713,8.867199107376695,4.992848394096772,2,工况3,3,电压上限扩展4%
226,节能,1.1922075661754616,2291.6225589434075,8.868205791473548,4.987824702080126,2,工况3,3,电压上限扩展4%
227,节能,1.1922062071677317,2291.622743957952,8.866156027259018,4.998059052081662,1,工况3,3,电压上限扩展4%
228,节能,1.1922062071677317,2291.622743957952,8.865058145952723,5.003549340973998,0,工况3,3,电压上限扩展4%
229,节能,1.1922062071677317,2291.622743957952,8.86821137694435,4.987796842808689,2,工况3,3,电压上限扩展4%
230,节能,1.1922062071677317,2291.622743957952,8.865058145952723,5.003549340973998,0,工况3,3,电压上限扩展4%
231,节能,1.1921129022930335,2292.6753820076024,8.866942492132143,4.994129799515486,1,工况3,3,电压上限扩展4%
232,节能,1.1921128773956158,2292.675334124808,8.868213044222777,4.987788526769545,4,工况3,3,电压上限扩展4%
233,节能,1.1921128573036923,2292.6752954839562,8.86694250091277,4.9941297556638915,5,工况3,3,电压上限扩展4%
234,节能,1.1921127681016095,2292.6751239302225,8.86694372100159,4.994123662385731,16,工况3,3,电压上限扩展4%
235,节能,1.1921127510379181,2292.6750911132763,8.868214437812576,4.987781575843183,39,工况3,3,电压上限扩展4%
236,节能,1.1906260472182655,2289.8158575280195,8.866943557071272,4.99412448107408,72,工况3,3,电压上限扩展4%
237,节能,1.1906259430465302,2289.815657184602,8.86749258708097,4.991383309423403,95,工况3,3,电压上限扩展4%
238,节能,1.1906258483010554,2289.8154749697987,8.866942672435753,4.9941288990559345,95,工况3,3,电压上限扩展4%
239,节能,1.1905305169686775,2289.4630669616436,8.86694224626111,4.9941310274274935,95,工况3,3,电压上限扩展4%
240,节能,1.1905298944228386,2289.4632189049453,8.866942469904195,4.994129910524743,83,工况3,3,电压上限扩展4%
241,节能,1.1905298944228386,2289.4632189049453,8.867215868117775,4.992764710958887,65,工况3,3,电压上限扩展4%
242,节能,1.1896870659003649,2287.94920361807,8.866861374763326,4.994534926615552,39,工况3,3,电压上限扩展4%
243,节能,1.1896870659003649,2287.94920361807,8.866136699067706,4.9981556564568015,9,工况3,3,电压上限扩展4%
244,节能,1.1896870659003649,2287.94920361807,8.866861091764926,4.994536340061145,3,工况3,3,电压上限扩展4%
245,节能,1.1896869719171856,2287.949292847138,8.866042217031469,4.998627914690263,1,工况3,3,电压上限扩展4%
246,节能,1.189686947247302,2287.9493124449414,8.866312239222209,4.99727835644358,1,工况3,3,电压上限扩展4%
247,节能,1.1896868304016652,2287.9493681064787,8.865610926049673,5.000784242800231,0,工况3,3,电压上限扩展4%
248,节能,1.1896867636949706,2287.9493918488847,8.865611124267751,5.000783251554486,0,工况3,3,电压上限扩展4%
249,节能,1.1896866562578612,2287.949444803557,8.865611463282432,5.000781556215833,0,工况3,3,电压上限扩展4%
250,节能,1.1896866562578612,2287.949444803557,8.865872860227256,4.99947453802803,1,工况3,3,电压上限扩展4%
251,节能,1.189396546612853,2287.02799389225,8.868165187245882,4.988027232961662,1,工况3,3,电压上限扩展4%
252,节能,1.189396546612853,2287.02799389225,8.8656114711446,5.000781516898851,0,工况3,3,电压上限扩展4%
253,节能,1.1893962923665211,2287.0280304936,8.866622700076396,4.995727137945195,1,工况3,3,电压上限扩展4%
254,节能,1.1893962923665211,2287.0280304936,8.86662269266864,4.995727174952324,2,工况3,3,电压上限扩展4%
255,节能,1.1893962923665211,2287.0280304936,8.867522489192696,4.991234058753487,4,工况3,3,电压上限扩展4%
256,节能,1.1892780817040627,2286.114217639478,8.866622673391683,4.995727271254743,3,工况3,3,电压上限扩展4%
257,节能,1.1892780335544078,2286.1142230080404,8.868551948070387,4.986098432452671,1,工况3,3,电压上限扩展4%
258,节能,1.1892779850104325,2286.1142289903205,8.867648378724715,4.990605754182949,1,工况3,3,电压上限扩展4%
259,节能,1.1892757450917413,2286.114527882796,8.865353220310995,5.002073139668417,0,工况3,3,电压上限扩展4%
260,节能,1.1892756990577973,2286.1145325863513,8.865353220310995,5.002073139668417,0,工况3,3,电压上限扩展4%
261,节能,1.1892756990577973,2286.1145325863513,8.865597786489333,5.000849951338222,0,工况3,3,电压上限扩展4%
262,节能,1.1892756798847777,2286.11453376399,8.866139045960375,4.998143926335694,1,工况3,3,电压上限扩展4%
263,节能,1.1892756798847777,2286.11453376399,8.866405586428892,4.9968118962397075,1,工况3,3,电压上限扩展4%
264,节能,1.18925657186828,2287.1820781140573,8.867006646199602,4.993809416052488,1,工况3,3,电压上限扩展4%
265,节能,1.18925657186828,2287.1820781140573,8.867006737937585,4.993808957930509,4,工况3,3,电压上限扩展4%
266,节能,1.18925657186828,2287.1820781140573,8.86700674493541,4.9938089229847105,11,工况3,3,电压上限扩展4%
267,节能,1.189256570903801,2287.1820762591683,8.868316397021625,4.98727305150361,31,工况3,3,电压上限扩展4%
268,节能,1.189256570903801,2287.1820762591683,8.86700676382931,4.993808828632177,65,工况3,3,电压上限扩展4%
269,节能,1.189256570903801,2287.1820762591683,8.867785926292134,4.989919355708815,89,工况3,3,电压上限扩展4%
270,节能,1.18693942542687,2282.725008207122,8.867006756830754,4.99380886358163,95,工况3,3,电压上限扩展4%
271,节能,1.186939419719525,2282.7249900003903,8.867006758847339,4.993808853511193,91,工况3,3,电压上限扩展4%
272,节能,1.1869394175642831,2282.7249829212114,8.86829591022928,4.98737522577759,83,工况3,3,电压上限扩展4%
273,节能,1.1869394171211587,2282.7249811461807,8.868945186373313,4.984138093032404,68,工况3,3,电压上限扩展4%
274,节能,1.1863889137978891,2279.2881862473,8.868050004073156,4.988601802853754,36,工况3,3,电压上限扩展4%
275,节能,1.186388909431616,2279.2881868530567,8.867006656858786,4.993809362822557,10,工况3,3,电压上限扩展4%
276,节能,1.186388909431616,2279.2881868530567,8.868341366755965,4.987148522175169,3,工况3,3,电压上限扩展4%
277,节能,1.1859046957266923,2280.7357390982015,8.867372684978383,4.991981822657806,1,工况3,3,电压上限扩展4%
278,节能,1.1859046957266923,2280.7357390982015,8.868341340632666,4.987148652455943,4,工况3,3,电压上限扩展4%
279,节能,1.1854884330919782,2279.6474705638525,8.86834134895626,4.987148610944941,6,工况3,3,电压上限扩展4%
280,节能,1.1854884330919782,2279.6474705638525,8.868588594120128,4.985915714989457,11,工况3,3,电压上限扩展4%
281,节能,1.1854884233169845,2279.6474733752675,8.867853116533523,4.98958409308611,28,工况3,3,电压上限扩展4%
282,节能,1.1854883745103475,2279.6474868879523,8.867853180290792,4.9895837749638625,43,工况3,3,电压上限扩展4%
283,节能,1.183984657969283,2277.0431162849845,8.867372738718663,4.991981554387313,33,工况3,3,电压上限扩展4%
284,节能,1.1839846556820897,2277.043111886247,8.867372738718663,4.991981554387313,18,工况3,3,电压上限扩展4%
285,节能,1.1839846556820897,2277.043111886247,8.866720344317022,4.995239357777288,13,工况3,3,电压上限扩展4%
286,节能,1.1839846556820897,2277.043111886247,8.866720330843222,4.9952394250821435,20,工况3,3,电压上限扩展4%
287,节能,1.1839846556820897,2277.043111886247,8.866720363771108,4.9952392605994715,43,工况3,3,电压上限扩展4%
288,节能,1.1839846556820897,2277.043111886247,8.866959562821071,4.994044547006873,56,工况3,3,电压上限扩展4%
289,节能,1.183619523004223,2276.2274820379216,8.866483030290736,4.996424938813486,86,工况3,3,电压上限扩展4%
290,节能,1.183619523004223,2276.2274820379216,8.867090381181992,4.993391277015656,82,工况3,3,电压上限扩展4%
291,节能,1.1833899550878229,2275.4182084570316,8.866483001015924,4.996425085082889,68,工况3,3,电压上限扩展4%
292,节能,1.1833899435420698,2275.4182114815485,8.86751927590968,4.991250097026883,43,工况3,3,电压上限扩展4%
293,节能,1.1833899435420698,2275.4182114815485,8.865782328228795,4.999927170937787,11,工况3,3,电压上限扩展4%
294,节能,1.1833898727428758,2275.418226625889,8.86795320147629,4.989084735837209,2,工况3,3,电压上限扩展4%
295,节能,1.1833898727428758,2275.418226625889,8.866483079473834,4.996424693073831,1,工况3,3,电压上限扩展4%
296,节能,1.1833898702444394,2275.418227165803,8.866860496216905,4.994539314548266,2,工况3,3,电压上限扩展4%
297,节能,1.1833898702444394,2275.418227165803,8.867953192547134,4.989084780385526,2,工况3,3,电压上限扩展4%
298,节能,1.1833253880608892,2273.8186076130496,8.86624764412052,4.997601166573046,1,工况3,3,电压上限扩展4%
299,节能,1.1833253665556287,2273.8186098130964,8.86648309177079,4.996424631633016,1,工况3,3,电压上限扩展4%
300,节能,1.1833253569166016,2273.8186104528218,8.865324403876548,5.002217283657995,0,工况3,3,电压上限扩展4%
0,节能,1664.224018688028,2153.5915352812663,7.391838362296548,14.936625514706636,0,工况4,1,电压上限扩展4%
1,节能,1077.4998259245638,2179.6055069208533,7.605808136574203,12.059424986309603,0,工况4,1,电压上限扩展4%
2,节能,957.0608946507426,2269.2018219206016,7.656548642769132,11.462788480073527,0,工况4,1,电压上限扩展4%
3,节能,796.6737670678874,2216.354119016241,7.729337881023682,10.658063760906114,0,工况4,1,电压上限扩展4%
4,节能,796.6737670678874,2216.354119016241,7.729337881023682,10.658063760906114,0,工况4,1,电压上限扩展4%
5,节能,476.4564051774795,2300.751739657957,7.901216487060051,8.974957152480012,0,工况4,1,电压上限扩展4%
6,节能,476.4564051774795,2300.751739657957,7.901216487060051,8.974957152480012,0,工况4,1,电压上限扩展4%
7,节能,251.69775154840855,2304.9042104343257,8.061526544711008,7.645583054656689,0,工况4,1,电压上限扩展4%
8,节能,149.23645598155207,2290.335301778294,8.159752262021222,6.930295030953991,0,工况4,1,电压上限扩展4%
9,节能,149.23645598155207,2290.335301778294,8.159752262021222,6.930295030953991,0,工况4,1,电压上限扩展4%
10,节能,136.77988927960288,2355.141065804503,8.173833916058296,6.8333889144680535,0,工况4,1,电压上限扩展4%
11,节能,101.11986317899908,2391.1844183619874,8.218097241193252,6.537516845471018,0,工况4,1,电压上限扩展4%
12,节能,64.52655711988953,2373.6020803324295,8.27281115068856,6.189433083497136,0,工况4,1,电压上限扩展4%
13,节能,64.52655711988953,2373.6020803324295,8.27281115068856,6.189433083497136,0,工况4,1,电压上限扩展4%
14,节能,19.3531871165463,2314.4318219749302,8.37205428434056,5.604671032370262,0,工况4,1,电压上限扩展4%
15,节能,3.793654128214887,2419.2081339229376,8.44394626231198,5.215882956306046,0,工况4,1,电压上限扩展4%
16,节能,3.793654128214887,2419.2081339229376,8.44394626231198,5.215882956306046,0,工况4,1,电压上限扩展4%
17,节能,1.5672021055351955,2335.1750859198637,8.471512055167093,5.074066627039496,0,工况4,1,电压上限扩展4%
18,节能,1.311852339326976,2417.9325275735987,8.56248847369902,4.632821944224613,7,工况4,1,电压上限扩展4%
19,节能,1.2695905499931226,2340.037971882817,8.595402681561215,4.482818444828363,25,工况4,1,电压上限扩展4%
20,节能,1.2695905499931226,2340.037971882817,8.609823776130535,4.418635204720398,54,工况4,1,电压上限扩展4%
21,节能,1.2648855297779205,2331.365942966007,8.59940101675991,4.4649304190434576,77,工况4,1,电压上限扩展4%
22,节能,1.2613931481509988,2324.9289813650034,8.574633901792362,4.576894656349576,86,工况4,1,电压上限扩展4%
23,节能,1.2602444440350973,2322.8117544766324,8.609065225841752,4.421988233290582,97,工况4,1,电压上限扩展4%
24,节能,1.2598447038316278,2322.0749757923454,8.561119713422391,4.639167508658121,94,工况4,1,电压上限扩展4%
25,节能,1.2598447038316278,2322.0749757923454,8.677254858517452,4.130505467910727,94,工况4,1,电压上限扩展4%
26,节能,1.258743785703983,2320.0458253527513,8.579042356204162,4.556762034388059,97,工况4,1,电压上限扩展4%
27,节能,1.2584424994905283,2319.490511531384,8.651893118693613,4.236601982154064,91,工况4,1,电压上限扩展4%
28,节能,1.2579445044517463,2318.572635054936,8.533196191171413,4.770534991482909,95,工况4,1,电压上限扩展4%
29,节能,1.2573295175725088,2317.4391257911557,8.5878500739622,4.516803590165342,94,工况4,1,电压上限扩展4%
30,节能,1.2565969867625553,2316.0889661582924,8.591069881191277,4.502283741414518,94,工况4,1,电压上限扩展4%
31,节能,1.2555202133512722,2314.104317903365,8.543188581605113,4.723103315843319,89,工况4,1,电压上限扩展4%
32,节能,1.2549585442737965,2313.069081016218,8.533623869079827,4.76849517527899,85,工况4,1,电压上限扩展4%
33,节能,1.2549585442737965,2313.069081016218,8.533385454486535,4.769632189651846,87,工况4,1,电压上限扩展4%
34,节能,1.254892335033368,2312.9470478641183,8.52466823926948,4.811391849484145,99,工况4,1,电压上限扩展4%
35,节能,1.2548150512474459,2312.804602731969,8.612343595679326,4.407515057618532,95,工况4,1,电压上限扩展4%
36,节能,1.2545582278153737,2312.331240211178,8.555465479500729,4.665472744850962,94,工况4,1,电压上限扩展4%
37,节能,1.2529993264128452,2309.4579607303576,8.61445701303466,4.398209975026842,95,工况4,1,电压上限扩展4%
38,节能,1.2524287575292055,2308.4063202205107,8.597313299199577,4.474261669803756,93,工况4,1,电压上限扩展4%
39,节能,1.2522683072470133,2308.1105872750104,8.563434790527886,4.6284399005814905,94,工况4,1,电压上限扩展4%
40,节能,1.2522581924027414,2308.091944162334,8.534960193688988,4.762127173633899,97,工况4,1,电压上限扩展4%
41,节能,1.252229101654643,2308.033175142741,8.581139262143692,4.54721694408889,90,工况4,1,电压上限扩展4%
42,节能,1.2521455093594278,2307.8842531078108,8.53761419134689,4.749505255947187,96,工况4,1,电压上限扩展4%
43,节能,1.2519165527693603,2307.4622531845494,8.597971104809254,4.4713194431908745,92,工况4,1,电压上限扩展4%
44,节能,1.2518179579540882,2307.280528760428,8.575017880628053,4.5751375630332625,94,工况4,1,电压上限扩展4%
45,节能,1.2517603917568185,2307.174425979883,8.527607475504965,4.797270794940737,95,工况4,1,电压上限扩展4%
46,节能,1.2513233107428425,2306.3688228116025,8.521268543296111,4.827776955388931,97,工况4,1,电压上限扩展4%
47,节能,1.249066088373842,2302.2084373594007,8.574160214789577,4.579063185422875,94,工况4,1,电压上限扩展4%
48,节能,1.249066088373842,2302.2084373594007,8.58284232336508,4.53947934591806,95,工况4,1,电压上限扩展4%
49,节能,1.2487895479565605,2301.6987335992376,8.578145960252154,4.560848528714801,95,工况4,1,电压上限扩展4%
50,节能,1.2487895479565605,2301.6987335992376,8.563968806517925,4.625968899501409,83,工况4,1,电压上限扩展4%
51,节能,1.2463309593453988,2297.1672012029167,8.64658173746578,4.259164055236493,83,工况4,1,电压上限扩展4%
52,节能,1.2462577379538526,2297.0322436478423,8.535337976323618,4.760328464465741,93,工况4,1,电压上限扩展4%
53,节能,1.2462234589154657,2296.969062450199,8.596254610295205,4.479001029299826,91,工况4,1,电压上限扩展4%
54,节能,1.2461793736084315,2296.877313775063,8.59446722523275,4.487013887732799,96,工况4,1,电压上限扩展4%
55,节能,1.2459668011189118,2296.496005219489,8.602193110161451,4.452481303915756,93,工况4,1,电压上限扩展4%
56,节能,1.2455717892945586,2295.767941617933,8.518236582311282,4.842436799568525,91,工况4,1,电压上限扩展4%
57,节能,1.245370207681202,2295.396397713727,8.606652616350612,4.432669643927175,94,工况4,1,电压上限扩展4%
58,节能,1.2452344691515482,2295.1462120821157,8.583725368179499,4.535472551571334,94,工况4,1,电压上限扩展4%
59,节能,1.2451950552504256,2295.073566593972,8.541227299290878,4.732375744798151,96,工况4,1,电压上限扩展4%
60,节能,1.2451950552504256,2295.073566593972,8.58242879942481,4.541356917487601,99,工况4,1,电压上限扩展4%
61,节能,1.2451950552504256,2295.073566593972,8.559238621588506,4.64790242178585,98,工况4,1,电压上限扩展4%
62,节能,1.2451950552504256,2295.073566593972,8.521999650942583,4.824248620694788,95,工况4,1,电压上限扩展4%
63,节能,1.2451950552504256,2295.073566593972,8.568084977489686,4.60696675546707,95,工况4,1,电压上限扩展4%
64,节能,1.2451950552504256,2295.073566593972,8.65410902353526,4.227224468985246,95,工况4,1,电压上限扩展4%
65,节能,1.2451949918289362,2295.073449699046,8.615773721952712,4.392422623693951,94,工况4,1,电压上限扩展4%
66,节能,1.2451949029810254,2295.0732859395684,8.628844468201782,4.33538396314919,99,工况4,1,电压上限扩展4%
67,节能,1.2451945415666124,2295.072619800828,8.579983351651142,4.552476158871655,96,工况4,1,电压上限扩展4%
68,节能,1.2451945415666124,2295.072619800828,8.516681589381742,4.849972612102736,92,工况4,1,电压上限扩展4%
69,节能,1.245194069084167,2295.07174894773,8.616358307437476,4.389855627572628,98,工况4,1,电压上限扩展4%
70,节能,1.2434015249486394,2291.7678323082805,8.519164971293165,4.837943220815596,95,工况4,1,电压上限扩展4%
71,节能,1.24291500690476,2290.8711095840213,8.561890727361785,4.635592024392992,96,工况4,1,电压上限扩展4%
72,节能,1.24119264163601,2287.696542688931,8.519878975581443,4.8344901415129,93,工况4,1,电压上限扩展4%
73,节能,1.2405310049051361,2286.4770510395597,8.565322503140663,4.619710977644737,95,工况4,1,电压上限扩展4%
74,节能,1.2401285830797268,2285.735329740376,8.521585260090054,4.826248159460199,100,工况4,1,电压上限扩展4%
75,节能,1.2378754883770593,2281.582552170853,8.573867471177321,4.580403873149834,93,工况4,1,电压上限扩展4%
76,节能,1.2378754883770593,2281.582552170853,8.574295024468087,4.578445924994245,95,工况4,1,电压上限扩展4%
77,节能,1.2377560845859206,2281.3624738115323,8.599077405276372,4.46637555561904,96,工况4,1,电压上限扩展4%
78,节能,1.23766825358485,2281.200588645,8.634345452393761,4.311600560538067,94,工况4,1,电压上限扩展4%
79,节能,1.2364249439269788,2278.9089901369275,8.63264747381379,4.318927784909823,95,工况4,1,电压上限扩展4%
80,节能,1.2356348691839616,2277.452768759653,8.659682460285953,4.203729834524117,97,工况4,1,电压上限扩展4%
81,节能,1.2350831534855122,2276.4358773815134,8.653842910515525,4.228349538144916,95,工况4,1,电压上限扩展4%
82,节能,1.235038748162928,2276.354031985766,8.613842007711254,4.400915729516362,92,工况4,1,电压上限扩展4%
83,节能,1.2345548719016883,2275.462178446844,8.523233317068005,4.818300778171092,91,工况4,1,电压上限扩展4%
84,节能,1.2338812364681122,2274.22057146278,8.64137730048287,4.281388388568703,91,工况4,1,电压上限扩展4%
85,节能,1.2331850823779733,2272.9374593561124,8.605430239117984,4.438091351390459,90,工况4,1,电压上限扩展4%
86,节能,1.2329345286323574,2272.3930157926316,8.603253036282856,4.447764502848587,88,工况4,1,电压上限扩展4%
87,节能,1.2329345286323574,2272.3930157926316,8.528213193273704,4.794365882646103,90,工况4,1,电压上限扩展4%
88,节能,1.2328962159449224,2272.4000872256524,8.589988997797619,4.5071528161211,89,工况4,1,电压上限扩展4%
89,节能,1.2328962159449224,2272.4000872256524,8.59416083282569,4.48838888535203,88,工况4,1,电压上限扩展4%
90,节能,1.2328962159449224,2272.4000872256524,8.590184055685054,4.506273746151994,86,工况4,1,电压上限扩展4%
91,节能,1.2324068496402862,2271.5030644977387,8.532792926411158,4.772459168082768,80,工况4,1,电压上限扩展4%
92,节能,1.2318821273018894,2270.5359257642704,8.518869537344077,4.839372724638366,66,工况4,1,电压上限扩展4%
93,节能,1.23126712614888,2269.402390191875,8.51749905462931,4.846009548094927,54,工况4,1,电压上限扩展4%
94,节能,1.2311025906114184,2269.0991275333854,8.517383252745669,4.846570757622674,78,工况4,1,电压上限扩展4%
95,节能,1.2311025906114184,2269.0991275333854,8.656664667339887,4.216434981875714,91,工况4,1,电压上限扩展4%
96,节能,1.2311021812199427,2269.098372966019,8.5425180389652,4.7262714200650855,96,工况4,1,电压上限扩展4%
97,节能,1.231050695286222,2269.003476985637,8.603553023371628,4.446430431035999,97,工况4,1,电压上限扩展4%
98,节能,1.231050695286222,2269.003476985637,8.572501706728547,4.586663899808664,94,工况4,1,电压上限扩展4%
99,节能,1.2310356013391592,2268.97565667044,8.652629554893014,4.233483143645693,92,工况4,1,电压上限扩展4%
100,节能,1.2310257960190898,2268.936371507564,8.587406978225966,4.518805410043724,79,工况4,1,电压上限扩展4%
101,节能,1.2310133747677938,2268.934689902863,8.612822101424145,4.405406540852008,76,工况4,1,电压上限扩展4%
102,节能,1.2305477937983722,2268.0765572179284,8.516648052113174,4.850135269664302,72,工况4,1,电压上限扩展4%
103,节能,1.2305477937983722,2268.0765572179284,8.553459784697722,4.674839649724984,76,工况4,1,电压上限扩展4%
104,节能,1.2290088177776206,2265.240003081325,8.629093287880275,4.334305368498687,92,工况4,1,电压上限扩展4%
105,节能,1.2289601630544458,2265.150325429155,8.582270125366538,4.54207757019269,93,工况4,1,电压上限扩展4%
106,节能,1.2288825099159475,2265.007199527089,8.653988567593464,4.227733693958808,98,工况4,1,电压上限扩展4%
107,节能,1.2288576619070946,2264.961401073216,8.632931258264563,4.317702314253439,95,工况4,1,电压上限扩展4%
108,节能,1.2288416938503064,2264.9319696480834,8.570529101756964,4.595720505436315,96,工况4,1,电压上限扩展4%
109,节能,1.2288409653387378,2264.93062689649,8.517413735367168,4.846423023692372,94,工况4,1,电压上限扩展4%
110,节能,1.2288375870432569,2264.924400212064,8.60913177772576,4.421693951435206,91,工况4,1,电压上限扩展4%
111,节能,1.2288346444759608,2264.918976637347,8.514766709254625,4.859268625810143,92,工况4,1,电压上限扩展4%
112,节能,1.2288346444759608,2264.918976637347,8.56993554893462,4.598449118020766,95,工况4,1,电压上限扩展4%
113,节能,1.228601809071779,2264.489827501835,8.611198688385032,4.412564143573842,99,工况4,1,电压上限扩展4%
114,节能,1.2285346842283207,2264.3661067616717,8.536518370313393,4.754712716406605,92,工况4,1,电压上限扩展4%
115,节能,1.2285191629697767,2264.33749884996,8.539691281515857,4.739650343586481,95,工况4,1,电压上限扩展4%
116,节能,1.2285159577625855,2264.3315911921445,8.56768276595638,4.608820103323631,98,工况4,1,电压上限扩展4%
117,节能,1.2285148257760958,2264.329504778246,8.608988725902186,4.422326528062787,94,工况4,1,电压上限扩展4%
118,节能,1.2285148257760958,2264.329504778246,8.566832101217017,4.612742332089935,95,工况4,1,电压上限扩展4%
119,节能,1.2285148257760958,2264.329504778246,8.616809826222582,4.387873972703743,97,工况4,1,电压上限扩展4%
120,节能,1.2285145506380184,2264.3289976591996,8.562446136094483,4.633018090960139,99,工况4,1,电压上限扩展4%
121,节能,1.2285141131168449,2264.3281912447537,8.642586937124463,4.276212595342674,96,工况4,1,电压上限扩展4%
122,节能,1.2260755815943134,2259.833626947321,8.61054681530512,4.415441513090395,97,工况4,1,电压上限扩展4%
123,节能,1.2260755815943134,2259.833626947321,8.582253227881687,4.542154320528068,95,工况4,1,电压上限扩展4%
124,节能,1.2260117809596958,2259.71156426693,8.51826628825068,4.84229295257098,85,工况4,1,电压上限扩展4%
125,节能,1.2260117809596958,2259.71156426693,8.57975067581499,4.553535533309119,75,工况4,1,电压上限扩展4%
126,节能,1.2249177800802316,2257.699632245746,8.538304249988446,4.746228949354053,55,工况4,1,电压上限扩展4%
127,节能,1.2243665968865767,2256.6837223505263,8.519218903507422,4.837682306861144,38,工况4,1,电压上限扩展4%
128,节能,1.2239523637785734,2255.920231158863,8.584885132615247,4.530215520854592,45,工况4,1,电压上限扩展4%
129,节能,1.2231910294392419,2254.516982478929,8.614299967424992,4.39890074883389,48,工况4,1,电压上限扩展4%
130,节能,1.22294148588643,2254.057037822582,8.653839417279428,4.228364308793951,60,工况4,1,电压上限扩展4%
131,节能,1.2227536725145292,2253.7108707674806,8.616173773317279,4.390665780466785,88,工况4,1,电压上限扩展4%
132,节能,1.2227536725145292,2253.7108707674806,8.575387215822941,4.573448115715162,97,工况4,1,电压上限扩展4%
133,节能,1.2227536725145292,2253.7108707674806,8.615044327573594,4.395627600770423,96,工况4,1,电压上限扩展4%
134,节能,1.2227536725145292,2253.7108707674806,8.615735654063629,4.392589837133906,98,工况4,1,电压上限扩展4%
135,节能,1.2227536725145292,2253.7108707674806,8.639429169239019,4.289737224729349,95,工况4,1,电压上限扩展4%
136,节能,1.2227510039148557,2253.7059521544934,8.639429169239019,4.289737224729349,98,工况4,1,电压上限扩展4%
137,节能,1.2227414155020435,2253.6882793307072,8.591012649054889,4.502541424105461,94,工况4,1,电压上限扩展4%
138,节能,1.2227414155020435,2253.6882793307072,8.602486030360959,4.451177273201701,97,工况4,1,电压上限扩展4%
139,节能,1.2227408779162143,2253.6872884827103,8.611955395983799,4.409226385768973,92,工况4,1,电压上限扩展4%
140,节能,1.2227383373373413,2253.68260583047,8.579635176334389,4.554061494671665,96,工况4,1,电压上限扩展4%
141,节能,1.2227383373373413,2253.68260583047,8.517410686302522,4.846437800771997,92,工况4,1,电压上限扩展4%
142,节能,1.2213683635633974,2251.157547140068,8.518900877326503,4.8392210611588,98,工况4,1,电压上限扩展4%
143,节能,1.2212638783936671,2250.964965945549,8.606877569317044,4.431672613888197,97,工况4,1,电压上限扩展4%
144,节能,1.2207698251323609,2250.0543547318825,8.625279598851163,4.3508666209922815,94,工况4,1,电压上限扩展4%
145,节能,1.2195365920093504,2247.7813287267313,8.56840750994853,4.605481098750753,78,工况4,1,电压上限扩展4%
146,节能,1.2194507272458344,2247.6230676187897,8.613020605996269,4.404532134301305,55,工况4,1,电压上限扩展4%
147,节能,1.2194337874769559,2247.591845188526,8.65304270103824,4.231734457660329,36,工况4,1,电压上限扩展4%
148,节能,1.2194337874769559,2247.591845188526,8.53057853865099,4.783038952800186,39,工况4,1,电压上限扩展4%
149,节能,1.218367800136458,2245.627077213272,8.520786663228309,4.8301039254907545,53,工况4,1,电压上限扩展4%
150,节能,1.2182316953670163,2245.3762165490607,8.506565060880895,4.899286520459307,53,工况4,1,电压上限扩展4%
151,节能,1.2174528335493948,2243.9406622058955,8.587308650359644,4.5192497563834735,58,工况4,1,电压上限扩展4%
152,节能,1.2174528335493948,2243.9406622058955,8.517784928782957,4.844624397215651,63,工况4,1,电压上限扩展4%
153,节能,1.2173542023225987,2243.7587884859618,8.52053919406238,4.831299375192916,67,工况4,1,电压上限扩展4%
154,节能,1.217216812701337,2243.5056418392,8.514932282173996,4.858464129121028,73,工况4,1,电压上限扩展4%
155,节能,1.2159370537050642,2241.146861958432,8.564737958170054,4.622412195877238,78,工况4,1,电压上限扩展4%
156,节能,1.2159370537050642,2241.146861958432,8.572806201485617,4.585267497308136,74,工况4,1,电压上限扩展4%
157,节能,1.2151029568824387,2239.609501557332,8.569292306354399,4.601407987829959,76,工况4,1,电压上限扩展4%
158,节能,1.2151029568824387,2239.609501557332,8.536444135856168,4.755065693025719,75,工况4,1,电压上限扩展4%
159,节能,1.2151029568824387,2239.609501557332,8.57860409991377,4.5587595016827835,69,工况4,1,电压上限扩展4%
160,节能,1.2146268968258132,2238.7320544076138,8.58708888969947,4.520243018829437,67,工况4,1,电压上限扩展4%
161,节能,1.2139844839874139,2237.5479951567886,8.52057546345012,4.83112415010026,69,工况4,1,电压上限扩展4%
162,节能,1.213570400466997,2236.7847796765604,8.553347365916862,4.675365219040501,83,工况4,1,电压上限扩展4%
163,节能,1.213544148086434,2236.7363927636534,8.615087730824346,4.395436820383731,87,工况4,1,电压上限扩展4%
164,节能,1.2131435101260442,2235.9979593842504,8.512246606445961,4.871529925701035,88,工况4,1,电压上限扩展4%
165,节能,1.2127458165810672,2235.264952985909,8.601000358972483,4.457795174717736,90,工况4,1,电压上限扩展4%
166,节能,1.2126181355086143,2235.0296184067156,8.51750211716872,4.845994707022433,92,工况4,1,电压上限扩展4%
167,节能,1.2126181355086143,2235.0296184067156,8.570972758931864,4.593682033285078,97,工况4,1,电压上限扩展4%
168,节能,1.2126181355086143,2235.0296184067156,8.587898714658932,4.516583895034817,91,工况4,1,电压上限扩展4%
169,节能,1.212592542871945,2234.982447496687,8.587723138306819,4.5173769699796855,91,工况4,1,电压上限扩展4%
170,节能,1.212592542871945,2234.982447496687,8.614715742779238,4.397072174481171,97,工况4,1,电压上限扩展4%
171,节能,1.2118657009662253,2233.642773332486,8.587206653066287,4.519710731135314,98,工况4,1,电压上限扩展4%
172,节能,1.2114110130970803,2232.8047181979705,8.591459121376431,4.500531612678974,98,工况4,1,电压上限扩展4%
173,节能,1.2111335536911976,2232.2933206096495,8.515106778932532,4.857616416842706,93,工况4,1,电压上限扩展4%
174,节能,1.2107534761062402,2231.5927829590923,8.518378607759452,4.841749099148468,98,工况4,1,电压上限扩展4%
175,节能,1.210554290413634,2231.2256550814022,8.617223807736233,4.386057849941378,95,工况4,1,电压上限扩展4%
176,节能,1.2086551006671842,2227.7251752436096,8.516359574741635,4.8515346257700855,96,工况4,1,电压上限扩展4%
177,节能,1.2085633435354164,2227.5560536535595,8.600236451017896,4.461201820928028,94,工况4,1,电压上限扩展4%
178,节能,1.2082538793635238,2226.8061386247573,8.518697720636863,4.8402042811605,93,工况4,1,电压上限扩展4%
179,节能,1.2081908781325938,2226.869546349435,8.622213524149387,4.364227174831099,95,工况4,1,电压上限扩展4%
180,节能,1.2081640148717834,2226.8200334963776,8.58577229215764,4.526198279156798,89,工况4,1,电压上限扩展4%
181,节能,1.2081640148717834,2226.8200334963776,8.630074647142083,4.33005394421031,93,工况4,1,电压上限扩展4%
182,节能,1.2079807488237997,2226.4822478132364,8.614228610465977,4.3992146522138,81,工况4,1,电压上限扩展4%
183,节能,1.2062333665154257,2223.2615709162533,8.637222979039937,4.2992116482985105,70,工况4,1,电压上限扩展4%
184,节能,1.2062333665154257,2223.2615709162533,8.552772503598673,4.678053683002973,60,工况4,1,电压上限扩展4%
185,节能,1.2061670932086956,2223.1394196807455,8.62389625177607,4.356889544542908,69,工况4,1,电压上限扩展4%
186,节能,1.206158010299671,2223.1226785731396,8.570207706584599,4.59719778520288,74,工况4,1,电压上限扩展4%
187,节能,1.2061473324370093,2223.1029977365997,8.603982099343185,4.444522983827991,93,工况4,1,电压上限扩展4%
188,节能,1.2061473324370093,2223.1029977365997,8.649918523638789,4.244975820226089,93,工况4,1,电压上限扩展4%
189,节能,1.2060748179520389,2222.96934311201,8.614857981320709,4.396446785826568,97,工况4,1,电压上限扩展4%
190,节能,1.2058432531666887,2222.5425359097403,8.566971174844813,4.612100865886272,91,工况4,1,电压上限扩展4%
191,节能,1.2050637388803058,2221.105778972812,8.572015517997073,4.588894426296291,97,工况4,1,电压上限扩展4%
192,节能,1.2038613283063497,2218.889563358364,8.522148517423703,4.8235305052315605,96,工况4,1,电压上限扩展4%
193,节能,1.2029670569993696,2217.241292728506,8.532208624571032,4.7752485395947,91,工况4,1,电压上限扩展4%
194,节能,1.2023995067564421,2216.1952160076225,8.511969739719419,4.8728788769760625,89,工况4,1,电压上限扩展4%
195,节能,1.2023995067564421,2216.1952160076225,8.525496758436155,4.8074071700380525,95,工况4,1,电压上限扩展4%
196,节能,1.202376560356999,2216.1529224933747,8.633525405602754,4.315137724863749,95,工况4,1,电压上限扩展4%
197,节能,1.2014637730234565,2214.4705241636498,8.6564748928495,4.217235229606551,94,工况4,1,电压上限扩展4%
198,节能,1.2010817355429564,2213.766374143742,8.526137321311168,4.804328709558865,96,工况4,1,电压上限扩展4%
199,节能,1.2008975782590692,2213.426945784656,8.53984165019491,4.7389377022059564,93,工况4,1,电压上限扩展4%
200,节能,1.200866106330584,2213.368938494271,8.53340800640236,4.769524626521073,95,工况4,1,电压上限扩展4%
201,节能,1.2008581491291281,2213.3542722276097,8.568755969067348,4.603876556440284,95,工况4,1,电压上限扩展4%
202,节能,1.2003011407923736,2212.327625755904,8.508532623374295,4.889656345149879,97,工况4,1,电压上限扩展4%
203,节能,1.1993032104948587,2210.4882966986033,8.615376433589296,4.394168028781158,98,工况4,1,电压上限扩展4%
204,节能,1.1991702925319092,2210.2433097770727,8.507224470022319,4.896056951062077,93,工况4,1,电压上限扩展4%
205,节能,1.1990938554293833,2210.1024252041902,8.510192431760785,4.881547184229499,95,工况4,1,电压上限扩展4%
206,节能,1.1977178187172728,2207.5661916467957,8.526071949540915,4.804642787297283,95,工况4,1,电压上限扩展4%
207,节能,1.1974267546911253,2207.029718786756,8.516538673355422,4.8506658004489,92,工况4,1,电压上限扩展4%
208,节能,1.1973113124945638,2206.8169422159845,8.595417892629088,4.4827502568913395,98,工况4,1,电压上限扩展4%
209,节能,1.1971998117172138,2206.6114302476617,8.582453260988295,4.541245830155743,97,工况4,1,电压上限扩展4%
210,节能,1.197019983419724,2206.2799808330865,8.542647599403779,4.725659121932725,95,工况4,1,电压上限扩展4%
211,节能,1.197019983419724,2206.2799808330865,8.589806126940479,4.507977118387978,93,工况4,1,电压上限扩展4%
212,节能,1.1955297958380697,2203.3859985714307,8.587921837901884,4.516479458175562,93,工况4,1,电压上限扩展4%
213,节能,1.1954705323597554,2203.422336605208,8.517472871356183,4.846136434147637,88,工况4,1,电压上限扩展4%
214,节能,1.1940798319077113,2200.860858753739,8.58325189023337,4.5376205062642345,88,工况4,1,电压上限扩展4%
215,节能,1.1936418106691113,2200.0535226162574,8.515841871705582,4.854046930233075,86,工况4,1,电压上限扩展4%
216,节能,1.1936311825289112,2200.033933425365,8.513313877254859,4.866333457529317,86,工况4,1,电压上限扩展4%
217,节能,1.1935622038679963,2199.9067958330197,8.596765122735578,4.476715027119849,89,工况4,1,电压上限扩展4%
218,节能,1.193553885244843,2199.891463414192,8.578633153256217,4.558627056405848,87,工况4,1,电压上限扩展4%
219,节能,1.193531151442203,2199.849561746427,8.617184906553769,4.386228476096853,82,工况4,1,电压上限扩展4%
220,节能,1.193531151442203,2199.849561746427,8.517322643985281,4.846864511170352,81,工况4,1,电压上限扩展4%
221,节能,1.1935187269463892,2199.799830570386,8.574393760264192,4.577993890807265,82,工况4,1,电压上限扩展4%
222,节能,1.1935187269463892,2199.799830570386,8.56313696124579,4.629818590811271,82,工况4,1,电压上限扩展4%
223,节能,1.193511715472542,2199.812859742374,8.586798864128866,4.521554195018358,72,工况4,1,电压上限扩展4%
224,节能,1.1925405988905198,2198.0238309357364,8.625007656091892,4.352049968560523,73,工况4,1,电压上限扩展4%
225,节能,1.1925405988905198,2198.0238309357364,8.61687230413069,4.38759983608072,61,工况4,1,电压上限扩展4%
226,节能,1.192530087479763,2198.004456893996,8.615903080048213,4.391854465017469,53,工况4,1,电压上限扩展4%
227,节能,1.192311890074225,2197.602287695172,8.57883280667102,4.557717001797999,43,工况4,1,电压上限扩展4%
228,节能,1.1923092017969967,2197.5973328136215,8.554483281099827,4.670057415880106,22,工况4,1,电压上限扩展4%
229,节能,1.1923035811292906,2197.5869730812265,8.575633962566604,4.572319771498653,21,工况4,1,电压上限扩展4%
230,节能,1.192302537268217,2197.5762634491816,8.62063647373303,4.371115211076859,23,工况4,1,电压上限扩展4%
231,节能,1.1923014162575456,2197.5811411138848,8.518922792776152,4.839115008615394,23,工况4,1,电压上限扩展4%
232,节能,1.1923014162575456,2197.5811411138848,8.514088175708814,4.862566921456435,19,工况4,1,电压上限扩展4%
233,节能,1.1923013716796225,2197.581351296431,8.597694254401311,4.472557501173285,17,工况4,1,电压上限扩展4%
234,节能,1.1923013716796225,2197.581351296431,8.616724270258972,4.388249397549365,9,工况4,1,电压上限扩展4%
235,节能,1.1923013716796225,2197.581351296431,8.525320963437974,4.80825236246089,6,工况4,1,电压上限扩展4%
236,节能,1.1923013716796225,2197.581351296431,8.59650734295508,4.477869182489457,5,工况4,1,电压上限扩展4%
237,节能,1.1923013382021312,2197.579865605664,8.600399896874169,4.460472715562647,7,工况4,1,电压上限扩展4%
238,节能,1.1923012705546965,2197.5794024520283,8.507004781595532,4.897132676268979,3,工况4,1,电压上限扩展4%
239,节能,1.1923012480220974,2197.5799385912733,8.577610130680961,4.563293021083381,4,工况4,1,电压上限扩展4%
240,节能,1.1923012480220974,2197.5799385912733,8.531723729803893,4.777564594099311,4,工况4,1,电压上限扩展4%
241,节能,1.1923012175367813,2197.5797380018134,8.513100246578658,4.8673731666894025,5,工况4,1,电压上限扩展4%
242,节能,1.192301213201744,2197.5795780198077,8.515581468530527,4.855311104055868,8,工况4,1,电压上限扩展4%
243,节能,1.192301199823153,2197.579158727588,8.584978331099686,4.529793331307883,5,工况4,1,电压上限扩展4%
244,节能,1.1923011924127815,2197.579857804084,8.545852426794445,4.710538442665279,9,工况4,1,电压上限扩展4%
245,节能,1.192301189874869,2197.5795594635247,8.50988656574853,4.883040511967831,4,工况4,1,电压上限扩展4%
246,节能,1.1923011787022282,2197.5797456936143,8.52264520801227,4.821135297913658,3,工况4,1,电压上限扩展4%
247,节能,1.1923011770151715,2197.579572488001,8.648399329410488,4.251429664071351,6,工况4,1,电压上限扩展4%
248,节能,1.1923011770151715,2197.579572488001,8.562666481353924,4.631997339849855,3,工况4,1,电压上限扩展4%
249,节能,1.1923011707672169,2197.5798265230997,8.572612694513074,4.586154864392932,3,工况4,1,电压上限扩展4%
250,节能,1.1923011677124367,2197.5797261708467,8.584320977227875,4.532771987401017,9,工况4,1,电压上限扩展4%
251,节能,1.192301166611152,2197.57974240205,8.589730164677729,4.508319567536758,10,工况4,1,电压上限扩展4%
252,节能,1.192301166611152,2197.57974240205,8.512737383840145,4.869139675526764,5,工况4,1,电压上限扩展4%
253,节能,1.192210184247338,2197.4148292292293,8.593626442553559,4.490788077705336,6,工况4,1,电压上限扩展4%
254,节能,1.192148932354845,2197.3019331823234,8.513232241031904,4.866730742828644,11,工况4,1,电压上限扩展4%
255,节能,1.1918314257335738,2196.7167228165854,8.531077582696051,4.780652601190304,25,工况4,1,电压上限扩展4%
256,节能,1.1918310931585856,2196.716109833052,8.594018456408314,4.4890279715756405,43,工况4,1,电压上限扩展4%
257,节能,1.191798586979506,2196.6561962700794,8.625674211767981,4.349150051536802,66,工况4,1,电压上限扩展4%
258,节能,1.191798586979506,2196.6561962700794,8.616457197167072,4.389421537400534,81,工况4,1,电压上限扩展4%
259,节能,1.1917935385338085,2196.63816465573,8.642497699102739,4.2765942131223085,89,工况4,1,电压上限扩展4%
260,节能,1.1917935385338085,2196.63816465573,8.560737761883244,4.640939784268567,89,工况4,1,电压上限扩展4%
261,节能,1.1917924637634627,2196.6434701896005,8.614664436003709,4.397297779863703,90,工况4,1,电压上限扩展4%
262,节能,1.1917924637634627,2196.6434701896005,8.601007010744635,4.457765522578554,83,工况4,1,电压上限扩展4%
263,节能,1.191792431282283,2196.6420067094064,8.59983825718066,4.4629785977270915,65,工况4,1,电压上限扩展4%
264,节能,1.191792431282283,2196.6420067094064,8.566593090718314,4.613844957699415,37,工况4,1,电压上限扩展4%
265,节能,1.1917924195140017,2196.6425154749168,8.510924162752907,4.877976511410595,10,工况4,1,电压上限扩展4%
266,节能,1.1917924178320263,2196.64255746265,8.569903901844066,4.598594647859195,6,工况4,1,电压上限扩展4%
267,节能,1.1917924178320263,2196.64255746265,8.507539192618196,4.8945162937614235,2,工况4,1,电压上限扩展4%
268,节能,1.1917924178320263,2196.64255746265,8.600323393485557,4.460813969893591,6,工况4,1,电压上限扩展4%
269,节能,1.19179241361034,2196.6425209473446,8.614416776825644,4.398386945882985,6,工况4,1,电压上限扩展4%
270,节能,1.1915340987232481,2196.1687063759837,8.58844377560594,4.514122752337064,5,工况4,1,电压上限扩展4%
271,节能,1.1915340987232481,2196.1687063759837,8.51089425944868,4.8781223812072145,6,工况4,1,电压上限扩展4%
272,节能,1.1915340987232481,2196.1687063759837,8.61503356682086,4.395674901286637,9,工况4,1,电压上限扩展4%
273,节能,1.1915063264520536,2196.1175180860578,8.528055348032554,4.795122710214253,10,工况4,1,电压上限扩展4%
274,节能,1.190766197557459,2194.75335409047,8.61531845219601,4.394422816152187,22,工况4,1,电压上限扩展4%
275,节能,1.1906578063431754,2194.5535734940854,8.605802742273578,4.436438456230695,35,工况4,1,电压上限扩展4%
276,节能,1.1906578063431754,2194.5535734940854,8.556449724900368,4.660883033836195,50,工况4,1,电压上限扩展4%
277,节能,1.1906578063431754,2194.5535734940854,8.587587094385455,4.517991573462546,59,工况4,1,电压上限扩展4%
278,节能,1.1906578063431754,2194.5535734940854,8.650166421864364,4.2439236286762405,64,工况4,1,电压上限扩展4%
279,节能,1.1906578063431754,2194.5535734940854,8.588934897949112,4.5119063101102705,70,工况4,1,电压上限扩展4%
280,节能,1.1906578063431754,2194.5535734940854,8.510179673495072,4.881609464702862,64,工况4,1,电压上限扩展4%
281,节能,1.1906578063431754,2194.5535734940854,8.648733955239223,4.250007263895894,67,工况4,1,电压上限扩展4%
282,节能,1.190639752122148,2194.5158846966697,8.507559212852376,4.8944183053799035,69,工况4,1,电压上限扩展4%
283,节能,1.190639752122148,2194.5158846966697,8.582094454257819,4.542875552084465,73,工况4,1,电压上限扩展4%
284,节能,1.190639752122148,2194.5158846966697,8.611200513082748,4.412556091985476,72,工况4,1,电压上限扩展4%
285,节能,1.190420554572192,2194.1162843594107,8.565267293524759,4.619966037154208,66,工况4,1,电压上限扩展4%
286,节能,1.190420554572192,2194.1162843594107,8.615917631514854,4.391790557558703,54,工况4,1,电压上限扩展4%
287,节能,1.1902843072505553,2193.8651609510025,8.524656430086106,4.811448668428278,42,工况4,1,电压上限扩展4%
288,节能,1.1902212781411072,2193.74515224497,8.507525432544025,4.894583643132025,40,工况4,1,电压上限扩展4%
289,节能,1.1902212781411072,2193.74515224497,8.509266021221434,4.886071596397285,43,工况4,1,电压上限扩展4%
290,节能,1.1902212246976502,2193.7478057208978,8.56575456135099,4.617715424716064,57,工况4,1,电压上限扩展4%
291,节能,1.1902195933848998,2193.741715074798,8.54177804985371,4.729770103788161,58,工况4,1,电压上限扩展4%
292,节能,1.1902195933848998,2193.741715074798,8.58466899815704,4.531194762351852,61,工况4,1,电压上限扩展4%
293,节能,1.1902195933848998,2193.741715074798,8.507182380335454,4.896263028902865,50,工况4,1,电压上限扩展4%
294,节能,1.1902195933848996,2193.741715074798,8.65040446044228,4.242913531356724,25,工况4,1,电压上限扩展4%
295,节能,1.1902195933848996,2193.741715074798,8.648205184500954,4.252255137627023,16,工况4,1,电压上限扩展4%
296,节能,1.1902195933848996,2193.741715074798,8.5861688080368,4.524403925435267,20,工况4,1,电压上限扩展4%
297,节能,1.1902195933848996,2193.741715074798,8.597101023636052,4.475211547035368,10,工况4,1,电压上限扩展4%
298,节能,1.1902195933848996,2193.741715074798,8.531069825628306,4.7806896851802305,9,工况4,1,电压上限扩展4%
299,节能,1.1902195933848996,2193.741715074798,8.6007468894873,4.458925232977311,6,工况4,1,电压上限扩展4%
300,节能,1.1902195933848996,2193.741715074798,8.523099136013668,4.818947346227241,3,工况4,1,电压上限扩展4%
0,节能,1309.381880430564,2115.3511730287964,7.515579678657623,13.19812756862027,0,工况4,2,电压上限扩展4%
1,节能,1309.381880430564,2115.3511730287964,7.515579678657623,13.19812756862027,0,工况4,2,电压上限扩展4%
2,节能,772.2600407067641,2142.874154952472,7.741023772487307,10.534239691019721,0,工况4,2,电压上限扩展4%
3,节能,578.166503462012,2138.4815971244634,7.841595831297178,9.52632306691012,0,工况4,2,电压上限扩展4%
4,节能,578.166503462012,2138.4815971244634,7.841595831297178,9.52632306691012,0,工况4,2,电压上限扩展4%
5,节能,416.1069955584362,2186.407148005985,7.9395826598896555,8.637144128015679,0,工况4,2,电压上限扩展4%
6,节能,416.1069955584362,2186.407148005985,7.9395826598896555,8.637144128015679,0,工况4,2,电压上限扩展4%
7,节能,242.11328244377492,2197.9022983662435,8.069681950619943,7.583483787986801,0,工况4,2,电压上限扩展4%
8,节能,221.76057000910146,2222.3248067535724,8.087676272412375,7.448244558640098,0,工况4,2,电压上限扩展4%
9,节能,193.78766098623203,2206.018903156647,8.113797701708076,7.256204860126048,0,工况4,2,电压上限扩展4%
10,节能,109.22041174346471,2222.783087824473,8.20731255409541,6.6084034770525655,0,工况4,2,电压上限扩展4%
11,节能,64.87151993541663,2234.608574327557,8.272103028367098,6.193817511393168,0,工况4,2,电压上限扩展4%
12,节能,63.882359088654596,2239.401011793738,8.273777440098412,6.183455188509009,0,工况4,2,电压上限扩展4%
13,节能,51.3701198735492,2239.649697276347,8.296165272602131,6.0465591500591005,0,工况4,2,电压上限扩展4%
14,节能,48.613745461062955,2251.7051772101445,8.301474154992414,6.014543736891258,0,工况4,2,电压上限扩展4%
15,节能,27.83094211780629,2246.1155250011125,8.347778708084073,5.742392522428362,0,工况4,2,电压上限扩展4%
16,节能,17.787720636561012,2250.251337034064,8.376988727793963,5.577083221310276,0,工况4,2,电压上限扩展4%
17,节能,9.456217480741689,2257.5218105199547,8.409223800548281,5.400172226067193,0,工况4,2,电压上限扩展4%
18,节能,7.805220374972137,2266.238227750934,8.417401575002287,5.356190915316931,0,工况4,2,电压上限扩展4%
19,节能,1.2466499950931689,2297.7552299687054,8.582123073674572,4.542745539496234,1,工况4,2,电压上限扩展4%
20,节能,1.2322409709470243,2271.197326209941,8.582123073674572,4.542745539496234,7,工况4,2,电压上限扩展4%
21,节能,1.208492643199368,2227.425742766338,8.650229861190633,4.243654405560259,29,工况4,2,电压上限扩展4%
22,节能,1.208492643199368,2227.425742766338,8.650229861190633,4.243654405560259,57,工况4,2,电压上限扩展4%
23,节能,1.2079445373572797,2226.415504872629,8.593442568119187,4.4916138947440025,81,工况4,2,电压上限扩展4%
24,节能,1.2068209472792752,2224.3445667679184,8.58878737806505,4.51257195510277,86,工况4,2,电压上限扩展4%
25,节能,1.205327667531914,2221.2158634026528,8.606411049894886,4.4337405575656605,89,工况4,2,电压上限扩展4%
26,节能,1.2050941434490423,2221.1618189656765,8.569871883701778,4.598741888674134,89,工况4,2,电压上限扩展4%
27,节能,1.2040426289892867,2218.7876943199362,8.56383449615554,4.626590256787113,84,工况4,2,电压上限扩展4%
28,节能,1.2040426289892867,2218.7876943199362,8.591572262884625,4.500022444549207,90,工况4,2,电压上限扩展4%
29,节能,1.2040426289892867,2218.7876943199362,8.573592076684097,4.581665464862974,78,工况4,2,电压上限扩展4%
30,节能,1.203852630338141,2218.8735317520427,8.540584413988993,4.735419097766103,75,工况4,2,电压上限扩展4%
31,节能,1.203286301919362,2217.8297070287836,8.519217970081147,4.837686822483026,71,工况4,2,电压上限扩展4%
32,节能,1.2011573573781789,2213.905756061735,8.552112238095484,4.68114346039639,79,工况4,2,电压上限扩展4%
33,节能,1.2008833069588623,2213.4006417259243,8.562810591823446,4.631329868634334,79,工况4,2,电压上限扩展4%
34,节能,1.20036407382106,2212.44362037859,8.600663109306895,4.459298818187045,77,工况4,2,电压上限扩展4%
35,节能,1.2000395778888382,2211.845527707591,8.540910759401685,4.7338739676031585,86,工况4,2,电压上限扩展4%
36,节能,1.1999376102287347,2211.657586645374,8.540293708604615,4.7367959097087375,86,工况4,2,电压上限扩展4%
37,节能,1.1997933797409828,2211.3819048954774,8.549210042979057,4.694748785190528,89,工况4,2,电压上限扩展4%
38,节能,1.199632742633609,2211.0956718225248,8.56591005458397,4.616997457036701,91,工况4,2,电压上限扩展4%
39,节能,1.198688650767109,2209.355574736446,8.5608837792504,4.640262175932636,88,工况4,2,电压上限扩展4%
40,节能,1.1986884301422047,2209.355168093018,8.597768688438038,4.472224603053611,90,工况4,2,电压上限扩展4%
41,节能,1.1983903686655266,2208.805797925301,8.56554395597676,4.618688042816878,88,工况4,2,电压上限扩展4%
42,节能,1.1983903686655266,2208.805797925301,8.562295644367358,4.633715374320819,95,工况4,2,电压上限扩展4%
43,节能,1.198294744882048,2208.6295495400586,8.54621011437587,4.708853842860685,90,工况4,2,电压上限扩展4%
44,节能,1.1982549600337784,2208.5562203429745,8.552079436536813,4.681297011716601,80,工况4,2,电压上限扩展4%
45,节能,1.1979570539971935,2208.007136673704,8.519235292188275,4.837603024279417,72,工况4,2,电压上限扩展4%
46,节能,1.1969606858370978,2206.1706868603274,8.55097407307879,4.68647440729429,74,工况4,2,电压上限扩展4%
47,节能,1.196604152855191,2205.513545299298,8.55989723823201,4.644842243746194,64,工况4,2,电压上限扩展4%
48,节能,1.1961057778096973,2204.5949684158295,8.584559795382509,4.531689608410633,76,工况4,2,电压上限扩展4%
49,节能,1.1955763540961732,2203.6191643718657,8.561706294899123,4.636447056891398,83,工况4,2,电压上限扩展4%
50,节能,1.1952812787245568,2203.075298025228,8.54170538936954,4.7301137836597364,85,工况4,2,电压上限扩展4%
51,节能,1.1948192366231256,2202.223687982949,8.600495666186745,4.460045559611454,89,工况4,2,电压上限扩展4%
52,节能,1.194233491886044,2201.144076192668,8.556257213232026,4.66178039457842,88,工况4,2,电压上限扩展4%
53,节能,1.193432823197386,2199.668328649992,8.561239825831363,4.638610320536307,79,工况4,2,电压上限扩展4%
54,节能,1.1931278047126839,2199.1061357159524,8.600365747781602,4.460625039259146,86,工况4,2,电压上限扩展4%
55,节能,1.1923640073397728,2197.6971154024177,8.54100369172562,4.733434058135352,87,工况4,2,电压上限扩展4%
56,节能,1.1923640073397728,2197.6971154024177,8.559979463947752,4.6444603339698105,93,工况4,2,电压上限扩展4%
57,节能,1.1923640073397728,2197.6971154024177,8.542240790462403,4.727581953403421,89,工况4,2,电压上限扩展4%
58,节能,1.1923640073397728,2197.6971154024177,8.559745770900436,4.645545838890927,90,工况4,2,电压上限扩展4%
59,节能,1.1923640073397728,2197.6971154024177,8.553495207082275,4.674674058690021,87,工况4,2,电压上限扩展4%
60,节能,1.192178664397941,2197.328861484975,8.575964870863407,4.570807003258212,82,工况4,2,电压上限扩展4%
61,节能,1.1921732578528448,2197.3393515433017,8.598575172000373,4.468619281435899,71,工况4,2,电压上限扩展4%
62,节能,1.1921732578528448,2197.3393515433017,8.540011380466733,4.73813342927827,59,工况4,2,电压上限扩展4%
63,节能,1.1921732578528448,2197.3393515433017,8.578671650894814,4.558451563406987,59,工况4,2,电压上限扩展4%
64,节能,1.1921732578528448,2197.3393515433017,8.539497660058911,4.740568130440167,39,工况4,2,电压上限扩展4%
65,节能,1.1921732578528448,2197.3393515433017,8.555411280777813,4.665725614368072,35,工况4,2,电压上限扩展4%
66,节能,1.1915431825046328,2196.1854490914748,8.599539930547186,4.464310221726998,26,工况4,2,电压上限扩展4%
67,节能,1.1907447009787602,2194.532291871431,8.497206805190109,4.945350499489063,13,工况4,2,电压上限扩展4%
68,节能,1.190676805338245,2194.572609425509,8.51826546849675,4.842296922061288,14,工况4,2,电压上限扩展4%
69,节能,1.1905951827094676,2194.4381491308413,8.541856610590273,4.729398544160223,36,工况4,2,电压上限扩展4%
70,节能,1.190453827312565,2194.1776108050917,8.560363750889946,4.642675871404715,61,工况4,2,电压上限扩展4%
71,节能,1.19037796684357,2194.037789050736,8.56343048074099,4.628459848214105,78,工况4,2,电压上限扩展4%
72,节能,1.19037796684357,2194.037789050736,8.599782142297801,4.463229044275131,80,工况4,2,电压上限扩展4%
73,节能,1.19037796684357,2194.037789050736,8.531995957568826,4.776264185379747,82,工况4,2,电压上限扩展4%
74,节能,1.19037796684357,2194.037789050736,8.518067824856619,4.843254065835135,77,工况4,2,电压上限扩展4%
75,节能,1.19037715787395,2194.0362980033833,8.563181278080592,4.6296134164519955,75,工况4,2,电压上限扩展4%
76,节能,1.1901594334022134,2193.635000489571,8.532345440666413,4.77459525342609,74,工况4,2,电压上限扩展4%
77,节能,1.1901594334022134,2193.635000489571,8.599080975245075,4.466359610826552,75,工况4,2,电压上限扩展4%
78,节能,1.1901286988148656,2193.565771075043,8.569585291067314,4.600060043104879,72,工况4,2,电压上限扩展4%
79,节能,1.1886559807247103,2190.8639209834223,8.514969606989265,4.858282791229142,50,工况4,2,电压上限扩展4%
80,节能,1.1886559807247103,2190.8639209834223,8.598686437248025,4.468122107064516,33,工况4,2,电压上限扩展4%
81,节能,1.1885720216404916,2190.709172316494,8.551510010702948,4.6839634222605415,57,工况4,2,电压上限扩展4%
82,节能,1.1884193200447843,2190.427721314575,8.540743150517768,4.734667473432927,76,工况4,2,电压上限扩展4%
83,节能,1.1883223874179807,2190.2490605428516,8.56331408813182,4.628998598084922,83,工况4,2,电压上限扩展4%
84,节能,1.1883099140323135,2190.226070299186,8.551616552987225,4.683464408681561,84,工况4,2,电压上限扩展4%
85,节能,1.1882885924464175,2190.186771549981,8.599222430208847,4.465727866772327,89,工况4,2,电压上限扩展4%
86,节能,1.1882885924464175,2190.186771549981,8.589135009516685,4.511003515798619,90,工况4,2,电压上限扩展4%
87,节能,1.1882885924464175,2190.186771549981,8.563009882571757,4.630406979403836,98,工况4,2,电压上限扩展4%
88,节能,1.1882885924464175,2190.186771549981,8.56319180754551,4.6295646693565855,96,工况4,2,电压上限扩展4%
89,节能,1.1882874821557068,2190.184725124523,8.540201383586462,4.737233254665719,94,工况4,2,电压上限扩展4%
90,节能,1.1882868912494748,2190.1836359993554,8.597955808716717,4.471387837429919,94,工况4,2,电压上限扩展4%
91,节能,1.1882868912494748,2190.1836359993554,8.562558398283196,4.632498007402306,98,工况4,2,电压上限扩展4%
92,节能,1.1882868912494748,2190.1836359993554,8.562357373301907,4.633429348835874,95,工况4,2,电压上限扩展4%
93,节能,1.1882868912494748,2190.1836359993554,8.598885078761727,4.467234640672516,98,工况4,2,电压上限扩展4%
94,节能,1.1882868912494748,2190.1836359993554,8.562475580422207,4.632881676865436,94,工况4,2,电压上限扩展4%
95,节能,1.1882868391979664,2190.18354006094,8.57600211355131,4.5706367772893834,94,工况4,2,电压上限扩展4%
96,节能,1.1882868032087606,2190.183473727657,8.522054646032819,4.823983318001809,98,工况4,2,电压上限扩展4%
97,节能,1.1880034009508644,2189.6611226083946,8.598682157270039,4.468141230569699,93,工况4,2,电压上限扩展4%
98,节能,1.1878244119175054,2189.331220078313,8.562842829466842,4.631180567880147,95,工况4,2,电压上限扩展4%
99,节能,1.1869635198690185,2187.7119142605966,8.603844229584292,4.4451357913830085,93,工况4,2,电压上限扩展4%
100,节能,1.1869635198690185,2187.7119142605966,8.608878669740918,4.422813259127728,91,工况4,2,电压上限扩展4%
101,节能,1.1865530552893497,2186.987926970385,8.571544472492635,4.591056513566909,86,工况4,2,电压上限扩展4%
102,节能,1.1865530552893497,2186.987926970385,8.566967599140026,4.612117357426898,78,工况4,2,电压上限扩展4%
103,节能,1.186510138386844,2186.9088249469023,8.567284368493594,4.610656611365018,75,工况4,2,电压上限扩展4%
104,节能,1.1864949913949656,2186.880906862481,8.489204799587855,4.985081975631181,73,工况4,2,电压上限扩展4%
105,节能,1.1864949913949656,2186.880906862481,8.597288969663479,4.474370527838789,85,工况4,2,电压上限扩展4%
106,节能,1.1864949913949656,2186.880906862481,8.600000695944484,4.462253695878382,89,工况4,2,电压上限扩展4%
107,节能,1.1864949307390524,2186.8807950649098,8.526100298408942,4.8045065830436195,93,工况4,2,电压上限扩展4%
108,节能,1.1864949307390524,2186.8807950649098,8.563875951569901,4.626398463546397,92,工况4,2,电压上限扩展4%
109,节能,1.1864949307390524,2186.8807950649098,8.59952021768776,4.46439822691425,93,工况4,2,电压上限扩展4%
110,节能,1.1864949307390524,2186.8807950649098,8.540600874595649,4.735341150536517,93,工况4,2,电压上限扩展4%
111,节能,1.1864949307390524,2186.8807950649098,8.562548457221483,4.632544059579784,97,工况4,2,电压上限扩展4%
112,节能,1.1864948883569086,2186.8807169485235,8.564174324174068,4.625018278903797,93,工况4,2,电压上限扩展4%
113,节能,1.1864948883569086,2186.8807169485235,8.54110266526144,4.732965596613083,94,工况4,2,电压上限扩展4%
114,节能,1.1864948447076904,2186.8806364967368,8.540372279384913,4.736423750578607,95,工况4,2,电压上限扩展4%
115,节能,1.1864948447076904,2186.8806364967368,8.560855157938885,4.640394988222504,95,工况4,2,电压上限扩展4%
116,节能,1.1864948447076904,2186.8806364967368,8.563106572567612,4.629959287016226,98,工况4,2,电压上限扩展4%
117,节能,1.1864948447076904,2186.8806364967368,8.577358817098517,4.564439982717734,92,工况4,2,电压上限扩展4%
118,节能,1.1864948442444407,2186.880635642901,8.540472310424951,4.7359499848808095,95,工况4,2,电压上限扩展4%
119,节能,1.1864948437416338,2186.8806347161553,8.573128931381605,4.583787933168287,95,工况4,2,电压上限扩展4%
120,节能,1.1864948391727623,2186.8806262950684,8.540498363458072,4.735826600626268,95,工况4,2,电压上限扩展4%
121,节能,1.1864948356548375,2186.880619811027,8.531743968417416,4.777467903794353,98,工况4,2,电压上限扩展4%
122,节能,1.1864948324188804,2186.8806138466925,8.563425496665772,4.6284829168636215,98,工况4,2,电压上限扩展4%
123,节能,1.1864948324188804,2186.8806138466925,8.563648796286774,4.627449493768259,93,工况4,2,电压上限扩展4%
124,节能,1.1856801987747787,2185.3791268827404,8.599157075409568,4.4660197330580225,96,工况4,2,电压上限扩展4%
125,节能,1.1853734894606747,2184.8138175069444,8.51643555229551,4.8511660320392815,98,工况4,2,电压上限扩展4%
126,节能,1.185095268513148,2184.301016287851,8.525898120714743,4.805478045307033,95,工况4,2,电压上限扩展4%
127,节能,1.1850739629321134,2184.2617470379073,8.599176690482663,4.465932132613664,96,工况4,2,电压上限扩展4%
128,节能,1.1850722530424183,2184.2585954652886,8.56427699824035,4.624543433848028,95,工况4,2,电压上限扩展4%
129,节能,1.1850722530424183,2184.2585954652886,8.59899497161615,4.46674375047963,96,工况4,2,电压上限扩展4%
130,节能,1.1850722530424183,2184.2585954652886,8.548367122652996,4.698707752679992,96,工况4,2,电压上限扩展4%
131,节能,1.1850722530424183,2184.2585954652886,8.505803611302323,4.903018500792723,96,工况4,2,电压上限扩展4%
132,节能,1.1850722530424183,2184.2585954652886,8.599195408043407,4.465848542040001,98,工况4,2,电压上限扩展4%
133,节能,1.1850722530424183,2184.2585954652886,8.59918756135369,4.465883584305319,98,工况4,2,电压上限扩展4%
134,节能,1.1850722530424183,2184.2585954652886,8.563297895886492,4.629073552572683,93,工况4,2,电压上限扩展4%
135,节能,1.1850722530424183,2184.2585954652886,8.521070455245939,4.828733375037216,99,工况4,2,电压上限扩展4%
136,节能,1.1850722530424183,2184.2585954652886,8.599166812323393,4.465976248020448,96,工况4,2,电压上限扩展4%
137,节能,1.1850722530424183,2184.2585954652886,8.53994931922416,4.738427492851251,93,工况4,2,电压上限扩展4%
138,节能,1.1850722530424183,2184.2585954652886,8.559169168919315,4.648225242225422,95,工况4,2,电压上限扩展4%
139,节能,1.1850722530424183,2184.2585954652886,8.59929925523186,4.465384800304404,93,工况4,2,电压上限扩展4%
140,节能,1.1850722530424183,2184.2585954652886,8.578413485037975,4.559628551883291,99,工况4,2,电压上限扩展4%
141,节能,1.1850722530424183,2184.2585954652886,8.562553651271072,4.632519997978705,96,工况4,2,电压上限扩展4%
142,节能,1.1850722530424183,2184.2585954652886,8.598762733038592,4.467781221160252,97,工况4,2,电压上限扩展4%
143,节能,1.1850722530424183,2184.2585954652886,8.564711069097966,4.622536489923066,93,工况4,2,电压上限扩展4%
144,节能,1.1850722530424183,2184.2585954652886,8.538459607245256,4.745491645518522,95,工况4,2,电压上限扩展4%
145,节能,1.1850722530424183,2184.2585954652886,8.544094228590577,4.7188277879150125,96,工况4,2,电压上限扩展4%
146,节能,1.1850722530424183,2184.2585954652886,8.54008453432635,4.73778682920826,98,工况4,2,电压上限扩展4%
147,节能,1.1847926715666874,2183.5791686564953,8.5991658986543,4.4659803284467765,92,工况4,2,电压上限扩展4%
148,节能,1.1847926715666874,2183.5791686564953,8.5991658986543,4.4659803284467765,91,工况4,2,电压上限扩展4%
149,节能,1.1847926715666874,2183.5791686564953,8.540434428884831,4.736129393358281,87,工况4,2,电压上限扩展4%
150,节能,1.1847926715666874,2183.5791686564953,8.5631781014814,4.6296281229015905,77,工况4,2,电压上限扩展4%
151,节能,1.1847926715666874,2183.5791686564953,8.584497999877774,4.53196965511001,70,工况4,2,电压上限扩展4%
152,节能,1.1847864772221681,2183.7318695292497,8.595852192144605,4.480803823324761,57,工况4,2,电压上限扩展4%
153,节能,1.1847864772221681,2183.7318695292497,8.59821114743162,4.4702462647557315,43,工况4,2,电压上限扩展4%
154,节能,1.184730160773064,2183.6280702143085,8.560707440815687,4.64108050465068,38,工况4,2,电压上限扩展4%
155,节能,1.1846625159644872,2183.503391103652,8.5991658986543,4.4659803284467765,36,工况4,2,电压上限扩展4%
156,节能,1.1846476986352548,2183.4748057568995,8.492391339208202,4.969222096891285,59,工况4,2,电压上限扩展4%
157,节能,1.184646988708206,2183.4738157614584,8.562520148776587,4.63267520155423,74,工况4,2,电压上限扩展4%
158,节能,1.184646988708206,2183.4738157614584,8.564645701439417,4.62283866418607,76,工况4,2,电压上限扩展4%
159,节能,1.184646988708206,2183.4738157614584,8.559177035034356,4.648188678894736,72,工况4,2,电压上限扩展4%
160,节能,1.1846459706255832,2183.472146110401,8.572363173446151,4.587299349428395,62,工况4,2,电压上限扩展4%
161,节能,1.1846459706255832,2183.472146110401,8.568311083074152,4.605925212310012,29,工况4,2,电压上限扩展4%
162,节能,1.1846458082458227,2183.4702304268094,8.536917638229715,4.752814691103135,16,工况4,2,电压上限扩展4%
163,节能,1.1846458082458227,2183.4702304268094,8.539153627486337,4.742199320864775,6,工况4,2,电压上限扩展4%
164,节能,1.1846457903847656,2183.4707448520776,8.514643398866532,4.859867861055443,3,工况4,2,电压上限扩展4%
165,节能,1.1846457903847656,2183.4707448520776,8.528185361026022,4.794499322481782,2,工况4,2,电压上限扩展4%
166,节能,1.1846457903847656,2183.4707448520776,8.563229350264638,4.629390866173057,1,工况4,2,电压上限扩展4%
167,节能,1.184645790139769,2183.470273780511,8.598685423250284,4.468126637732536,6,工况4,2,电压上限扩展4%
168,节能,1.1846457883089063,2183.4706163771207,8.559722896003233,4.6456521064898695,5,工况4,2,电压上限扩展4%
169,节能,1.1846457870597047,2183.470581541607,8.590445117002984,4.50509748593357,8,工况4,2,电压上限扩展4%
170,节能,1.1846457838697355,2183.470471362986,8.56299353144024,4.630482692416329,9,工况4,2,电压上限扩展4%
171,节能,1.1846457838697355,2183.470471362986,8.539195295369534,4.742001727574052,3,工况4,2,电压上限扩展4%
172,节能,1.1846457838697355,2183.470471362986,8.562331581589433,4.6335488544545305,7,工况4,2,电压上限扩展4%
173,节能,1.1846457837320872,2183.4703885100053,8.5986759547287,4.468168944486338,3,工况4,2,电压上限扩展4%
174,节能,1.1846457836746722,2183.4704230802845,8.51548093388179,4.855799255589886,5,工况4,2,电压上限扩展4%
175,节能,1.1846457836746722,2183.4704230802845,8.53060580647356,4.7829085315208415,4,工况4,2,电压上限扩展4%
176,节能,1.1846457836746722,2183.4704230802845,8.562331672417113,4.633548433600058,4,工况4,2,电压上限扩展4%
177,节能,1.1846457836746722,2183.4704230802845,8.599031877892237,4.466578902643544,2,工况4,2,电压上限扩展4%
178,节能,1.1846457836721456,2183.47041883509,8.598675638177403,4.468170358891238,9,工况4,2,电压上限扩展4%
179,节能,1.1846457836686224,2183.470412654471,8.562331500185783,4.633549231642335,4,工况4,2,电压上限扩展4%
180,节能,1.1846457836678608,2183.4704136581367,8.562331486546727,4.633549294839574,4,工况4,2,电压上限扩展4%
181,节能,1.1846457836678608,2183.4704136581367,8.598568241956787,4.468650249269594,6,工况4,2,电压上限扩展4%
182,节能,1.1846457836678608,2183.4704136581367,8.598675469347908,4.468171113250244,7,工况4,2,电压上限扩展4%
183,节能,1.1846457836678608,2183.4704136581367,8.540584275412154,4.735419753985558,7,工况4,2,电压上限扩展4%
184,节能,1.184645783667851,2183.470413185863,8.538518509816907,4.745212132088966,5,工况4,2,电压上限扩展4%
185,节能,1.1845213667426782,2183.2432327882516,8.598675462874345,4.4681711421752315,5,工况4,2,电压上限扩展4%
186,节能,1.184149601775342,2182.5580164874627,8.531240555421098,4.779873548692265,13,工况4,2,电压上限扩展4%
187,节能,1.1841081333936057,2182.4815842960797,8.554444132756577,4.670240244469514,34,工况4,2,电压上限扩展4%
188,节能,1.1837737526281076,2181.8652724557487,8.589954647552629,4.507307640583654,77,工况4,2,电压上限扩展4%
189,节能,1.1837462721614045,2181.814622003467,8.547518342707807,4.702697614606629,84,工况4,2,电压上限扩展4%
190,节能,1.1837421948314644,2181.807001500496,8.551947811931019,4.681913226143975,86,工况4,2,电压上限扩展4%
191,节能,1.1837421948314644,2181.807001500496,8.540322147287904,4.736661203385499,69,工况4,2,电压上限扩展4%
192,节能,1.1837416005347239,2181.8036170883815,8.598587559982192,4.468563924604365,56,工况4,2,电压上限扩展4%
193,节能,1.1837412530925577,2181.802154296297,8.562247255851288,4.633939598356566,50,工况4,2,电压上限扩展4%
194,节能,1.1837412050597358,2181.80274229909,8.585211597390487,4.528736806450003,47,工况4,2,电压上限扩展4%
195,节能,1.1837412050597358,2181.80274229909,8.56897714546048,4.602858400229319,33,工况4,2,电压上限扩展4%
196,节能,1.1837412050597358,2181.80274229909,8.598130416245194,4.470607167608162,20,工况4,2,电压上限扩展4%
197,节能,1.1837412050597358,2181.80274229909,8.599933981624783,4.462551402028556,15,工况4,2,电压上限扩展4%
198,节能,1.1837412050597358,2181.80274229909,8.5409339339991,4.73376426325093,12,工况4,2,电压上限扩展4%
199,节能,1.1837412050597358,2181.80274229909,8.599004206032342,4.466702502899265,10,工况4,2,电压上限扩展4%
200,节能,1.1837412031292198,2181.8031745281814,8.598823727231446,4.467508720761376,10,工况4,2,电压上限扩展4%
201,节能,1.183741201015331,2181.8029769160153,8.599514539159156,4.464423578199259,8,工况4,2,电压上限扩展4%
202,节能,1.183741200920835,2181.8030022948474,8.550778384617999,4.687391585995304,4,工况4,2,电压上限扩展4%
203,节能,1.183741200920835,2181.8030022948474,8.598648034342936,4.468293699228517,4,工况4,2,电压上限扩展4%
204,节能,1.183741200920835,2181.8030022948474,8.562330356285605,4.633554531963158,9,工况4,2,电压上限扩展4%
205,节能,1.183741200920835,2181.8030022948474,8.588983071473388,4.511688960917392,5,工况4,2,电压上限扩展4%
206,节能,1.183741200920835,2181.8030022948474,8.577440972367524,4.564065005326481,5,工况4,2,电压上限扩展4%
207,节能,1.183741200920835,2181.8030022948474,8.56324466052636,4.629319989529856,4,工况4,2,电压上限扩展4%
208,节能,1.183741200920835,2181.8030022948474,8.562277270546002,4.633800514161495,12,工况4,2,电压上限扩展4%
209,节能,1.183741200920569,2181.803002902849,8.543060444228777,4.7237085606867915,7,工况4,2,电压上限扩展4%
210,节能,1.183741200920456,2181.8030034493777,8.521641065849971,4.825978834529122,3,工况4,2,电压上限扩展4%
211,节能,1.183741200920456,2181.8030034493777,8.518396367109565,4.841663113594582,2,工况4,2,电压上限扩展4%
212,节能,1.183741200920456,2181.8030034493777,8.539192356138118,4.742015665434989,3,工况4,2,电压上限扩展4%
213,节能,1.1837412009203914,2181.803003692231,8.600947828718718,4.458029349980084,6,工况4,2,电压上限扩展4%
214,节能,1.1835951797124187,2181.5361368903777,8.562223251081226,4.634050836346219,6,工况4,2,电压上限扩展4%
215,节能,1.1835183391594188,2181.394508700249,8.573916429516215,4.580179629674079,10,工况4,2,电压上限扩展4%
216,节能,1.1834747657505755,2181.3141966411695,8.545945462777615,4.710100213475864,11,工况4,2,电压上限扩展4%
217,节能,1.1833127089242346,2180.997448385272,8.537834768831532,4.74845773755827,12,工况4,2,电压上限扩展4%
218,节能,1.1833127089242346,2180.997448385272,8.598513655189691,4.468894185097756,24,工况4,2,电压上限扩展4%
219,节能,1.1833127089242346,2180.997448385272,8.559681986084458,4.645842163627789,23,工况4,2,电压上限扩展4%
220,节能,1.183310534814203,2181.010287238805,8.560613154585981,4.641518115263226,37,工况4,2,电压上限扩展4%
221,节能,1.1833100998966255,2181.005309248589,8.51552648952623,4.855578051564107,42,工况4,2,电压上限扩展4%
222,节能,1.183310083928394,2181.0073753830725,8.599313317943412,4.465322005327525,35,工况4,2,电压上限扩展4%
223,节能,1.1833100566676027,2181.006503954906,8.56061315344431,4.641518120562316,21,工况4,2,电压上限扩展4%
224,节能,1.183310056660817,2181.0065013416274,8.560337567911274,4.642797432079442,6,工况4,2,电压上限扩展4%
225,节能,1.1833100566005406,2181.0064569181036,8.513576352854374,4.865056331352175,3,工况4,2,电压上限扩展4%
226,节能,1.1833100566005406,2181.0064569181036,8.576752274890412,4.567209348007182,9,工况4,2,电压上限扩展4%
227,节能,1.1833100566005406,2181.0064569181036,8.541436386878198,4.731386367208269,2,工况4,2,电压上限扩展4%
228,节能,1.1833100566005406,2181.0064569181036,8.598637471194834,4.468340898725912,6,工况4,2,电压上限扩展4%
229,节能,1.1833100566005406,2181.0064569181036,8.565993594041368,4.616611771684529,9,工况4,2,电压上限扩展4%
230,节能,1.1833100566005261,2181.0064619255822,8.486176524335953,5.000201056822323,0,工况4,2,电压上限扩展4%
231,节能,1.1833100566005261,2181.0064619255822,8.513782675331225,4.864052664422955,2,工况4,2,电压上限扩展4%
232,节能,1.1833100566001424,2181.006461130465,8.565729404600434,4.617831592892346,6,工况4,2,电压上限扩展4%
233,节能,1.183310056600124,2181.0064606069304,8.598637754201407,4.468339634156247,6,工况4,2,电压上限扩展4%
234,节能,1.1833100566001216,2181.0064602441516,8.51410999490689,4.862460825303085,6,工况4,2,电压上限扩展4%
235,节能,1.1830641428231563,2180.557359531527,8.559996755997604,4.6443800224245555,3,工况4,2,电压上限扩展4%
236,节能,1.1830427426890007,2180.5179160065827,8.548504524073467,4.6980621879121705,10,工况4,2,电压上限扩展4%
237,节能,1.1829945642758586,2180.4291162623044,8.560724560229783,4.641001052751754,22,工况4,2,电压上限扩展4%
238,节能,1.1829876547496767,2180.416381011846,8.598530453062768,4.46881911781093,48,工况4,2,电压上限扩展4%
239,节能,1.1829860556721676,2180.413433682023,8.513278813552375,4.866504092189382,81,工况4,2,电压上限扩展4%
240,节能,1.1829860556721676,2180.413433682023,8.56188127669348,4.635635834042625,90,工况4,2,电压上限扩展4%
241,节能,1.1829860556721676,2180.413433682023,8.539801144626164,4.73912965946048,96,工况4,2,电压上限扩展4%
242,节能,1.1829860556721676,2180.413433682023,8.599027887414277,4.466596726463777,89,工况4,2,电压上限扩展4%
243,节能,1.1829860556721676,2180.413433682023,8.59902788618235,4.466596731966296,98,工况4,2,电压上限扩展4%
244,节能,1.1829860556721676,2180.413433682023,8.537377302817017,4.750630492537452,96,工况4,2,电压上限扩展4%
245,节能,1.1829860556721676,2180.413433682023,8.56047800479352,4.642145457864866,94,工况4,2,电压上限扩展4%
246,节能,1.1829860556721676,2180.413433682023,8.540476229926036,4.735931422356086,94,工况4,2,电压上限扩展4%
247,节能,1.1829860556721676,2180.413433682023,8.599001343112652,4.466715290728114,97,工况4,2,电压上限扩展4%
248,节能,1.1829860556721676,2180.413433682023,8.560469407031006,4.6421853701006475,95,工况4,2,电压上限扩展4%
249,节能,1.1829860556721676,2180.413433682023,8.51442447774182,4.860931905260168,98,工况4,2,电压上限扩展4%
250,节能,1.1829860556311855,2180.413433606487,8.546203378830468,4.7088855596663555,95,工况4,2,电压上限扩展4%
251,节能,1.1829860556311855,2180.413433606487,8.599027888243743,4.466596722758886,98,工况4,2,电压上限扩展4%
252,节能,1.1829860555746543,2180.413433502292,8.599923898496652,4.462596398732989,94,工况4,2,电压上限扩展4%
253,节能,1.1829860555746543,2180.413433502292,8.58261131113015,4.540528142324918,92,工况4,2,电压上限扩展4%
254,节能,1.1829860555746543,2180.413433502292,8.599027888085246,4.466596723466829,92,工况4,2,电压上限扩展4%
255,节能,1.1829860555743617,2180.4134335017525,8.53707108839135,4.752085426874851,96,工况4,2,电压上限扩展4%
256,节能,1.1829860555738212,2180.4134335007566,8.560361774722217,4.642685046120015,89,工况4,2,电压上限扩展4%
257,节能,1.1829860555428344,2180.4134334436435,8.56091616877079,4.6401118825002525,98,工况4,2,电压上限扩展4%
258,节能,1.1829860555428344,2180.4134334436435,8.560469061343166,4.642186974847955,97,工况4,2,电压上限扩展4%
259,节能,1.1829860555426641,2180.4134334433293,8.539493800355507,4.740586427662432,92,工况4,2,电压上限扩展4%
260,节能,1.1829860555426641,2180.4134334433293,8.532210590945127,4.7752391496789075,96,工况4,2,电压上限扩展4%
261,节能,1.1829860555421157,2180.4134334423184,8.53642430596912,4.755159986376228,96,工况4,2,电压上限扩展4%
262,节能,1.1829860555416574,2180.413433441474,8.572295199122568,4.5876111785968146,93,工况4,2,电压上限扩展4%
263,节能,1.1829860555412401,2180.413433440705,8.596818910591924,4.476474240690817,95,工况4,2,电压上限扩展4%
264,节能,1.1829860555409375,2180.413433440147,8.563623898054615,4.627564710514398,89,工况4,2,电压上限扩展4%
265,节能,1.1829860555409375,2180.413433440147,8.599564099806171,4.4642023239609685,97,工况4,2,电压上限扩展4%
266,节能,1.1829860555403524,2180.4134334390687,8.59892059990018,4.467075962230576,95,工况4,2,电压上限扩展4%
267,节能,1.1829860555403524,2180.4134334390687,8.600374607191887,4.460585520926853,95,工况4,2,电压上限扩展4%
268,节能,1.1827862947578063,2180.0452455879117,8.560726532681533,4.640991898610133,94,工况4,2,电压上限扩展4%
269,节能,1.182773838964134,2180.0222877688234,8.539400700461009,4.741027796304072,97,工况4,2,电压上限扩展4%
270,节能,1.1827736754078573,2180.0219863110833,8.546138547980341,4.709190850616366,99,工况4,2,电压上限扩展4%
271,节能,1.1827736256579697,2180.0218946148857,8.590084382383775,4.50672292371787,98,工况4,2,电压上限扩展4%
272,节能,1.182773619010689,2180.021882362991,8.529813146657244,4.786701253889618,95,工况4,2,电压上限扩展4%
273,节能,1.182773619010689,2180.021882362991,8.539839036415874,4.738950088758167,94,工况4,2,电压上限扩展4%
274,节能,1.182773619010689,2180.021882362991,8.599285358392722,4.465446855469852,98,工况4,2,电压上限扩展4%
275,节能,1.182773619010689,2180.021882362991,8.56117405037027,4.638915437303463,96,工况4,2,电压上限扩展4%
276,节能,1.182773619010689,2180.021882362991,8.54027889938039,4.7368660585008975,96,工况4,2,电压上限扩展4%
277,节能,1.182773619010689,2180.021882362991,8.553025436671321,4.67687059813787,94,工况4,2,电压上限扩展4%
278,节能,1.182773619010689,2180.021882362991,8.59946285473989,4.464654325302217,95,工况4,2,电压上限扩展4%
279,节能,1.182773619010689,2180.021882362991,8.560726568261174,4.640991733485312,95,工况4,2,电压上限扩展4%
280,节能,1.182773619010689,2180.021882362991,8.558955931748487,4.649216522310567,97,工况4,2,电压上限扩展4%
281,节能,1.182773619010689,2180.021882362991,8.532532463817114,4.773702377075347,97,工况4,2,电压上限扩展4%
282,节能,1.182773619010689,2180.021882362991,8.539314449104836,4.741436734016619,95,工况4,2,电压上限扩展4%
283,节能,1.182773619010689,2180.021882362991,8.538500833551833,4.74529601045777,96,工况4,2,电压上限扩展4%
284,节能,1.182773619010689,2180.021882362991,8.560598090120816,4.641588037777859,93,工况4,2,电压上限扩展4%
285,节能,1.182773619010689,2180.021882362991,8.576759951786718,4.567174286149192,100,工况4,2,电压上限扩展4%
286,节能,1.182773619010689,2180.021882362991,8.494286272891141,4.959814666605135,98,工况4,2,电压上限扩展4%
287,节能,1.182773619010689,2180.021882362991,8.542297668151962,4.727313067111599,95,工况4,2,电压上限扩展4%
288,节能,1.182773619010689,2180.021882362991,8.529702630532615,4.787230290794968,93,工况4,2,电压上限扩展4%
289,节能,1.182773619010689,2180.021882362991,8.562525812249406,4.632648964598441,95,工况4,2,电压上限扩展4%
290,节能,1.182773619010689,2180.021882362991,8.548110536495868,4.6999135307320845,97,工况4,2,电压上限扩展4%
291,节能,1.182773619010689,2180.021882362991,8.561235316165241,4.638631239167287,95,工况4,2,电压上限扩展4%
292,节能,1.182773619010689,2180.021882362991,8.577053815142001,4.565832358170686,95,工况4,2,电压上限扩展4%
293,节能,1.182773619010689,2180.021882362991,8.558608578515264,4.6508317232079355,95,工况4,2,电压上限扩展4%
294,节能,1.182773619010689,2180.021882362991,8.591926699771399,4.498427753228957,94,工况4,2,电压上限扩展4%
295,节能,1.182773619010689,2180.021882362991,8.539831489189252,4.738985854823402,94,工况4,2,电压上限扩展4%
296,节能,1.182773619010689,2180.021882362991,8.554978959028949,4.66774314510518,91,工况4,2,电压上限扩展4%
297,节能,1.182773619010689,2180.021882362991,8.600181368973786,4.46144755981135,93,工况4,2,电压上限扩展4%
298,节能,1.182773619010689,2180.021882362991,8.600002817318698,4.462244229778496,95,工况4,2,电压上限扩展4%
299,节能,1.182773619010689,2180.021882362991,8.560726565189976,4.640991747738718,96,工况4,2,电压上限扩展4%
300,节能,1.182773619010689,2180.021882362991,8.514489274515737,4.86061694275886,96,工况4,2,电压上限扩展4%
0,节能,1573.6397817243767,2237.450272453839,7.422075660371492,14.491742246446071,0,工况4,3,电压上限扩展4%
1,节能,1573.6397817243767,2237.450272453839,7.422075660371492,14.491742246446071,0,工况4,3,电压上限扩展4%
2,节能,1229.452802449521,2227.5474958379696,7.545721741400517,12.806244530713968,0,工况4,3,电压上限扩展4%
3,节能,1229.452802449521,2227.5474958379696,7.545721741400517,12.806244530713968,0,工况4,3,电压上限扩展4%
4,节能,1124.5546735789746,2201.168395505133,7.586773665601766,12.291168320146978,0,工况4,3,电压上限扩展4%
5,节能,1124.5546735789746,2201.168395505133,7.586773665601766,12.291168320146978,0,工况4,3,电压上限扩展4%
6,节能,799.7224483041327,2184.558037047312,7.727880689759779,10.673605919507299,0,工况4,3,电压上限扩展4%
7,节能,775.0102263603569,2262.4527937999374,7.739727351620611,10.547905355482223,0,工况4,3,电压上限扩展4%
8,节能,557.2546837158918,2252.9555485198307,7.853420123109288,9.414344382071798,0,工况4,3,电压上限扩展4%
9,节能,511.8566053736104,2261.230756180734,7.87980557449177,9.169191118487113,0,工况4,3,电压上限扩展4%
10,节能,383.0254984162657,2275.4877316148045,7.961859913002056,8.446859659148679,0,工况4,3,电压上限扩展4%
11,节能,339.77636872964894,2308.956296639945,7.992465015119721,8.19225857562489,0,工况4,3,电压上限扩展4%
12,节能,254.69802470553122,2324.132389439843,8.058999088142524,7.664931374487273,0,工况4,3,电压上限扩展4%
13,节能,207.27717298289105,2334.3646156174514,8.101040958553748,7.349363337850289,0,工况4,3,电压上限扩展4%
14,节能,177.57250418452168,2287.22955168821,8.129864776234625,7.1405504776624005,0,工况4,3,电压上限扩展4%
15,节能,173.84496593285428,2342.4112850142083,8.133682001289106,7.113345346564589,0,工况4,3,电压上限扩展4%
16,节能,97.38632082804394,2306.790838066596,8.223096431144388,6.504916113473819,0,工况4,3,电压上限扩展4%
17,节能,97.38632082804394,2306.790838066596,8.223096431144388,6.504916113473819,0,工况4,3,电压上限扩展4%
18,节能,61.71426057703951,2285.8635282189734,8.277528151365127,6.160306273053168,0,工况4,3,电压上限扩展4%
19,节能,33.71653997476224,2393.266109403371,8.333422242490602,5.825427602053984,0,工况4,3,电压上限扩展4%
20,节能,10.11454344908669,2333.490971505358,8.406389870737513,5.415497640439517,0,工况4,3,电压上限扩展4%
21,节能,10.11454344908669,2333.490971505358,8.406389870737513,5.415497640439517,0,工况4,3,电压上限扩展4%
22,节能,4.1515364678223,2310.527302779228,8.440533159586401,5.233715715849067,0,工况4,3,电压上限扩展4%
23,节能,1.2764086193129986,2345.14149599551,8.488336178450355,4.9894140043808735,1,工况4,3,电压上限扩展4%
24,节能,1.2716153184920531,2343.7699114217457,8.557781726759554,4.6546788618712736,5,工况4,3,电压上限扩展4%
25,节能,1.2617046248540063,2325.5030777241786,8.601308277582659,4.456422747931807,19,工况4,3,电压上限扩展4%
26,节能,1.2617046248540063,2325.5030777241786,8.603574388138133,4.446335435102845,46,工况4,3,电压上限扩展4%
27,节能,1.2572700667835446,2317.329549437082,8.601211652947066,4.456853368959836,75,工况4,3,电压上限扩展4%
28,节能,1.2572700667835446,2317.329549437082,8.588543221589308,4.513673863281391,80,工况4,3,电压上限扩展4%
29,节能,1.255621808406754,2314.2915722016774,8.631615335050224,4.323387818984756,86,工况4,3,电压上限扩展4%
30,节能,1.255621808406754,2314.2915722016774,8.588120827342392,4.515580815868246,85,工况4,3,电压上限扩展4%
31,节能,1.255621808406754,2314.2915722016774,8.61208407249603,4.40865905839765,92,工况4,3,电压上限扩展4%
32,节能,1.2541916564039521,2311.6555963808596,8.64933873911514,4.247437705122333,79,工况4,3,电压上限扩展4%
33,节能,1.2541916564039521,2311.6555963808596,8.595764071177289,4.48119869348994,79,工况4,3,电压上限扩展4%
34,节能,1.2541916564039521,2311.6555963808596,8.625530721635474,4.349774156429364,82,工况4,3,电压上限扩展4%
35,节能,1.2538362802545509,2311.0005870285095,8.535551816197222,4.759310625259768,89,工况4,3,电压上限扩展4%
36,节能,1.2528338351797605,2309.15293658739,8.549484856267824,4.693458783099913,91,工况4,3,电压上限扩展4%
37,节能,1.2522134311383972,2308.0094427147333,8.661939709308893,4.194251670774775,85,工况4,3,电压上限扩展4%
38,节能,1.2509632531450454,2305.567286397059,8.561014326432714,4.639656442319638,88,工况4,3,电压上限扩展4%
39,节能,1.2505676389297102,2304.97601098182,8.578782111789067,4.557948060580079,90,工况4,3,电压上限扩展4%
40,节能,1.2505423092044625,2304.929324655352,8.605570331984588,4.437469649999777,86,工况4,3,电压上限扩展4%
41,节能,1.2499664565125939,2303.8679453270397,8.619070813283408,4.377964253521942,86,工况4,3,电压上限扩展4%
42,节能,1.2496164757910255,2303.2228805241384,8.597142176036783,4.475027385125804,91,工况4,3,电压上限扩展4%
43,节能,1.2487022806762158,2301.537887451075,8.531179515309638,4.780165321611275,91,工况4,3,电压上限扩展4%
44,节能,1.2474659458204866,2299.259144506443,8.579803109679515,4.553296780103287,94,工况4,3,电压上限扩展4%
45,节能,1.2464232949498226,2297.337389001266,8.567730901658168,4.608598259872885,92,工况4,3,电压上限扩展4%
46,节能,1.246004144291047,2296.5648340563034,8.585310259462664,4.528290013933431,89,工况4,3,电压上限扩展4%
47,节能,1.2459343781125842,2296.4362449558594,8.550453330028379,4.68891549180655,87,工况4,3,电压上限扩展4%
48,节能,1.2458621886991126,2296.255889931987,8.581357536755114,4.5462245103928485,89,工况4,3,电压上限扩展4%
49,节能,1.2438787008899013,2292.647336193866,8.563783175088846,4.626827704427229,92,工况4,3,电压上限扩展4%
50,节能,1.243423376155927,2291.8081072258788,8.63385371208843,4.313721269690525,94,工况4,3,电压上限扩展4%
51,节能,1.2433286906206684,2291.6155438823,8.560290908626875,4.643014066739202,82,工况4,3,电压上限扩展4%
52,节能,1.2433160202966933,2291.5961770866934,8.560640281241165,4.641392208109513,75,工况4,3,电压上限扩展4%
53,节能,1.2432968494509478,2291.5692088522687,8.584197681050385,4.533330895315394,64,工况4,3,电压上限扩展4%
54,节能,1.2432968494509478,2291.5692088522687,8.589443152211848,4.5096136971596,44,工况4,3,电压上限扩展4%
55,节能,1.2432968494509478,2291.5692088522687,8.558780921694186,4.650030253150057,53,工况4,3,电压上限扩展4%
56,节能,1.2432968494509478,2291.5692088522687,8.545095843943285,4.714103703808383,54,工况4,3,电压上限扩展4%
57,节能,1.2432924858085688,2291.5633959206048,8.580061223384087,4.55212166346674,51,工况4,3,电压上限扩展4%
58,节能,1.24252217449631,2290.147062959411,8.571968872180156,4.589108484017965,43,工况4,3,电压上限扩展4%
59,节能,1.2421884704917332,2289.531998486788,8.632340272972272,4.320254766974373,33,工况4,3,电压上限扩展4%
60,节能,1.2416619225679908,2288.561494936978,8.596941211027742,4.475926799417089,39,工况4,3,电压上限扩展4%
61,节能,1.2415637593908593,2288.380566084026,8.579187682233634,4.556099866370643,48,工况4,3,电压上限扩展4%
62,节能,1.2415637593908593,2288.380566084026,8.576980546151665,4.566166904353395,73,工况4,3,电压上限扩展4%
63,节能,1.2415635674973693,2288.380212396727,8.56073437695638,4.640955493536901,84,工况4,3,电压上限扩展4%
64,节能,1.2415624856759147,2288.378218444202,8.54695605965412,4.705342605328982,98,工况4,3,电压上限扩展4%
65,节能,1.2415624856759147,2288.378218444202,8.574028012246881,4.579668589236234,94,工况4,3,电压上限扩展4%
66,节能,1.2414981180449243,2288.2595796431506,8.556791560584768,4.659290049979289,91,工况4,3,电压上限扩展4%
67,节能,1.240144875442252,2285.7653589076226,8.61033356532672,4.416383206302153,95,工况4,3,电压上限扩展4%
68,节能,1.2397741155168107,2284.9645043318765,8.6290157978771,4.334641246848893,95,工况4,3,电压上限扩展4%
69,节能,1.2394764267409362,2284.5333118170524,8.590798087877285,4.503507598343661,89,工况4,3,电压上限扩展4%
70,节能,1.237657691180325,2281.081718056736,8.561802352786605,4.6360017109715255,90,工况4,3,电压上限扩展4%
71,节能,1.237657691180325,2281.081718056736,8.530278957940476,4.784472073665048,85,工况4,3,电压上限扩展4%
72,节能,1.2376234262117112,2281.117965349383,8.59539397535699,4.4828574733311415,91,工况4,3,电压上限扩展4%
73,节能,1.2376234262117112,2281.117965349383,8.606342649873065,4.4340438358885494,91,工况4,3,电压上限扩展4%
74,节能,1.2375031949970046,2280.8963619294295,8.584735635218953,4.530892826906091,92,工况4,3,电压上限扩展4%
75,节能,1.2374596302558956,2280.816065846231,8.50493224797398,4.907292673220621,96,工况4,3,电压上限扩展4%
76,节能,1.2373037743270372,2280.5288009546694,8.559623371277798,4.646114486748988,95,工况4,3,电压上限扩展4%
77,节能,1.2372885377411422,2280.50071773559,8.591443597541202,4.500601478732464,94,工况4,3,电压上限扩展4%
78,节能,1.235386791784092,2276.995526434035,8.56748219162342,4.6097446070543535,95,工况4,3,电压上限扩展4%
79,节能,1.2348601395072965,2276.024830546541,8.580236919507056,4.55132194359508,98,工况4,3,电压上限扩展4%
80,节能,1.2348601395072965,2276.024830546541,8.57290205451637,4.584828006585307,93,工况4,3,电压上限扩展4%
81,节能,1.234860128153076,2276.02480961908,8.56541557106815,4.619281050724972,87,工况4,3,电压上限扩展4%
82,节能,1.2348539462031674,2276.008544983819,8.58020638144914,4.551460934250435,74,工况4,3,电压上限扩展4%
83,节能,1.2346861909952263,2275.7042184221054,8.565689432074599,4.618016182974236,54,工况4,3,电压上限扩展4%
84,节能,1.2343690802140366,2275.119737646566,8.625069952258533,4.3517788609750205,49,工况4,3,电压上限扩展4%
85,节能,1.234285014148459,2274.9647917976076,8.573708805657649,4.58113068296898,41,工况4,3,电压上限扩展4%
86,节能,1.2342756339528336,2274.9475027480416,8.560537247042243,4.641870454875022,42,工况4,3,电压上限扩展4%
87,节能,1.2342706797153107,2274.938371375785,8.632224741493449,4.320753921229953,65,工况4,3,电压上限扩展4%
88,节能,1.234189033743461,2274.787886107617,8.614371186359806,4.398587474963856,88,工况4,3,电压上限扩展4%
89,节能,1.2337927105425246,2274.0574054504204,8.5857569580648,4.526267684833558,97,工况4,3,电压上限扩展4%
90,节能,1.2337567726045193,2273.5666387483857,8.568588434241724,4.604647930710588,92,工况4,3,电压上限扩展4%
91,节能,1.2336636683037905,2273.819562046013,8.561743218107726,4.63627586754999,88,工况4,3,电压上限扩展4%
92,节能,1.2336122347291851,2273.6066550222763,8.583534535643295,4.536338149890766,76,工况4,3,电压上限扩展4%
93,节能,1.2335723763723048,2273.633953524339,8.580811334057547,4.548708348762028,73,工况4,3,电压上限扩展4%
94,节能,1.2335708813769186,2273.6464361795042,8.631525557074333,4.323775981416094,73,工况4,3,电压上限扩展4%
95,节能,1.2329620995840713,2272.526469998315,8.601603081286926,4.455109171631026,76,工况4,3,电压上限扩展4%
96,节能,1.2320210566427172,2270.7919925197666,8.511644118562565,4.874465847794808,77,工况4,3,电压上限扩展4%
97,节能,1.2319755550568625,2270.7081265531515,8.561557043684298,4.637139103890255,70,工况4,3,电压上限扩展4%
98,节能,1.2307590401149684,2268.4659145601504,8.57996536565774,4.55255804041417,71,工况4,3,电压上限扩展4%
99,节能,1.2307590401149684,2268.4659145601504,8.58111899595528,4.547309099778052,87,工况4,3,电压上限扩展4%
100,节能,1.2293903007909721,2265.9431311385365,8.55897757147381,4.649115915630618,90,工况4,3,电压上限扩展4%
101,节能,1.2286065767872638,2264.49861508715,8.55675096278068,4.659479210763663,91,工况4,3,电压上限扩展4%
102,节能,1.2286065767872638,2264.49861508715,8.581589207968124,4.5451714030379495,93,工况4,3,电压上限扩展4%
103,节能,1.2286065767872638,2264.49861508715,8.569640767301175,4.599804856176624,94,工况4,3,电压上限扩展4%
104,节能,1.2285763781439476,2264.4406927374707,8.631851938024555,4.322365013571771,89,工况4,3,电压上限扩展4%
105,节能,1.2285763781439476,2264.4406927374707,8.63369504105669,4.314405786600089,89,工况4,3,电压上限扩展4%
106,节能,1.2285763781439476,2264.4406927374707,8.558479938314559,4.651430045617587,92,工况4,3,电压上限扩展4%
107,节能,1.2285763781439476,2264.4406927374707,8.553796548061417,4.6732656000558155,84,工况4,3,电压上限扩展4%
108,节能,1.2285763781439476,2264.4406927374707,8.579224824449522,4.5559306458684325,83,工况4,3,电压上限扩展4%
109,节能,1.2285763781439476,2264.4406927374707,8.5805088324476,4.550084548501528,74,工况4,3,电压上限扩展4%
110,节能,1.2285763781439476,2264.4406927374707,8.550001069819528,4.691036581312196,69,工况4,3,电压上限扩展4%
111,节能,1.2285763781439476,2264.4406927374707,8.616550768959284,4.389010830576095,44,工况4,3,电压上限扩展4%
112,节能,1.2285763781439476,2264.4406927374707,8.630911089258412,4.326433619032699,15,工况4,3,电压上限扩展4%
113,节能,1.2285763781439476,2264.4406927374707,8.591333879818944,4.5010953015655675,2,工况4,3,电压上限扩展4%
114,节能,1.2285763781439476,2264.4406927374707,8.579193963867667,4.556071246708557,3,工况4,3,电压上限扩展4%
115,节能,1.2285763781439476,2264.4406927374707,8.578962860989769,4.557124289561508,6,工况4,3,电压上限扩展4%
116,节能,1.2284252256124681,2264.1643587906856,8.579071248586086,4.556630380580933,6,工况4,3,电压上限扩展4%
117,节能,1.228200425225001,2263.750019346547,8.563397036525425,4.628614646011537,13,工况4,3,电压上限扩展4%
118,节能,1.2281779562110677,2263.70860572245,8.612792345065019,4.405537631661517,23,工况4,3,电压上限扩展4%
119,节能,1.228029186688883,2263.4344020975313,8.589632805463465,4.508758515354965,42,工况4,3,电压上限扩展4%
120,节能,1.2267055181701902,2260.994690652023,8.529478543706565,4.788303166240538,53,工况4,3,电压上限扩展4%
121,节能,1.2261446027754324,2259.960842910518,8.577233929348344,4.56501006095513,69,工况4,3,电压上限扩展4%
122,节能,1.2256297979161757,2259.011983517403,8.556485466454937,4.660716449607907,71,工况4,3,电压上限扩展4%
123,节能,1.2243693314429631,2256.688762531221,8.557762237406669,4.654769579434191,87,工况4,3,电压上限扩展4%
124,节能,1.2241177812475923,2256.225119344049,8.552805942944723,4.677897254562476,89,工况4,3,电压上限扩展4%
125,节能,1.2240456633303807,2256.0921956508714,8.54744093585884,4.7030616496998485,91,工况4,3,电压上限扩展4%
126,节能,1.2240365545872627,2256.0638261980384,8.55738580640371,4.656522108848027,89,工况4,3,电压上限扩展4%
127,节能,1.2240341553632026,2256.068737871555,8.591103470113095,4.502132517097669,95,工况4,3,电压上限扩展4%
128,节能,1.2238867684062598,2255.799329453983,8.576238464089535,4.569556632478471,91,工况4,3,电压上限扩展4%
129,节能,1.2220309741571629,2252.378833758806,8.576057689249938,4.570382768015747,85,工况4,3,电压上限扩展4%
130,节能,1.2220309741571629,2252.378833758806,8.558042104785759,4.65346704354888,76,工况4,3,电压上限扩展4%
131,节能,1.2219560448300202,2251.860225521221,8.569781460527777,4.599157740313148,77,工况4,3,电压上限扩展4%
132,节能,1.2218449983942086,2252.0360536812723,8.583177237471155,4.537959264813386,72,工况4,3,电压上限扩展4%
133,节能,1.22176942798293,2251.8967665450036,8.590901279364616,4.503042898673322,71,工况4,3,电压上限扩展4%
134,节能,1.2215332195261044,2251.4614003883676,8.576248176157959,4.569512252847297,73,工况4,3,电压上限扩展4%
135,节能,1.219973166283626,2248.585997900866,8.57499813105006,4.575227920961653,75,工况4,3,电压上限扩展4%
136,节能,1.2198702391352751,2248.396288363819,8.558465870409568,4.651495481953813,84,工况4,3,电压上限扩展4%
137,节能,1.2190363089305,2246.8592350633794,8.515813084476413,4.8541866668057585,92,工况4,3,电压上限扩展4%
138,节能,1.218771445198442,2246.3710531133847,8.53900753382643,4.742892176729263,96,工况4,3,电压上限扩展4%
139,节能,1.2173812062012181,2243.8086427020016,8.642643166563172,4.275972153068669,95,工况4,3,电压上限扩展4%
140,节能,1.217152769693477,2243.387601365264,8.53223999113774,4.775098758791905,96,工况4,3,电压上限扩展4%
141,节能,1.217152769693477,2243.387601365264,8.633906949359199,4.313491625056146,97,工况4,3,电压上限扩展4%
142,节能,1.2171370831434005,2243.358688797486,8.60625361859885,4.434438622035084,94,工况4,3,电压上限扩展4%
143,节能,1.2171370831434005,2243.358688797486,8.56102152622574,4.6396230378737915,95,工况4,3,电压上限扩展4%
144,节能,1.2171370831434005,2243.358688797486,8.556850173916802,4.659016961467942,95,工况4,3,电压上限扩展4%
145,节能,1.2171370831434005,2243.358688797486,8.579195093889874,4.5560660982497785,95,工况4,3,电压上限扩展4%
146,节能,1.2171370831434005,2243.358688797486,8.55999726459107,4.644377660323823,96,工况4,3,电压上限扩展4%
147,节能,1.2159566553056524,2241.1829905273526,8.554555071318592,4.669722163470639,96,工况4,3,电压上限扩展4%
148,节能,1.215667357272649,2240.6497726466564,8.557870124262692,4.654267418067546,92,工况4,3,电压上限扩展4%
149,节能,1.215484711193093,2240.31312965449,8.580806864886085,4.548728677764993,93,工况4,3,电压上限扩展4%
150,节能,1.215132908621684,2239.6647069203195,8.517678852484664,4.845138324295585,95,工况4,3,电压上限扩展4%
151,节能,1.214651250070014,2238.7769409390776,8.50379329657168,4.9128850251963065,92,工况4,3,电压上限扩展4%
152,节能,1.2145416920172427,2238.5750096915494,8.575702949307011,4.572004352941491,99,工况4,3,电压上限扩展4%
153,节能,1.2142438320833902,2238.0260109962446,8.631899050273903,4.322161382030286,97,工况4,3,电压上限扩展4%
154,节能,1.2142311126001604,2238.0025671593785,8.632273368380401,4.320543821525763,95,工况4,3,电压上限扩展4%
155,节能,1.2140906342708122,2237.7436453952687,8.577627924278168,4.563211824407818,97,工况4,3,电压上限扩展4%
156,节能,1.2140906342708122,2237.7436453952687,8.623309822676662,4.359445300666375,96,工况4,3,电压上限扩展4%
157,节能,1.2140906342708122,2237.7436453952687,8.562466691216866,4.632922859685026,94,工况4,3,电压上限扩展4%
158,节能,1.2140906342708122,2237.7436453952687,8.524604407957609,4.8116989767398906,92,工况4,3,电压上限扩展4%
159,节能,1.2138956286062301,2237.384221910385,8.537552951652977,4.749796123101517,97,工况4,3,电压上限扩展4%
160,节能,1.2136776972333019,2236.9825430479204,8.556620318477993,4.660087984941606,94,工况4,3,电压上限扩展4%
161,节能,1.2121703364853385,2234.1582503790773,8.514609676523612,4.860031749949342,96,工况4,3,电压上限扩展4%
162,节能,1.2111014895473826,2232.234221781241,8.570869038432736,4.594158516988542,90,工况4,3,电压上限扩展4%
163,节能,1.2110806710538233,2232.1958503035657,8.531558053524229,4.778356188799539,87,工况4,3,电压上限扩展4%
164,节能,1.2110778850254407,2232.190715252579,8.577046953499432,4.5658636873878455,91,工况4,3,电压上限扩展4%
165,节能,1.2110729656785593,2232.1816481887927,8.55646627803205,4.660805882264137,95,工况4,3,电压上限扩展4%
166,节能,1.2110729656785593,2232.1816481887927,8.575863630173872,4.571269778336391,96,工况4,3,电压上限扩展4%
167,节能,1.211069723262378,2232.1756719494574,8.557928090142912,4.653997637178996,98,工况4,3,电压上限扩展4%
168,节能,1.211064500147662,2232.1660449978654,8.509324183850318,4.885787417892689,94,工况4,3,电压上限扩展4%
169,节能,1.211064500147662,2232.1660449978654,8.575819665866003,4.571470755466155,94,工况4,3,电压上限扩展4%
170,节能,1.210783559105559,2231.6482302532727,8.593069905148969,4.493288064850316,94,工况4,3,电压上限扩展4%
171,节能,1.2102897361089504,2230.73804345056,8.550240194244909,4.6899149739924475,96,工况4,3,电压上限扩展4%
172,节能,1.2101047324940402,2230.397055181682,8.55380438233853,4.673228988541493,97,工况4,3,电压上限扩展4%
173,节能,1.2100442258613369,2230.2855327557495,8.558977877592755,4.6491144924483745,92,工况4,3,电压上限扩展4%
174,节能,1.2100111578294417,2230.2245836172333,8.591288782536298,4.501298293309753,96,工况4,3,电压上限扩展4%
175,节能,1.2096038313276865,2229.47382229417,8.557538397751298,4.655811618073117,98,工况4,3,电压上限扩展4%
176,节能,1.2095464799677362,2229.368115489702,8.59489881372286,4.485077762018727,98,工况4,3,电压上限扩展4%
177,节能,1.2094893764346837,2229.262865465848,8.575949774240062,4.570876007530788,96,工况4,3,电压上限扩展4%
178,节能,1.2094623991547095,2229.213142459074,8.514794620742975,4.859132998283292,95,工况4,3,电压上限扩展4%
179,节能,1.2086964345496647,2227.8013595335215,8.56899926828639,4.602756573120595,95,工况4,3,电压上限扩展4%
180,节能,1.2075481211523946,2225.6848527957795,8.576679501715624,4.5675417304254715,96,工况4,3,电压上限扩展4%
181,节能,1.2074010343886883,2225.413750736745,8.575365047402139,4.573549502961301,95,工况4,3,电压上限扩展4%
182,节能,1.2071691675520062,2224.986067584804,8.558140488220413,4.6530092419984985,92,工况4,3,电压上限扩展4%
183,节能,1.2071691675520062,2224.986067584804,8.62932497623352,4.3333012767480765,93,工况4,3,电压上限扩展4%
184,节能,1.2071691675520062,2224.986067584804,8.590562831967741,4.504567199753708,83,工况4,3,电压上限扩展4%
185,节能,1.2071680429065323,2224.974961500594,8.566312782619455,4.6151384370858395,79,工况4,3,电压上限扩展4%
186,节能,1.2059167703291012,2222.6780386130577,8.630771207256952,4.327038851556091,69,工况4,3,电压上限扩展4%
187,节能,1.2058974202422694,2222.6423736201623,8.575554722746062,4.5726820956518655,39,工况4,3,电压上限扩展4%
188,节能,1.2058974202422694,2222.6423736201623,8.629784005462922,4.331312621262659,21,工况4,3,电压上限扩展4%
189,节能,1.2050749988110514,2221.0899026116285,8.554384869543394,4.670517026114141,22,工况4,3,电压上限扩展4%
190,节能,1.2050749988110514,2221.0899026116285,8.554848909825338,4.668350220857862,32,工况4,3,电压上限扩展4%
191,节能,1.205054773101365,2221.089253752796,8.56947110326649,4.600585343835755,32,工况4,3,电压上限扩展4%
192,节能,1.2050433372668163,2221.06338847224,8.555149868256098,4.666945452900139,46,工况4,3,电压上限扩展4%
193,节能,1.2050433372668163,2221.06338847224,8.537784991015966,4.748694111294785,69,工况4,3,电压上限扩展4%
194,节能,1.2050433372668163,2221.06338847224,8.575585529741245,4.572541227226452,76,工况4,3,电压上限扩展4%
195,节能,1.2050433372668163,2221.06338847224,8.575663906136114,4.572182861973542,65,工况4,3,电压上限扩展4%
196,节能,1.2050433372668163,2221.06338847224,8.60535341466167,4.43843231844274,48,工况4,3,电压上限扩展4%
197,节能,1.2050433372668163,2221.06338847224,8.576170221931388,4.569868479525281,30,工况4,3,电压上限扩展4%
198,节能,1.2050433372668163,2221.06338847224,8.576238794012523,4.569555124876939,27,工况4,3,电压上限扩展4%
199,节能,1.2050433255526467,2221.063897599851,8.493694642547469,4.962749911665294,19,工况4,3,电压上限扩展4%
200,节能,1.205043325047097,2221.0639898416143,8.553754108971743,4.673463933402198,7,工况4,3,电压上限扩展4%
201,节能,1.205043325047097,2221.0639898416143,8.499975872220125,4.931675434792506,5,工况4,3,电压上限扩展4%
202,节能,1.2047048227332857,2220.44424489574,8.610271640291902,4.4166566994539185,8,工况4,3,电压上限扩展4%
203,节能,1.204373616392832,2219.8337839773017,8.62972213913906,4.331580591941125,16,工况4,3,电压上限扩展4%
204,节能,1.2037110187355244,2218.6125212023157,8.564716255888644,4.622512513856067,20,工况4,3,电压上限扩展4%
205,节能,1.203088103399922,2217.296302320898,8.541792418191417,4.729702145342259,43,工况4,3,电压上限扩展4%
206,节能,1.2018894132456677,2215.255040307331,8.63335176929541,4.3158870544975025,69,工况4,3,电压上限扩展4%
207,节能,1.2016132758095261,2214.7460792993643,8.558203520853331,4.6527159598182575,83,工况4,3,电压上限扩展4%
208,节能,1.2011210341382024,2213.838807106572,8.628290313449845,4.337787102567906,94,工况4,3,电压上限扩展4%
209,节能,1.200729362263845,2213.116899513199,8.551280662433328,4.685037804365531,87,工况4,3,电压上限扩展4%
210,节能,1.2006191100685815,2212.913688861228,8.577229547576561,4.565030063831227,97,工况4,3,电压上限扩展4%
211,节能,1.2006191100685815,2212.913688861228,8.577395058713794,4.564274563037483,97,工况4,3,电压上限扩展4%
212,节能,1.2006099024080048,2212.8967178185703,8.575045416372468,4.575011584949119,91,工况4,3,电压上限扩展4%
213,节能,1.2006099024080048,2212.8967178185703,8.565493240146498,4.6189222893556465,91,工况4,3,电压上限扩展4%
214,节能,1.2005864502164532,2212.8534920567254,8.556586460257783,4.660245769897942,95,工况4,3,电压上限扩展4%
215,节能,1.2005864502164532,2212.8534920567254,8.570811588008114,4.594422460927897,92,工况4,3,电压上限扩展4%
216,节能,1.2005835976437047,2212.8482343549026,8.575129991224427,4.5746246703834625,98,工况4,3,电压上限扩展4%
217,节能,1.200461683354085,2212.6235287858303,8.54362527657632,4.721041210665054,92,工况4,3,电压上限扩展4%
218,节能,1.200461683354085,2212.6235287858303,8.574797025438466,4.576148117496124,97,工况4,3,电压上限扩展4%
219,节能,1.200461683354085,2212.6235287858303,8.555515913089035,4.665237454252617,92,工况4,3,电压上限扩展4%
220,节能,1.1998350505525115,2211.4685544123067,8.630319343404997,4.328994525815092,84,工况4,3,电压上限扩展4%
221,节能,1.1998350505525115,2211.4685544123067,8.516994022770556,4.848457555413354,90,工况4,3,电压上限扩展4%
222,节能,1.1998162598145248,2211.4289194554426,8.597115611238573,4.475146264904276,69,工况4,3,电压上限扩展4%
223,节能,1.1998162598145248,2211.4289194554426,8.580170951994225,4.551622192887036,68,工况4,3,电压上限扩展4%
224,节能,1.1994932646963168,2210.838593924847,8.553604031073379,4.674165369681131,54,工况4,3,电压上限扩展4%
225,节能,1.1992284049549942,2210.3504193303515,8.584921356713272,4.530051420855694,39,工况4,3,电压上限扩展4%
226,节能,1.199123269427397,2210.1472627690514,8.572899217588896,4.5848410134282895,32,工况4,3,电压上限扩展4%
227,节能,1.199123269427397,2210.1472627690514,8.578524419342541,4.559122760716125,39,工况4,3,电压上限扩展4%
228,节能,1.199123269427397,2210.1472627690514,8.55604794490182,4.662756059661721,54,工况4,3,电压上限扩展4%
229,节能,1.1991205238345852,2210.144131274072,8.57868142872445,4.558406991862104,68,工况4,3,电压上限扩展4%
230,节能,1.1991203487065245,2210.1503630472594,8.584189075157466,4.533369908843519,82,工况4,3,电压上限扩展4%
231,节能,1.1991202527413136,2210.150658864481,8.564411882645897,4.62391969712315,75,工况4,3,电压上限扩展4%
232,节能,1.1991200245640679,2210.1493729190856,8.5606772354842,4.641220692142977,56,工况4,3,电压上限扩展4%
233,节能,1.1991200245640679,2210.1493729190856,8.629785047018453,4.3313081099623885,29,工况4,3,电压上限扩展4%
234,节能,1.1991197504818139,2210.1490177478913,8.504271317978175,4.910537122205266,6,工况4,3,电压上限扩展4%
235,节能,1.1991196172908412,2210.1465097929718,8.629575893069585,4.332214114901303,8,工况4,3,电压上限扩展4%
236,节能,1.1991196172908412,2210.1465097929718,8.572695306428654,4.585776009003636,3,工况4,3,电压上限扩展4%
237,节能,1.1991196114868568,2210.1479420318633,8.556677474599988,4.659821639995926,6,工况4,3,电压上限扩展4%
238,节能,1.1991195673950816,2210.1469565147513,8.594720466264066,4.485877735574582,5,工况4,3,电压上限扩展4%
239,节能,1.1991195673950816,2210.1469565147513,8.555867456331594,4.663597709788073,7,工况4,3,电压上限扩展4%
240,节能,1.1991195673950816,2210.1469565147513,8.486189166922152,5.0001378417490505,0,工况4,3,电压上限扩展4%
241,节能,1.1989605011744373,2209.856634133764,8.540509784934617,4.735772510802721,2,工况4,3,电压上限扩展4%
242,节能,1.198904980479291,2209.75430150781,8.572784702485986,4.585366077032049,10,工况4,3,电压上限扩展4%
243,节能,1.1987474205921402,2209.44767985963,8.624675844921757,4.353494266956996,23,工况4,3,电压上限扩展4%
244,节能,1.198745569020892,2209.452987634775,8.599762120418271,4.463318407403977,38,工况4,3,电压上限扩展4%
245,节能,1.1987453803695733,2209.4573046056207,8.552358668134294,4.679990028157779,45,工况4,3,电压上限扩展4%
246,节能,1.19874529079833,2209.455752730838,8.55784912866041,4.654365138241015,40,工况4,3,电压上限扩展4%
247,节能,1.1980736310702351,2208.222004985042,8.55522666910479,4.66658704129189,22,工况4,3,电压上限扩展4%
248,节能,1.1978013816648414,2207.720210176907,8.628268059347604,4.337883637199727,11,工况4,3,电压上限扩展4%
249,节能,1.1970953883666307,2206.4189629947214,8.576057995763003,4.570381367133929,18,工况4,3,电压上限扩展4%
250,节能,1.196940133540916,2206.1328060227024,8.566189748329512,4.615706292298554,41,工况4,3,电压上限扩展4%
251,节能,1.1969200864801413,2206.069247789215,8.562624602719278,4.632191325636031,48,工况4,3,电压上限扩展4%
252,节能,1.1965479502114655,2205.409955744037,8.498221814035217,4.940333471584499,60,工况4,3,电压上限扩展4%
253,节能,1.1964911911138696,2205.305340564265,8.556075297557488,4.662628522645005,71,工况4,3,电压上限扩展4%
254,节能,1.1964901228401705,2205.303371582202,8.573027357840793,4.584253548385683,77,工况4,3,电压上限扩展4%
255,节能,1.1964878982589453,2205.299271359072,8.540359366728014,4.736484910788298,89,工况4,3,电压上限扩展4%
256,节能,1.1958121604556637,2204.0537894052845,8.555211371860395,4.66665842776036,93,工况4,3,电压上限扩展4%
257,节能,1.1957647231088184,2203.966355552769,8.630383167036914,4.328718242478701,95,工况4,3,电压上限扩展4%
258,节能,1.195745126158915,2203.9302355557293,8.622916779497675,4.3611590876800514,97,工况4,3,电压上限扩展4%
259,节能,1.195732377010788,2203.9067370421917,8.502248480635169,4.920480393489964,96,工况4,3,电压上限扩展4%
260,节能,1.1957295501144407,2203.901526665669,8.548825834571716,4.696552893698791,97,工况4,3,电压上限扩展4%
261,节能,1.1957295501144407,2203.901526665669,8.609519849652386,4.419978349054615,96,工况4,3,电压上限扩展4%
262,节能,1.1957295501144407,2203.901526665669,8.556975818260872,4.658431619111054,95,工况4,3,电压上限扩展4%
263,节能,1.1955369394581772,2203.546517525558,8.630127125272493,4.329826717037024,96,工况4,3,电压上限扩展4%
264,节能,1.1950428797513326,2202.635894431837,8.630818329847617,4.3268349550796,95,工况4,3,电压上限扩展4%
265,节能,1.1941127560900726,2200.9215427568765,8.57979744733151,4.553322562527224,96,工况4,3,电压上限扩展4%
266,节能,1.1935663627812811,2199.9144613083245,8.554863716099232,4.668281100497568,94,工况4,3,电压上限扩展4%
267,节能,1.1935348348595949,2199.856350814417,8.633177568399226,4.316638951378881,93,工况4,3,电压上限扩展4%
268,节能,1.1934939050193718,2199.7705023697977,8.57212339008801,4.58839943935756,95,工况4,3,电压上限扩展4%
269,节能,1.1934939050193718,2199.7705023697977,8.57594099515694,4.570916135807346,96,工况4,3,电压上限扩展4%
270,节能,1.1934930955425485,2199.7754685820228,8.621375530778245,4.36788590105382,86,工况4,3,电压上限扩展4%
271,节能,1.1934930955425485,2199.7754685820228,8.593973985801265,4.489227605813493,85,工况4,3,电压上限扩展4%
272,节能,1.1934930955425485,2199.7754685820228,8.561719794821142,4.636384465640172,78,工况4,3,电压上限扩展4%
273,节能,1.1934930955425485,2199.7754685820228,8.539228076164456,4.741846283535708,60,工况4,3,电压上限扩展4%
274,节能,1.1934930955425485,2199.7754685820228,8.584156253247532,4.533518705144244,26,工况4,3,电压上限扩展4%
275,节能,1.1934930955425485,2199.7754685820228,8.509705662343016,4.883923950531823,8,工况4,3,电压上限扩展4%
276,节能,1.1934930955425485,2199.7754685820228,8.554405800375644,4.670419269328818,8,工况4,3,电压上限扩展4%
277,节能,1.1934930955218621,2199.7750675221037,8.57291375966821,4.584774340791406,4,工况4,3,电压上限扩展4%
278,节能,1.192859084061825,2198.610844909919,8.577366248394048,4.564406063141322,9,工况4,3,电压上限扩展4%
279,节能,1.1919095518375007,2196.860720461956,8.579070837958296,4.556632251660378,9,工况4,3,电压上限扩展4%
280,节能,1.1918197891171585,2196.669690216361,8.589080558472363,4.511249151338491,13,工况4,3,电压上限扩展4%
281,节能,1.1918197891171585,2196.669690216361,8.572149052637126,4.588281690842449,18,工况4,3,电压上限扩展4%
282,节能,1.1918197891171585,2196.669690216361,8.55511651047403,4.6671011344460664,20,工况4,3,电压上限扩展4%
283,节能,1.191814848602902,2196.6827031646053,8.541272928447158,4.732159815412087,34,工况4,3,电压上限扩展4%
284,节能,1.191814848602902,2196.6827031646053,8.516918051195928,4.848825914360582,37,工况4,3,电压上限扩展4%
285,节能,1.191814848602902,2196.6827031646053,8.49038384230678,4.979207814648427,42,工况4,3,电压上限扩展4%
286,节能,1.1918148337029095,2196.682322320063,8.629758364187936,4.331423683064508,49,工况4,3,电压上限扩展4%
287,节能,1.1918148291770974,2196.681816334238,8.51348664296217,4.865492794608473,31,工况4,3,电压上限扩展4%
288,节能,1.1918148291770974,2196.681816334238,8.555373648145684,4.665901201207608,21,工况4,3,电压上限扩展4%
289,节能,1.1918148291770974,2196.681816334238,8.52380779547255,4.815533563356112,5,工况4,3,电压上限扩展4%
290,节能,1.1918148291770974,2196.681816334238,8.571406308968825,4.591690873934554,5,工况4,3,电压上限扩展4%
291,节能,1.1918148284806414,2196.6820081663795,8.570916553244276,4.593940231598361,4,工况4,3,电压上限扩展4%
292,节能,1.191814828334697,2196.6819857371424,8.571858329482936,4.5896158044873925,10,工况4,3,电压上限扩展4%
293,节能,1.191814828334697,2196.6819857371424,8.629843486879178,4.331054996315721,6,工况4,3,电压上限扩展4%
294,节能,1.191814828334697,2196.6819857371424,8.630462102202943,4.328376567870789,7,工况4,3,电压上限扩展4%
295,节能,1.191814828334697,2196.6819857371424,8.629715422659675,4.331609685010577,7,工况4,3,电压上限扩展4%
296,节能,1.191814828333389,2196.6819762920495,8.584667927708846,4.531199612763698,8,工况4,3,电压上限扩展4%
297,节能,1.1916541200261304,2196.3899228982564,8.575272432038986,4.573973103525073,9,工况4,3,电压上限扩展4%
298,节能,1.1905404633613523,2194.2194091078245,8.552479984661044,4.679422302460291,12,工况4,3,电压上限扩展4%
299,节能,1.1905404633613523,2194.2194091078245,8.573346949900207,4.582788691444069,25,工况4,3,电压上限扩展4%
300,节能,1.1904930641395333,2194.2472397495058,8.555050889528578,4.6674074040837645,37,工况4,3,电压上限扩展4%
0,节能,44.66262418506163,2125.432497483305,8.878093056935832,6.040962829605195,0,工况5,1,电压上限扩展4%
1,节能,44.66262418506163,2125.432497483305,8.878093056935832,6.040962829605195,0,工况5,1,电压上限扩展4%
2,节能,22.253822597358464,2139.1575802287693,8.935540761873284,5.703703514173961,0,工况5,1,电压上限扩展4%
3,节能,1.2180269514512432,2238.8170461170407,9.285588142923904,4.019141498066906,1,工况5,1,电压上限扩展4%
4,节能,1.2088459359345556,2221.941710136228,9.285588142923904,4.019141498066906,3,工况5,1,电压上限扩展4%
5,节能,1.1780594888523974,2165.3541096444706,9.326245029622187,3.8590129387689163,10,工况5,1,电压上限扩展4%
6,节能,1.1500631953482534,2113.8950027252895,9.376175712058439,3.6710611170795913,21,工况5,1,电压上限扩展4%
7,节能,1.1500631953482534,2113.8950027252895,9.30378950030244,3.9466493959457014,56,工况5,1,电压上限扩展4%
8,节能,1.1499235117254132,2113.638254649637,9.33044515072415,3.8428386079437793,82,工况5,1,电压上限扩展4%
9,节能,1.1479521057633868,2110.0146753295385,9.305107954810795,3.941449347023969,87,工况5,1,电压上限扩展4%
10,节能,1.1416924477682258,2098.508994764973,9.276735421866274,4.054879793819582,95,工况5,1,电压上限扩展4%
11,节能,1.1412514636243993,2097.6984356742323,9.276068222544028,4.057586109595438,92,工况5,1,电压上限扩展4%
12,节能,1.1362569837336973,2088.5182392077504,9.228372820448458,4.255803771282783,91,工况5,1,电压上限扩展4%
13,节能,1.1362569837336973,2088.5182392077504,9.224008346453388,4.274418708826998,90,工况5,1,电压上限扩展4%
14,节能,1.1362569837336973,2088.5182392077504,9.218423976049143,4.298355419683884,91,工况5,1,电压上限扩展4%
15,节能,1.135802449247416,2087.6827736585506,9.195217266853309,4.399272552154364,89,工况5,1,电压上限扩展4%
16,节能,1.1355448559979424,2087.209299605124,9.19188076434952,4.413975250194383,93,工况5,1,电压上限扩展4%
17,节能,1.135462246736513,2087.0574581188293,9.237206181819205,4.218376267348422,89,工况5,1,电压上限扩展4%
18,节能,1.1339868861508267,2084.345644209894,9.197480188745145,4.3893285974277925,95,工况5,1,电压上限扩展4%
19,节能,1.1338429194650128,2084.081023570844,9.227946344633514,4.25761915574565,91,工况5,1,电压上限扩展4%
20,节能,1.1333661957453198,2083.194747624051,9.218095746595962,4.299766498098946,91,工况5,1,电压上限扩展4%
21,节能,1.1333661957453198,2083.194747624051,9.282544484030167,4.031393029115369,88,工况5,1,电压上限扩展4%
22,节能,1.1333661957453198,2083.194747624051,9.151143390429056,4.597501825796106,87,工况5,1,电压上限扩展4%
23,节能,1.1333661957453198,2083.194747624051,9.215436121006356,4.311217488029561,84,工况5,1,电压上限扩展4%
24,节能,1.1333661957453198,2083.194747624051,9.192216278151577,4.412494548987742,77,工况5,1,电压上限扩展4%
25,节能,1.1333661957453198,2083.194747624051,9.233749732364245,4.232982099317117,69,工况5,1,电压上限扩展4%
26,节能,1.1333661957453198,2083.194747624051,9.132682403986081,4.683164520734671,69,工况5,1,电压上限扩展4%
27,节能,1.1333661957453198,2083.194747624051,9.253960821163258,4.14828768838858,63,工况5,1,电压上限扩展4%
28,节能,1.1333661957453198,2083.194747624051,9.24645317777166,4.179548754672671,64,工况5,1,电压上限扩展4%
29,节能,1.1333661957453198,2083.194747624051,9.177785270965613,4.476632967434813,54,工况5,1,电压上限扩展4%
30,节能,1.1333655730010483,2083.1971509898863,9.097983314902608,4.848518285610513,38,工况5,1,电压上限扩展4%
31,节能,1.1333648546698998,2083.198972484364,9.128557661094648,4.702521263651027,26,工况5,1,电压上限扩展4%
32,节能,1.1333629731417352,2083.1988493229796,9.268551774081182,4.088199654908599,15,工况5,1,电压上限扩展4%
33,节能,1.1331775947224547,2082.8581110785813,9.17586362221756,4.485243754376366,16,工况5,1,电压上限扩展4%
34,节能,1.1319948646747362,2080.684172161522,9.249912765119856,4.165114223836896,22,工况5,1,电压上限扩展4%
35,节能,1.131877960103549,2080.469293544566,9.17536705046024,4.4874715528346085,31,工况5,1,电压上限扩展4%
36,节能,1.1315979963634923,2079.954700995701,9.223402633004925,4.277008565999774,48,工况5,1,电压上限扩展4%
37,节能,1.1315979963634923,2079.954700995701,9.18721331060369,4.434625429900332,73,工况5,1,电压上限扩展4%
38,节能,1.1315829187978768,2079.926786133464,9.186694770837532,4.436925555835596,73,工况5,1,电压上限扩展4%
39,节能,1.1310246017598322,2076.960702527423,9.150346862057724,4.601165325284548,80,工况5,1,电压上限扩展4%
40,节能,1.1310246017598322,2076.960702527423,9.187567305871625,4.433055871307634,81,工况5,1,电压上限扩展4%
41,节能,1.1300717650452214,2077.149383192518,9.185464518556442,4.442387452688329,67,工况5,1,电压上限扩展4%
42,节能,1.1300697114605152,2077.1451569548103,9.20702958173364,4.347612671589114,49,工况5,1,电压上限扩展4%
43,节能,1.1300664445834883,2077.139101261462,9.216919810096208,4.3048257245459975,38,工况5,1,电压上限扩展4%
44,节能,1.1288722961240902,2074.94467707849,9.205506419055359,4.354239838795707,49,工况5,1,电压上限扩展4%
45,节能,1.1286873283615815,2074.604693649393,9.176007793413401,4.484597158032067,47,工况5,1,电压上限扩展4%
46,节能,1.1286873283615815,2074.604693649393,9.110577374136183,4.787838662542516,57,工况5,1,电压上限扩展4%
47,节能,1.128674193036149,2074.5693144173456,9.192107648293018,4.412973903682136,58,工况5,1,电压上限扩展4%
48,节能,1.1286666881433436,2074.565237142835,9.176815086434752,4.480978235005013,77,工况5,1,电压上限扩展4%
49,节能,1.128541832261246,2074.292064596906,9.136379357657171,4.665883042562338,78,工况5,1,电压上限扩展4%
50,节能,1.1282043896813134,2073.7170192442204,9.21300474240374,4.321712443415993,66,工况5,1,电压上限扩展4%
51,节能,1.1274162891777175,2072.268436485521,9.197233646284687,4.390410886709609,68,工况5,1,电压上限扩展4%
52,节能,1.1271832415092882,2071.8400788929275,9.177149753357467,4.4794788507195085,70,工况5,1,电压上限扩展4%
53,节能,1.1271832415092882,2071.8400788929275,9.175566137711321,4.486578243385061,70,工况5,1,电压上限扩展4%
54,节能,1.1271662653956498,2071.803536464624,9.274703768921594,4.063126276451857,74,工况5,1,电压上限扩展4%
55,节能,1.1271662653956498,2071.803536464624,9.221595363280828,4.28474526313424,83,工况5,1,电压上限扩展4%
56,节能,1.1271655356120198,2071.8040105419436,9.229381944050793,4.2515113054288385,77,工况5,1,电压上限扩展4%
57,节能,1.1271644811272135,2071.8053887066576,9.16704478586973,4.524973311772248,58,工况5,1,电压上限扩展4%
58,节能,1.1271644649077603,2071.802711336041,9.157266121030315,4.5694385602545,34,工况5,1,电压上限扩展4%
59,节能,1.1271644649077603,2071.802711336041,9.167520860943704,4.522819597473647,15,工况5,1,电压上限扩展4%
60,节能,1.1271642725050472,2071.8029888329615,9.158424593626656,4.564148055945593,9,工况5,1,电压上限扩展4%
61,节能,1.1271642725050472,2071.8029888329615,9.167667785031208,4.522155135145298,4,工况5,1,电压上限扩展4%
62,节能,1.1271642725050472,2071.8029888329615,9.15571331076947,4.576539543149881,4,工况5,1,电压上限扩展4%
63,节能,1.127164237929398,2071.8031369832083,9.192063069606894,4.4131706326455875,5,工况5,1,电压上限扩展4%
64,节能,1.127164237929398,2071.8031369832083,9.180908291642076,4.46267415828669,5,工况5,1,电压上限扩展4%
65,节能,1.127164237929398,2071.8031369832083,9.161045553126389,4.5522012715981015,2,工况5,1,电压上限扩展4%
66,节能,1.127164237929398,2071.8031369832083,9.295332613486742,3.9801672919514175,6,工况5,1,电压上限扩展4%
67,节能,1.127164237929398,2071.8031369832083,9.168596093167908,4.517959129632279,3,工况5,1,电压上限扩展4%
68,节能,1.1271642350933366,2071.8031938279582,9.233432261711426,4.234326160246218,3,工况5,1,电压上限扩展4%
69,节能,1.1271642350933366,2071.8031938279582,9.174966110143394,4.489271121836614,7,工况5,1,电压上限扩展4%
70,节能,1.1271642288206944,2071.8032064960908,9.233263522823203,4.235040716019854,3,工况5,1,电压上限扩展4%
71,节能,1.127164219769082,2071.8031857447413,9.174965942266537,4.489271875481404,5,工况5,1,电压上限扩展4%
72,节能,1.1266072041412865,2070.781282716746,9.243516106834926,4.191842430710479,7,工况5,1,电压上限扩展4%
73,节能,1.1256905686814511,2069.0840353243957,9.174694696089201,4.490489738479525,4,工况5,1,电压上限扩展4%
74,节能,1.1256905686814511,2069.0840353243957,9.241547896883102,4.200100981313795,7,工况5,1,电压上限扩展4%
75,节能,1.1256880570428933,2069.0907847869926,9.176325599944416,4.483172150216662,7,工况5,1,电压上限扩展4%
76,节能,1.125688009939035,2069.0902879374758,9.174798167829833,4.490025123727659,19,工况5,1,电压上限扩展4%
77,节能,1.1251281552095291,2068.0027389879842,9.198718107845526,4.383898325531303,33,工况5,1,电压上限扩展4%
78,节能,1.1251281552095291,2068.0027389879842,9.218082055084853,4.2998253688027335,50,工况5,1,电压上限扩展4%
79,节能,1.1251281552095291,2068.0027389879842,9.151469850732548,4.596001168920526,46,工况5,1,电压上限扩展4%
80,节能,1.1251281552095291,2068.0027389879842,9.275776926020184,4.058768242491605,31,工况5,1,电压上限扩展4%
81,节能,1.1251281552095291,2068.0027389879842,9.229882137472783,4.2493852592018415,34,工况5,1,电压上限扩展4%
82,节能,1.1251281552095291,2068.0027389879842,9.232104989991605,4.239949992962673,22,工况5,1,电压上限扩展4%
83,节能,1.1251281552095291,2068.0027389879842,9.251397768434241,4.158933605664748,11,工况5,1,电压上限扩展4%
84,节能,1.1251281552095291,2068.0027389879842,9.16941065280354,4.514280480932618,4,工况5,1,电压上限扩展4%
85,节能,1.1251281552095291,2068.0027389879842,9.210340725683887,4.333240906815165,8,工况5,1,电压上限扩展4%
86,节能,1.1245549922355513,2067.0091765319607,9.198569348957019,4.3845505178820385,9,工况5,1,电压上限扩展4%
87,节能,1.1244225629113414,2066.7657623545538,9.218423248498368,4.298358546956839,17,工况5,1,电压上限扩展4%
88,节能,1.1243859548371684,2066.6901094732866,9.230318828271297,4.247529996877283,40,工况5,1,电压上限扩展4%
89,节能,1.1241743238248203,2066.3094818939667,9.231393581042449,4.242967404511171,44,工况5,1,电压上限扩展4%
90,节能,1.1241734446273863,2066.307865868804,9.244743562355255,4.18670028710045,69,工况5,1,电压上限扩展4%
91,节能,1.1241734446273863,2066.307865868804,9.199704205583599,4.379577504034834,69,工况5,1,电压上限扩展4%
92,节能,1.1241734446273863,2066.307865868804,9.204296042260717,4.359513300448891,88,工况5,1,电压上限扩展4%
93,节能,1.1241734338779845,2066.3078461106666,9.180755824315256,4.463354622159011,90,工况5,1,电压上限扩展4%
94,节能,1.1241734338779845,2066.3078461106666,9.177100007821544,4.479701690338187,96,工况5,1,电压上限扩展4%
95,节能,1.1241734019242111,2066.3077873774405,9.25198553183677,4.156489854941766,94,工况5,1,电压上限扩展4%
96,节能,1.1241733601351687,2066.307710566315,9.12046746917552,4.740719871868323,96,工况5,1,电压上限扩展4%
97,节能,1.1241733601351687,2066.307710566315,9.240376152429928,4.205025310805884,98,工况5,1,电压上限扩展4%
98,节能,1.1241733601351687,2066.307710566315,9.23557857078212,4.22524773363998,98,工况5,1,电压上限扩展4%
99,节能,1.1241733601351687,2066.307710566315,9.256438977963622,4.138020308387071,94,工况5,1,电压上限扩展4%
100,节能,1.1241733601351687,2066.307710566315,9.13861451216602,4.655465719542256,98,工况5,1,电压上限扩展4%
101,节能,1.1241733601351687,2066.307710566315,9.107019873087596,4.804901736561244,95,工况5,1,电压上限扩展4%
102,节能,1.12395657752223,2065.9092492608647,9.178887554480932,4.471701167331009,93,工况5,1,电压上限扩展4%
103,节能,1.123915968896754,2065.834607823065,9.175268468649893,4.4879139577103455,95,工况5,1,电压上限扩展4%
104,节能,1.1236860958252555,2065.412085357285,9.181103430751401,4.4618034009884004,95,工况5,1,电压上限扩展4%
105,节能,1.123657443869934,2065.356265398412,9.161666570459541,4.549375153329483,86,工况5,1,电压上限扩展4%
106,节能,1.123657443869934,2065.356265398412,9.164246311100726,4.537654070531646,76,工况5,1,电压上限扩展4%
107,节能,1.123657443869934,2065.356265398412,9.145531648639128,4.623374345975224,68,工况5,1,电压上限扩展4%
108,节能,1.1231242662352687,2064.3794040511966,9.128634462697596,4.702160116348607,64,工况5,1,电压上限扩展4%
109,节能,1.1230148459452722,2064.1782820562003,9.1016722769813,4.830665235375712,65,工况5,1,电压上限扩展4%
110,节能,1.1230049437064171,2064.1600810622754,9.242409757916063,4.196482637422277,43,工况5,1,电压上限扩展4%
111,节能,1.1230049437064171,2064.1600810622754,9.210962414818775,4.330547815244168,21,工况5,1,电压上限扩展4%
112,节能,1.1229654054770428,2064.0874070858986,9.193686373487429,4.406012527094279,30,工况5,1,电压上限扩展4%
113,节能,1.1228458264878354,2063.86761270526,9.230195876112921,4.2480522719649345,36,工况5,1,电压上限扩展4%
114,节能,1.122410141706951,2063.066794206937,9.143524632244837,4.632662852058605,42,工况5,1,电压上限扩展4%
115,节能,1.1222469407520597,2062.766738353094,9.158960325444102,4.561703551470364,44,工况5,1,电压上限扩展4%
116,节能,1.1217104363358863,2061.5227540447418,9.227049052320437,4.261441199174767,60,工况5,1,电压上限扩展4%
117,节能,1.1215848924563316,2061.5464899274725,9.297282050007361,3.9724157664825808,64,工况5,1,电压上限扩展4%
118,节能,1.1215848924563316,2061.5464899274725,9.141507466168894,4.642017133803108,76,工况5,1,电压上限扩展4%
119,节能,1.1215848924563316,2061.5464899274725,9.212915364839878,4.322098724808085,75,工况5,1,电压上限扩展4%
120,节能,1.1215848817182426,2061.5487440346237,9.174844547858655,4.489816881062197,72,工况5,1,电压上限扩展4%
121,节能,1.1215848809281888,2061.5467273289764,9.223274657653572,4.277555952699001,62,工况5,1,电压上限扩展4%
122,节能,1.1215848809281888,2061.5467273289764,9.227558237984118,4.259271886747792,42,工况5,1,电压上限扩展4%
123,节能,1.1215839490061554,2061.5464264454904,9.173353531702888,4.496516263771086,33,工况5,1,电压上限扩展4%
124,节能,1.1215839490061554,2061.5464264454904,9.169865186520731,4.512229054501737,22,工况5,1,电压上限扩展4%
125,节能,1.1215839490061554,2061.5464264454904,9.138631428665649,4.655386966024259,13,工况5,1,电压上限扩展4%
126,节能,1.1215839490061554,2061.5464264454904,9.227508944005038,4.259481848381952,17,工况5,1,电压上限扩展4%
127,节能,1.1215839490061554,2061.5464264454904,9.130774824006163,4.6921065577308925,10,工况5,1,电压上限扩展4%
128,节能,1.1215839490061554,2061.5464264454904,9.227316683494543,4.260300857265577,5,工况5,1,电压上限扩展4%
129,节能,1.1215839490061554,2061.5464264454904,9.228070855476583,4.257089068996562,7,工况5,1,电压上限扩展4%
130,节能,1.1215839490061554,2061.5464264454904,9.22739185745915,4.259980605597162,7,工况5,1,电压上限扩展4%
131,节能,1.1215839490061554,2061.5464264454904,9.25748267259787,4.133703731780557,7,工况5,1,电压上限扩展4%
132,节能,1.1215839490061554,2061.5464264454904,9.174065797698871,4.493314688457986,5,工况5,1,电压上限扩展4%
133,节能,1.1215839490061554,2061.5464264454904,9.2277238444142,4.258566582338963,5,工况5,1,电压上限扩展4%
134,节能,1.1215839490061554,2061.5464264454904,9.202708923247371,4.36643786049387,9,工况5,1,电压上限扩展4%
135,节能,1.1215839486227046,2061.546342707808,9.26353230681127,4.108771826747829,10,工况5,1,电压上限扩展4%
136,节能,1.1215839485890537,2061.5463400129483,9.22772331369906,4.25856884242532,6,工况5,1,电压上限扩展4%
137,节能,1.1215044680212851,2061.402103878638,9.210154322702294,4.334048711126381,9,工况5,1,电压上限扩展4%
138,节能,1.1213982059512135,2061.2067869083953,9.199812548345404,4.379103034215654,18,工况5,1,电压上限扩展4%
139,节能,1.1212251711404206,2060.888294995399,9.15659467767512,4.572507709677439,14,工况5,1,电压上限扩展4%
140,节能,1.1212251711404206,2060.888294995399,9.227369792251261,4.260074603991869,21,工况5,1,电压上限扩展4%
141,节能,1.1212243369576138,2060.882497472225,9.159118983025753,4.560979860027767,30,工况5,1,电压上限扩展4%
142,节能,1.1212243369576138,2060.882497472225,9.144722943248535,4.627114805992777,35,工况5,1,电压上限扩展4%
143,节能,1.1212243369576138,2060.882497472225,9.221079408848231,4.286956566862227,39,工况5,1,电压上限扩展4%
144,节能,1.1212243055415498,2060.8837507384005,9.163564276278944,4.5407499642506,32,工况5,1,电压上限扩展4%
145,节能,1.121224302399916,2060.883578983539,9.228025089570988,4.257283902991346,16,工况5,1,电压上限扩展4%
146,节能,1.1212243014108956,2060.883424051146,9.17269927113594,4.499459119643413,8,工况5,1,电压上限扩展4%
147,节能,1.1212243011032634,2060.883502260208,9.23215274402815,4.239747523070174,6,工况5,1,电压上限扩展4%
148,节能,1.1212243011032634,2060.883502260208,9.240477705872257,4.204598297693184,6,工况5,1,电压上限扩展4%
149,节能,1.121224300525887,2060.8834324759855,9.203909705344063,4.361197866759621,1,工况5,1,电压上限扩展4%
150,节能,1.121224300525887,2060.8834324759855,9.202897793754904,4.365613247034083,4,工况5,1,电压上限扩展4%
151,节能,1.121224300525887,2060.8834324759855,9.224590073608988,4.271932886494946,3,工况5,1,电压上限扩展4%
152,节能,1.121224300525887,2060.8834324759855,9.085499295341101,4.909426682491934,3,工况5,1,电压上限扩展4%
153,节能,1.1212243003154438,2060.8834412268498,9.147243688886894,4.615465714893523,7,工况5,1,电压上限扩展4%
154,节能,1.1212243002650701,2060.8834413293225,9.175641118064352,4.486241850776049,3,工况5,1,电压上限扩展4%
155,节能,1.1212243002208062,2060.8834374513535,9.281592923658328,4.035230968691192,5,工况5,1,电压上限扩展4%
156,节能,1.1212243002208062,2060.8834374513535,9.204307221447824,4.359464564906423,5,工况5,1,电压上限扩展4%
157,节能,1.1212243001835411,2060.883438825639,9.21701411222517,4.304419789455933,4,工况5,1,电压上限扩展4%
158,节能,1.1212243001722042,2060.8834384901497,9.195192076982481,4.399383370657434,5,工况5,1,电压上限扩展4%
159,节能,1.1210083489591185,2060.490203027874,9.211048964854232,4.330173022396613,8,工况5,1,电压上限扩展4%
160,节能,1.1210083489591185,2060.490203027874,9.283530690602525,4.027419202643268,8,工况5,1,电压上限扩展4%
161,节能,1.1210083489591185,2060.490203027874,9.111526672457975,4.783295731974495,7,工况5,1,电压上限扩展4%
162,节能,1.1210083489591185,2060.490203027874,9.205584293886046,4.353900766308268,21,工况5,1,电压上限扩展4%
163,节能,1.1210083489591185,2060.490203027874,9.174456554070359,4.491559240113022,36,工况5,1,电压上限扩展4%
164,节能,1.1210083489591185,2060.490203027874,9.172266931839708,4.501404833206534,69,工况5,1,电压上限扩展4%
165,节能,1.1210083489591185,2060.490203027874,9.184505876037548,4.446648156105307,94,工况5,1,电压上限扩展4%
166,节能,1.1210083489591185,2060.490203027874,9.20886780642848,4.339628123557646,97,工况5,1,电压上限扩展4%
167,节能,1.1210083489591185,2060.490203027874,9.227002919693174,4.261637795187923,92,工况5,1,电压上限扩展4%
168,节能,1.1210083489591185,2060.490203027874,9.287077076222035,4.013161717312602,98,工况5,1,电压上限扩展4%
169,节能,1.1210083489591185,2060.490203027874,9.293723041768276,3.9865788151783317,95,工况5,1,电压上限扩展4%
170,节能,1.1210083489591185,2060.490203027874,9.214099392229581,4.3169842699617265,96,工况5,1,电压上限扩展4%
171,节能,1.1210083489591185,2060.490203027874,9.187533299663375,4.433206625292045,94,工况5,1,电压上限扩展4%
172,节能,1.1210083489591185,2060.490203027874,9.229380556606165,4.2515172041694544,93,工况5,1,电压上限扩展4%
173,节能,1.1210083489591185,2060.490203027874,9.220344097357692,4.290109974511639,92,工况5,1,电压上限扩展4%
174,节能,1.1210083489591185,2060.490203027874,9.231451616558076,4.242721168855337,94,工况5,1,电压上限扩展4%
175,节能,1.1210083489591185,2060.490203027874,9.227560978904306,4.259260212439491,95,工况5,1,电压上限扩展4%
176,节能,1.1210083489591185,2060.490203027874,9.246446497835613,4.179576673884303,96,工况5,1,电压上限扩展4%
177,节能,1.1210083489591185,2060.490203027874,9.172796488743398,4.499021714255046,99,工况5,1,电压上限扩展4%
178,节能,1.1210083489591185,2060.490203027874,9.122619347669081,4.7305293870069764,98,工况5,1,电压上限扩展4%
179,节能,1.1210079901734047,2060.4895435551334,9.224308339067884,4.273136607103227,95,工况5,1,电压上限扩展4%
180,节能,1.1210079901734047,2060.4895435551334,9.196805730718793,4.392290013893912,97,工况5,1,电压上限扩展4%
181,节能,1.1210079901734047,2060.4895435551334,9.211302640268732,4.329074703274468,95,工况5,1,电压上限扩展4%
182,节能,1.1210079901734047,2060.4895435551334,9.13465672309139,4.673927580881904,96,工况5,1,电压上限扩展4%
183,节能,1.1210079901734047,2060.4895435551334,9.227434425217837,4.259799271630251,96,工况5,1,电压上限扩展4%
184,节能,1.1210079901734047,2060.4895435551334,9.227736127659362,4.258514273642853,96,工况5,1,电压上限扩展4%
185,节能,1.1210079901734047,2060.4895435551334,9.155141969230895,4.579155057398628,98,工况5,1,电压上限扩展4%
186,节能,1.1210079901734047,2060.4895435551334,9.227503546873917,4.259504837426031,95,工况5,1,电压上限扩展4%
187,节能,1.1210079901734047,2060.4895435551334,9.268754681179162,4.087370214333192,98,工况5,1,电压上限扩展4%
188,节能,1.1210079901734047,2060.4895435551334,9.111862902238554,4.781687715846691,96,工况5,1,电压上限扩展4%
189,节能,1.1210079901734047,2060.4895435551334,9.172683898511892,4.499528288668534,97,工况5,1,电压上限扩展4%
190,节能,1.1210079901734047,2060.4895435551334,9.172737889165965,4.49928536275113,91,工况5,1,电压上限扩展4%
191,节能,1.1210079901734047,2060.4895435551334,9.16230995219915,4.546449109811618,96,工况5,1,电压上限扩展4%
192,节能,1.1210079901734047,2060.4895435551334,9.102222661966195,4.828007241290225,94,工况5,1,电压上限扩展4%
193,节能,1.1210079901734047,2060.4895435551334,9.156922841576389,4.571007423892131,94,工况5,1,电压上限扩展4%
194,节能,1.1210079901734047,2060.4895435551334,9.175138512158743,4.48849722916001,96,工况5,1,电压上限扩展4%
195,节能,1.1210079901734047,2060.4895435551334,9.193829198297259,4.405383284129813,99,工况5,1,电压上限扩展4%
196,节能,1.1210079901734047,2060.4895435551334,9.330378465737503,3.843094876129563,92,工况5,1,电压上限扩展4%
197,节能,1.1210079901734047,2060.4895435551334,9.145326575576973,4.624322572734401,96,工况5,1,电压上限扩展4%
198,节能,1.1210079901734047,2060.4895435551334,9.220944146085655,4.287536471669385,94,工况5,1,电压上限扩展4%
199,节能,1.1210079901734047,2060.4895435551334,9.227448360476954,4.25973991063722,92,工况5,1,电压上限扩展4%
200,节能,1.1210079901734047,2060.4895435551334,9.175138511815538,4.4884972307004825,92,工况5,1,电压上限扩展4%
201,节能,1.1210079901734047,2060.4895435551334,9.324565976891751,3.865497867725845,95,工况5,1,电压上限扩展4%
202,节能,1.1210079901734047,2060.4895435551334,9.225628524150952,4.267498998059108,98,工况5,1,电压上限扩展4%
203,节能,1.1210079901734047,2060.4895435551334,9.29551096354645,3.9794574921755497,96,工况5,1,电压上限扩展4%
204,节能,1.1210079901734047,2060.4895435551334,9.193065312323583,4.408749780275116,92,工况5,1,电压上限扩展4%
205,节能,1.1210079901734047,2060.4895435551334,9.172791157472863,4.499045699820881,94,工况5,1,电压上限扩展4%
206,节能,1.1210079901734047,2060.4895435551334,9.227810764021857,4.258196445488752,93,工况5,1,电压上限扩展4%
207,节能,1.1210079901734047,2060.4895435551334,9.070787630765764,4.9821864172115005,93,工况5,1,电压上限扩展4%
208,节能,1.1210079901734047,2060.4895435551334,9.19265249864116,4.4105701482173405,97,工况5,1,电压上限扩展4%
209,节能,1.1210079901734047,2060.4895435551334,9.182710578033314,4.4546383849403295,93,工况5,1,电压上限扩展4%
210,节能,1.1210079901734047,2060.4895435551334,9.122738714491373,4.72996475244628,96,工况5,1,电压上限扩展4%
211,节能,1.1210079901734047,2060.4895435551334,9.197213411457188,4.39049972681538,97,工况5,1,电压上限扩展4%
212,节能,1.1210079901734047,2060.4895435551334,9.208369988358546,4.341789006673047,95,工况5,1,电压上限扩展4%
213,节能,1.1210079901734047,2060.4895435551334,9.140720309489973,4.6456725671042705,97,工况5,1,电压上限扩展4%
214,节能,1.1210079901734047,2060.4895435551334,9.172791157472863,4.499045699820881,96,工况5,1,电压上限扩展4%
215,节能,1.1210079901734047,2060.4895435551334,9.071446407020375,4.978905351966397,90,工况5,1,电压上限扩展4%
216,节能,1.1210079901734047,2060.4895435551334,9.200433371660697,4.376385228677757,92,工况5,1,电压上限扩展4%
217,节能,1.1210079901734047,2060.4895435551334,9.192256507870379,4.412317039143428,96,工况5,1,电压上限扩展4%
218,节能,1.1210079901734047,2060.4895435551334,9.22755564763377,4.259282919768497,95,工况5,1,电压上限扩展4%
219,节能,1.1210079901734047,2060.4895435551334,9.174329650258207,4.492129272271962,99,工况5,1,电压上限扩展4%
220,节能,1.1210079901734047,2060.4895435551334,9.2084802402658,4.341310342541471,95,工况5,1,电压上限扩展4%
221,节能,1.1210079901734047,2060.4895435551334,9.228455629124468,4.255451368398331,95,工况5,1,电压上限扩展4%
222,节能,1.1210079901734047,2060.4895435551334,9.248472184632538,4.171118730064042,95,工况5,1,电压上限扩展4%
223,节能,1.1210079901734047,2060.4895435551334,9.172791157472863,4.499045699820881,96,工况5,1,电压上限扩展4%
224,节能,1.1210079901734047,2060.4895435551334,9.29376251548343,3.9864214532075954,98,工况5,1,电压上限扩展4%
225,节能,1.1210079901734047,2060.4895435551334,9.172791157472863,4.499045699820881,97,工况5,1,电压上限扩展4%
226,节能,1.1210079901734047,2060.4895435551334,9.214011856626204,4.317362176324458,94,工况5,1,电压上限扩展4%
227,节能,1.1210079901734047,2060.4895435551334,9.229903001918743,4.249296599057667,92,工况5,1,电压上限扩展4%
228,节能,1.1210079901734047,2060.4895435551334,9.165419238394191,4.53233485236193,97,工况5,1,电压上限扩展4%
229,节能,1.1210079901734047,2060.4895435551334,9.185313570804528,4.443058071700386,94,工况5,1,电压上限扩展4%
230,节能,1.1210079901734047,2060.4895435551334,9.138498540107786,4.656005654791885,95,工况5,1,电压上限扩展4%
231,节能,1.1210079901734047,2060.4895435551334,9.19428895181028,4.403358359207567,99,工况5,1,电压上限扩展4%
232,节能,1.1210079901734047,2060.4895435551334,9.22755564763377,4.259282919768497,96,工况5,1,电压上限扩展4%
233,节能,1.1210079901734047,2060.4895435551334,9.22755564763377,4.259282919768497,91,工况5,1,电压上限扩展4%
234,节能,1.1210079901734047,2060.4895435551334,9.213149370314746,4.321087448370289,98,工况5,1,电压上限扩展4%
235,节能,1.1210079901734047,2060.4895435551334,9.193668719790663,4.406090310189955,95,工况5,1,电压上限扩展4%
236,节能,1.1210079901734047,2060.4895435551334,9.159984899379506,4.557032142421119,98,工况5,1,电压上限扩展4%
237,节能,1.1210079901734047,2060.4895435551334,9.144839362696775,4.626576151195677,90,工况5,1,电压上限扩展4%
238,节能,1.1210079901734047,2060.4895435551334,9.118973164334566,4.747809248047849,91,工况5,1,电压上限扩展4%
239,节能,1.1210079901734047,2060.4895435551334,9.265989723532288,4.0986872582265566,98,工况5,1,电压上限扩展4%
240,节能,1.1210079901734047,2060.4895435551334,9.237932417554582,4.2153138439130755,96,工况5,1,电压上限扩展4%
241,节能,1.1210079901734047,2060.4895435551334,9.14130019423435,4.642979393395876,97,工况5,1,电压上限扩展4%
242,节能,1.1210079901734047,2060.4895435551334,9.206271032667638,4.350911800237767,96,工况5,1,电压上限扩展4%
243,节能,1.1210079901734047,2060.4895435551334,9.172791157472863,4.499045699820881,91,工况5,1,电压上限扩展4%
244,节能,1.1210079901734047,2060.4895435551334,9.10189743201172,4.829577709233281,94,工况5,1,电压上限扩展4%
245,节能,1.1210079901734047,2060.4895435551334,9.230496616916906,4.246774901397648,90,工况5,1,电压上限扩展4%
246,节能,1.1210079901734047,2060.4895435551334,9.148349533853919,4.610364546432813,98,工况5,1,电压上限扩展4%
247,节能,1.1210079901734047,2060.4895435551334,9.072947819863638,4.971435568543172,100,工况5,1,电压上限扩展4%
248,节能,1.1210079901734047,2060.4895435551334,9.192463307923802,4.411404666086664,97,工况5,1,电压上限扩展4%
249,节能,1.1210079901734047,2060.4895435551334,9.175732126756,4.485833582353064,96,工况5,1,电压上限扩展4%
250,节能,1.1210079901734047,2060.4895435551334,9.229764839688185,4.249883731912951,94,工况5,1,电压上限扩展4%
251,节能,1.1210079901734047,2060.4895435551334,9.244976157247748,4.185726595239538,95,工况5,1,电压上限扩展4%
252,节能,1.1210079901734047,2060.4895435551334,9.155907322243053,4.575651728095139,95,工况5,1,电压上限扩展4%
253,节能,1.1210079901734047,2060.4895435551334,9.172791157472863,4.499045699820881,93,工况5,1,电压上限扩展4%
254,节能,1.1210079901734047,2060.4895435551334,9.258442224638534,4.129739130354118,94,工况5,1,电压上限扩展4%
255,节能,1.1210079901734047,2060.4895435551334,9.21901593288755,4.295811731750315,97,工况5,1,电压上限扩展4%
256,节能,1.1210079901734047,2060.4895435551334,9.190858064170238,4.418491732584124,98,工况5,1,电压上限扩展4%
257,节能,1.1210079901734047,2060.4895435551334,9.228455629124468,4.255451368398331,97,工况5,1,电压上限扩展4%
258,节能,1.1210079901734047,2060.4895435551334,9.168253106739511,4.519508994073834,97,工况5,1,电压上限扩展4%
259,节能,1.1210079901734047,2060.4895435551334,9.172791157472863,4.499045699820881,96,工况5,1,电压上限扩展4%
260,节能,1.1210079901734047,2060.4895435551334,9.131611610823569,4.688181907094486,97,工况5,1,电压上限扩展4%
261,节能,1.1210079901734047,2060.4895435551334,9.206703429956468,4.349030884452158,96,工况5,1,电压上限扩展4%
262,节能,1.1210079901734047,2060.4895435551334,9.144632139725648,4.627534983394472,98,工况5,1,电压上限扩展4%
263,节能,1.1210079901734047,2060.4895435551334,9.265564898136404,4.100428854574623,93,工况5,1,电压上限扩展4%
264,节能,1.1210079901734047,2060.4895435551334,9.196348006423893,4.394300931931431,97,工况5,1,电压上限扩展4%
265,节能,1.1210079901734047,2060.4895435551334,9.290756690232595,3.9984219661591722,96,工况5,1,电压上限扩展4%
266,节能,1.1210079901734047,2060.4895435551334,9.175106075671806,4.488642822603005,93,工况5,1,电压上限扩展4%
267,节能,1.1210079901734047,2060.4895435551334,9.155576621325013,4.577165150553557,96,工况5,1,电压上限扩展4%
268,节能,1.1210079901734047,2060.4895435551334,9.23176231612701,4.24140316197975,95,工况5,1,电压上限扩展4%
269,节能,1.1210079901734047,2060.4895435551334,9.178203033200724,4.474763189828995,99,工况5,1,电压上限扩展4%
270,节能,1.1207387403635902,2059.994643944613,9.227911877241237,4.257765907304316,97,工况5,1,电压上限扩展4%
271,节能,1.1203969597055197,2059.3664276621985,9.151980569834935,4.593654502623626,91,工况5,1,电压上限扩展4%
272,节能,1.1203445674538597,2059.2701271115734,9.199579740726595,4.380122641447132,96,工况5,1,电压上限扩展4%
273,节能,1.1203361219290757,2059.2546036579856,9.14642358892377,4.619252410678407,84,工况5,1,电压上限扩展4%
274,节能,1.1203254461351577,2059.234980816819,9.205921205610315,4.35243413317062,84,工况5,1,电压上限扩展4%
275,节能,1.1203233945994986,2059.228849914934,9.227069095548556,4.2613557869926675,81,工况5,1,电压上限扩展4%
276,节能,1.1203233945994986,2059.228849914934,9.193685619358673,4.406015849796277,85,工况5,1,电压上限扩展4%
277,节能,1.1203233694904724,2059.229647743395,9.21677648418867,4.305442761817414,87,工况5,1,电压上限扩展4%
278,节能,1.1203233682732303,2059.2296051198264,9.209264061073023,4.337908866412404,82,工况5,1,电压上限扩展4%
279,节能,1.1203233666150083,2059.229511645103,9.183420215362535,4.451478328633767,82,工况5,1,电压上限扩展4%
280,节能,1.1203233666150083,2059.229511645103,9.210016720698178,4.334645125947967,70,工况5,1,电压上限扩展4%
281,节能,1.1203233666150083,2059.229511645103,9.172252530605123,4.501469659460288,49,工况5,1,电压上限扩展4%
282,节能,1.1203233666150083,2059.229511645103,9.267068882465555,4.0942665090316925,26,工况5,1,电压上限扩展4%
283,节能,1.1203233664835321,2059.229497307485,9.207584091429792,4.345202546488225,8,工况5,1,电压上限扩展4%
284,节能,1.1203233662818257,2059.2294430538673,9.233607904343055,4.233582497367625,5,工况5,1,电压上限扩展4%
285,节能,1.1203233662807293,2059.22944723711,9.235720779015534,4.224646911345998,6,工况5,1,电压上限扩展4%
286,节能,1.1203233662807142,2059.2294468804835,9.153038137503136,4.588798970122411,2,工况5,1,电压上限扩展4%
287,节能,1.1203233662807142,2059.2294468804835,9.172713404183991,4.499395529020838,5,工况5,1,电压上限扩展4%
288,节能,1.1203233662807142,2059.2294468804835,9.149934816564846,4.603061605368818,4,工况5,1,电压上限扩展4%
289,节能,1.1203233662807137,2059.229446753601,9.173249316894603,4.4969848917700315,8,工况5,1,电压上限扩展4%
290,节能,1.1203233662807137,2059.229446753601,9.171019269676497,4.507024570736159,2,工况5,1,电压上限扩展4%
291,节能,1.1203233662807135,2059.2294468116143,9.172466713204312,4.500505626231712,4,工况5,1,电压上限扩展4%
292,节能,1.1203233662807135,2059.229446794898,9.222167202041058,4.282295780136477,6,工况5,1,电压上限扩展4%
293,节能,1.1203233662807135,2059.229446794898,9.268566806523861,4.088138199743538,1,工况5,1,电压上限扩展4%
294,节能,1.1203233662807135,2059.229446794898,9.154569211657144,4.581778554381298,3,工况5,1,电压上限扩展4%
295,节能,1.1203233662807135,2059.229446794898,9.202506614690275,4.367321317599529,6,工况5,1,电压上限扩展4%
296,节能,1.1203233662807135,2059.229446794898,9.18194178813988,4.458064382677048,7,工况5,1,电压上限扩展4%
297,节能,1.1203233662807135,2059.229446794898,9.188195008729684,4.430274102620691,7,工况5,1,电压上限扩展4%
298,节能,1.1203233662807135,2059.229446794898,9.226554426311301,4.263549540205452,9,工况5,1,电压上限扩展4%
299,节能,1.1203233662807135,2059.229446794898,9.172713087043238,4.499396955962749,3,工况5,1,电压上限扩展4%
300,节能,1.1203233662807135,2059.229446794898,9.27689725150762,4.054223647170267,8,工况5,1,电压上限扩展4%
0,节能,1.245841457797136,2289.942015775816,9.387625978541388,3.6292662269666836,1,工况5,2,电压上限扩展4%
1,节能,1.245841457797136,2289.942015775816,9.387625978541388,3.6292662269666836,1,工况5,2,电压上限扩展4%
2,节能,1.2403327517390503,2279.8166363577366,9.387625978541388,3.6292662269666836,2,工况5,2,电压上限扩展4%
3,节能,1.1948944912850799,2196.29799834316,9.387625978541388,3.6292662269666836,7,工况5,2,电压上限扩展4%
4,节能,1.1889317057092779,2185.337989639296,9.387625978541388,3.6292662269666836,21,工况5,2,电压上限扩展4%
5,节能,1.164621922153615,2140.654940756849,9.424441493952504,3.49808253455017,49,工况5,2,电压上限扩展4%
6,节能,1.1534139660731542,2120.0539490504098,9.438535151917229,3.449127543554898,83,工况5,2,电压上限扩展4%
7,节能,1.1486061232714286,2111.216804349523,9.313980066114889,3.906635036302787,96,工况5,2,电压上限扩展4%
8,节能,1.1391689192400263,2093.8705763140806,9.367878371574639,3.7016478800172394,92,工况5,2,电压上限扩展4%
9,节能,1.1391689192400263,2093.8705763140806,9.271874647672579,4.07463762916628,93,工况5,2,电压上限扩展4%
10,节能,1.1391689192400263,2093.8705763140806,9.250399576892777,4.163087090653353,88,工况5,2,电压上限扩展4%
11,节能,1.1391689192400263,2093.8705763140806,9.220662624656347,4.288743674983928,89,工况5,2,电压上限扩展4%
12,节能,1.1391689192400263,2093.8705763140806,9.193680967096663,4.406036347784112,86,工况5,2,电压上限扩展4%
13,节能,1.1377532610785714,2091.268499554151,9.175039662892399,4.488940935747773,80,工况5,2,电压上限扩展4%
14,节能,1.1374287779294805,2090.672077279178,9.226392861230552,4.264238436580492,88,工况5,2,电压上限扩展4%
15,节能,1.1372911096148242,2090.419033478139,9.193936023069991,4.404912705196876,87,工况5,2,电压上限扩展4%
16,节能,1.137123702929808,2090.111328513482,9.15596937512775,4.57536780451527,91,工况5,2,电压上限扩展4%
17,节能,1.137123702929808,2090.111328513482,9.209026523773229,4.3389394039619935,79,工况5,2,电压上限扩展4%
18,节能,1.1370129579811075,2089.907771704967,9.187920713206955,4.4314894736492985,82,工况5,2,电压上限扩展4%
19,节能,1.135946320498503,2087.947218882029,9.157941469744445,4.5663536376150535,92,工况5,2,电压上限扩展4%
20,节能,1.1356173241023475,2087.3425009495186,9.181906287602903,4.458222649165769,90,工况5,2,电压上限扩展4%
21,节能,1.135384459862571,2086.9144805113656,9.208675215586961,4.340463976676082,87,工况5,2,电压上限扩展4%
22,节能,1.1352793588552241,2086.721297654014,9.1985202123424,4.384765965144244,89,工况5,2,电压上限扩展4%
23,节能,1.1351765721755167,2086.528832238426,9.181177871727378,4.461471272350757,96,工况5,2,电压上限扩展4%
24,节能,1.1351765721755167,2086.528832238426,9.250035173651467,4.16460440952421,96,工况5,2,电压上限扩展4%
25,节能,1.1351765721755167,2086.528832238426,9.12594799500034,4.714809300813689,90,工况5,2,电压上限扩展4%
26,节能,1.1351765721755167,2086.528832238426,9.17230495028746,4.501233700035202,87,工况5,2,电压上限扩展4%
27,节能,1.1351765721755167,2086.528832238426,9.201218700304707,4.372949677195517,88,工况5,2,电压上限扩展4%
28,节能,1.13517644835276,2086.5305922419425,9.18931797654017,4.425301839779899,86,工况5,2,电压上限扩展4%
29,节能,1.13517644835276,2086.5305922419425,9.124618672720668,4.721080969472548,76,工况5,2,电压上限扩展4%
30,节能,1.13517644835276,2086.5305922419425,9.302128607259084,3.9532098050327895,57,工况5,2,电压上限扩展4%
31,节能,1.135175771363117,2086.5293444725958,9.285277231338354,4.020391289999951,51,工况5,2,电压上限扩展4%
32,节能,1.13517575827499,2086.5298613474206,9.175450260419852,4.487098166042901,25,工况5,2,电压上限扩展4%
33,节能,1.13517575827499,2086.5298613474206,9.212433407439192,4.324182294330544,13,工况5,2,电压上限扩展4%
34,节能,1.1351755414698184,2086.526709029735,9.139746997802687,4.650196455728834,6,工况5,2,电压上限扩展4%
35,节能,1.1351753431307068,2086.5284104129964,9.204443169247899,4.358871945572879,6,工况5,2,电压上限扩展4%
36,节能,1.1351753431307068,2086.5284104129964,9.302859238706,3.95032252053184,6,工况5,2,电压上限扩展4%
37,节能,1.1351753431307068,2086.5284104129964,9.256719746156369,4.136858646989952,9,工况5,2,电压上限扩展4%
38,节能,1.1351753431307068,2086.5284104129964,9.162000652002328,4.547855544910236,6,工况5,2,电压上限扩展4%
39,节能,1.1351753431056477,2086.5287748332944,9.278646869491658,4.047136506268364,7,工况5,2,电压上限扩展4%
40,节能,1.1351753285248039,2086.528446063134,9.251608060752668,4.158059105828152,8,工况5,2,电压上限扩展4%
41,节能,1.1351753270531362,2086.5280163393886,9.249285034438989,4.167729614619149,6,工况5,2,电压上限扩展4%
42,节能,1.1351752861079838,2086.528080865345,9.21380406797653,4.318259368391162,8,工况5,2,电压上限扩展4%
43,节能,1.1347667101749477,2085.779014231874,9.27398556613734,4.066045473218524,5,工况5,2,电压上限扩展4%
44,节能,1.1345286239169063,2085.341395366122,9.250390631896991,4.1631243296163865,13,工况5,2,电压上限扩展4%
45,节能,1.134464137320665,2085.222864580954,9.245699318812145,4.182700732872339,25,工况5,2,电压上限扩展4%
46,节能,1.1344615476650337,2085.218104616354,9.273340343506284,4.068669824331064,37,工况5,2,电压上限扩展4%
47,节能,1.1344604945534529,2085.216168925066,9.125635722198744,4.716281837427644,60,工况5,2,电压上限扩展4%
48,节能,1.1344604945534529,2085.216168925066,9.273609508903856,4.067574826574572,81,工况5,2,电压上限扩展4%
49,节能,1.1344604945534529,2085.216168925066,9.183750378660001,4.450008856466423,93,工况5,2,电压上限扩展4%
50,节能,1.133351466137803,2083.177698660819,9.288447613834984,4.007665295618872,96,工况5,2,电压上限扩展4%
51,节能,1.1332129901282695,2082.923170261219,9.154219479342736,4.583381230636729,94,工况5,2,电压上限扩展4%
52,节能,1.1329375819415495,2082.3756117581024,9.2092247653209,4.338079331153197,91,工况5,2,电压上限扩展4%
53,节能,1.1322949988549678,2081.235839362337,9.212854643962867,4.322361174401188,82,工况5,2,电压上限扩展4%
54,节能,1.1322855358768782,2081.213559946669,9.102665422584835,4.825870062981383,64,工况5,2,电压上限扩展4%
55,节能,1.1322855358768782,2081.213559946669,9.17707686066162,4.479805383909726,51,工况5,2,电压上限扩展4%
56,节能,1.1322854790873937,2081.2153396315134,9.13795703198503,4.658527602439498,65,工况5,2,电压上限扩展4%
57,节能,1.1322854790873937,2081.2153396315134,9.226419253940662,4.2641258932567645,74,工况5,2,电压上限扩展4%
58,节能,1.1322854538716358,2081.214363088249,9.214367837581,4.31582555113561,60,工况5,2,电压上限扩展4%
59,节能,1.1322854538716356,2081.214363088249,9.260819169455871,4.1199346253311475,27,工况5,2,电压上限扩展4%
60,节能,1.1321548975796962,2080.9783236128815,9.17147141859917,4.50498718506762,8,工况5,2,电压上限扩展4%
61,节能,1.1321548975796962,2080.9783236128815,9.22114608543513,4.286670736759359,6,工况5,2,电压上限扩展4%
62,节能,1.1318808018395745,2080.4745168502136,9.193743832126707,4.405759370882907,10,工况5,2,电压上限扩展4%
63,节能,1.131838501759936,2080.3518911479728,9.153464629785356,4.586842300058996,26,工况5,2,电压上限扩展4%
64,节能,1.1318320116603242,2080.38483715564,9.125391612224583,4.717433269397414,33,工况5,2,电压上限扩展4%
65,节能,1.1318261454570688,2080.369661337821,9.273757582018995,4.066972572688848,60,工况5,2,电压上限扩展4%
66,节能,1.131826125185841,2080.3703593277864,9.193671029577938,4.406080133070377,68,工况5,2,电压上限扩展4%
67,节能,1.131826125185841,2080.3703593277864,9.23684097410459,4.219917132255158,56,工况5,2,电压上限扩展4%
68,节能,1.131826125185841,2080.3703593277864,9.273416705321724,4.068359145179016,38,工况5,2,电压上限扩展4%
69,节能,1.1318261244501504,2080.3703417576808,9.18786514381942,4.431735735647464,10,工况5,2,电压上限扩展4%
70,节能,1.1318261244501504,2080.3703417576808,9.293774821190203,3.9863723977759484,3,工况5,2,电压上限扩展4%
71,节能,1.131826124240798,2080.370273748247,9.170180823366191,4.510805053502393,6,工况5,2,电压上限扩展4%
72,节能,1.1317703797096756,2080.2715534047893,9.071704851641728,4.9776187469231905,1,工况5,2,电压上限扩展4%
73,节能,1.131620535746023,2079.9961299261186,9.280386022555309,4.040104033460354,16,工况5,2,电压上限扩展4%
74,节能,1.13140971061394,2079.608618878933,9.09089804028882,4.88299335758637,17,工况5,2,电压上限扩展4%
75,节能,1.1313806134415274,2079.5551362811025,9.16328403959591,4.542022627274172,55,工况5,2,电压上限扩展4%
76,节能,1.1298365606175889,2076.7170613286394,9.241483248015797,4.200372521862103,83,工况5,2,电压上限扩展4%
77,节能,1.1295717160891052,2076.2302589272367,9.198404435775826,4.385273647681221,95,工况5,2,电压上限扩展4%
78,节能,1.1294714618544757,2076.04598477044,9.209477642276884,4.336982469548478,91,工况5,2,电压上限扩展4%
79,节能,1.1294714618544757,2076.04598477044,9.205824883409871,4.352853389395128,92,工况5,2,电压上限扩展4%
80,节能,1.1294677618209967,2076.0341094740315,9.208849026221145,4.33970962343885,87,工况5,2,电压上限扩展4%
81,节能,1.1294666085684975,2076.03393186795,9.13877811098145,4.654704153162642,72,工况5,2,电压上限扩展4%
82,节能,1.1294649114205422,2076.0328826873815,9.238523252007711,4.212824026870613,55,工况5,2,电压上限扩展4%
83,节能,1.1294642278609957,2076.0286266953403,9.187672008013218,4.43259174516203,48,工况5,2,电压上限扩展4%
84,节能,1.1294642278609957,2076.0286266953403,9.116395197525021,4.760064733036729,35,工况5,2,电压上限扩展4%
85,节能,1.1294642278609957,2076.0286266953403,9.176315088801717,4.483219273726538,13,工况5,2,电压上限扩展4%
86,节能,1.1294642278609957,2076.0286266953403,9.179596542456853,4.468531908587387,9,工况5,2,电压上限扩展4%
87,节能,1.1294642278609957,2076.0286266953403,9.216775574217012,4.305446679650089,10,工况5,2,电压上限扩展4%
88,节能,1.1294642278609957,2076.0286266953403,9.1622207247115,4.546854796142337,9,工况5,2,电压上限扩展4%
89,节能,1.1294642278609957,2076.0286266953403,9.22537927114459,4.268562817588624,10,工况5,2,电压上限扩展4%
90,节能,1.1294642058727125,2076.0296097820797,9.174432460407292,4.491667459531692,6,工况5,2,电压上限扩展4%
91,节能,1.1294640149137816,2076.029554169586,9.227575870645362,4.259196785111589,6,工况5,2,电压上限扩展4%
92,节能,1.1294640149137816,2076.029554169586,9.258468613602425,4.129630152255246,5,工况5,2,电压上限扩展4%
93,节能,1.1294639953846983,2076.02987532765,9.155388028286596,4.578028453440531,2,工况5,2,电压上限扩展4%
94,节能,1.1294639645260687,2076.0304247510912,9.126476588947684,4.712317739724468,2,工况5,2,电压上限扩展4%
95,节能,1.1294639645260687,2076.0304247510912,9.253978589547929,4.1482139806720415,2,工况5,2,电压上限扩展4%
96,节能,1.1288514650384005,2074.9063881147886,9.129763457362861,4.696854398289287,4,工况5,2,电压上限扩展4%
97,节能,1.1287514845305027,2074.6897782823457,9.15951658131588,4.55916678269622,8,工况5,2,电压上限扩展4%
98,节能,1.1287514845305027,2074.6897782823457,9.194079415378571,4.4042811198783065,12,工况5,2,电压上限扩展4%
99,节能,1.1287514845305027,2074.6897782823457,9.141823405063475,4.640550771693841,24,工况5,2,电压上限扩展4%
100,节能,1.1287434595134227,2074.703389825766,9.226740331084015,4.262756999668043,33,工况5,2,电压上限扩展4%
101,节能,1.1287433947324201,2074.704506756815,9.218969977609481,4.296009151509182,39,工况5,2,电压上限扩展4%
102,节能,1.1287433947324201,2074.704506756815,9.241915907449712,4.198555584150523,42,工况5,2,电压上限扩展4%
103,节能,1.1287433657595114,2074.704447460104,9.193287533272684,4.407770172563301,22,工况5,2,电压上限扩展4%
104,节能,1.1287433657595114,2074.704447460104,9.202839578707891,4.365867398812154,9,工况5,2,电压上限扩展4%
105,节能,1.1287433639649034,2074.7040515986732,9.241029808194808,4.202277569906182,5,工况5,2,电压上限扩展4%
106,节能,1.1287433604277777,2074.7040336236796,9.109561371963679,4.792705589010528,3,工况5,2,电压上限扩展4%
107,节能,1.1287433604277777,2074.7040336236796,9.29851209892858,3.96753250469554,6,工况5,2,电压上限扩展4%
108,节能,1.128743359457291,2074.704069681187,9.273432097254696,4.0682965257496635,4,工况5,2,电压上限扩展4%
109,节能,1.128599849816267,2074.443902085474,9.156916748150493,4.571035277071997,3,工况5,2,电压上限扩展4%
110,节能,1.1283971529657,2074.071331376999,9.177125663755845,4.479586760880247,7,工况5,2,电压上限扩展4%
111,节能,1.1282457838271636,2073.793104522324,9.192830313414284,4.409785953409863,17,工况5,2,电压上限扩展4%
112,节能,1.1281149553588987,2073.5526328279007,9.217347208701517,4.302986241159547,29,工况5,2,电压上限扩展4%
113,节能,1.1279090967965149,2073.1742506763358,9.199146152997397,4.382022220664205,63,工况5,2,电压上限扩展4%
114,节能,1.127544389865708,2072.50389433278,9.216836505369184,4.305184351815334,90,工况5,2,电压上限扩展4%
115,节能,1.1275363040725317,2072.4890320905506,9.0863076338621,4.905459807293471,90,工况5,2,电压上限扩展4%
116,节能,1.127356446775339,2072.158442047084,9.261274439956479,4.118059367538971,94,工况5,2,电压上限扩展4%
117,节能,1.1273458907042258,2072.1390392646413,9.258018561922361,4.131489117527155,94,工况5,2,电压上限扩展4%
118,节能,1.127333600139578,2072.1164483641633,9.22540241455066,4.268464029649151,90,工况5,2,电压上限扩展4%
119,节能,1.1273304057647078,2072.1104706323135,9.15591398245566,4.575621253383298,90,工况5,2,电压上限扩展4%
120,节能,1.127325948667311,2072.0930481445457,9.161596856037532,4.549692321444269,88,工况5,2,电压上限扩展4%
121,节能,1.1273243722831003,2072.097405915124,9.209813054248814,4.335528037636714,76,工况5,2,电压上限扩展4%
122,节能,1.127322723764221,2072.095265515055,9.175218736872155,4.488137155199754,60,工况5,2,电压上限扩展4%
123,节能,1.127322723764221,2072.095265515055,9.153556143567817,4.586422559976859,30,工况5,2,电压上限扩展4%
124,节能,1.127322723764221,2072.095265515055,9.176775694285283,4.481154753846121,13,工况5,2,电压上限扩展4%
125,节能,1.127322723764221,2072.095265515055,9.156062779248447,4.57494046626651,9,工况5,2,电压上限扩展4%
126,节能,1.1273226988943155,2072.0946186130636,9.273579527598708,4.067696779604809,5,工况5,2,电压上限扩展4%
127,节能,1.1273226988943155,2072.0946186130636,9.182807170536933,4.45420812104648,10,工况5,2,电压上限扩展4%
128,节能,1.1273226981474511,2072.094655412792,9.116372499473526,4.760172778457365,1,工况5,2,电压上限扩展4%
129,节能,1.1273226940190586,2072.0946448826685,9.228501804077824,4.255254877666397,7,工况5,2,电压上限扩展4%
130,节能,1.1273226937138439,2072.094744624865,9.133003484311025,4.681661090122495,3,工况5,2,电压上限扩展4%
131,节能,1.1273226936107514,2072.0947145846344,9.280801998418681,4.038423797190015,6,工况5,2,电压上限扩展4%
132,节能,1.1273226933383687,2072.0946997066235,9.184938409658837,4.444725247167109,5,工况5,2,电压上限扩展4%
133,节能,1.1273226933383687,2072.0946997066235,9.185290848173468,4.443159030816752,1,工况5,2,电压上限扩展4%
134,节能,1.1273226933383687,2072.0946997066235,9.215766108173499,4.309795076285465,4,工况5,2,电压上限扩展4%
135,节能,1.1273226930883165,2072.0946526268713,9.260391650592057,4.121696351659945,5,工况5,2,电压上限扩展4%
136,节能,1.1273226930883165,2072.0946526268713,9.217722033997017,4.301373675304287,7,工况5,2,电压上限扩展4%
137,节能,1.1273226930608424,2072.0946585359375,9.144635164700924,4.627520985236728,5,工况5,2,电压上限扩展4%
138,节能,1.1273226930608424,2072.0946585359375,9.195675668894644,4.397256378780367,8,工况5,2,电压上限扩展4%
139,节能,1.1273226930608424,2072.0946585359375,9.152087131531761,4.593165021085646,3,工况5,2,电压上限扩展4%
140,节能,1.1273226930529259,2072.0946568636627,9.197681530853028,4.388444929718536,7,工况5,2,电压上限扩展4%
141,节能,1.1273226930285967,2072.0946529253024,9.201049685375136,4.37368883343969,9,工况5,2,电压上限扩展4%
142,节能,1.1273226930285967,2072.0946529253024,9.231003404798109,4.244623232609306,6,工况5,2,电压上限扩展4%
143,节能,1.1264977269433747,2070.5800561210995,9.213679376996781,4.318797849953818,9,工况5,2,电压上限扩展4%
144,节能,1.1256481320748648,2069.0184425035623,9.221451706026944,4.28536084208747,14,工况5,2,电压上限扩展4%
145,节能,1.1254978379502298,2068.7421915981427,9.255737378930311,4.14092455812553,28,工况5,2,电压上限扩展4%
146,节能,1.1253779595431228,2068.2346045176514,9.235384446185432,4.226068037770212,49,工况5,2,电压上限扩展4%
147,节能,1.1252594960224123,2068.3041027938134,9.29037207115148,3.9999601313265765,73,工况5,2,电压上限扩展4%
148,节能,1.1252558488975832,2068.2888672516374,9.235186505269963,4.2269046323418555,77,工况5,2,电压上限扩展4%
149,节能,1.1252551990293027,2068.2934991432767,9.206256819026637,4.350973642975631,73,工况5,2,电压上限扩展4%
150,节能,1.1252551990293027,2068.2934991432767,9.20976863955591,4.335720603059414,71,工况5,2,电压上限扩展4%
151,节能,1.1252551990293025,2068.293499143276,9.100760645514844,4.835071029733454,69,工况5,2,电压上限扩展4%
152,节能,1.125255185898544,2068.2929667509056,9.220355113011047,4.290062716407595,45,工况5,2,电压上限扩展4%
153,节能,1.1252551670517899,2068.2918265089866,9.188237669333711,4.430085108482798,40,工况5,2,电压上限扩展4%
154,节能,1.1252551548799914,2068.2923595869615,9.220298628597337,4.290305044928738,40,工况5,2,电压上限扩展4%
155,节能,1.1252551548799914,2068.2923595869615,9.163813774655752,4.539617195822845,29,工况5,2,电压上限扩展4%
156,节能,1.1252551513392282,2068.2923786453475,9.24898097575389,4.1689970416819575,10,工况5,2,电压上限扩展4%
157,节能,1.1252551513041642,2068.2923335619816,9.196303127370912,4.394498148421179,8,工况5,2,电压上限扩展4%
158,节能,1.1252551513041642,2068.2923335619816,9.17844772417257,4.473668389624622,6,工况5,2,电压上限扩展4%
159,节能,1.1252551512987254,2068.2923631392305,9.188981837912026,4.426789604703069,7,工况5,2,电压上限扩展4%
160,节能,1.1250998592311516,2068.0106794265917,9.196199784154976,4.3949523134592985,6,工况5,2,电压上限扩展4%
161,节能,1.1250030127047128,2067.832668871086,9.183779196287672,4.449880619615815,6,工况5,2,电压上限扩展4%
162,节能,1.1237571195310825,2065.542631798063,9.203960554404647,4.360976109583197,25,工况5,2,电压上限扩展4%
163,节能,1.1236340238088667,2065.316373421044,9.176294514494366,4.483311513806684,42,工况5,2,电压上限扩展4%
164,节能,1.1231970924928385,2064.513263705663,9.30040206674413,3.96004107746263,73,工况5,2,电压上限扩展4%
165,节能,1.1231970924928385,2064.513263705663,9.132882781143808,4.682226215549441,88,工况5,2,电压上限扩展4%
166,节能,1.1231173656838904,2064.3458586920374,9.239289989002033,4.209595136851542,91,工况5,2,电压上限扩展4%
167,节能,1.123078666092708,2064.295587862771,9.232842389637302,4.236824607810663,83,工况5,2,电压上限扩展4%
168,节能,1.1230762698107168,2064.2911833321796,9.276975072182559,4.0539081570256785,82,工况5,2,电压上限扩展4%
169,节能,1.1230749642674787,2064.2887538793816,9.14143519389476,4.642352635061516,80,工况5,2,电压上限扩展4%
170,节能,1.123073566425651,2064.2810484015095,9.192978654365609,4.409131850082748,75,工况5,2,电压上限扩展4%
171,节能,1.123073391453397,2064.285892714082,9.204381933218453,4.3591388737564145,73,工况5,2,电压上限扩展4%
172,节能,1.123073391453397,2064.285892714082,9.19724541948512,4.390359197826531,80,工况5,2,电压上限扩展4%
173,节能,1.1230717475887293,2064.279735775309,9.2571440373545,4.135103786590359,75,工况5,2,电压上限扩展4%
174,节能,1.1230717475887293,2064.279735775309,9.130777028187172,4.6920962154901265,56,工况5,2,电压上限扩展4%
175,节能,1.1230717439573346,2064.279773681349,9.122795513351694,4.729696103468533,29,工况5,2,电压上限扩展4%
176,节能,1.1230716426244123,2064.2808097529664,9.073412746219157,4.969124754343427,27,工况5,2,电压上限扩展4%
177,节能,1.1230716426244123,2064.2808097529664,9.132286053771987,4.6850210618910415,14,工况5,2,电压上限扩展4%
178,节能,1.1230716426244123,2064.2808097529664,9.289908837185113,4.001813477956938,11,工况5,2,电压上限扩展4%
179,节能,1.123071641448952,2064.2811036458234,9.228842487294608,4.253805430661591,7,工况5,2,电压上限扩展4%
180,节能,1.123071641448952,2064.2811036458234,9.250980844242951,4.1606679272101,9,工况5,2,电压上限扩展4%
181,节能,1.123071641448952,2064.2811036458234,9.11075893814711,4.786969442263216,5,工况5,2,电压上限扩展4%
182,节能,1.1230716384195754,2064.2809683692008,9.27018198622369,4.081540451621984,4,工况5,2,电压上限扩展4%
183,节能,1.123071638259978,2064.281002103891,9.170480246689515,4.509454615448825,2,工况5,2,电压上限扩展4%
184,节能,1.1230716377819485,2064.2809036337358,9.148623547392587,4.609101417194055,4,工况5,2,电压上限扩展4%
185,节能,1.1230716377041996,2064.2808708922994,9.177964903758165,4.475828889575181,6,工况5,2,电压上限扩展4%
186,节能,1.1230716375573884,2064.2808874176353,9.268605057849765,4.087981826027688,6,工况5,2,电压上限扩展4%
187,节能,1.1230716370456877,2064.280898721574,9.160821553572509,4.553221076865809,6,工况5,2,电压上限扩展4%
188,节能,1.1230716370456877,2064.280898721574,9.347490071121683,3.7778928002130603,7,工况5,2,电压上限扩展4%
189,节能,1.1230716366543496,2064.2809016781844,9.1462891767617,4.619873336111107,4,工况5,2,电压上限扩展4%
190,节能,1.1230716365955768,2064.280895609071,9.170930486298396,4.507424737366547,3,工况5,2,电压上限扩展4%
191,节能,1.1230716365955768,2064.280895609071,9.283497937861135,4.027551113823096,6,工况5,2,电压上限扩展4%
192,节能,1.1230716365840665,2064.280905393019,9.188392849904027,4.429397698686819,6,工况5,2,电压上限扩展4%
193,节能,1.1230716364767004,2064.2809092315683,9.232688768682522,4.237475522847965,9,工况5,2,电压上限扩展4%
194,节能,1.1230716364767004,2064.2809092315683,9.270586246612416,4.079890779963332,6,工况5,2,电压上限扩展4%
195,节能,1.1230716364767004,2064.2809092315683,9.278987283124765,4.045759040293983,8,工况5,2,电压上限扩展4%
196,节能,1.1230716364767004,2064.2809092315683,9.194168678556066,4.403887997296912,10,工况5,2,电压上限扩展4%
197,节能,1.1230716364767004,2064.2809092315683,9.194630206964845,4.401855946837654,2,工况5,2,电压上限扩展4%
198,节能,1.1230716364767004,2064.2809092315683,9.253989601666417,4.148168300299691,8,工况5,2,电压上限扩展4%
199,节能,1.1230716364721474,2064.280909103675,9.230432516366937,4.247047130729351,5,工况5,2,电压上限扩展4%
200,节能,1.122932410634868,2064.026760303816,9.216844588583319,4.305149552228972,9,工况5,2,电压上限扩展4%
201,节能,1.122932410634868,2064.026760303816,9.191621230911979,4.415120973034549,6,工况5,2,电压上限扩展4%
202,节能,1.1227806241702707,2063.7477663752293,9.212739980997428,4.322856817566557,13,工况5,2,电压上限扩展4%
203,节能,1.1227174514257765,2063.631650301576,9.193424539062924,4.407166323893939,23,工况5,2,电压上限扩展4%
204,节能,1.1227173771639767,2063.6315092336044,9.289606596922537,4.003023169912893,49,工况5,2,电压上限扩展4%
205,节能,1.122717375209888,2063.6315054391803,9.192865948164297,4.40962881458962,70,工况5,2,电压上限扩展4%
206,节能,1.122717375209888,2063.6315054391803,9.307391103128076,3.9324606986929638,76,工况5,2,电压上限扩展4%
207,节能,1.122717375209888,2063.6315054391803,9.202785708088626,4.366102597127639,80,工况5,2,电压上限扩展4%
208,节能,1.122717375209888,2063.6315054391803,9.286513653664581,4.015423460249509,75,工况5,2,电压上限扩展4%
209,节能,1.122717375209888,2063.6315054391803,9.142858238620864,4.635751057911295,49,工况5,2,电压上限扩展4%
210,节能,1.122717375209888,2063.6315054391803,9.104376916259445,4.817617680858413,17,工况5,2,电压上限扩展4%
211,节能,1.122717375209888,2063.6315054391803,9.204709056957114,4.357713129160856,4,工况5,2,电压上限扩展4%
212,节能,1.122717375209888,2063.6315054391803,9.194775493050551,4.401216464872337,7,工况5,2,电压上限扩展4%
213,节能,1.122717375209888,2063.6315054391803,9.128242429946756,4.704003878497868,8,工况5,2,电压上限扩展4%
214,节能,1.122717375209888,2063.6315054391803,9.19928695007084,4.3814052881919325,5,工况5,2,电压上限扩展4%
215,节能,1.122717375209888,2063.6315054391803,9.138471751787032,4.656130383035424,2,工况5,2,电压上限扩展4%
216,节能,1.122717375209888,2063.6315054391803,9.263990540700657,4.106889479563625,7,工况5,2,电压上限扩展4%
217,节能,1.122717375209888,2063.6315054391803,9.213857629111263,4.318028083713311,3,工况5,2,电压上限扩展4%
218,节能,1.122717375209888,2063.6315054391803,9.269801309280346,4.083094495740856,4,工况5,2,电压上限扩展4%
219,节能,1.122717375209888,2063.6315054391803,9.088689948734633,4.893787366672894,1,工况5,2,电压上限扩展4%
220,节能,1.122717375209888,2063.6315054391803,9.15131914475927,4.596693865945352,4,工况5,2,电压上限扩展4%
221,节能,1.122717375209888,2063.6315054391803,9.246021293450463,4.1813542260988275,4,工况5,2,电压上限扩展4%
222,节能,1.122717375209888,2063.6315054391803,9.163531311211706,4.540899652845715,7,工况5,2,电压上限扩展4%
223,节能,1.122717375209888,2063.6315054391803,9.12853987787328,4.702604890371222,2,工况5,2,电压上限扩展4%
224,节能,1.122717375209888,2063.6315054391803,9.236078732207007,4.223134956121975,3,工况5,2,电压上限扩展4%
225,节能,1.122717375209888,2063.6315054391803,9.270344469303836,4.080877324232612,11,工况5,2,电压上限扩展4%
226,节能,1.122717375209888,2063.6315054391803,9.25836608234587,4.130053590131303,6,工况5,2,电压上限扩展4%
227,节能,1.122717375209888,2063.6315054391803,9.205088115639068,4.35606161319629,6,工况5,2,电压上限扩展4%
228,节能,1.122717375209888,2063.6315054391803,9.248935521194863,4.1691865459109545,8,工况5,2,电压上限扩展4%
229,节能,1.122717375209888,2063.6315054391803,9.247174290233223,4.176535916410127,6,工况5,2,电压上限扩展4%
230,节能,1.122717375209888,2063.6315054391803,9.19726425367822,4.3902765097323,3,工况5,2,电压上限扩展4%
231,节能,1.122717375209888,2063.6315054391803,9.209905420531578,4.33512759952183,3,工况5,2,电压上限扩展4%
232,节能,1.122717375209888,2063.6315054391803,9.232773778824551,4.23711530976302,3,工况5,2,电压上限扩展4%
233,节能,1.122717375209888,2063.6315054391803,9.21350169843443,4.319565275922439,4,工况5,2,电压上限扩展4%
234,节能,1.122717375209888,2063.6315054391803,9.220877921820172,4.2878204200249845,5,工况5,2,电压上限扩展4%
235,节能,1.122717375209888,2063.6315054391803,9.219905039771232,4.291993993408826,6,工况5,2,电压上限扩展4%
236,节能,1.122717375209888,2063.6315054391803,9.201458477892022,4.371901267570061,4,工况5,2,电压上限扩展4%
237,节能,1.122717375209888,2063.6315054391803,9.198086457771433,4.386668289965462,2,工况5,2,电压上限扩展4%
238,节能,1.122717375209888,2063.6315054391803,9.1085751661789,4.797434514450684,4,工况5,2,电压上限扩展4%
239,节能,1.122717375209888,2063.6315054391803,9.163633296895632,4.540436569703306,3,工况5,2,电压上限扩展4%
240,节能,1.122717375209888,2063.6315054391803,9.26076587288195,4.120154209582946,4,工况5,2,电压上限扩展4%
241,节能,1.122717375209888,2063.6315054391803,9.205863647124641,4.35268465989822,5,工况5,2,电压上限扩展4%
242,节能,1.122717375209888,2063.6315054391803,9.180055726278596,4.466480502050413,4,工况5,2,电压上限扩展4%
243,节能,1.122717375209888,2063.6315054391803,9.270344469301294,4.080877324242985,3,工况5,2,电压上限扩展4%
244,节能,1.122717375209888,2063.6315054391803,9.228548015861913,4.25505823929029,5,工况5,2,电压上限扩展4%
245,节能,1.1223757167284434,2063.0035187362237,9.156959438357436,4.570840142795267,5,工况5,2,电压上限扩展4%
246,节能,1.1221958011290374,2062.672821529292,9.257629872685389,4.133095295011535,11,工况5,2,电压上限扩展4%
247,节能,1.1221774405632674,2062.6390735505847,9.219142138308813,4.295269611231033,22,工况5,2,电压上限扩展4%
248,节能,1.1221687233178195,2062.623050655787,9.22702405513689,4.261547724534005,43,工况5,2,电压上限扩展4%
249,节能,1.1221664301461696,2062.618835649072,9.22125415756655,4.28620749214851,83,工况5,2,电压上限扩展4%
250,节能,1.1221664301461696,2062.618835649072,9.169908596806158,4.5120331816020505,96,工况5,2,电压上限扩展4%
251,节能,1.1221664301461696,2062.618835649072,9.148690543768652,4.608792634445967,98,工况5,2,电压上限扩展4%
252,节能,1.1221664301461696,2062.618835649072,9.267770586732437,4.091394552502471,93,工况5,2,电压上限扩展4%
253,节能,1.1221664301461696,2062.618835649072,9.232280864436019,4.239204359684158,94,工况5,2,电压上限扩展4%
254,节能,1.1221664301461696,2062.618835649072,9.245635426681082,4.182967983073263,97,工况5,2,电压上限扩展4%
255,节能,1.1221664301461696,2062.618835649072,9.295957905963418,3.9776793012298564,97,工况5,2,电压上限扩展4%
256,节能,1.1221664301461696,2062.618835649072,9.199825847533635,4.379044796087381,97,工况5,2,电压上限扩展4%
257,节能,1.1221664301461696,2062.618835649072,9.203336906670152,4.363696670701835,96,工况5,2,电压上限扩展4%
258,节能,1.1221213202790281,2062.5359206204807,9.20923913371766,4.338017000355994,97,工况5,2,电压上限扩展4%
259,节能,1.1220368478915306,2062.3806545807347,9.15232351640679,4.592079394664038,94,工况5,2,电压上限扩展4%
260,节能,1.1219698435278684,2062.2574959664266,9.164610145040916,4.536003418271812,98,工况5,2,电压上限扩展4%
261,节能,1.1219551433543606,2062.2304760396582,9.213822953176946,4.318177817967596,97,工况5,2,电压上限扩展4%
262,节能,1.1219500204142252,2062.2210597244543,9.276320095624188,4.056564241579926,96,工况5,2,电压上限扩展4%
263,节能,1.1219500204142252,2062.2210597244543,9.18180005359573,4.458696289180554,93,工况5,2,电压上限扩展4%
264,节能,1.1219500204142252,2062.2210597244543,9.254263805561017,4.1470310123278145,97,工况5,2,电压上限扩展4%
265,节能,1.1219500204142252,2062.2210597244543,9.301342969365727,3.956316816789286,96,工况5,2,电压上限扩展4%
266,节能,1.1219500204142252,2062.2210597244543,9.201688916113282,4.370893930487377,94,工况5,2,电压上限扩展4%
267,节能,1.1219500204142252,2062.2210597244543,9.17065738050663,4.50865590928071,93,工况5,2,电压上限扩展4%
268,节能,1.1219500204142252,2062.2210597244543,9.29419663563068,3.98469124292607,98,工况5,2,电压上限扩展4%
269,节能,1.1219500204142252,2062.2210597244543,9.29419663563068,3.98469124292607,99,工况5,2,电压上限扩展4%
270,节能,1.1219500204142252,2062.2210597244543,9.204637635459637,4.358024374672794,96,工况5,2,电压上限扩展4%
271,节能,1.1219500204142252,2062.2210597244543,9.18828798120821,4.429862228203608,94,工况5,2,电压上限扩展4%
272,节能,1.1219500204142252,2062.2210597244543,9.22327042183615,4.277574071683408,93,工况5,2,电压上限扩展4%
273,节能,1.1218883505493817,2062.1077062847144,9.19703732826446,4.3912728880933,100,工况5,2,电压上限扩展4%
274,节能,1.1218883505493817,2062.1077062847144,9.116999371783361,4.757189693057024,92,工况5,2,电压上限扩展4%
275,节能,1.1218883505493817,2062.1077062847144,9.224750135374915,4.271249168093261,96,工况5,2,电压上限扩展4%
276,节能,1.1218883505493817,2062.1077062847144,9.2703732714734,4.080759787804613,94,工况5,2,电压上限扩展4%
277,节能,1.1218857233896797,2062.095691931011,9.154369964121752,4.582691553419352,94,工况5,2,电压上限扩展4%
278,节能,1.1218850195001437,2062.100021468318,9.183297224426974,4.452025853787657,89,工况5,2,电压上限扩展4%
279,节能,1.121884813195027,2062.1001075076674,9.09982934778753,4.839576017811825,72,工况5,2,电压上限扩展4%
280,节能,1.121884813195027,2062.1001075076674,9.159580826495299,4.558873887616917,65,工况5,2,电压上限扩展4%
281,节能,1.121884813195027,2062.1001075076674,9.199302763400777,4.381336004132335,45,工况5,2,电压上限扩展4%
282,节能,1.121884813195027,2062.1001075076674,9.315064897332705,3.9023992946066053,35,工况5,2,电压上限扩展4%
283,节能,1.1218847586272116,2062.099551174316,9.22319377403235,4.277901950907045,27,工况5,2,电压上限扩展4%
284,节能,1.1218847586272116,2062.099551174316,9.119550562773634,4.745068661680318,24,工况5,2,电压上限扩展4%
285,节能,1.1218847586272116,2062.099551174316,9.281205883653195,4.036793066783756,24,工况5,2,电压上限扩展4%
286,节能,1.1218847586272116,2062.099551174316,9.149758306490746,4.603874163824136,16,工况5,2,电压上限扩展4%
287,节能,1.1218847566234262,2062.0993975956508,9.207611999605156,4.345081281505717,8,工况5,2,电压上限扩展4%
288,节能,1.1218847566234262,2062.0993975956508,9.195291639715892,4.398945377827973,6,工况5,2,电压上限扩展4%
289,节能,1.1218847566234262,2062.0993975956508,9.213234983856047,4.320717520607198,6,工况5,2,电压上限扩展4%
290,节能,1.1218847565657204,2062.09939566613,9.223112173727115,4.278251043254829,8,工况5,2,电压上限扩展4%
291,节能,1.1218847565657204,2062.09939566613,9.209318177197055,4.337674121949938,2,工况5,2,电压上限扩展4%
292,节能,1.1218847565657204,2062.09939566613,9.23147368950287,4.24262752053875,5,工况5,2,电压上限扩展4%
293,节能,1.1218847565657204,2062.09939566613,9.123005998277824,4.728700678498226,3,工况5,2,电压上限扩展4%
294,节能,1.1218847565633,2062.0993904341935,9.338686546714584,3.8112983994413097,4,工况5,2,电压上限扩展4%
295,节能,1.1218847565625174,2062.0993877305787,9.213552976808485,4.319343781317454,4,工况5,2,电压上限扩展4%
296,节能,1.1218847565601322,2062.0993874350456,9.13704987186818,4.662755550306567,4,工况5,2,电压上限扩展4%
297,节能,1.1218847565601322,2062.0993874350456,9.225633815362139,4.267476417880409,6,工况5,2,电压上限扩展4%
298,节能,1.1218847565601322,2062.0993874350456,9.14578148690618,4.622219394422246,2,工况5,2,电压上限扩展4%
299,节能,1.1218847565601322,2062.0993874350456,9.275161696711713,4.06126608396453,9,工况5,2,电压上限扩展4%
300,节能,1.121884756560073,2062.0993882473117,9.145499569137035,4.623522663901202,4,工况5,2,电压上限扩展4%
0,节能,189.92315317599895,2109.9519660605006,8.67326357340051,7.414168944181559,0,工况5,3,电压上限扩展4%
1,节能,123.52384785807628,2117.3334487223015,8.750031858662677,6.866294635686131,0,工况5,3,电压上限扩展4%
2,节能,1.1694728998053379,2149.5713702694065,9.168209812111039,4.5197046687724125,2,工况5,3,电压上限扩展4%
3,节能,1.1694728998053379,2149.5713702694065,9.168209812111039,4.5197046687724125,2,工况5,3,电压上限扩展4%
4,节能,1.1694728998053379,2149.5713702694065,9.168209812111039,4.5197046687724125,9,工况5,3,电压上限扩展4%
5,节能,1.1403448317179081,2094.9022157476584,9.168209812111039,4.5197046687724125,19,工况5,3,电压上限扩展4%
6,节能,1.1403448317179081,2094.9022157476584,9.25411793324557,4.147635993467738,39,工况5,3,电压上限扩展4%
7,节能,1.1395612831922766,2094.5917681592473,9.360881082853119,3.7276402108477424,74,工况5,3,电压上限扩展4%
8,节能,1.1387752392577661,2093.1469655155274,9.374846359259482,3.6759444975993523,82,工况5,3,电压上限扩展4%
9,节能,1.1380476902476795,2091.8096805533787,9.30648936135982,3.9360083620547237,79,工况5,3,电压上限扩展4%
10,节能,1.1357389105906353,2087.565985251103,9.318198936175717,3.8901881687028244,79,工况5,3,电压上限扩展4%
11,节能,1.1345701480526584,2085.417719574578,9.208898587525592,4.3394945470987665,86,工况5,3,电压上限扩展4%
12,节能,1.1322796592551578,2081.2076441261856,9.21256259065253,4.323623718646784,86,工况5,3,电压上限扩展4%
13,节能,1.1292826764113308,2075.6989841825894,9.179381738722217,4.469491869027544,83,工况5,3,电压上限扩展4%
14,节能,1.1292826764113308,2075.6989841825894,9.173123247344476,4.497551860370253,85,工况5,3,电压上限扩展4%
15,节能,1.1292826764113308,2075.6989841825894,9.190251572600124,4.421172323368244,85,工况5,3,电压上限扩展4%
16,节能,1.128907997097208,2075.0102979147805,9.268792706247885,4.087214794754838,91,工况5,3,电压上限扩展4%
17,节能,1.1279812892318453,2073.306945322071,9.200745540598836,4.375019270364003,93,工况5,3,电压上限扩展4%
18,节能,1.1279812892318453,2073.306945322071,9.296745368875012,3.974548259257432,95,工况5,3,电压上限扩展4%
19,节能,1.127954126807028,2073.257018922969,9.247153736064416,4.176621762516629,96,工况5,3,电压上限扩展4%
20,节能,1.127908355212,2073.1728875931535,9.220369723065712,4.290000038814656,98,工况5,3,电压上限扩展4%
21,节能,1.127829554433522,2073.0280463596378,9.188218004447384,4.430172226459457,96,工况5,3,电压上限扩展4%
22,节能,1.127780579083686,2072.938026308832,9.243279905740273,4.192832665423884,96,工况5,3,电压上限扩展4%
23,节能,1.127777218781354,2072.9318498427597,9.174375924968574,4.491921405100488,94,工况5,3,电压上限扩展4%
24,节能,1.127754345832606,2072.84515428949,9.201255638435997,4.372788151589463,88,工况5,3,电压上限扩展4%
25,节能,1.1277399131048158,2072.8632794515615,9.238119768093924,4.214524176565535,81,工况5,3,电压上限扩展4%
26,节能,1.1277370093842976,2072.8579422141665,9.172666373583509,4.499607143270509,72,工况5,3,电压上限扩展4%
27,节能,1.1277365177877143,2072.857038625942,9.181144866596085,4.461618526225912,62,工况5,3,电压上限扩展4%
28,节能,1.127733207892478,2072.849206719184,9.174540276011799,4.491183213794394,70,工况5,3,电压上限扩展4%
29,节能,1.127733207892478,2072.849206719184,9.222675917128162,4.280117865681618,69,工况5,3,电压上限扩展4%
30,节能,1.1263528259793154,2070.3137182145792,9.180646903531468,4.463840800719774,66,工况5,3,电压上限扩展4%
31,节能,1.1263105115228027,2070.2359413423806,9.14863777374607,4.609035846954466,64,工况5,3,电压上限扩展4%
32,节能,1.126299127199875,2070.215016176317,9.190746613724118,4.418984202901407,60,工况5,3,电压上限扩展4%
33,节能,1.1262582518488233,2070.139884478622,9.07584448674044,4.957055812537733,65,工况5,3,电压上限扩展4%
34,节能,1.1262523704425311,2070.1259976253273,9.277228975098868,4.052878988582123,80,工况5,3,电压上限扩展4%
35,节能,1.1262523704425311,2070.1259976253273,9.164082349382928,4.538398133085042,85,工况5,3,电压上限扩展4%
36,节能,1.1262518974934648,2070.1279400074072,9.20730953861036,4.346395697882411,80,工况5,3,电压上限扩展4%
37,节能,1.1262515796158559,2070.1229944173733,9.127675019815621,4.706673735335704,70,工况5,3,电压上限扩展4%
38,节能,1.1249028754936636,2067.6486098116534,9.234819986113743,4.228454157809161,46,工况5,3,电压上限扩展4%
39,节能,1.1248359947269946,2067.5256783770924,9.258606297055422,4.129061609656632,24,工况5,3,电压上限扩展4%
40,节能,1.1248298413608802,2067.5143680682922,9.285783159769998,4.018357774190111,20,工况5,3,电压上限扩展4%
41,节能,1.1248288441407497,2067.5125351093216,9.158292626632731,4.5647504125890865,35,工况5,3,电压上限扩展4%
42,节能,1.1248219138431255,2067.499796747139,9.284544424587947,4.023338539626858,56,工况5,3,电压上限扩展4%
43,节能,1.1248219138431255,2067.499796747139,9.107902231059848,4.800663963099647,79,工况5,3,电压上限扩展4%
44,节能,1.1248219138431255,2067.499796747139,9.210122988189747,4.334184518557819,92,工况5,3,电压上限扩展4%
45,节能,1.1248219138431255,2067.499796747139,9.289077997863053,4.005139723550449,88,工况5,3,电压上限扩展4%
46,节能,1.1248219138431255,2067.499796747139,9.16045427638163,4.554893678247738,97,工况5,3,电压上限扩展4%
47,节能,1.1248217958694957,2067.499579903519,9.230488668678184,4.2468086559125044,94,工况5,3,电压上限扩展4%
48,节能,1.1248217958694957,2067.499579903519,9.214931941837273,4.313391662120997,94,工况5,3,电压上限扩展4%
49,节能,1.124821729247786,2067.499457448249,9.222926578577008,4.279045139587333,96,工况5,3,电压上限扩展4%
50,节能,1.124821729247786,2067.499457448249,9.1380693709481,4.658004297673511,94,工况5,3,电压上限扩展4%
51,节能,1.124821657398987,2067.499325385231,9.203151027121669,4.36450786805887,97,工况5,3,电压上限扩展4%
52,节能,1.124821657398987,2067.499325385231,9.192305267946573,4.412101899473566,95,工况5,3,电压上限扩展4%
53,节能,1.1248216336242356,2067.4992816856075,9.153788302257713,4.585357905713179,97,工况5,3,电压上限扩展4%
54,节能,1.1248216103694422,2067.4992389417025,9.163545808219213,4.540833823866521,88,工况5,3,电压上限扩展4%
55,节能,1.1248216091964183,2067.4992367856044,9.242001647330794,4.198195615926062,98,工况5,3,电压上限扩展4%
56,节能,1.1248215954716918,2067.499211558616,9.240677767287849,4.203757203943758,95,工况5,3,电压上限扩展4%
57,节能,1.1248215954716918,2067.499211558616,9.1667045824812,4.526512984912083,92,工况5,3,电压上限扩展4%
58,节能,1.1248215666629484,2067.4991586061706,9.251544993055733,4.158321353309263,97,工况5,3,电压上限扩展4%
59,节能,1.1248215666629484,2067.4991586061706,9.199525625801984,4.380359677867206,97,工况5,3,电压上限扩展4%
60,节能,1.1248215666629484,2067.4991586061706,9.235724302683403,4.224632025119643,94,工况5,3,电压上限扩展4%
61,节能,1.1248215666629484,2067.4991586061706,9.219516637803471,4.293661336100116,97,工况5,3,电压上限扩展4%
62,节能,1.1248215649722582,2067.499155498566,9.24813197013928,4.172538046531437,95,工况5,3,电压上限扩展4%
63,节能,1.124821564843774,2067.4991552624033,9.228427419772194,4.255571413618261,94,工况5,3,电压上限扩展4%
64,节能,1.1248215645934498,2067.4991548022904,9.227900831977614,4.257812935710926,90,工况5,3,电压上限扩展4%
65,节能,1.1248215629264915,2067.4991517383064,9.180147038609226,4.466072675926117,96,工况5,3,电压上限扩展4%
66,节能,1.1248215617885846,2067.4991496467555,9.249510320104063,4.166790790636833,92,工况5,3,电压上限扩展4%
67,节能,1.1248215617885846,2067.4991496467555,9.187940195073459,4.431403140803924,96,工况5,3,电压上限扩展4%
68,节能,1.1248215617885846,2067.4991496467555,9.14324746106007,4.63394707067591,95,工况5,3,电压上限扩展4%
69,节能,1.1248215615622714,2067.4991492307768,9.329037267380881,3.8482526867121467,96,工况5,3,电压上限扩展4%
70,节能,1.1248215615622714,2067.4991492307768,9.160186867523915,4.55611186003229,93,工况5,3,电压上限扩展4%
71,节能,1.1248215614667785,2067.499149055254,9.237082800227665,4.218896769435533,95,工况5,3,电压上限扩展4%
72,节能,1.1248215614667785,2067.499149055254,9.151386609389254,4.596383762155173,90,工况5,3,电压上限扩展4%
73,节能,1.1248215613913273,2067.4991489165695,9.247569951489023,4.174883749835253,94,工况5,3,电压上限扩展4%
74,节能,1.1248215613913273,2067.4991489165695,9.14455941320183,4.627871540165816,91,工况5,3,电压上限扩展4%
75,节能,1.1248215613017125,2067.4991487518514,9.123898113009163,4.724484016115817,98,工况5,3,电压上限扩展4%
76,节能,1.1248215613017125,2067.4991487518514,9.276494786216642,4.05585565986232,98,工况5,3,电压上限扩展4%
77,节能,1.1248215613017125,2067.4991487518514,9.129697723924238,4.697163148827104,97,工况5,3,电压上限扩展4%
78,节能,1.1248215613017125,2067.4991487518514,9.07431591248085,4.964638834585781,93,工况5,3,电压上限扩展4%
79,节能,1.1248215613017125,2067.4991487518514,9.223127272224138,4.278186448581831,96,工况5,3,电压上限扩展4%
80,节能,1.1248215612974652,2067.4991487440448,9.274075531496834,4.065679686430121,92,工况5,3,电压上限扩展4%
81,节能,1.1248215612974652,2067.4991487440448,9.258263670884544,4.130476576613783,93,工况5,3,电压上限扩展4%
82,节能,1.1248215612960748,2067.499148741489,9.199614186788361,4.379971766070626,98,工况5,3,电压上限扩展4%
83,节能,1.1248215612944281,2067.4991487384623,9.209420134628544,4.33723188638281,96,工况5,3,电压上限扩展4%
84,节能,1.1248215612932475,2067.499148736292,9.237270739413772,4.218103947913865,96,工况5,3,电压上限扩展4%
85,节能,1.1248215612928607,2067.499148735581,9.253859879335685,4.1487064452638265,93,工况5,3,电压上限扩展4%
86,节能,1.1248215612928607,2067.499148735581,9.213944289292478,4.3176538988307875,96,工况5,3,电压上限扩展4%
87,节能,1.12482156129286,2067.49914873558,9.169167236525531,4.515379464034936,95,工况5,3,电压上限扩展4%
88,节能,1.1248215612926844,2067.499148735257,9.20634883954317,4.350573282554552,93,工况5,3,电压上限扩展4%
89,节能,1.1248215612926378,2067.4991487351713,9.14821251348216,4.610996303577718,93,工况5,3,电压上限扩展4%
90,节能,1.1248215612926378,2067.4991487351713,9.319187671164444,3.8863437044390556,96,工况5,3,电压上限扩展4%
91,节能,1.1248215612926378,2067.4991487351713,9.214806589270896,4.313932390725784,96,工况5,3,电压上限扩展4%
92,节能,1.1248215612925738,2067.499148735054,9.284631474244604,4.02298832463164,92,工况5,3,电压上限扩展4%
93,节能,1.1248215612924999,2067.499148734918,9.210714372825686,4.331622106184554,92,工况5,3,电压上限扩展4%
94,节能,1.1248215612924999,2067.499148734918,9.128262980377178,4.703907210186749,95,工况5,3,电压上限扩展4%
95,节能,1.1248215612924943,2067.499148734908,9.190807827499672,4.41871370847331,92,工况5,3,电压上限扩展4%
96,节能,1.1248215612924939,2067.499148734907,9.176200031884942,4.483735128789175,91,工况5,3,电压上限扩展4%
97,节能,1.1248215612924666,2067.4991487348566,9.199002740510664,4.382650702432777,95,工况5,3,电压上限扩展4%
98,节能,1.1248215612924666,2067.4991487348566,9.254227833341385,4.14718019292137,97,工况5,3,电压上限扩展4%
99,节能,1.1248215612924666,2067.4991487348566,9.067284273664457,4.9996714055718305,95,工况5,3,电压上限扩展4%
100,节能,1.1248215612924666,2067.4991487348566,9.211016877092817,4.330311970184691,97,工况5,3,电压上限扩展4%
101,节能,1.1248215612924666,2067.4991487348566,9.222915939647788,4.27909066428787,97,工况5,3,电压上限扩展4%
102,节能,1.1248215612924666,2067.4991487348566,9.168376224662753,4.518952595764419,96,工况5,3,电压上限扩展4%
103,节能,1.1248215612924666,2067.4991487348566,9.214499141518708,4.315258903448633,96,工况5,3,电压上限扩展4%
104,节能,1.1248215612924666,2067.4991487348566,9.138571165545526,4.655667522621733,93,工况5,3,电压上限扩展4%
105,节能,1.1248215612924666,2067.4991487348566,9.241415727205244,4.200656143994495,94,工况5,3,电压上限扩展4%
106,节能,1.1248215612924666,2067.4991487348566,9.241031651670195,4.202269823118055,95,工况5,3,电压上限扩展4%
107,节能,1.1248215612924661,2067.499148734856,9.08130405774081,4.930066157385504,94,工况5,3,电压上限扩展4%
108,节能,1.1248215612924661,2067.499148734856,9.324682034084985,3.8650492749245813,94,工况5,3,电压上限扩展4%
109,节能,1.124821561292466,2067.4991487348557,9.199863077892047,4.378881765714978,96,工况5,3,电压上限扩展4%
110,节能,1.124821561292466,2067.4991487348557,9.210837171219294,4.33109022260609,96,工况5,3,电压上限扩展4%
111,节能,1.124821561292466,2067.4991487348557,9.121218382508568,4.737161338350635,92,工况5,3,电压上限扩展4%
112,节能,1.124821561292466,2067.4991487348557,9.280754644085135,4.038615038585526,94,工况5,3,电压上限扩展4%
113,节能,1.124821561292466,2067.4991487348557,9.1320976868394,4.685903648059991,93,工况5,3,电压上限扩展4%
114,节能,1.124821561292466,2067.4991487348557,9.311076418949188,3.917995010750692,94,工况5,3,电压上限扩展4%
115,节能,1.124821561292466,2067.4991487348557,9.223924670633565,4.27477638928112,90,工况5,3,电压上限扩展4%
116,节能,1.124821561292466,2067.4991487348557,9.314660201390087,3.903978899375873,94,工况5,3,电压上限扩展4%
117,节能,1.1246592032124407,2067.20072345231,9.236252505743268,4.2224011507863635,97,工况5,3,电压上限扩展4%
118,节能,1.1243486644456953,2066.624546380932,9.177744618566607,4.4768149570035405,95,工况5,3,电压上限扩展4%
119,节能,1.1243486644456953,2066.624546380932,9.071319555344957,4.979536974512384,91,工况5,3,电压上限扩展4%
120,节能,1.124348388386066,2066.6253117921215,9.314881628768891,3.9031145472604205,76,工况5,3,电压上限扩展4%
121,节能,1.1243481072449288,2066.6273211634643,9.285053630287782,4.02129035422821,64,工况5,3,电压上限扩展4%
122,节能,1.1243481072449288,2066.6273211634643,9.201553651760438,4.371485196613946,64,工况5,3,电压上限扩展4%
123,节能,1.1243481060658407,2066.6271659592503,9.25514744536995,4.143368149200615,62,工况5,3,电压上限扩展4%
124,节能,1.1243481060033973,2066.6271854948955,9.147310299243973,4.615158287313212,47,工况5,3,电压上限扩展4%
125,节能,1.1243481060033973,2066.6271854948955,9.146898223318573,4.6170604748312485,17,工况5,3,电压上限扩展4%
126,节能,1.1243481059951934,2066.627197658535,9.2095942873524,4.336476611404307,7,工况5,3,电压上限扩展4%
127,节能,1.1243481059951934,2066.627197658535,9.233917127408406,4.232273578394772,8,工况5,3,电压上限扩展4%
128,节能,1.1243481059949245,2066.6271959430624,9.113661414838555,4.773095519143549,2,工况5,3,电压上限扩展4%
129,节能,1.1243481059949243,2066.6271959369183,9.15739972736971,4.568828095077293,3,工况5,3,电压上限扩展4%
130,节能,1.1243481059949232,2066.6271958356488,9.313180299887094,3.9097606807949905,3,工况5,3,电压上限扩展4%
131,节能,1.1243481059949232,2066.6271958356488,9.292061634490194,3.993207651310029,6,工况5,3,电压上限扩展4%
132,节能,1.1243114827934093,2066.561589482012,9.298095743079964,3.9691847539964047,4,工况5,3,电压上限扩展4%
133,节能,1.1243114827934093,2066.561589482012,9.207536223380137,4.345410547837753,6,工况5,3,电压上限扩展4%
134,节能,1.1240898158737116,2066.154150485865,9.166207228505767,4.52876482407414,11,工况5,3,电压上限扩展4%
135,节能,1.1238785493551575,2065.7658281400836,9.162511306573872,4.545533754552392,26,工况5,3,电压上限扩展4%
136,节能,1.1237916604648712,2065.6061204025336,9.279635018290412,4.043139308429674,42,工况5,3,电压上限扩展4%
137,节能,1.123780249096958,2065.5762766844696,9.207568090009584,4.345272076456349,69,工况5,3,电压上限扩展4%
138,节能,1.1237788238319588,2065.58121680656,9.132011688789369,4.686306643964538,81,工况5,3,电压上限扩展4%
139,节能,1.1237788027344497,2065.5808005976055,9.253052821708136,4.1520560419218935,78,工况5,3,电压上限扩展4%
140,节能,1.1237788027344497,2065.5808005976055,9.289730020367895,4.002529133489883,60,工况5,3,电压上限扩展4%
141,节能,1.1237788015188606,2065.5806448472995,9.154225928103806,4.583351673601584,40,工况5,3,电压上限扩展4%
142,节能,1.1237788015188606,2065.5806448472995,9.316756197932545,3.895804742595686,20,工况5,3,电压上限扩展4%
143,节能,1.1237788014699708,2065.5806666612157,9.154791438885882,4.580760471557518,4,工况5,3,电压上限扩展4%
144,节能,1.1237788014694055,2065.5806674976866,9.170350526105022,4.510039622480192,5,工况5,3,电压上限扩展4%
145,节能,1.123778801468818,2065.5806706892,9.245812211277425,4.182228564127724,6,工况5,3,电压上限扩展4%
146,节能,1.1237788014687684,2065.580670077531,9.175723913816315,4.485870424385002,3,工况5,3,电压上限扩展4%
147,节能,1.1237788014687602,2065.58067138967,9.243821405190612,4.190562863443919,4,工况5,3,电压上限扩展4%
148,节能,1.123778801468757,2065.580670934174,9.222938181177813,4.278995491822772,5,工况5,3,电压上限扩展4%
149,节能,1.1237788014687171,2065.580671135955,9.25295609818637,4.1524576628276195,6,工况5,3,电压上限扩展4%
150,节能,1.1237788014687171,2065.580671135955,9.21378664164896,4.318334620449131,9,工况5,3,电压上限扩展4%
151,节能,1.1237788014687164,2065.5806707638853,9.122802251082788,4.729664236155385,2,工况5,3,电压上限扩展4%
152,节能,1.1237788014687096,2065.580670686779,9.185443867890564,4.442479191894548,6,工况5,3,电压上限扩展4%
153,节能,1.1237788014687096,2065.580670686779,9.23920205994082,4.209965298873771,7,工况5,3,电压上限扩展4%
154,节能,1.123778801468708,2065.580670778162,9.199649055282823,4.3798190457119395,5,工况5,3,电压上限扩展4%
155,节能,1.1237788014687078,2065.580670682597,9.25387945789048,4.148625220382495,7,工况5,3,电压上限扩展4%
156,节能,1.1237788014687078,2065.580670682597,9.181844284030596,4.458499083466025,3,工况5,3,电压上限扩展4%
157,节能,1.1237788014687078,2065.580670682597,9.185579202468807,4.441878011527924,7,工况5,3,电压上限扩展4%
158,节能,1.1237788014687078,2065.580670682597,9.20468420036218,4.3578214484171625,6,工况5,3,电压上限扩展4%
159,节能,1.1237788014687076,2065.5806706842286,9.273613565076777,4.067558327821167,5,工况5,3,电压上限扩展4%
160,节能,1.1237788014687076,2065.5806706842286,9.249813964489803,4.165525760076137,7,工况5,3,电压上限扩展4%
161,节能,1.1237788014687076,2065.5806706842286,9.139541528235808,4.651152027747617,2,工况5,3,电压上限扩展4%
162,节能,1.1237788014687076,2065.5806706842286,9.169963203969836,4.511786798994771,3,工况5,3,电压上限扩展4%
163,节能,1.1237788014687076,2065.5806706842286,9.19138024316932,4.416185091285985,10,工况5,3,电压上限扩展4%
164,节能,1.1237788014687076,2065.5806706842286,9.133708644109868,4.678360934635176,4,工况5,3,电压上限扩展4%
165,节能,1.1237788014687076,2065.5806706842286,9.243440243008488,4.1921604519801035,3,工况5,3,电压上限扩展4%
166,节能,1.1237788014687076,2065.5806706842286,9.201529939722114,4.371588854667428,7,工况5,3,电压上限扩展4%
167,节能,1.1237788014687076,2065.5806706842286,9.28245374552769,4.031758848278418,9,工况5,3,电压上限扩展4%
168,节能,1.1235435860204084,2065.1501425653373,9.196477682346675,4.393731133848446,6,工况5,3,电压上限扩展4%
169,节能,1.1234454717892481,2064.9698018816384,9.14838654156031,4.610193930572395,11,工况5,3,电压上限扩展4%
170,节能,1.123433950699323,2064.9486253284567,9.207755555798473,4.344457562947694,18,工况5,3,电压上限扩展4%
171,节能,1.1234286683955599,2064.938916091979,9.14140382461325,4.64249826461233,30,工况5,3,电压上限扩展4%
172,节能,1.1234285450566115,2064.9386893865358,9.199679172519906,4.379687139649692,64,工况5,3,电压上限扩展4%
173,节能,1.1234285450566115,2064.9386893865358,9.228594439096742,4.254860710307436,84,工况5,3,电压上限扩展4%
174,节能,1.1234285450566115,2064.9386893865358,9.224193055583083,4.273629257579011,93,工况5,3,电压上限扩展4%
175,节能,1.1234285450566115,2064.9386893865358,9.119090978210334,4.747249923187692,93,工况5,3,电压上限扩展4%
176,节能,1.1234285450566115,2064.9386893865358,9.197639922757585,4.388627528352785,95,工况5,3,电压上限扩展4%
177,节能,1.1234285450566115,2064.9386893865358,9.192128695114626,4.412881025585021,95,工况5,3,电压上限扩展4%
178,节能,1.1234285450566115,2064.9386893865358,9.26936674502831,4.084869248240456,98,工况5,3,电压上限扩展4%
179,节能,1.1234285450566115,2064.9386893865358,9.134623180101565,4.674084361016619,99,工况5,3,电压上限扩展4%
180,节能,1.1234285450566115,2064.9386893865358,9.361695378430186,3.724606045432548,96,工况5,3,电压上限扩展4%
181,节能,1.1234285450566115,2064.9386893865358,9.223607556821232,4.276132194879775,95,工况5,3,电压上限扩展4%
182,节能,1.1234285450566115,2064.9386893865358,9.228259644546705,4.256285452969144,94,工况5,3,电压上限扩展4%
183,节能,1.1234285450566115,2064.9386893865358,9.256021163655126,4.139749593715686,94,工况5,3,电压上限扩展4%
184,节能,1.1234285450566115,2064.9386893865358,9.276056647154572,4.057633078006746,98,工况5,3,电压上限扩展4%
185,节能,1.1234285450566115,2064.9386893865358,9.09097767086694,4.882604537483544,93,工况5,3,电压上限扩展4%
186,节能,1.1234285450566115,2064.9386893865358,9.217536011870362,4.302173900410388,91,工况5,3,电压上限扩展4%
187,节能,1.1234285450566115,2064.9386893865358,9.175983666217178,4.484705360092982,95,工况5,3,电压上限扩展4%
188,节能,1.1234285450566115,2064.9386893865358,9.171584951865677,4.504475748190025,96,工况5,3,电压上限扩展4%
189,节能,1.1234285450566115,2064.9386893865358,9.331967882302497,3.836991449201429,96,工况5,3,电压上限扩展4%
190,节能,1.1234285450566115,2064.9386893865358,9.109618439429061,4.792432089254282,92,工况5,3,电压上限扩展4%
191,节能,1.122835764934949,2063.849118881223,9.211863298307584,4.32664825300927,100,工况5,3,电压上限扩展4%
192,节能,1.122835764934949,2063.849118881223,9.221399499160396,4.285584573189158,94,工况5,3,电压上限扩展4%
193,节能,1.122835764934949,2063.849118881223,9.209774149696864,4.335696712693577,95,工况5,3,电压上限扩展4%
194,节能,1.122835764934949,2063.849118881223,9.113868353987089,4.7721078810149695,97,工况5,3,电压上限扩展4%
195,节能,1.1223868408171984,2063.023965574036,9.213444331239552,4.3198130843733775,98,工况5,3,电压上限扩展4%
196,节能,1.1222963572168498,2062.857650512934,9.119797551014711,4.74389683023803,95,工况5,3,电压上限扩展4%
197,节能,1.1222963572168498,2062.857650512934,9.203736825861114,4.361951893567872,97,工况5,3,电压上限扩展4%
198,节能,1.1222820094520287,2062.831278337493,9.237026999540339,4.219132193343371,87,工况5,3,电压上限扩展4%
199,节能,1.1222610248978,2062.7927072880952,9.202906478292894,4.365575333864618,94,工况5,3,电压上限扩展4%
200,节能,1.1222603326159728,2062.791434826633,9.334489895698695,3.8273266978044522,96,工况5,3,电压上限扩展4%
201,节能,1.1222603326159728,2062.791434826633,9.19512759630054,4.399667055043274,95,工况5,3,电压上限扩展4%
202,节能,1.122259514194137,2062.789930511187,9.19228036056085,4.412211794766017,96,工况5,3,电压上限扩展4%
203,节能,1.122259514194137,2062.789930511187,9.243381580830743,4.192406380454951,96,工况5,3,电压上限扩展4%
204,节能,1.1222594338114764,2062.789782762346,9.169086923426907,4.5157421227140855,92,工况5,3,电压上限扩展4%
205,节能,1.1222592011965378,2062.78935520014,9.173598490388647,4.495414937951789,94,工况5,3,电压上限扩展4%
206,节能,1.122257241588976,2062.7857533070887,9.153597358537239,4.58623353460666,95,工况5,3,电压上限扩展4%
207,节能,1.1222020419658443,2062.684292615222,9.108340096997818,4.798562376010844,97,工况5,3,电压上限扩展4%
208,节能,1.122159020990195,2062.6052171124106,9.173008965867679,4.498065876609537,97,工况5,3,电压上限扩展4%
209,节能,1.1221165441787184,2062.5271418206567,9.292302625680762,3.992245439390911,99,工况5,3,电压上限扩展4%
210,节能,1.1221001551974383,2062.497017749416,9.216135528935538,4.308203242550469,97,工况5,3,电压上限扩展4%
211,节能,1.1220777541625389,2062.4558431114297,9.197888182960861,4.387538142021722,95,工况5,3,电压上限扩展4%
212,节能,1.1220777541625389,2062.4558431114297,9.23673295564338,4.2203729858300765,97,工况5,3,电压上限扩展4%
213,节能,1.1220777541625389,2062.4558431114297,9.253144397542993,4.1516758313328,97,工况5,3,电压上限扩展4%
214,节能,1.1220777541625389,2062.4558431114297,9.201747896613991,4.370636140577173,90,工况5,3,电压上限扩展4%
215,节能,1.1220777541625389,2062.4558431114297,9.160438204362382,4.554966885174896,91,工况5,3,电压上限扩展4%
216,节能,1.1220777541625389,2062.4558431114297,9.240809866002245,4.203201929697801,93,工况5,3,电压上限扩展4%
217,节能,1.1220777541625389,2062.4558431114297,9.164988606433749,4.534287040912009,92,工况5,3,电压上限扩展4%
218,节能,1.1220777541625389,2062.4558431114297,9.148972745380025,4.607492209237716,97,工况5,3,电压上限扩展4%
219,节能,1.1220777541625389,2062.4558431114297,9.155650373134856,4.5768275887878005,94,工况5,3,电压上限扩展4%
220,节能,1.1220777541625389,2062.4558431114297,9.184470572896497,4.446805139523351,96,工况5,3,电压上限扩展4%
221,节能,1.1220777541625389,2062.4558431114297,9.24171374152935,4.199404474809873,94,工况5,3,电压上限扩展4%
222,节能,1.1220777039913654,2062.455750893373,9.194869177863508,4.4008041570448375,94,工况5,3,电压上限扩展4%
223,节能,1.122077689260163,2062.455723816413,9.14499392701531,4.625861102867618,95,工况5,3,电压上限扩展4%
224,节能,1.122077689260163,2062.455723816413,9.34344518175124,3.793204905652639,92,工况5,3,电压上限扩展4%
225,节能,1.1220776173957885,2062.455591724766,9.141445287016204,4.6423057794690425,97,工况5,3,电压上限扩展4%
226,节能,1.1220776173957885,2062.455591724766,9.257008085292556,4.135666000692717,96,工况5,3,电压上限扩展4%
227,节能,1.1220776173957885,2062.455591724766,9.105809526663677,4.810720853058409,94,工况5,3,电压上限扩展4%
228,节能,1.1220776173957885,2062.455591724766,9.179352694671456,4.469621683061417,96,工况5,3,电压上限扩展4%
229,节能,1.1220776173957885,2062.455591724766,9.19947556037182,4.380578987948634,96,工况5,3,电压上限扩展4%
230,节能,1.12207761585922,2062.4555889004478,9.162218779731566,4.546863639692276,95,工况5,3,电压上限扩展4%
231,节能,1.1220776144862021,2062.4555863767464,9.171139378055086,4.506483271830626,93,工况5,3,电压上限扩展4%
232,节能,1.1220776128897179,2062.455583442299,9.11585658271002,4.762629265007765,96,工况5,3,电压上限扩展4%
233,节能,1.1220776123327483,2062.455582418551,9.117620312585219,4.754236676793455,94,工况5,3,电压上限扩展4%
234,节能,1.122077611571728,2062.455581019743,9.158710481783283,4.562843406572093,95,工况5,3,电压上限扩展4%
235,节能,1.1220776092234677,2062.45557670348,9.279166232053706,4.0450351208212085,95,工况5,3,电压上限扩展4%
236,节能,1.1220776092234677,2062.45557670348,9.15551768156791,4.577434935506204,93,工况5,3,电压上限扩展4%
237,节能,1.1220776092234677,2062.45557670348,9.252858307601487,4.152863753946791,95,工况5,3,电压上限扩展4%
238,节能,1.1218766405997818,2062.0861825945017,9.279655363646194,4.043057050158756,97,工况5,3,电压上限扩展4%
239,节能,1.1217466348140739,2061.847223047022,9.25901266777841,4.1273840207896395,96,工况5,3,电压上限扩展4%
240,节能,1.1216397779852472,2061.6508128694095,9.195897433203406,4.396281332378319,94,工况5,3,电压上限扩展4%
241,节能,1.1216374536543012,2061.646540589772,9.197840461187909,4.387747528116856,98,工况5,3,电压上限扩展4%
242,节能,1.1216374279701709,2061.6464933805796,9.20688446649681,4.348243622210763,97,工况5,3,电压上限扩展4%
243,节能,1.1216374279701709,2061.6464933805796,9.187794185973358,4.43205021322678,93,工况5,3,电压上限扩展4%
244,节能,1.1216374279701709,2061.6464933805796,9.230652957377544,4.24611101055119,96,工况5,3,电压上限扩展4%
245,节能,1.1216374279701709,2061.6464933805796,9.262416882529902,4.1133574075686425,97,工况5,3,电压上限扩展4%
246,节能,1.1216374279701709,2061.6464933805796,9.21514399710884,4.312477081654946,94,工况5,3,电压上限扩展4%
247,节能,1.1216374279701709,2061.6464933805796,9.219791108644747,4.292483012976108,94,工况5,3,电压上限扩展4%
248,节能,1.1216374279701709,2061.6464933805796,9.184301407482735,4.447557448785259,99,工况5,3,电压上限扩展4%
249,节能,1.1216374279701709,2061.6464933805796,9.224566514185291,4.272033531957396,96,工况5,3,电压上限扩展4%
250,节能,1.1216374279701709,2061.6464933805796,9.160027167517491,4.55683952922845,90,工况5,3,电压上限扩展4%
251,节能,1.1216374279701709,2061.6464933805796,9.276543092058528,4.055659743072101,97,工况5,3,电压上限扩展4%
252,节能,1.1216374279701709,2061.6464933805796,9.23945541238682,4.208898828969816,95,工况5,3,电压上限扩展4%
253,节能,1.1216374279701709,2061.6464933805796,9.144429488015861,4.628472856298518,96,工况5,3,电压上限扩展4%
254,节能,1.1216374279701709,2061.6464933805796,9.210573712489273,4.332231436460521,95,工况5,3,电压上限扩展4%
255,节能,1.1216374279701709,2061.6464933805796,9.171657901438685,4.504147160592877,96,工况5,3,电压上限扩展4%
256,节能,1.1216374279682075,2061.6464933769707,9.19830239022131,4.385721168195657,95,工况5,3,电压上限扩展4%
257,节能,1.1216374279682075,2061.6464933769707,9.196466309487276,4.393781103419016,97,工况5,3,电压上限扩展4%
258,节能,1.1215476172682275,2061.4814151528813,9.145431420099698,4.623837763256593,97,工况5,3,电压上限扩展4%
259,节能,1.121461791301847,2061.3236611423454,9.164678116716864,4.535695108995633,98,工况5,3,电压上限扩展4%
260,节能,1.1213524109631055,2061.1226125804947,9.176740417038268,4.481312839437682,95,工况5,3,电压上限扩展4%
261,节能,1.121350843008555,2061.1197305725304,9.1705711268443,4.509044814137064,96,工况5,3,电压上限扩展4%
262,节能,1.121350843008555,2061.1197305725304,9.265832942686071,4.099329904259257,89,工况5,3,电压上限扩展4%
263,节能,1.121350843008555,2061.1197305725304,9.213329338081548,4.320309861884396,96,工况5,3,电压上限扩展4%
264,节能,1.121350843008555,2061.1197305725304,9.24417955529207,4.1890622816620136,99,工况5,3,电压上限扩展4%
265,节能,1.121350843008555,2061.1197305725304,9.190169620814025,4.421534661183706,92,工况5,3,电压上限扩展4%
266,节能,1.121350843008555,2061.1197305725304,9.149091022393755,4.606947281045299,96,工况5,3,电压上限扩展4%
267,节能,1.121350843008555,2061.1197305725304,9.118302766855182,4.75099323454935,95,工况5,3,电压上限扩展4%
268,节能,1.121350843008555,2061.1197305725304,9.19232246054657,4.412026044622531,96,工况5,3,电压上限扩展4%
269,节能,1.121350843008555,2061.1197305725304,9.201541780013933,4.371537094086107,97,工况5,3,电压上限扩展4%
270,节能,1.121350843008555,2061.1197305725304,9.154235866484232,4.583306122735376,95,工况5,3,电压上限扩展4%
271,节能,1.121350843008555,2061.1197305725304,9.120381882451348,4.741125631915962,92,工况5,3,电压上限扩展4%
272,节能,1.121350843008555,2061.1197305725304,9.098824952404785,4.84443930754259,98,工况5,3,电压上限扩展4%
273,节能,1.121350843008555,2061.1197305725304,9.25513598768359,4.143415622885314,91,工况5,3,电压上限扩展4%
274,节能,1.121350843008555,2061.1197305725304,9.209334117332022,4.337604979390066,99,工况5,3,电压上限扩展4%
275,节能,1.121350843008555,2061.1197305725304,9.14970501334946,4.6041195252783975,93,工况5,3,电压上限扩展4%
276,节能,1.12118090348058,2060.8073700688597,9.269620398102417,4.083833239997213,96,工况5,3,电压上限扩展4%
277,节能,1.12116321853866,2060.7748639331103,9.219410233397317,4.294118224891868,95,工况5,3,电压上限扩展4%
278,节能,1.121044773359672,2060.5571535733907,9.194218261433818,4.403669645270014,94,工况5,3,电压上限扩展4%
279,节能,1.12102929541561,2060.528704051019,9.10488828197772,4.8151547461165345,95,工况5,3,电压上限扩展4%
280,节能,1.1210266346036104,2060.5238132961354,9.254815822868501,4.144742411166177,97,工况5,3,电压上限扩展4%
281,节能,1.1210266346036104,2060.5238132961354,9.165059039660411,4.533967687691773,93,工况5,3,电压上限扩展4%
282,节能,1.1210266346036104,2060.5238132961354,9.28072672116187,4.038727810097797,95,工况5,3,电压上限扩展4%
283,节能,1.1210266346036104,2060.5238132961354,9.258923936032772,4.127750267027317,95,工况5,3,电压上限扩展4%
284,节能,1.1210266346036104,2060.5238132961354,9.090933093046306,4.882822198204223,96,工况5,3,电压上限扩展4%
285,节能,1.1210266346036104,2060.5238132961354,9.249461724999922,4.166993281189225,97,工况5,3,电压上限扩展4%
286,节能,1.1210266346036104,2060.5238132961354,9.152176224443918,4.59275582086659,96,工况5,3,电压上限扩展4%
287,节能,1.1210266346036104,2060.5238132961354,9.182148209630439,4.457144237354322,95,工况5,3,电压上限扩展4%
288,节能,1.1210266346036104,2060.5238132961354,9.27339826309037,4.068434175491466,95,工况5,3,电压上限扩展4%
289,节能,1.1210266346036104,2060.5238132961354,9.310474839191745,3.9203527063387904,98,工况5,3,电压上限扩展4%
290,节能,1.1210266346036104,2060.5238132961354,9.273836321906812,4.066652352331942,95,工况5,3,电压上限扩展4%
291,节能,1.1210266346036104,2060.5238132961354,9.224777011197508,4.271134376300936,93,工况5,3,电压上限扩展4%
292,节能,1.1210266346036104,2060.5238132961354,9.22232245820938,4.281630978910614,93,工况5,3,电压上限扩展4%
293,节能,1.1210266346036104,2060.5238132961354,9.155214588170645,4.578822536087226,95,工况5,3,电压上限扩展4%
294,节能,1.1210266346036104,2060.5238132961354,9.21346457323524,4.319725643620539,96,工况5,3,电压上限扩展4%
295,节能,1.1210266346036009,2060.5238132961176,9.136669491711904,4.664529507359111,94,工况5,3,电压上限扩展4%
296,节能,1.1210266346035664,2060.5238132960544,9.186556474443305,4.437539209073456,93,工况5,3,电压上限扩展4%
297,节能,1.1210266346034155,2060.523813295777,9.269678786453419,4.0835947986697265,94,工况5,3,电压上限扩展4%
298,节能,1.1210266346034155,2060.523813295777,9.138834912263572,4.654439767507637,97,工况5,3,电压上限扩展4%
299,节能,1.1210266346034155,2060.523813295777,9.225675783804295,4.2672973223014194,93,工况5,3,电压上限扩展4%
300,节能,1.1210266346033886,2060.5238132957275,9.218992899716854,4.295910679054738,91,工况5,3,电压上限扩展4%
0,节能,1.2344397649762884,2058.4886282895927,10.044765886067013,2.0330918474682087,8,工况6,1,电压上限扩展4%
1,节能,1.2228167921515527,2039.1067531544404,10.21927991694134,1.7075228270043792,21,工况6,1,电压上限扩展4%
2,节能,1.2154179868402186,2026.7688837594096,10.135259602280163,1.857188891267947,44,工况6,1,电压上限扩展4%
3,节能,1.1966260887086912,1995.4324753697554,10.006333981733436,2.112748309397366,73,工况6,1,电压上限扩展4%
4,节能,1.1819490700203856,1970.9578295228994,9.81030338967821,2.57029379194839,84,工况6,1,电压上限扩展4%
5,节能,1.176805735725469,1962.3810682600435,9.916242125168635,2.3119272240238318,85,工况6,1,电压上限扩展4%
6,节能,1.1768057357254689,1962.3810682600433,9.731957739835995,2.779763516700055,86,工况6,1,电压上限扩展4%
7,节能,1.1763944600379574,1961.695245954367,9.490465416898637,3.5390494745856342,93,工况6,1,电压上限扩展4%
8,节能,1.1708641344373967,1952.473157779241,9.483231191132617,3.564744587545397,89,工况6,1,电压上限扩展4%
9,节能,1.1700598824913904,1951.132028359965,9.364559626701656,4.013902544912571,87,工况6,1,电压上限扩展4%
10,节能,1.1700576882049463,1951.128369280097,9.313305499403338,4.224995089591756,79,工况6,1,电压上限扩展4%
11,节能,1.169468177648633,1950.1453316213494,9.403671586509036,3.8599414365212565,91,工况6,1,电压上限扩展4%
12,节能,1.1694105680380629,1949.6347395348055,9.403671586509036,3.8599414365212565,89,工况6,1,电压上限扩展4%
13,节能,1.169089854582416,1949.5144594218925,9.363536241382208,4.018012416483148,85,工况6,1,电压上限扩展4%
14,节能,1.169089854582416,1949.5144594218925,9.24465190560936,4.525244878013213,74,工况6,1,电压上限扩展4%
15,节能,1.1689523997006068,1949.2852466898216,9.35327786721704,4.059442832281037,85,工况6,1,电压上限扩展4%
16,节能,1.1689523997006068,1949.2852466898216,9.298119504687989,4.289645490580349,76,工况6,1,电压上限扩展4%
17,节能,1.1689523997006068,1949.2852466898216,9.234578196643337,4.571061260916178,76,工况6,1,电压上限扩展4%
18,节能,1.1689523997006068,1949.2852466898216,9.268770223071012,4.4174092199925585,84,工况6,1,电压上限扩展4%
19,节能,1.168561562332276,1948.633506280086,9.33151235930542,4.148767236546771,81,工况6,1,电压上限扩展4%
20,节能,1.1684995826862081,1948.5300020677837,9.310362719764349,4.237446631201986,92,工况6,1,电压上限扩展4%
21,节能,1.1677507774042681,1947.2814827940922,9.245730793627038,4.520365278281425,84,工况6,1,电压上限扩展4%
22,节能,1.1672571880464622,1946.4583984209896,9.503784689333408,3.492224440406812,86,工况6,1,电压上限扩展4%
23,节能,1.1668326427387956,1945.7324023718177,9.287689099142085,4.334622388573478,82,工况6,1,电压上限扩展4%
24,节能,1.166830611656881,1945.7219280430086,9.376709243181624,3.9654302247153725,84,工况6,1,电压上限扩展4%
25,节能,1.1668300808687324,1945.7461761108204,9.26957080589827,4.413874133283728,81,工况6,1,电压上限扩展4%
26,节能,1.1668213190327539,1945.7314544365522,9.301123920785713,4.276776951517715,79,工况6,1,电压上限扩展4%
27,节能,1.1668213190327539,1945.7314544365522,9.294775728064192,4.304013114571909,69,工况6,1,电压上限扩展4%
28,节能,1.1668213190327539,1945.7314544365522,9.146609213203902,4.9913897838392165,64,工况6,1,电压上限扩展4%
29,节能,1.1668213190327539,1945.7314544365522,9.243990370641418,4.528239476144995,54,工况6,1,电压上限扩展4%
30,节能,1.1668213190327539,1945.7314544365522,9.3491990335574,4.076034438543063,46,工况6,1,电压上限扩展4%
31,节能,1.1668207304375489,1945.7266428634225,9.355166113099488,4.051784838430991,39,工况6,1,电压上限扩展4%
32,节能,1.1668207304375489,1945.7266428634225,9.25906935213192,4.460470464813958,21,工况6,1,电压上限扩展4%
33,节能,1.1668205916990169,1945.7287078554123,9.426782216888233,3.7717586613009346,11,工况6,1,电压上限扩展4%
34,节能,1.1668204382899936,1945.7272358495625,9.14492923250094,4.999782269990551,2,工况6,1,电压上限扩展4%
35,节能,1.1668204382899936,1945.7272358495625,9.144881410408887,5.000021375755737,0,工况6,1,电压上限扩展4%
36,节能,1.1668204382899936,1945.7272358495625,9.262327581442692,4.445960879819441,5,工况6,1,电压上限扩展4%
37,节能,1.1668204382899936,1945.7272358495625,9.282389051672041,4.357657081559457,5,工况6,1,电压上限扩展4%
38,节能,1.1668204382899936,1945.7272358495625,9.283855822955571,4.351270080568667,4,工况6,1,电压上限扩展4%
39,节能,1.1660059409731343,1944.3718827847442,9.316421279019028,4.211851423032699,7,工况6,1,电压上限扩展4%
40,节能,1.1659953379293273,1944.3540988709246,9.144997792831827,4.999439495014278,4,工况6,1,电压上限扩展4%
41,节能,1.1659943741261243,1944.347787336546,9.233339814365825,4.5767254886868765,14,工况6,1,电压上限扩展4%
42,节能,1.1659942225672881,1944.3490757816235,9.332666355099692,4.14398233801178,19,工况6,1,电压上限扩展4%
43,节能,1.1659942225672881,1944.3490757816235,9.32077591164168,4.19355023382216,21,工况6,1,电压上限扩展4%
44,节能,1.1659941999460595,1944.3491951706774,9.29905639731984,4.2856284353955125,14,工况6,1,电压上限扩展4%
45,节能,1.165994197490431,1944.349442972803,9.236736593196795,4.561205737934529,8,工况6,1,电压上限扩展4%
46,节能,1.1659479073167407,1944.2751088269265,9.375244953247995,3.971241017580417,5,工况6,1,电压上限扩展4%
47,节能,1.1659479073167407,1944.2751088269265,9.324376852919114,4.178476661498557,6,工况6,1,电压上限扩展4%
48,节能,1.165697992247377,1943.8583632368059,9.394621964787294,3.8950309804662955,12,工况6,1,电压上限扩展4%
49,节能,1.1656581243530164,1943.76019559983,9.45881125685334,3.6528670088134216,17,工况6,1,电压上限扩展4%
50,节能,1.1656526825915474,1943.763704549581,9.252526782452765,4.489749077875136,20,工况6,1,电压上限扩展4%
51,节能,1.165470124238603,1943.4783821975357,9.294109847654342,4.306880026993115,26,工况6,1,电压上限扩展4%
52,节能,1.165287568288223,1943.1739612297854,9.23295210377339,4.578500277667517,39,工况6,1,电压上限扩展4%
53,节能,1.1652394968768731,1943.0937998023774,9.320026054770214,4.196695975561463,51,工况6,1,电压上限扩展4%
54,节能,1.165177363738427,1942.9901897579182,9.287111571653616,4.337126475174833,67,工况6,1,电压上限扩展4%
55,节能,1.1651622029665445,1942.9649084299815,9.242535059020078,4.534834273257335,81,工况6,1,电压上限扩展4%
56,节能,1.1651622029665445,1942.9649084299815,9.216367701258761,4.655065105272269,88,工况6,1,电压上限扩展4%
57,节能,1.1651622029665445,1942.9649084299815,9.248308474178915,4.508728225362187,95,工况6,1,电压上限扩展4%
58,节能,1.1644162986277202,1941.721076496804,9.14706366501072,4.9891219530823445,92,工况6,1,电压上限扩展4%
59,节能,1.1643281440178936,1941.5740743772938,9.345778369266005,4.0900010579370445,94,工况6,1,电压上限扩展4%
60,节能,1.1643196759072516,1941.559953389009,9.43976419071937,3.7231102485046526,92,工况6,1,电压上限扩展4%
61,节能,1.1643137173392946,1941.547236599146,9.344499077900993,4.095236709221044,94,工况6,1,电压上限扩展4%
62,节能,1.1643136337806468,1941.547419654374,9.389225427338163,3.916107479927018,81,工况6,1,电压上限扩展4%
63,节能,1.1636991821689087,1940.525249760251,9.207052651342083,4.698629858006857,76,工况6,1,电压上限扩展4%
64,节能,1.1630687208675203,1939.473924733056,9.324202390397259,4.179205712668638,58,工况6,1,电压上限扩展4%
65,节能,1.1624821111241037,1938.49572432156,9.268165451722922,4.420081550514616,42,工况6,1,电压上限扩展4%
66,节能,1.1624347588540733,1938.4167620974426,9.317213297961173,4.20851687761004,52,工况6,1,电压上限扩展4%
67,节能,1.1623332138480837,1938.233357517397,9.251311004244624,4.495210936495613,76,工况6,1,电压上限扩展4%
68,节能,1.1623332138480837,1938.233357517397,9.331024151612453,4.1507931911310445,88,工况6,1,电压上限扩展4%
69,节能,1.1623320878901593,1938.2455382922396,9.23652233099816,4.562183136610424,84,工况6,1,电压上限扩展4%
70,节能,1.1617366318524232,1937.252601208615,9.456796508243471,3.660234036403734,80,工况6,1,电压上限扩展4%
71,节能,1.1613284286808818,1936.5719024734558,9.36015091201531,4.031637762041736,75,工况6,1,电压上限扩展4%
72,节能,1.1610033738895973,1936.029857725373,9.302279466874996,4.271837792898966,61,工况6,1,电压上限扩展4%
73,节能,1.1605694936621422,1935.3063412447827,9.33432799454922,4.137102251175662,54,工况6,1,电压上限扩展4%
74,节能,1.1604501967658418,1935.1074078408274,9.443037677662256,3.710942621868109,71,工况6,1,电压上限扩展4%
75,节能,1.1604144545100477,1935.0478058827657,9.300193825912842,4.280756610275945,83,工况6,1,电压上限扩展4%
76,节能,1.160346857248704,1934.9350841463738,9.249293149577356,4.504290776682226,90,工况6,1,电压上限扩展4%
77,节能,1.1601574720863082,1934.6192751338813,9.37482207350787,3.972920730083066,88,工况6,1,电压上限扩展4%
78,节能,1.1600474651522266,1934.4358331958747,9.261054227690996,4.451625766722713,84,工况6,1,电压上限扩展4%
79,节能,1.1597627712790621,1933.9610922509698,9.260605179375506,4.45362521066432,80,工况6,1,电压上限扩展4%
80,节能,1.1597090816366342,1933.8715621487079,9.254116777028988,4.48261607341465,91,工况6,1,电压上限扩展4%
81,节能,1.1597050199804368,1933.8647891385283,9.268758175207656,4.417462440655824,98,工况6,1,电压上限扩展4%
82,节能,1.1597036371128067,1933.8624831391817,9.206334283518414,4.702006415171986,92,工况6,1,电压上限扩展4%
83,节能,1.1596950713304963,1933.8481992786171,9.356187426693793,4.047648807945898,96,工况6,1,电压上限扩展4%
84,节能,1.1596950713304963,1933.8481992786171,9.206204745798612,4.702615541813089,94,工况6,1,电压上限扩展4%
85,节能,1.159680227917992,1933.8234471629514,9.172517103414377,4.86373418920981,96,工况6,1,电压上限扩展4%
86,节能,1.159326571152679,1933.2337072255568,9.176336876373458,4.845191266297593,98,工况6,1,电压上限扩展4%
87,节能,1.159318343828964,1933.2199877612388,9.232883177677307,4.578815866693612,95,工况6,1,电压上限扩展4%
88,节能,1.1593137162580291,1933.212271060581,9.294949567125794,4.303264974000857,94,工况6,1,电压上限扩展4%
89,节能,1.1593034995366294,1933.1952341784129,9.203809295149478,4.713893928281324,97,工况6,1,电压上限扩展4%
90,节能,1.1592960367785836,1933.1827896647083,9.322254784403926,4.187353090127223,95,工况6,1,电压上限扩展4%
91,节能,1.1592923671997137,1933.1766704626307,9.304055427909697,4.264257908214408,97,工况6,1,电压上限扩展4%
92,节能,1.159203511463236,1933.0284991801695,9.289677742529747,4.3260109358147005,95,工况6,1,电压上限扩展4%
93,节能,1.1588133235015525,1932.377841687751,9.305445546481048,4.258334202383842,95,工况6,1,电压上限扩展4%
94,节能,1.157890114816393,1930.838346093184,9.332520426269433,4.14458710863264,94,工况6,1,电压上限扩展4%
95,节能,1.1578648368702917,1930.7961938828682,9.315347631925261,4.21637589348007,95,工况6,1,电压上限扩展4%
96,节能,1.1577588234118432,1930.6194112606183,9.293021383283616,4.311570464675555,94,工况6,1,电压上限扩展4%
97,节能,1.1577439163400987,1930.5945529900587,9.346905609011696,4.085393243728198,96,工况6,1,电压上限扩展4%
98,节能,1.1572992702554552,1929.8530839165396,9.324363745432251,4.178531431185451,96,工况6,1,电压上限扩展4%
99,节能,1.1571146301381772,1929.5451874986452,9.322225904246366,4.1874740232905,95,工况6,1,电压上限扩展4%
100,节能,1.156928030912167,1929.234024171209,9.275580185312492,4.3874290278498105,95,工况6,1,电压上限扩展4%
101,节能,1.1567080212013694,1928.8671472278054,9.313285707709708,4.225078710227651,92,工况6,1,电压上限扩展4%
102,节能,1.1566009980757257,1928.688680936171,9.30944786285679,4.241325062357215,93,工况6,1,电压上限扩展4%
103,节能,1.1566009980757257,1928.688680936171,9.324972974778685,4.175986522507815,91,工况6,1,电压上限扩展4%
104,节能,1.1565662945464876,1928.6274695617406,9.339602851915181,4.115337081441627,82,工况6,1,电压上限扩展4%
105,节能,1.1565662945464876,1928.6274695617406,9.376114315500953,3.967790070821108,80,工况6,1,电压上限扩展4%
106,节能,1.1565648745052821,1928.6284384940222,9.330736471996548,4.151987461497353,85,工况6,1,电压上限扩展4%
107,节能,1.1565648745052821,1928.6284384940222,9.203670412321479,4.714548652664907,78,工况6,1,电压上限扩展4%
108,节能,1.1565640597779732,1928.6264142623486,9.320732102155056,4.193733955129379,74,工况6,1,电压上限扩展4%
109,节能,1.1565639227375872,1928.6238115120052,9.154752620112813,4.950907919647618,51,工况6,1,电压上限扩展4%
110,节能,1.156563845181258,1928.625342522896,9.339369493383415,4.11629754252221,37,工况6,1,电压上限扩展4%
111,节能,1.156563822311236,1928.6248389624197,9.322421213311422,4.186656251515784,16,工况6,1,电压上限扩展4%
112,节能,1.156563815763871,1928.624637584061,9.31301977387322,4.226202451032254,4,工况6,1,电压上限扩展4%
113,节能,1.1565637955843437,1928.6242922782449,9.282981822015111,4.355074757114525,7,工况6,1,电压上限扩展4%
114,节能,1.156563776906027,1928.6242691666725,9.23790400061386,4.55588405941318,5,工况6,1,电压上限扩展4%
115,节能,1.156563752218386,1928.6242887756478,9.271251512372743,4.406461937058321,3,工况6,1,电压上限扩展4%
116,节能,1.156563752218386,1928.6242887756478,9.322057192463713,4.188180559096564,6,工况6,1,电压上限扩展4%
117,节能,1.156563752218386,1928.6242887756478,9.273126386219971,4.398208116667504,3,工况6,1,电压上限扩展4%
118,节能,1.1565637442710348,1928.6240595752631,9.316582957754397,4.211170511267023,6,工况6,1,电压上限扩展4%
119,节能,1.1565637415800853,1928.6242062207857,9.231566909260788,4.584846785687345,3,工况6,1,电压上限扩展4%
120,节能,1.156563741184823,1928.624125873487,9.251807680417407,4.492978826695582,3,工况6,1,电压上限扩展4%
121,节能,1.1564446021251804,1928.4278830464382,9.285860741095808,4.342554879802491,6,工况6,1,电压上限扩展4%
122,节能,1.1564446021251804,1928.4278830464382,9.244563630930413,4.525644360183793,5,工况6,1,电压上限扩展4%
123,节能,1.1563936007197748,1928.34283571077,9.245296600763064,4.5223284147869,19,工况6,1,电压上限扩展4%
124,节能,1.1563416557531525,1928.256214940666,9.333440062238672,4.1407773493142495,22,工况6,1,电压上限扩展4%
125,节能,1.1563384500277762,1928.249675997788,9.356693770851239,4.045599823410055,35,工况6,1,电压上限扩展4%
126,节能,1.1563384031546289,1928.2488566631496,9.266864847223493,4.425834068531565,51,工况6,1,电压上限扩展4%
127,节能,1.1563384031546289,1928.2488566631496,9.276955318297928,4.3813998758653305,61,工况6,1,电压上限扩展4%
128,节能,1.1563384031546289,1928.2488566631496,9.369491569156327,3.9941549455826193,60,工况6,1,电压上限扩展4%
129,节能,1.1563384027386263,1928.2489638820862,9.273584265534279,4.396194729130292,32,工况6,1,电压上限扩展4%
130,节能,1.1563384023369832,1928.2488996530544,9.25494230334026,4.478917082919779,12,工况6,1,电压上限扩展4%
131,节能,1.1563384020678966,1928.2488673622001,9.283861273010382,4.3512463659728535,10,工况6,1,电压上限扩展4%
132,节能,1.1563384020678966,1928.2488673622001,9.213361552216819,4.669079979624929,4,工况6,1,电压上限扩展4%
133,节能,1.1563384019564646,1928.2488835238455,9.319501132436272,4.198899493295035,7,工况6,1,电压上限扩展4%
134,节能,1.156338401867799,1928.248911634425,9.240693950355068,4.543191086472247,5,工况6,1,电压上限扩展4%
135,节能,1.1563384018072802,1928.2488878019797,9.23426476113532,4.5724942183828166,3,工况6,1,电压上限扩展4%
136,节能,1.1563384017788365,1928.2489060631108,9.301471300390396,4.2752915444459765,6,工况6,1,电压上限扩展4%
137,节能,1.1563384017788365,1928.2489060631108,9.322663445121979,4.18564223301053,6,工况6,1,电压上限扩展4%
138,节能,1.1563384017788365,1928.2489060631108,9.179149663821933,4.831581922187275,3,工况6,1,电压上限扩展4%
139,节能,1.1563384017692007,1928.248907839543,9.26252429565583,4.445086382139209,2,工况6,1,电压上限扩展4%
140,节能,1.1563384017595495,1928.2489072760768,9.29730611209437,4.293136075867298,4,工况6,1,电压上限扩展4%
141,节能,1.1563384017486482,1928.248907184465,9.333937829225556,4.138716719948906,3,工况6,1,电压上限扩展4%
142,节能,1.1563384017479,1928.2489039378952,9.28592302006958,4.342284438362524,7,工况6,1,电压上限扩展4%
143,节能,1.1563384017464555,1928.2489020665107,9.314087028012976,4.221694425003565,5,工况6,1,电压上限扩展4%
144,节能,1.1563384017464555,1928.2489020665107,9.292889654505665,4.31213845999376,6,工况6,1,电压上限扩展4%
145,节能,1.1563384017433007,1928.2489067133845,9.273660168084655,4.395861059401751,4,工况6,1,电压上限扩展4%
146,节能,1.1563384017433007,1928.2489067133845,9.284668297027135,4.347736222228365,4,工况6,1,电压上限扩展4%
147,节能,1.156338401741197,1928.2489050166896,9.249294308614614,4.504285556044424,3,工况6,1,电压上限扩展4%
148,节能,1.156338401741197,1928.2489050166896,9.333744177675134,4.1395182664663395,5,工况6,1,电压上限扩展4%
149,节能,1.1563384017392735,1928.2489061789056,9.281251026561478,4.362619027615582,4,工况6,1,电压上限扩展4%
150,节能,1.1563384017392735,1928.2489061789056,9.289742852051562,4.325729280480624,5,工况6,1,电压上限扩展4%
151,节能,1.156338401739134,1928.2489057916014,9.226686188784948,4.607278839033598,3,工况6,1,电压上限扩展4%
152,节能,1.156338401739134,1928.2489057916014,9.42685791030163,3.7714731748182113,4,工况6,1,电压上限扩展4%
153,节能,1.1563384017386573,1928.2489054586058,9.257944691476995,4.465489802444901,4,工况6,1,电压上限扩展4%
154,节能,1.1563384017386573,1928.2489054586058,9.169676282155914,4.877570833100638,2,工况6,1,电压上限扩展4%
155,节能,1.1563384017381637,1928.2489060945293,9.296685890173041,4.295799598875095,2,工况6,1,电压上限扩展4%
156,节能,1.1563384017381637,1928.2489060945293,9.342895778552021,4.101807865928825,8,工况6,1,电压上限扩展4%
157,节能,1.1563384017380904,1928.248906024565,9.321369614979375,4.191061247984262,10,工况6,1,电压上限扩展4%
158,节能,1.156338401738045,1928.2489060770783,9.283548617999982,4.35260701764686,11,工况6,1,电压上限扩展4%
159,节能,1.156338401738045,1928.2489060770783,9.270350682592179,4.410433197644491,9,工况6,1,电压上限扩展4%
160,节能,1.1563384017380232,1928.248906080153,9.34147097680436,4.107656294380925,7,工况6,1,电压上限扩展4%
161,节能,1.1563384017380232,1928.248906080153,9.279922728867685,4.368417734760931,8,工况6,1,电压上限扩展4%
162,节能,1.1563384017380232,1928.248906080153,9.226669373415655,4.607356312780083,1,工况6,1,电压上限扩展4%
163,节能,1.1563384017380232,1928.248906080153,9.239731394605625,4.547566266512892,2,工况6,1,电压上限扩展4%
164,节能,1.1563384017380167,1928.248906087722,9.269735891638613,4.413145525747671,6,工况6,1,电压上限扩展4%
165,节能,1.1563384017380156,1928.2489060859252,9.360736370581307,4.029278095989705,5,工况6,1,电压上限扩展4%
166,节能,1.1563384017380156,1928.2489060859252,9.270088062159902,4.411591619623369,5,工况6,1,电压上限扩展4%
167,节能,1.1563384017380156,1928.2489060859252,9.516830387798269,3.446961816592928,4,工况6,1,电压上限扩展4%
168,节能,1.1563384017380147,1928.2489060866192,9.273746156122558,4.395483084185267,7,工况6,1,电压上限扩展4%
169,节能,1.1563384017380147,1928.2489060866192,9.41641144936708,3.8110782281564024,6,工况6,1,电压上限扩展4%
170,节能,1.1563384017380145,1928.2489060867329,9.28735615934544,4.336065797140804,6,工况6,1,电压上限扩展4%
171,节能,1.1563384017380143,1928.2489060863759,9.320405126010634,4.195105430296369,8,工况6,1,电压上限扩展4%
172,节能,1.1563384017380136,1928.2489060869923,9.380945325740017,3.9486678633431183,4,工况6,1,电压上限扩展4%
173,节能,1.1563384017380136,1928.2489060869923,9.233914362158437,4.574096696415675,2,工况6,1,电压上限扩展4%
174,节能,1.1563117975708392,1928.2064249626558,9.224539859481865,4.617178196453438,5,工况6,1,电压上限扩展4%
175,节能,1.1559626548001969,1927.6242123319485,9.260348459919923,4.4547686896741485,11,工况6,1,电压上限扩展4%
176,节能,1.1558875214986366,1927.4989238802507,9.354945161737122,4.052680184721403,18,工况6,1,电压上限扩展4%
177,节能,1.155877134169742,1927.481602501748,9.532210013361373,3.394354412555701,44,工况6,1,电压上限扩展4%
178,节能,1.155877134169742,1927.481602501748,9.244595822237473,4.525498676121443,71,工况6,1,电压上限扩展4%
179,节能,1.1558757481330244,1927.4792912177936,9.33878219762694,4.118715736629382,95,工况6,1,电压上限扩展4%
180,节能,1.1558757481330244,1927.4792912177936,9.274327872781273,4.392926902011057,92,工况6,1,电压上限扩展4%
181,节能,1.1558757481330244,1927.4792912177936,9.443212775434146,3.710292900967407,96,工况6,1,电压上限扩展4%
182,节能,1.1558757481330244,1927.4792912177936,9.371604224647976,3.9857255795108406,94,工况6,1,电压上限扩展4%
183,节能,1.1558757481330244,1927.4792912177936,9.355789222707477,4.049260918789611,94,工况6,1,电压上限扩展4%
184,节能,1.1558757481330244,1927.4792912177936,9.272400766949477,4.401400699392293,96,工况6,1,电压上限扩展4%
185,节能,1.1558757481330244,1927.4792912177936,9.300128250337544,4.281037332557539,92,工况6,1,电压上限扩展4%
186,节能,1.1558757481330244,1927.4792912177936,9.314451563316283,4.220155748813812,98,工况6,1,电压上限扩展4%
187,节能,1.1558757481330244,1927.4792912177936,9.297148003867864,4.293814909661591,96,工况6,1,电压上限扩展4%
188,节能,1.1558757481330244,1927.4792912177936,9.266358499676555,4.4280756462161115,95,工况6,1,电压上限扩展4%
189,节能,1.1558757481330244,1927.4792912177936,9.33094296369409,4.15113019907009,95,工况6,1,电压上限扩展4%
190,节能,1.1558757481330244,1927.4792912177936,9.23397332353514,4.5738270093279185,95,工况6,1,电压上限扩展4%
191,节能,1.1558757481330244,1927.4792912177936,9.2771674068471,4.380470729656431,95,工况6,1,电压上限扩展4%
192,节能,1.1558757481330244,1927.4792912177936,9.222594593604342,4.626168577154837,95,工况6,1,电压上限扩展4%
193,节能,1.1558757481330244,1927.4792912177936,9.323118122185164,4.1837395500784025,95,工况6,1,电压上限扩展4%
194,节能,1.1558757481330244,1927.4792912177936,9.215821966458282,4.657606229625639,100,工况6,1,电压上限扩展4%
195,节能,1.1558757481330244,1927.4792912177936,9.318369536218961,4.203653641459246,93,工况6,1,电压上限扩展4%
196,节能,1.1558757481330244,1927.4792912177936,9.204588214927872,4.710223612693606,92,工况6,1,电压上限扩展4%
197,节能,1.1558757481330244,1927.4792912177936,9.243923088795459,4.5285441547054495,98,工况6,1,电压上限扩展4%
198,节能,1.1558757481330244,1927.4792912177936,9.398404217875385,3.8803268124837262,97,工况6,1,电压上限扩展4%
199,节能,1.1558757481330244,1927.4792912177936,9.313959496994297,4.2222328563267535,100,工况6,1,电压上限扩展4%
200,节能,1.1558757481330244,1927.4792912177936,9.17050756018484,4.873517900422884,95,工况6,1,电压上限扩展4%
201,节能,1.1558757481330244,1927.4792912177936,9.225322727805622,4.613564968423719,95,工况6,1,电压上限扩展4%
202,节能,1.1558757481330244,1927.4792912177936,9.32256141213138,4.186069328393679,92,工况6,1,电压上限扩展4%
203,节能,1.1558757481330244,1927.4792912177936,9.33485202650509,4.134934845335906,97,工况6,1,电压上限扩展4%
204,节能,1.1558757481330244,1927.4792912177936,9.31001412578026,4.238924037097965,95,工况6,1,电压上限扩展4%
205,节能,1.1558757481330244,1927.4792912177936,9.28731644356624,4.336238010792378,94,工况6,1,电压上限扩展4%
206,节能,1.1558757481330244,1927.4792912177936,9.269568139643956,4.413885901810367,95,工况6,1,电压上限扩展4%
207,节能,1.1558757481330244,1927.4792912177936,9.364301925961213,4.014937063862885,98,工况6,1,电压上限扩展4%
208,节能,1.1558757481330244,1927.4792912177936,9.343178277267294,4.100649274134459,97,工况6,1,电压上限扩展4%
209,节能,1.1558757481330244,1927.4792912177936,9.320132092383707,4.196250991528596,95,工况6,1,电压上限扩展4%
210,节能,1.1558757481330244,1927.4792912177936,9.27506912766876,4.389671830042616,94,工况6,1,电压上限扩展4%
211,节能,1.1558757481330244,1927.4792912177936,9.235642270352345,4.566199901687135,93,工况6,1,电压上限扩展4%
212,节能,1.1558757481330244,1927.4792912177936,9.336207242957812,4.1293349090225595,94,工况6,1,电压上限扩展4%
213,节能,1.1558757481330244,1927.4792912177936,9.370079912374354,3.991805702756945,90,工况6,1,电压上限扩展4%
214,节能,1.1558757481330244,1927.4792912177936,9.32538972992033,4.174246521255539,97,工况6,1,电压上限扩展4%
215,节能,1.1558757481330244,1927.4792912177936,9.27954434801998,4.370070973123681,88,工况6,1,电压上限扩展4%
216,节能,1.1558757481330244,1927.4792912177936,9.24969564094129,4.502478203340993,92,工况6,1,电压上限扩展4%
217,节能,1.1558757481330244,1927.4792912177936,9.335388559934506,4.13271690961446,96,工况6,1,电压上限扩展4%
218,节能,1.1558757481330244,1927.4792912177936,9.281630327821627,4.3609645945049715,95,工况6,1,电压上限扩展4%
219,节能,1.1558757481330244,1927.4792912177936,9.298140799343226,4.2895541450311265,92,工况6,1,电压上限扩展4%
220,节能,1.1558757481330244,1927.4792912177936,9.413594088305812,3.82183055103352,93,工况6,1,电压上限扩展4%
221,节能,1.1558757481330244,1927.4792912177936,9.386964384722397,3.9249719835607846,95,工况6,1,电压上限扩展4%
222,节能,1.1558757481330244,1927.4792912177936,9.220721440673035,4.634842219378928,96,工况6,1,电压上限扩展4%
223,节能,1.1558757481330244,1927.4792912177936,9.30559385745588,4.257702691518276,94,工况6,1,电压上限扩展4%
224,节能,1.1558757481330244,1927.4792912177936,9.319065565252977,4.200728794483132,93,工况6,1,电压上限扩展4%
225,节能,1.1558757481330244,1927.4792912177936,9.315900497254118,4.214045449705281,98,工况6,1,电压上限扩展4%
226,节能,1.1558757481330244,1927.4792912177936,9.303539226601659,4.2664596919573725,95,工况6,1,电压上限扩展4%
227,节能,1.1558757481330244,1927.4792912177936,9.232867948462733,4.578885598993923,99,工况6,1,电压上限扩展4%
228,节能,1.1558757481330244,1927.4792912177936,9.242104794569627,4.5367858710552715,98,工况6,1,电压上限扩展4%
229,节能,1.1558757481330244,1927.4792912177936,9.235505334542502,4.56682522078189,97,工况6,1,电压上限扩展4%
230,节能,1.1558757481330244,1927.4792912177936,9.365827905171749,4.008815025611358,96,工况6,1,电压上限扩展4%
231,节能,1.1558757481330244,1927.4792912177936,9.193307798276994,4.7636577103932245,98,工况6,1,电压上限扩展4%
232,节能,1.1558757481330244,1927.4792912177936,9.439322805416218,3.724753937373725,97,工况6,1,电压上限扩展4%
233,节能,1.1558757481330244,1927.4792912177936,9.214635361095585,4.663136250482377,93,工况6,1,电压上限扩展4%
234,节能,1.1558757481330244,1927.4792912177936,9.335277301691407,4.1331767340162004,95,工况6,1,电压上限扩展4%
235,节能,1.155854055865606,1927.4431183018933,9.23425011699935,4.572561179100161,99,工况6,1,电压上限扩展4%
236,节能,1.1556655055695289,1927.1287014697825,9.366440677243379,4.006359288203824,95,工况6,1,电压上限扩展4%
237,节能,1.1556474639744727,1927.0986162284341,9.230965980467486,4.587602780129015,94,工况6,1,电压上限扩展4%
238,节能,1.1556474547486526,1927.0986008439284,9.344419912447034,4.09556092332731,96,工况6,1,电压上限扩展4%
239,节能,1.1556474547486526,1927.0986008439284,9.273167172738898,4.398028732727159,93,工况6,1,电压上限扩展4%
240,节能,1.1552072295784959,1926.3645038613415,9.331350464548787,4.1494389545812,93,工况6,1,电压上限扩展4%
241,节能,1.1551985909049238,1926.350098451036,9.219554556518277,4.640253699995986,96,工况6,1,电压上限扩展4%
242,节能,1.1551978322135146,1926.3488332960383,9.22770641900386,4.602580750908304,93,工况6,1,电压上限扩展4%
243,节能,1.1551971231112232,1926.3476508333174,9.254781122074649,4.479639058626686,94,工况6,1,电压上限扩展4%
244,节能,1.1551968073116652,1926.347124222123,9.274345274617753,4.392850457680576,94,工况6,1,电压上限扩展4%
245,节能,1.1551967735318776,1926.3470678926765,9.43664984466679,3.7347233764735672,96,工况6,1,电压上限扩展4%
246,节能,1.1551967735318776,1926.3470678926765,9.215748001706721,4.657950741053976,95,工况6,1,电压上限扩展4%
247,节能,1.1551967665804996,1926.3470563009141,9.250096805989596,4.500672328706165,92,工况6,1,电压上限扩展4%
248,节能,1.155196757770513,1926.347041609831,9.268403783742022,4.419028229079195,98,工况6,1,电压上限扩展4%
249,节能,1.1551965957793533,1926.3467714816566,9.365741677511204,4.00916071125619,97,工况6,1,电压上限扩展4%
250,节能,1.1551964958946823,1926.346604919087,9.391085110991542,3.908831526444544,95,工况6,1,电压上限扩展4%
251,节能,1.1551309613843153,1926.2373229207435,9.469841912417914,3.612794908101145,92,工况6,1,电压上限扩展4%
252,节能,1.1551309613843153,1926.2373229207435,9.451611822294508,3.6792604808309815,96,工况6,1,电压上限扩展4%
253,节能,1.1551309613843153,1926.2373229207435,9.231172863788874,4.586653779798208,95,工况6,1,电压上限扩展4%
254,节能,1.1551309613843153,1926.2373229207435,9.249226309090808,4.504591855731317,100,工况6,1,电压上限扩展4%
255,节能,1.1551309613843153,1926.2373229207435,9.309466582874427,4.241245665420401,96,工况6,1,电压上限扩展4%
256,节能,1.1551309613843153,1926.2373229207435,9.27867672247418,4.37386420365082,94,工况6,1,电压上限扩展4%
257,节能,1.1551309613843153,1926.2373229207435,9.350600486801023,4.070326067799697,95,工况6,1,电压上限扩展4%
258,节能,1.1551309613843153,1926.2373229207435,9.455030725107049,3.6667029255874617,94,工况6,1,电压上限扩展4%
259,节能,1.1551309045988463,1926.2372282281992,9.284347145663624,4.349132727877166,94,工况6,1,电压上限扩展4%
260,节能,1.1551308812933552,1926.2371893651539,9.320548479155226,4.19450409184395,96,工况6,1,电压上限扩展4%
261,节能,1.1551308812933552,1926.2371893651539,9.324179491112561,4.179301414585812,92,工况6,1,电压上限扩展4%
262,节能,1.1551308812933552,1926.2371893651539,9.34042993602777,4.111934758721108,90,工况6,1,电压上限扩展4%
263,节能,1.1551308812933552,1926.2371893651539,9.328057242569274,4.163126503847645,92,工况6,1,电压上限扩展4%
264,节能,1.1551308812933552,1926.2371893651539,9.314916066841157,4.218195926800324,95,工况6,1,电压上限扩展4%
265,节能,1.1551308812933552,1926.2371893651539,9.255871466658178,4.4747573702878,98,工况6,1,电压上限扩展4%
266,节能,1.1551308812933552,1926.2371893651539,9.344238321887474,4.096304706057006,97,工况6,1,电压上限扩展4%
267,节能,1.1551308812933552,1926.2371893651539,9.34388297748489,4.097760563655686,93,工况6,1,电压上限扩展4%
268,节能,1.1551308812933552,1926.2371893651539,9.42454751852681,3.780196829069274,94,工况6,1,电压上限扩展4%
269,节能,1.1551308812933552,1926.2371893651539,9.306986680811663,4.251776591730678,97,工况6,1,电压上限扩展4%
270,节能,1.1551308812933552,1926.2371893651539,9.23740915080884,4.558139095657775,98,工况6,1,电压上限扩展4%
271,节能,1.1551308812933552,1926.2371893651539,9.286848067743037,4.33826947554764,89,工况6,1,电压上限扩展4%
272,节能,1.1551308812933552,1926.2371893651539,9.31932953562138,4.199620072896953,95,工况6,1,电压上限扩展4%
273,节能,1.1551308812933552,1926.2371893651539,9.365498189716394,4.010137011810624,95,工况6,1,电压上限扩展4%
274,节能,1.1551308812933552,1926.2371893651539,9.251126260709947,4.496041474369027,96,工况6,1,电压上限扩展4%
275,节能,1.1551308812933552,1926.2371893651539,9.317058188755894,4.209169707947018,97,工况6,1,电压上限扩展4%
276,节能,1.1551308812933552,1926.2371893651539,9.390340297143549,3.9117439627717254,95,工况6,1,电压上限扩展4%
277,节能,1.1551308812933552,1926.2371893651539,9.259006710834203,4.460749883223777,97,工况6,1,电压上限扩展4%
278,节能,1.1551308812933552,1926.2371893651539,9.224797956200623,4.615986671681943,97,工况6,1,电压上限扩展4%
279,节能,1.1551308812933552,1926.2371893651539,9.177692170273604,4.838629055995606,89,工况6,1,电压上限扩展4%
280,节能,1.1551308812933552,1926.2371893651539,9.26066849214284,4.453343248253574,95,工况6,1,电压上限扩展4%
281,节能,1.1551308812933552,1926.2371893651539,9.320332124754598,4.195411689440498,94,工况6,1,电压上限扩展4%
282,节能,1.1551308812933552,1926.2371893651539,9.2161302969765,4.656170368854427,98,工况6,1,电压上限扩展4%
283,节能,1.1551308812933552,1926.2371893651539,9.260042143263833,4.456133468539401,92,工况6,1,电压上限扩展4%
284,节能,1.1551308812933552,1926.2371893651539,9.30198728186044,4.273086142252273,92,工况6,1,电压上限扩展4%
285,节能,1.1551308812933552,1926.2371893651539,9.288716921119864,4.330169457219498,99,工况6,1,电压上限扩展4%
286,节能,1.1551308812933552,1926.2371893651539,9.173218290475816,4.860324997106432,98,工况6,1,电压上限扩展4%
287,节能,1.1551308812933552,1926.2371893651539,9.267884414704541,4.421323931623936,94,工况6,1,电压上限扩展4%
288,节能,1.1551308812933552,1926.2371893651539,9.284298289373188,4.3493452155595,99,工况6,1,电压上限扩展4%
289,节能,1.1551308812933552,1926.2371893651539,9.221378706453883,4.6317968970911965,94,工况6,1,电压上限扩展4%
290,节能,1.1551308812933552,1926.2371893651539,9.333522303705438,4.140436819714511,93,工况6,1,电压上限扩展4%
291,节能,1.1551308812933552,1926.2371893651539,9.367666481187003,4.001451285927602,97,工况6,1,电压上限扩展4%
292,节能,1.1551308812933552,1926.2371893651539,9.292189842938297,4.315157200519724,95,工况6,1,电压上限扩展4%
293,节能,1.1551308812933552,1926.2371893651539,9.412479317475816,3.8260933918528433,92,工况6,1,电压上限扩展4%
294,节能,1.1551308812933552,1926.2371893651539,9.376972993683296,3.964384478418377,98,工况6,1,电压上限扩展4%
295,节能,1.1551308812933552,1926.2371893651539,9.244582818648887,4.5255575242269925,95,工况6,1,电压上限扩展4%
296,节能,1.1551308812933552,1926.2371893651539,9.338879153070748,4.118316424075299,97,工况6,1,电压上限扩展4%
297,节能,1.1551308812933552,1926.2371893651539,9.250726930180043,4.497837239521516,97,工况6,1,电压上限扩展4%
298,节能,1.1551308812933552,1926.2371893651539,9.301406981952299,4.275566533363859,94,工况6,1,电压上限扩展4%
299,节能,1.1551308812933552,1926.2371893651539,9.264848135533322,4.434768706102157,98,工况6,1,电压上限扩展4%
300,节能,1.1551308812933552,1926.2371893651539,9.270490234046287,4.409817758222245,94,工况6,1,电压上限扩展4%
0,节能,1.2150219805563933,2026.108523930511,10.374673406357813,1.4617731594978522,6,工况6,2,电压上限扩展4%
1,节能,1.2026026574456017,2005.3986957801599,9.983145621338958,2.1623119070584607,12,工况6,2,电压上限扩展4%
2,节能,1.1957293963145488,1993.9371969861631,9.856224682070897,2.4549316406607455,32,工况6,2,电压上限扩展4%
3,节能,1.1910460321048393,1986.1274583165646,9.798283033732812,2.601376074005847,60,工况6,2,电压上限扩展4%
4,节能,1.1872833475072,1979.8529978885747,9.819600682775981,2.546507761403853,83,工况6,2,电压上限扩展4%
5,节能,1.1842897492579794,1974.8610265275363,9.613921757821018,3.128025078780833,84,工况6,2,电压上限扩展4%
6,节能,1.1729627908435998,1955.972769886227,9.65897276302695,2.9902315771582253,81,工况6,2,电压上限扩展4%
7,节能,1.1729627908435998,1955.972769886227,9.593471865132791,3.192651404479085,84,工况6,2,电压上限扩展4%
8,节能,1.1729627908435998,1955.972769886227,9.583014386367442,3.2262136712321485,94,工况6,2,电压上限扩展4%
9,节能,1.1717121670641342,1953.887293622954,9.347664421929558,4.082294370441545,86,工况6,2,电压上限扩展4%
10,节能,1.1693054195056838,1949.873924464898,9.438541551456291,3.727665053149346,92,工况6,2,电压上限扩展4%
11,节能,1.1681159812367479,1947.8904780302282,9.344416987882552,4.095572901076836,94,工况6,2,电压上限扩展4%
12,节能,1.1664547230773412,1945.1202488729896,9.325025107140648,4.175768824141484,91,工况6,2,电压上限扩展4%
13,节能,1.1664547230773412,1945.1202488729896,9.329985793146449,4.155105440824727,91,工况6,2,电压上限扩展4%
14,节能,1.1664547230773412,1945.1202488729896,9.217937495614425,4.647763342976834,89,工况6,2,电压上限扩展4%
15,节能,1.1664547230773412,1945.1202488729896,9.475361364960573,3.5929091876883485,88,工况6,2,电压上限扩展4%
16,节能,1.1662661471144071,1944.8057892401407,9.38054890225517,3.950233518328709,94,工况6,2,电压上限扩展4%
17,节能,1.1654256663676188,1943.404246525261,9.363198263470837,4.019370645440299,89,工况6,2,电压上限扩展4%
18,节能,1.165018472422577,1942.7252307246051,9.27481834430544,4.390772824757827,78,工况6,2,电压上限扩展4%
19,节能,1.164980517264249,1942.661938643436,9.242415783446447,4.535375200475661,85,工况6,2,电压上限扩展4%
20,节能,1.1649579820896934,1942.6243601386961,9.214219351485175,4.6650765635436855,84,工况6,2,电压上限扩展4%
21,节能,1.1648351535779433,1942.4172368059321,9.330563195754333,4.152706964617004,79,工况6,2,电压上限扩展4%
22,节能,1.1648351535779433,1942.4172368059321,9.177767286243933,4.8382656113294225,73,工况6,2,电压上限扩展4%
23,节能,1.1648351535779433,1942.4172368059321,9.236595332750525,4.5618501014030635,75,工况6,2,电压上限扩展4%
24,节能,1.1639357478213241,1940.919734545299,9.245499441605755,4.521411194908289,67,工况6,2,电压上限扩展4%
25,节能,1.163809914175541,1940.7099007921665,9.282550081971152,4.356955423231831,71,工况6,2,电压上限扩展4%
26,节能,1.163347715482412,1939.6655841333318,9.283706290041023,4.351920787315627,77,工况6,2,电压上限扩展4%
27,节能,1.163347715482412,1939.6655841333318,9.227757888940474,4.602343862465166,83,工况6,2,电压上限扩展4%
28,节能,1.1632386677844866,1939.7566971309627,9.397426194754132,3.884123718252512,84,工况6,2,电压上限扩展4%
29,节能,1.1632386677844866,1939.7566971309627,9.298106940660395,4.289699386143234,84,工况6,2,电压上限扩展4%
30,节能,1.1632386677844866,1939.7566971309627,9.231324934039547,4.585956339239489,81,工况6,2,电压上限扩展4%
31,节能,1.1632386677844866,1939.7566971309627,9.223807138501392,4.620562539526733,71,工况6,2,电压上限扩展4%
32,节能,1.1632386677844866,1939.7566971309627,9.356343889621959,4.047015550503169,75,工况6,2,电压上限扩展4%
33,节能,1.1632386677844866,1939.7566971309627,9.181624023040927,4.819641631292204,72,工况6,2,电压上限扩展4%
34,节能,1.1628937504292431,1939.178262852193,9.264676462667854,4.435530100907166,56,工况6,2,电压上限扩展4%
35,节能,1.1628937504292431,1939.178262852193,9.337141221081593,4.125480001031858,41,工况6,2,电压上限扩展4%
36,节能,1.1613546955240999,1936.6157037180362,9.194144083293933,4.759675600145844,33,工况6,2,电压上限扩展4%
37,节能,1.1612900827501165,1936.5076554673592,9.239674861248986,4.547823362965674,38,工况6,2,电压上限扩展4%
38,节能,1.1608951004445516,1935.8493064650393,9.209221171053569,4.6884518261626305,44,工况6,2,电压上限扩展4%
39,节能,1.1608951004445516,1935.8493064650393,9.370693804320167,3.989355917415454,40,工况6,2,电压上限扩展4%
40,节能,1.1608951004445516,1935.8493064650393,9.265467116211942,4.432024519345837,48,工况6,2,电压上限扩展4%
41,节能,1.1602692246383703,1934.8056279751695,9.433128689065903,3.7478970983594677,67,工况6,2,电压上限扩展4%
42,节能,1.1598280147966693,1933.842709234559,9.324276331639263,4.178896708431873,69,工况6,2,电压上限扩展4%
43,节能,1.1597100878340802,1933.8732400321162,9.254691804434758,4.480039187283972,79,工况6,2,电压上限扩展4%
44,节能,1.1592596223315323,1932.7446108862964,9.287423123701007,4.335775445010735,82,工况6,2,电压上限扩展4%
45,节能,1.1589854963734036,1932.6649483646916,9.273761477487854,4.395415739899184,75,工况6,2,电压上限扩展4%
46,节能,1.1586230124105414,1932.0604886440476,9.344016640361584,4.097212881793927,82,工况6,2,电压上限扩展4%
47,节能,1.1585672449636886,1931.9674937013763,9.199512830520472,4.734190577504467,86,工况6,2,电压上限扩展4%
48,节能,1.1585210127410097,1931.8787630932718,9.290188983490621,4.323799867069737,86,工况6,2,电压上限扩展4%
49,节能,1.1585180592876942,1931.885474183226,9.302019130764794,4.272950051307615,83,工况6,2,电压上限扩展4%
50,节能,1.158515678439528,1931.88150400257,9.234002077049174,4.573695497619538,84,工况6,2,电压上限扩展4%
51,节能,1.158515678439528,1931.88150400257,9.299584648279419,4.283365145907167,77,工况6,2,电压上限扩展4%
52,节能,1.1585120416864583,1931.8752089162474,9.454747064549121,3.6677431721165705,70,工况6,2,电压上限扩展4%
53,节能,1.1585120416864583,1931.8752089162474,9.272668440384155,4.400222719013754,65,工况6,2,电压上限扩展4%
54,节能,1.1585106538567664,1931.869127389647,9.348573204456013,4.078586137893528,57,工况6,2,电压上限扩展4%
55,节能,1.1585106538567664,1931.869127389647,9.272739190963282,4.399911411720812,47,工况6,2,电压上限扩展4%
56,节能,1.1585106538567664,1931.869127389647,9.374162000819421,3.975544012233571,45,工况6,2,电压上限扩展4%
57,节能,1.1577775273224844,1930.6506009455684,9.365198044515544,4.011340815838432,40,工况6,2,电压上限扩展4%
58,节能,1.1574179878621487,1930.0510513267689,9.200016648583995,4.731806007520516,32,工况6,2,电压上限扩展4%
59,节能,1.1574096598620431,1930.03716397965,9.211784106799668,4.676451010612161,27,工况6,2,电压上限扩展4%
60,节能,1.157405352849316,1930.0228985004826,9.23706874190236,4.559690990927411,36,工况6,2,电压上限扩展4%
61,节能,1.1574041951823548,1930.0272088353029,9.430838927269711,3.756488722583977,56,工况6,2,电压上限扩展4%
62,节能,1.1574037391999938,1930.025304367986,9.365622628975084,4.009638024381088,47,工况6,2,电压上限扩展4%
63,节能,1.1574037059272326,1930.024478742959,9.224111054463899,4.619158490182523,49,工况6,2,电压上限扩展4%
64,节能,1.1574036650914687,1930.0246398785503,9.244420989521121,4.526289950516148,38,工况6,2,电压上限扩展4%
65,节能,1.1574036650914687,1930.0246398785503,9.346639553338566,4.086480330384033,23,工况6,2,电压上限扩展4%
66,节能,1.1574036650914687,1930.0246398785503,9.315286285051778,4.2166345628927635,7,工况6,2,电压上限扩展4%
67,节能,1.1572684116561107,1929.801625694245,9.336964244891405,4.126210177375145,7,工况6,2,电压上限扩展4%
68,节能,1.1568660372178772,1929.1306466566944,9.283083529650655,4.35463183528301,13,工况6,2,电压上限扩展4%
69,节能,1.156607210856194,1928.6990410511858,9.212494331924203,4.673130856778662,22,工况6,2,电压上限扩展4%
70,节能,1.1565955918143078,1928.6796657310829,9.290781111236642,4.321240383045739,53,工况6,2,电压上限扩展4%
71,节能,1.156592856136383,1928.6751038544658,9.346268993187131,4.087994897755921,80,工况6,2,电压上限扩展4%
72,节能,1.1565631614037366,1928.625586436762,9.268352715008849,4.4192539090152545,96,工况6,2,电压上限扩展4%
73,节能,1.1562679781144423,1928.1333538779013,9.259624485847244,4.457994994444839,99,工况6,2,电压上限扩展4%
74,节能,1.1562433925092694,1928.092356179914,9.223358631718662,4.622635357967557,93,工况6,2,电压上限扩展4%
75,节能,1.1562266036366444,1928.064033767231,9.315353472382535,4.216351267988728,95,工况6,2,电压上限扩展4%
76,节能,1.1562265447368285,1928.0602494536718,9.284699953523367,4.347598590311514,84,工况6,2,电压上限扩展4%
77,节能,1.1562263308244887,1928.0599375612987,9.30525612271031,4.259140908507767,69,工况6,2,电压上限扩展4%
78,节能,1.1562261598104464,1928.0614782290208,9.416525782378576,3.810642521013861,48,工况6,2,电压上限扩展4%
79,节能,1.1562261598104464,1928.0614782290208,9.323784456228031,4.180952710575825,17,工况6,2,电压上限扩展4%
80,节能,1.1562261598104464,1928.0614782290208,9.310087798886459,4.2386117539007895,6,工况6,2,电压上限扩展4%
81,节能,1.1562261598104464,1928.0614782290208,9.284897598627532,4.346739393646065,2,工况6,2,电压上限扩展4%
82,节能,1.1562261598104464,1928.0614782290208,9.250697782749413,4.497968341831084,2,工况6,2,电压上限扩展4%
83,节能,1.1562261598104464,1928.0614782290208,9.304351319247345,4.262996337890938,5,工况6,2,电压上限扩展4%
84,节能,1.1562261541467214,1928.0615418916902,9.333669715900756,4.139826513817712,3,工况6,2,电压上限扩展4%
85,节能,1.1562261539887848,1928.0616267726755,9.338381479683129,4.120366510655807,3,工况6,2,电压上限扩展4%
86,节能,1.1546372166603813,1925.413979467031,9.299594809467127,4.283321622051024,5,工况6,2,电压上限扩展4%
87,节能,1.1546372166603813,1925.413979467031,9.342810571055006,4.102157385600956,7,工况6,2,电压上限扩展4%
88,节能,1.1546372166603813,1925.413979467031,9.315920103721544,4.213962827970404,13,工况6,2,电压上限扩展4%
89,节能,1.1546372166603813,1925.413979467031,9.247394744854894,4.5128498653006135,25,工况6,2,电压上限扩展4%
90,节能,1.1546372166603813,1925.413979467031,9.308505235592335,4.245324935897159,55,工况6,2,电压上限扩展4%
91,节能,1.1546371966840603,1925.4139461555392,9.346058775196468,4.088854358163022,85,工况6,2,电压上限扩展4%
92,节能,1.1546371858069941,1925.4139280175,9.349949557990504,4.072976422808067,93,工况6,2,电压上限扩展4%
93,节能,1.1546371797984565,1925.4139179979697,9.221721358691871,4.6302100733983735,96,工况6,2,电压上限扩展4%
94,节能,1.1546371797984565,1925.4139179979697,9.263463788544263,4.440912216201352,97,工况6,2,电压上限扩展4%
95,节能,1.1546371797984565,1925.4139179979697,9.260396796050012,4.454553368599185,92,工况6,2,电压上限扩展4%
96,节能,1.1546371762437115,1925.413912070259,9.333360443524,4.141107045809376,98,工况6,2,电压上限扩展4%
97,节能,1.1546371762437115,1925.413912070259,9.263892901365056,4.439006972644817,94,工况6,2,电压上限扩展4%
98,节能,1.1546371762437115,1925.413912070259,9.285606851211586,4.343657550530701,94,工况6,2,电压上限扩展4%
99,节能,1.1546371762437115,1925.413912070259,9.273806727968509,4.395216849724248,97,工况6,2,电压上限扩展4%
100,节能,1.1546371762257686,1925.4139120403383,9.362824790465211,4.020872052225976,96,工况6,2,电压上限扩展4%
101,节能,1.1546371762257686,1925.4139120403383,9.308795676250506,4.244092099970133,96,工况6,2,电压上限扩展4%
102,节能,1.154637175880999,1925.413911465418,9.234061629027462,4.5734231331145745,93,工况6,2,电压上限扩展4%
103,节能,1.1546371753365647,1925.4139105575473,9.241085204790151,4.541413890500809,91,工况6,2,电压上限扩展4%
104,节能,1.1546371751514133,1925.4139102487982,9.3075663811176,4.249312549811611,97,工况6,2,电压上限扩展4%
105,节能,1.1546371751514133,1925.4139102487982,9.258690703027847,4.4621597377598645,95,工况6,2,电压上限扩展4%
106,节能,1.1546371751514133,1925.4139102487982,9.27845076607772,4.374852617909943,98,工况6,2,电压上限扩展4%
107,节能,1.1546371751128972,1925.4139101845708,9.358302609739239,4.039096338021749,90,工况6,2,电压上限扩展4%
108,节能,1.1546371750926032,1925.4139101507296,9.305060400414359,4.259974598928398,91,工况6,2,电压上限扩展4%
109,节能,1.1546371750926032,1925.4139101507296,9.398772815347563,3.8788967973955826,94,工况6,2,电压上限扩展4%
110,节能,1.1546371750871347,1925.4139101416106,9.29542516974574,4.301218816522397,95,工况6,2,电压上限扩展4%
111,节能,1.1546371750871347,1925.4139101416106,9.322405070949026,4.186723834583699,94,工况6,2,电压上限扩展4%
112,节能,1.1546371750871347,1925.4139101416106,9.211994447028463,4.675467468279525,97,工况6,2,电压上限扩展4%
113,节能,1.1546371750747046,1925.413910120883,9.174581926922995,4.85370179763966,97,工况6,2,电压上限扩展4%
114,节能,1.1546371750747046,1925.413910120883,9.304606206584445,4.261909892572765,99,工况6,2,电压上限扩展4%
115,节能,1.1546371750718927,1925.4139101161938,9.316333929245294,4.2122193433701485,96,工况6,2,电压上限扩展4%
116,节能,1.1546371750714102,1925.4139101153892,9.28356544939956,4.35253375779547,90,工况6,2,电压上限扩展4%
117,节能,1.1546371750705688,1925.4139101139863,9.215841626121637,4.657514663555206,94,工况6,2,电压上限扩展4%
118,节能,1.1546371750678477,1925.4139101094486,9.401635551461093,3.8678084185769426,95,工况6,2,电压上限扩展4%
119,节能,1.1546371750678477,1925.4139101094486,9.33176721627424,4.147710029028594,92,工况6,2,电压上限扩展4%
120,节能,1.1546371750677515,1925.413910109288,9.36768246791872,4.001387316310753,94,工况6,2,电压上限扩展4%
121,节能,1.1546371750671323,1925.4139101082555,9.218844352145277,4.643550398992007,93,工况6,2,电压上限扩展4%
122,节能,1.1546371750671323,1925.4139101082555,9.290946749754067,4.320524678471013,93,工况6,2,电压上限扩展4%
123,节能,1.1546371750670281,1925.413910108082,9.264735227266872,4.435269456417764,90,工况6,2,电压上限扩展4%
124,节能,1.1546371750670281,1925.413910108082,9.348879034969643,4.077338972520424,98,工况6,2,电压上限扩展4%
125,节能,1.1546371750669377,1925.4139101079313,9.310814763855442,4.235531551373902,94,工况6,2,电压上限扩展4%
126,节能,1.154637175066859,1925.4139101078,9.187982332493878,4.78909407666569,96,工况6,2,电压上限扩展4%
127,节能,1.154637175066859,1925.4139101078,9.309314913933777,4.241888979441653,94,工况6,2,电压上限扩展4%
128,节能,1.1546371750667528,1925.4139101076228,9.356070513602544,4.048122058744394,97,工况6,2,电压上限扩展4%
129,节能,1.1546371750667508,1925.4139101076196,9.302726755683405,4.269927474926636,93,工况6,2,电压上限扩展4%
130,节能,1.1546371750667508,1925.4139101076196,9.144926664333253,4.999795110286309,97,工况6,2,电压上限扩展4%
131,节能,1.1546371750666722,1925.4139101074884,9.19428303296777,4.759014290719066,94,工况6,2,电压上限扩展4%
132,节能,1.1546371750666722,1925.4139101074884,9.238275689835326,4.554191001079302,91,工况6,2,电压上限扩展4%
133,节能,1.1546371750666722,1925.4139101074884,9.314755072951101,4.2188750852403105,96,工况6,2,电压上限扩展4%
134,节能,1.1546371750666682,1925.4139101074816,9.40590142158793,3.8513439927068496,95,工况6,2,电压上限扩展4%
135,节能,1.1546371750666622,1925.4139101074716,9.262170977729873,4.446657188321094,94,工况6,2,电压上限扩展4%
136,节能,1.1545197238396885,1925.2180544473063,9.329340180640834,4.157788895002049,93,工况6,2,电压上限扩展4%
137,节能,1.1541978795658776,1924.6813633939905,9.364585825150368,4.013797388270091,98,工况6,2,电压上限扩展4%
138,节能,1.1541827669726574,1924.6350650290876,9.248721818969523,4.5068649511518375,88,工况6,2,电压上限扩展4%
139,节能,1.1541780173594254,1924.6399648767915,9.283417224084104,4.353178961301319,72,工况6,2,电压上限扩展4%
140,节能,1.154176787663235,1924.6434625059574,9.297256519928048,4.2933489870649355,76,工况6,2,电压上限扩展4%
141,节能,1.1541767670040395,1924.6437430478986,9.294048514256037,4.307144190682209,58,工况6,2,电压上限扩展4%
142,节能,1.154176757608345,1924.6440579539726,9.278896351845264,4.372903680090024,32,工况6,2,电压上限扩展4%
143,节能,1.15417675750907,1924.6441298646039,9.295393133281333,4.301356614573191,15,工况6,2,电压上限扩展4%
144,节能,1.1541767574572013,1924.6441042875804,9.317638666415851,4.206727087976336,2,工况6,2,电压上限扩展4%
145,节能,1.154176757457128,1924.6441032787277,9.144856184979131,5.000147505034554,0,工况6,2,电压上限扩展4%
146,节能,1.154176757457128,1924.6441032787277,9.36160054966088,4.02579758226355,4,工况6,2,电压上限扩展4%
147,节能,1.154176757457128,1924.6441032787277,9.277264342746507,4.380046125366458,4,工况6,2,电压上限扩展4%
148,节能,1.1541767574571278,1924.6441032698845,9.23771087945044,4.5567639820062436,7,工况6,2,电压上限扩展4%
149,节能,1.1541767574571276,1924.6441032757516,9.294668922271429,4.304472832654513,6,工况6,2,电压上限扩展4%
150,节能,1.1541767574571276,1924.6441032757516,9.330239240058608,4.154052475622078,10,工况6,2,电压上限扩展4%
151,节能,1.1541767574571276,1924.6441032757516,9.328069576565202,4.163075156178961,4,工况6,2,电压上限扩展4%
152,节能,1.1541767574571273,1924.644103303677,9.374697160459212,3.9734170307201064,6,工况6,2,电压上限扩展4%
153,节能,1.1541767574571273,1924.644103303677,9.30400935505239,4.264454379286491,3,工况6,2,电压上限扩展4%
154,节能,1.1541767574571273,1924.644103303677,9.25851598644078,4.462939419189848,8,工况6,2,电压上限扩展4%
155,节能,1.1541767574571273,1924.644103303677,9.290022248193079,4.324520857232669,7,工况6,2,电压上限扩展4%
156,节能,1.1541767574571273,1924.644103303677,9.346530619108918,4.086925512218123,5,工况6,2,电压上限扩展4%
157,节能,1.1541767574571273,1924.644103303677,9.319696678944567,4.1980784934348865,5,工况6,2,电压上限扩展4%
158,节能,1.1541767574571273,1924.644103303677,9.324637687764778,4.177386911312036,9,工况6,2,电压上限扩展4%
159,节能,1.1541767574571273,1924.644103303677,9.30184428878126,4.2736972076853785,5,工况6,2,电压上限扩展4%
160,节能,1.1539267671663953,1924.2292702201019,9.229144330276347,4.595967404006549,2,工况6,2,电压上限扩展4%
161,节能,1.1539153103646864,1924.2101654434223,9.383074905369462,3.940267808165692,11,工况6,2,电压上限扩展4%
162,节能,1.1538340909463536,1924.0747280946118,9.313296318422125,4.225033879370361,24,工况6,2,电压上限扩展4%
163,节能,1.153828665901391,1924.065681567045,9.219571514071193,4.640175013315495,48,工况6,2,电压上限扩展4%
164,节能,1.1538285193229316,1924.0654371403014,9.307586338479773,4.249227745588303,66,工况6,2,电压上限扩展4%
165,节能,1.1538284044555294,1924.0652455932952,9.398982601108482,3.8780831454286964,84,工况6,2,电压上限扩展4%
166,节能,1.1538284044555294,1924.0652455932952,9.368961971754754,3.996270799889301,91,工况6,2,电压上限扩展4%
167,节能,1.1538284044555294,1924.0652455932952,9.315823689038515,4.214369135447445,96,工况6,2,电压上限扩展4%
168,节能,1.1538284044555294,1924.0652455932952,9.36133627070686,4.0268616564377,98,工况6,2,电压上限扩展4%
169,节能,1.1538284044555294,1924.0652455932952,9.295799933525446,4.299607177512204,98,工况6,2,电压上限扩展4%
170,节能,1.1536219479578806,1923.7209692950878,9.239548651806134,4.548397377440765,97,工况6,2,电压上限扩展4%
171,节能,1.1535931750695987,1923.6729890979068,9.284317394057286,4.3492621234868505,94,工况6,2,电压上限扩展4%
172,节能,1.1535748060561202,1923.6423578703402,9.289070008699397,4.328640798058043,88,工况6,2,电压上限扩展4%
173,节能,1.1535736205886107,1923.6389864638984,9.287294697763464,4.336332306794219,78,工况6,2,电压上限扩展4%
174,节能,1.1535736205886107,1923.6389864638984,9.256141682101157,4.473548385093353,57,工况6,2,电压上限扩展4%
175,节能,1.1535736205886107,1923.6389864638984,9.238741880920244,4.552068372649254,29,工况6,2,电压上限扩展4%
176,节能,1.1535735989233697,1923.638533667288,9.220084759802573,4.6377940743527,23,工况6,2,电压上限扩展4%
177,节能,1.1535735985293902,1923.638435186976,9.230938254460161,4.587729977800633,11,工况6,2,电压上限扩展4%
178,节能,1.1535735984882323,1923.6384513556563,9.29641200087059,4.296976333570864,5,工况6,2,电压上限扩展4%
179,节能,1.153573598484229,1923.638462832243,9.224455540471787,4.617567528762144,4,工况6,2,电压上限扩展4%
180,节能,1.1535735984832907,1923.638458466513,9.388399313464667,3.919343967315787,9,工况6,2,电压上限扩展4%
181,节能,1.1535735984832316,1923.6384591671451,9.191908688761359,4.770327253847946,4,工况6,2,电压上限扩展4%
182,节能,1.1534646932614752,1923.458739404671,9.198659985134423,4.738229832280241,3,工况6,2,电压上限扩展4%
183,节能,1.1533011888765672,1923.1860878532887,9.188458362653284,4.786814865978516,10,工况6,2,电压上限扩展4%
184,节能,1.1533011888765672,1923.1860878532887,9.36982357353987,3.9928290887394584,25,工况6,2,电压上限扩展4%
185,节能,1.1532484400750436,1923.098126649208,9.28820745282255,4.332376103340344,44,工况6,2,电压上限扩展4%
186,节能,1.153118578065469,1922.8815754026098,9.289013269654575,4.328886407970074,57,工况6,2,电压上限扩展4%
187,节能,1.1531150884385097,1922.8753186785948,9.341352403874378,4.108143380100127,61,工况6,2,电压上限扩展4%
188,节能,1.1531146127444123,1922.8716110232454,9.29982608960897,4.282331089368401,61,工况6,2,电压上限扩展4%
189,节能,1.1531146077215157,1922.872499382797,9.290615909621808,4.321954317905076,49,工况6,2,电压上限扩展4%
190,节能,1.1531145826709681,1922.872139718726,9.221896662004365,4.629398453376882,32,工况6,2,电压上限扩展4%
191,节能,1.1531145294868819,1922.8729909474282,9.271075747366865,4.407236506935734,18,工况6,2,电压上限扩展4%
192,节能,1.1531145294868819,1922.8729909474282,9.277283091518322,4.379964005650938,5,工况6,2,电压上限扩展4%
193,节能,1.1527737374120333,1922.306536762565,9.354552080537202,4.054273530247877,9,工况6,2,电压上限扩展4%
194,节能,1.1527318588422184,1922.2367022010264,9.29531602665649,4.301688290451027,13,工况6,2,电压上限扩展4%
195,节能,1.1527246809901526,1922.224732781965,9.255711387585267,4.475473742635718,30,工况6,2,电压上限扩展4%
196,节能,1.1527238459945786,1922.223231414084,9.295713839404995,4.299977364345665,47,工况6,2,电压上限扩展4%
197,节能,1.1527238459945786,1922.223231414084,9.266364058906872,4.428051029592158,73,工况6,2,电压上限扩展4%
198,节能,1.1527237591736117,1922.223052227785,9.291093694656384,4.319889846038014,73,工况6,2,电压上限扩展4%
199,节能,1.1527237591736117,1922.223052227785,9.231425431337726,4.58549548617546,55,工况6,2,电压上限扩展4%
200,节能,1.1527237591736117,1922.223052227785,9.268911015286767,4.41678732694046,28,工况6,2,电压上限扩展4%
201,节能,1.1527237529671872,1922.2230396140067,9.363420512461916,4.018477443629854,9,工况6,2,电压上限扩展4%
202,节能,1.1527237445336436,1922.2230182129294,9.266618974729793,4.426922393179763,4,工况6,2,电压上限扩展4%
203,节能,1.1527237409539002,1922.2230093758712,9.355853574612071,4.049000349521441,3,工况6,2,电压上限扩展4%
204,节能,1.1527237409539002,1922.2230093758712,9.370295563093581,3.990944959799386,5,工况6,2,电压上限扩展4%
205,节能,1.1527237383260973,1922.223004003398,9.314487489423419,4.220004137769662,5,工况6,2,电压上限扩展4%
206,节能,1.1527237383260973,1922.223004003398,9.22519577069954,4.614150730463368,2,工况6,2,电压上限扩展4%
207,节能,1.1527237365749814,1922.2230000637253,9.242218363766636,4.536270661183436,6,工况6,2,电压上限扩展4%
208,节能,1.1527237320586734,1922.2229907316125,9.304662306299628,4.261670807348027,3,工况6,2,电压上限扩展4%
209,节能,1.1527237320143862,1922.222990111868,9.320464035244491,4.19485830712851,2,工况6,2,电压上限扩展4%
210,节能,1.1527237301338351,1922.2229861573305,9.192714150045028,4.766486486936712,3,工况6,2,电压上限扩展4%
211,节能,1.152723728995975,1922.2229835271405,9.226185803236142,4.609584831678552,5,工况6,2,电压上限扩展4%
212,节能,1.152723728995975,1922.2229835271405,9.270835251748263,4.408296555469199,5,工况6,2,电压上限扩展4%
213,节能,1.152723728995975,1922.2229835271405,9.248433410860859,4.5081649550052205,6,工况6,2,电压上限扩展4%
214,节能,1.152723728995975,1922.2229835271405,9.378707577246802,3.957513882796489,7,工况6,2,电压上限扩展4%
215,节能,1.1527237279506133,1922.2229812342798,9.318945706074167,4.201232320562349,3,工况6,2,电压上限扩展4%
216,节能,1.1527237279506133,1922.2229812342798,9.252446954844615,4.490107498110944,9,工况6,2,电压上限扩展4%
217,节能,1.1527237279506133,1922.2229812342798,9.185572101459815,4.80065082145215,2,工况6,2,电压上限扩展4%
218,节能,1.1527237279506133,1922.2229812342798,9.377384089004748,3.9627550734501895,4,工况6,2,电压上限扩展4%
219,节能,1.1527237278378262,1922.2229809946311,9.144876681721577,5.000045019349269,0,工况6,2,电压上限扩展4%
220,节能,1.1527237278378262,1922.2229809946311,9.290611607985813,4.321972909419325,7,工况6,2,电压上限扩展4%
221,节能,1.1527237278378262,1922.2229809946311,9.253131351078252,4.487035536789896,2,工况6,2,电压上限扩展4%
222,节能,1.15272372777793,1922.2229808569684,9.228324882340372,4.599735103515528,3,工况6,2,电压上限扩展4%
223,节能,1.15272372777793,1922.2229808569684,9.451933576983999,3.678076851946699,5,工况6,2,电压上限扩展4%
224,节能,1.15272372777793,1922.2229808569684,9.366833911394112,4.004784160628869,6,工况6,2,电压上限扩展4%
225,节能,1.1527237277762812,1922.2229808534505,9.263015033798201,4.442905543859388,5,工况6,2,电压上限扩展4%
226,节能,1.152551897614191,1921.3064418260997,9.279316875089311,4.371065159046077,5,工况6,2,电压上限扩展4%
227,节能,1.1522346916561594,1921.3704411974572,9.372142248459335,3.9835817410133165,3,工况6,2,电压上限扩展4%
228,节能,1.1522277496414042,1921.375832460702,9.310441747852032,4.237111767130072,10,工况6,2,电压上限扩展4%
229,节能,1.1522277496414042,1921.375832460702,9.28524006018634,4.345251057361118,19,工况6,2,电压上限扩展4%
230,节能,1.1521243551371256,1921.1839136110145,9.355504449316854,4.050414204755756,43,工况6,2,电压上限扩展4%
231,节能,1.1521243551371256,1921.1839136110145,9.35079766048431,4.0695235857334975,57,工况6,2,电压上限扩展4%
232,节能,1.1521025019614946,1921.1778022893322,9.405239338788109,3.8538947456322616,52,工况6,2,电压上限扩展4%
233,节能,1.1521025019614946,1921.1778022893322,9.213379975011643,4.668993962914785,45,工况6,2,电压上限扩展4%
234,节能,1.1521010585126492,1921.1837639310047,9.303723510621786,4.265673524054943,45,工况6,2,电压上限扩展4%
235,节能,1.1521010585126492,1921.1837639310047,9.233018521671825,4.578196193399524,62,工况6,2,电压上限扩展4%
236,节能,1.1521010143276966,1921.1827147815293,9.347973490742838,4.081032855522514,49,工况6,2,电压上限扩展4%
237,节能,1.152100757572166,1921.1825832191234,9.279877250937265,4.368616405876263,34,工况6,2,电压上限扩展4%
238,节能,1.152100757572166,1921.1825832191234,9.295647947476443,4.300260707481841,14,工况6,2,电压上限扩展4%
239,节能,1.152100757572166,1921.1825832191234,9.233744315485566,4.574874572476034,6,工况6,2,电压上限扩展4%
240,节能,1.152100757572166,1921.1825832191234,9.37555080665797,3.9700265857018913,4,工况6,2,电压上限扩展4%
241,节能,1.152100757572166,1921.1825832191234,9.280722194781161,4.364926729342025,9,工况6,2,电压上限扩展4%
242,节能,1.152100757572166,1921.1825832191234,9.28070813260647,4.364988110135776,4,工况6,2,电压上限扩展4%
243,节能,1.152100757572166,1921.1825832191234,9.177603186540786,4.8390596344276835,2,工况6,2,电压上限扩展4%
244,节能,1.152100757572166,1921.1825832191234,9.360146979509423,4.031653616512144,4,工况6,2,电压上限扩展4%
245,节能,1.152100757572166,1921.1825832191234,9.319273043910188,4.199857323322504,4,工况6,2,电压上限扩展4%
246,节能,1.152100755589215,1921.1823917714166,9.25368396131667,4.48455664000708,4,工况6,2,电压上限扩展4%
247,节能,1.152100755589215,1921.1823917714166,9.301370569842197,4.275722218597618,6,工况6,2,电压上限扩展4%
248,节能,1.152100755589215,1921.1823917714166,9.382066646390191,3.944242622048171,5,工况6,2,电压上限扩展4%
249,节能,1.1521007555181761,1921.1824173311961,9.27837103136106,4.37520145945107,3,工况6,2,电压上限扩展4%
250,节能,1.1521007555059215,1921.1824270669376,9.308251747623645,4.246401211097234,7,工况6,2,电压上限扩展4%
251,节能,1.1521007555059215,1921.1824270669376,9.301637392232113,4.274581512366384,7,工况6,2,电压上限扩展4%
252,节能,1.1521007555059215,1921.1824270669376,9.31115290059503,4.23409960465524,7,工况6,2,电压上限扩展4%
253,节能,1.1521007555059215,1921.1824270669376,9.299377738054682,4.284251509647835,5,工况6,2,电压上限扩展4%
254,节能,1.1521007555059215,1921.1824270669376,9.26439332620451,4.436786139019694,4,工况6,2,电压上限扩展4%
255,节能,1.15210075550513,1921.1824246409283,9.320158982393245,4.196138155816493,4,工况6,2,电压上限扩展4%
256,节能,1.1521007555039875,1921.1824216372975,9.207213172817214,4.697875687542854,5,工况6,2,电压上限扩展4%
257,节能,1.1521007555037017,1921.1824223884225,9.44725557561625,3.695323208278888,4,工况6,2,电压上限扩展4%
258,节能,1.1521007555037017,1921.1824223884225,9.374026959982434,3.97608090927516,9,工况6,2,电压上限扩展4%
259,节能,1.1521007555037017,1921.1824223884225,9.280241807987924,4.367024086227188,9,工况6,2,电压上限扩展4%
260,节能,1.1521007555037017,1921.1824223884225,9.303668184550286,4.265909533542009,6,工况6,2,电压上限扩展4%
261,节能,1.1521007555036595,1921.1824217989897,9.238221244041204,4.554438964375157,3,工况6,2,电压上限扩展4%
262,节能,1.1521007555036595,1921.1824217989897,9.290232191956905,4.323613046345109,5,工况6,2,电压上限扩展4%
263,节能,1.1521007555036595,1921.1824217989897,9.370258836490878,3.991091536340947,8,工况6,2,电压上限扩展4%
264,节能,1.1521007555036595,1921.1824217989897,9.240600502126453,4.543615659469025,3,工况6,2,电压上限扩展4%
265,节能,1.1521007555036595,1921.1824217989897,9.408244671222073,3.8423298975671156,6,工况6,2,电压上限扩展4%
266,节能,1.1521007555036595,1921.1824217989897,9.293475646772919,4.309612320422289,7,工况6,2,电压上限扩展4%
267,节能,1.1521007555036595,1921.1824217989897,9.328265885829481,4.1622579861695606,3,工况6,2,电压上限扩展4%
268,节能,1.1521007555036595,1921.1824217989897,9.263394387428878,4.441220431157587,7,工况6,2,电压上限扩展4%
269,节能,1.1521007555036595,1921.1824217989897,9.29573858343043,4.299870966912748,8,工况6,2,电压上限扩展4%
270,节能,1.1521007555036593,1921.1824217993371,9.248752670929882,4.5067259076779145,10,工况6,2,电压上限扩展4%
271,节能,1.1521007555036593,1921.1824217993371,9.395354532437038,3.8921786516647208,9,工况6,2,电压上限扩展4%
272,节能,1.1521007555036593,1921.1824217993371,9.232922240083722,4.578637010620623,4,工况6,2,电压上限扩展4%
273,节能,1.1521007555036593,1921.1824217993371,9.260460263871177,4.454270656774261,8,工况6,2,电压上限扩展4%
274,节能,1.1521007555036593,1921.1824217993371,9.295862094320297,4.299339918819095,4,工况6,2,电压上限扩展4%
275,节能,1.1521007555036593,1921.1824217993371,9.27677090668656,4.382207931381607,3,工况6,2,电压上限扩展4%
276,节能,1.1521007555036593,1921.1824217993371,9.285248553717953,4.345214150990628,5,工况6,2,电压上限扩展4%
277,节能,1.1521007555036593,1921.1824217993371,9.203198049951556,4.716776154092104,3,工况6,2,电压上限扩展4%
278,节能,1.1521007555036593,1921.1824217993371,9.305729683542856,4.257124423695001,4,工况6,2,电压上限扩展4%
279,节能,1.1521007555036593,1921.1824217993371,9.306271305786579,4.2548192947237435,5,工况6,2,电压上限扩展4%
280,节能,1.1521007555036593,1921.1824217993371,9.305281181094426,4.259034182656071,10,工况6,2,电压上限扩展4%
281,节能,1.1521007555036593,1921.1824217993371,9.391274370550118,3.9080918127164557,2,工况6,2,电压上限扩展4%
282,节能,1.1521007555036593,1921.1824217993371,9.290343260991127,4.323132853487473,10,工况6,2,电压上限扩展4%
283,节能,1.1521007555036593,1921.1824217993371,9.275119116062427,4.3894524028835535,4,工况6,2,电压上限扩展4%
284,节能,1.1521007555036593,1921.1824217993371,9.397022693101398,3.8856912848288343,2,工况6,2,电压上限扩展4%
285,节能,1.1521007555036593,1921.1824217993371,9.32795618562793,4.163547237937247,6,工况6,2,电压上限扩展4%
286,节能,1.1521007555036593,1921.1824217993371,9.342634388488422,4.102880177887512,6,工况6,2,电压上限扩展4%
287,节能,1.1521007555036593,1921.1824217993371,9.253181525138,4.486810409648601,8,工况6,2,电压上限扩展4%
288,节能,1.1521007555036593,1921.1824217993371,9.243479690938647,4.5305525467035705,5,工况6,2,电压上限扩展4%
289,节能,1.1521007555036593,1921.1824217993371,9.380000345925806,3.9524010383767183,6,工况6,2,电压上限扩展4%
290,节能,1.1521007555036593,1921.1824217993371,9.248993602910419,4.505640224072443,2,工况6,2,电压上限扩展4%
291,节能,1.1521007555036593,1921.1824217993371,9.296018867356969,4.298665951075704,6,工况6,2,电压上限扩展4%
292,节能,1.1521007555036593,1921.1824217993371,9.326042174695917,4.171523944182905,7,工况6,2,电压上限扩展4%
293,节能,1.1521007555036593,1921.1824217993371,9.324969670266274,4.176000322129909,4,工况6,2,电压上限扩展4%
294,节能,1.1521007555036593,1921.1824217993371,9.283514056263163,4.352757453904731,3,工况6,2,电压上限扩展4%
295,节能,1.1521007555036593,1921.1824217993371,9.280233325087012,4.367061131416914,5,工况6,2,电压上限扩展4%
296,节能,1.1521007555036593,1921.1824217993371,9.25925976707393,4.459621205447467,5,工况6,2,电压上限扩展4%
297,节能,1.1521007555036593,1921.1824217993371,9.19279800652128,4.766086802934096,3,工况6,2,电压上限扩展4%
298,节能,1.1521007555036593,1921.1824217993371,9.271701927394579,4.4044776473192195,7,工况6,2,电压上限扩展4%
299,节能,1.1521007555036593,1921.1824217993371,9.334825630723998,4.135043991611406,8,工况6,2,电压上限扩展4%
300,节能,1.1521007555036593,1921.1824217993371,9.245909155951479,4.5195590873222535,6,工况6,2,电压上限扩展4%
0,节能,1.2213323576734532,2036.6313861261692,10.010639475078063,2.103671439834824,7,工况6,3,电压上限扩展4%
1,节能,1.1866002212204336,1978.7138514248172,10.010639475078063,2.103671439834824,19,工况6,3,电压上限扩展4%
2,节能,1.1866002212204336,1978.7138514248172,10.107064640739376,1.910297439164624,49,工况6,3,电压上限扩展4%
3,节能,1.1866002212204336,1978.7138514248172,10.107064640739376,1.910297439164624,73,工况6,3,电压上限扩展4%
4,节能,1.1866002212204336,1978.7138514248172,9.809375018593647,2.572681086359758,79,工况6,3,电压上限扩展4%
5,节能,1.1755371401742434,1960.26562318918,9.973485223108293,2.183301923902472,77,工况6,3,电压上限扩展4%
6,节能,1.1706522332225622,1952.1198021490732,9.822957354518067,2.537974300785587,86,工况6,3,电压上限扩展4%
7,节能,1.1706522332225622,1952.1198021490732,10.047049112549608,2.0284551336687047,83,工况6,3,电压上限扩展4%
8,节能,1.1706522332225622,1952.1198021490732,9.69528420243373,2.883599659743815,87,工况6,3,电压上限扩展4%
9,节能,1.1688323936219618,1949.085130689653,9.695119528199896,2.8840745534087664,85,工况6,3,电压上限扩展4%
10,节能,1.1688323936219618,1949.085130689653,9.55272187962148,3.3254390761383035,74,工况6,3,电压上限扩展4%
11,节能,1.1687814945738195,1949.0002540397227,9.441282735056632,3.717460831050843,72,工况6,3,电压上限扩展4%
12,节能,1.1687814945738195,1949.0002540397227,9.35718540880777,4.043611341826498,79,工况6,3,电压上限扩展4%
13,节能,1.1683656623590872,1948.306833502254,9.355109919218405,4.05201253034376,79,工况6,3,电压上限扩展4%
14,节能,1.1683656623590872,1948.306833502254,9.355485812574903,4.050489691983499,78,工况6,3,电压上限扩展4%
15,节能,1.1682062139984593,1948.040945569554,9.319238624935261,4.200001880594154,80,工况6,3,电压上限扩展4%
16,节能,1.1669625972552229,1945.9189679408778,9.404286117158977,3.8575701129016884,77,工况6,3,电压上限扩展4%
17,节能,1.165537523306415,1943.590773436529,9.458542084384652,3.653850392387927,79,工况6,3,电压上限扩展4%
18,节能,1.165537523306415,1943.590773436529,9.313669255654066,4.223458500707471,72,工况6,3,电压上限扩展4%
19,节能,1.165309572244863,1943.2106539026931,9.306141361556996,4.255372219862949,87,工况6,3,电压上限扩展4%
20,节能,1.165309572244863,1943.2106539026931,9.304788753635442,4.26113196449666,87,工况6,3,电压上限扩展4%
21,节能,1.1644749657057176,1941.818906716098,9.283774985826772,4.351621838965986,87,工况6,3,电压上限扩展4%
22,节能,1.1644731562417188,1941.8158893464615,9.343271653197263,4.100266390071364,90,工况6,3,电压上限扩展4%
23,节能,1.1636884853479086,1940.5074122885394,9.397861371418864,3.8824338059792587,86,工况6,3,电压上限扩展4%
24,节能,1.1633584044257288,1939.9569862215894,9.272232534649852,4.402141219441473,83,工况6,3,电压上限扩展4%
25,节能,1.1633117848469738,1939.8792457959767,9.39705281858683,3.8855742282558396,80,工况6,3,电压上限扩展4%
26,节能,1.1633117848469738,1939.8792457959767,9.265013289405395,4.4340363473562014,86,工况6,3,电压上限扩展4%
27,节能,1.1633117848469738,1939.8792457959767,9.383957133188222,3.936793127247417,92,工况6,3,电压上限扩展4%
28,节能,1.1633117848469738,1939.8792457959767,9.297113466955105,4.293963207333387,88,工况6,3,电压上限扩展4%
29,节能,1.1632894248076122,1939.8419593377305,9.273460558646523,4.396738602337938,83,工况6,3,电压上限扩展4%
30,节能,1.1630386755793476,1939.423822746882,9.311477654938095,4.232724785670958,80,工况6,3,电压上限扩展4%
31,节能,1.1617994316821578,1937.3573229933752,9.21109943623719,4.679653935305003,73,工况6,3,电压上限扩展4%
32,节能,1.1615551936231208,1936.9500440953784,9.331208273389896,4.1500290100642445,75,工况6,3,电压上限扩展4%
33,节能,1.1612279013790021,1936.4042682853626,9.347046824535404,4.084816363514911,82,工况6,3,电压上限扩展4%
34,节能,1.1611353846914416,1936.2499921880803,9.201959317167866,4.722622599691829,85,工况6,3,电压上限扩展4%
35,节能,1.161086979541559,1936.1692742353612,9.286962854637393,4.337771527647156,95,工况6,3,电压上限扩展4%
36,节能,1.161086979541559,1936.1692742353612,9.349734580686919,4.073852114420548,93,工况6,3,电压上限扩展4%
37,节能,1.1606572162963036,1935.4526230237632,9.166932013712175,4.890974580148061,91,工况6,3,电压上限扩展4%
38,节能,1.1605847173657406,1935.331727514431,9.36643435964093,4.006384598869023,90,工况6,3,电压上限扩展4%
39,节能,1.1603134533289565,1934.8793814779317,9.371675818659693,3.9854402356415806,87,工况6,3,电压上限扩展4%
40,节能,1.1602691368439466,1934.8054815736778,9.354825352071703,4.053165764066352,90,工况6,3,电压上限扩展4%
41,节能,1.157388584423256,1930.0020196556334,9.300011171143645,4.281538582299872,95,工况6,3,电压上限扩展4%
42,节能,1.157388584423256,1930.0020196556334,9.14864803049456,4.981223619041339,92,工况6,3,电压上限扩展4%
43,节能,1.1573323237571569,1929.9082022457676,9.327355611313493,4.166048508489537,90,工况6,3,电压上限扩展4%
44,节能,1.1573323237571569,1929.9082022457676,9.252389274621589,4.490366495982303,93,工况6,3,电压上限扩展4%
45,节能,1.1573228990390996,1929.8924860678735,9.328216545828486,4.162463357049197,97,工况6,3,电压上限扩展4%
46,节能,1.1566677259354174,1928.7999529028257,9.45223234213543,3.6769781348964083,95,工况6,3,电压上限扩展4%
47,节能,1.156463275823857,1928.459022351461,9.237871435724875,4.556032423687521,99,工况6,3,电压上限扩展4%
48,节能,1.156128248477088,1927.9003478798045,9.311289935400136,4.233519425394397,98,工况6,3,电压上限扩展4%
49,节能,1.1558876245935814,1927.4990957961088,9.346683595977765,4.086300354968571,91,工况6,3,电压上限扩展4%
50,节能,1.1549341624930056,1925.9091511530198,9.312494911094014,4.2284212096171565,94,工况6,3,电压上限扩展4%
51,节能,1.1549341624930056,1925.9091511530198,9.300179039447944,4.280819908001276,94,工况6,3,电压上限扩展4%
52,节能,1.1547994387638507,1925.6844927514562,9.32713713171716,4.166958804522908,87,工况6,3,电压上限扩展4%
53,节能,1.1547057740830426,1925.5283023193376,9.28511685647378,4.345786441403364,87,工况6,3,电压上限扩展4%
54,节能,1.1546562603675565,1925.4457357793053,9.260752912177425,4.452967312731001,90,工况6,3,电压上限扩展4%
55,节能,1.1546530505485013,1925.4103833179056,9.256399870471528,4.47239351601933,86,工况6,3,电压上限扩展4%
56,节能,1.1546414990602751,1925.4210884997115,9.307479896816393,4.249680064529989,84,工况6,3,电压上限扩展4%
57,节能,1.1546414990602751,1925.4210884997115,9.307683484220894,4.248814971259726,87,工况6,3,电压上限扩展4%
58,节能,1.1546414990602751,1925.4210884997115,9.309744576951037,4.240066788116011,77,工况6,3,电压上限扩展4%
59,节能,1.1546414990602751,1925.4210884997115,9.31557878956945,4.215401358601452,66,工况6,3,电压上限扩展4%
60,节能,1.1544474009717163,1925.0974525309468,9.248027647538796,4.509994574164839,50,工况6,3,电压上限扩展4%
61,节能,1.1544300595097643,1925.0685347957615,9.251676033239773,4.4935703536128555,30,工况6,3,电压上限扩展4%
62,节能,1.154330093917102,1924.9018372852356,9.30786291855866,4.248052656353845,40,工况6,3,电压上限扩展4%
63,节能,1.1541039616723963,1924.5247507173665,9.204797569754438,4.709237607862119,51,工况6,3,电压上限扩展4%
64,节能,1.1528183244123087,1922.3808877642423,9.296500904337387,4.296594334458842,73,工况6,3,电压上限扩展4%
65,节能,1.1526158960942763,1922.0433286523796,9.295857317311647,4.299360456852131,75,工况6,3,电压上限扩展4%
66,节能,1.1524688361236959,1921.6833724729345,9.229479256624415,4.5944283511771395,83,工况6,3,电压上限扩展4%
67,节能,1.1524271291574586,1921.709070412916,9.267322171910333,4.423810488104079,83,工况6,3,电压上限扩展4%
68,节能,1.152426589349566,1921.7276504052097,9.210189668224709,4.68391327197517,83,工况6,3,电压上限扩展4%
69,节能,1.1524239773459677,1921.711382032745,9.354287991412228,4.055344361188063,84,工况6,3,电压上限扩展4%
70,节能,1.1524225457496335,1921.7199623753052,9.380081452026626,3.9520804875391073,83,工况6,3,电压上限扩展4%
71,节能,1.1524216273677532,1921.7170521129574,9.350894887812112,4.069127936064124,67,工况6,3,电压上限扩展4%
72,节能,1.1524216273677532,1921.7170521129574,9.23181951436877,4.583688776235679,58,工况6,3,电压上限扩展4%
73,节能,1.1524216273677532,1921.7170521129574,9.285086561284889,4.345918099818784,27,工况6,3,电压上限扩展4%
74,节能,1.152378330342233,1921.647176152333,9.351035357105019,4.068556388683566,12,工况6,3,电压上限扩展4%
75,节能,1.1518364512426094,1920.743566275099,9.434778259361812,3.7417197749992037,13,工况6,3,电压上限扩展4%
76,节能,1.1516976484916315,1920.5121059053267,9.3162991414266,4.212365879841796,14,工况6,3,电压上限扩展4%
77,节能,1.151687698143635,1920.4955132138243,9.309320807273505,4.241863980622475,44,工况6,3,电压上限扩展4%
78,节能,1.1516461514716836,1920.426232108191,9.248194608469802,4.509241644128603,68,工况6,3,电压上限扩展4%
79,节能,1.1516404508479232,1920.416726039513,9.250901491905234,4.497052157817962,96,工况6,3,电压上限扩展4%
80,节能,1.1516404508479232,1920.416726039513,9.342902249486116,4.101781323486334,96,工况6,3,电压上限扩展4%
81,节能,1.1516404508479232,1920.416726039513,9.280794273854871,4.364612120805041,95,工况6,3,电压上限扩展4%
82,节能,1.1516404508479232,1920.416726039513,9.400228245735631,3.8732554394222145,89,工况6,3,电压上限扩展4%
83,节能,1.1516403290559696,1920.416522945479,9.309174731345992,4.24248366009685,96,工况6,3,电压上限扩展4%
84,节能,1.1514690694857586,1920.1309392436513,9.214679163816628,4.6629319968994745,98,工况6,3,电压上限扩展4%
85,节能,1.1511353478265796,1919.574442069853,9.225281785081382,4.613753864208913,95,工况6,3,电压上限扩展4%
86,节能,1.1506175179901719,1918.7109355141847,9.309151387983729,4.2425826950857255,96,工况6,3,电压上限扩展4%
87,节能,1.1504962320548529,1918.5086852904726,9.218885411383896,4.643359742262272,97,工况6,3,电压上限扩展4%
88,节能,1.1502418492305022,1918.0842414054687,9.36963725660669,3.9935730897178203,89,工况6,3,电压上限扩展4%
89,节能,1.1502418492305022,1918.0842414054687,9.278404329578557,4.375055775466801,83,工况6,3,电压上限扩展4%
90,节能,1.1502418492305022,1918.0842414054687,9.309139167576552,4.242634541490532,69,工况6,3,电压上限扩展4%
91,节能,1.1502418492305022,1918.0842414054687,9.291308677269356,4.318961244651314,64,工况6,3,电压上限扩展4%
92,节能,1.1502418492305022,1918.0842414054687,9.304346510103652,4.263016839302186,83,工况6,3,电压上限扩展4%
93,节能,1.1502418492305022,1918.0842414054687,9.325434800139167,4.174058391290908,91,工况6,3,电压上限扩展4%
94,节能,1.1502418492305022,1918.0842414054687,9.343789590937032,4.098143257237613,86,工况6,3,电压上限扩展4%
95,节能,1.1502418314143479,1918.0841977632574,9.30500940527722,4.260191842456413,76,工况6,3,电压上限扩展4%
96,节能,1.1502418037669404,1918.0841311023323,9.280190428352782,4.367248468095674,47,工况6,3,电压上限扩展4%
97,节能,1.1502418029924566,1918.0841294694446,9.226467459785013,4.608286694746097,11,工况6,3,电压上限扩展4%
98,节能,1.1502418029924566,1918.0841294694446,9.222344085596639,4.627327614596416,2,工况6,3,电压上限扩展4%
99,节能,1.150241802292748,1918.0841267371616,9.309478727550808,4.241194157177118,7,工况6,3,电压上限扩展4%
100,节能,1.150241802292748,1918.0841267371616,9.266328638316974,4.428207876549512,5,工况6,3,电压上限扩展4%
101,节能,1.1502417980533428,1918.0841163406621,9.270729855080571,4.408761199721892,3,工况6,3,电压上限扩展4%
102,节能,1.1502250931930378,1918.056547989351,9.323892230119078,4.180502137314376,5,工况6,3,电压上限扩展4%
103,节能,1.1501951220872035,1918.0065697058515,9.200032523122271,4.731730892881143,6,工况6,3,电压上限扩展4%
104,节能,1.1500136346149403,1917.7039304775712,9.273459869847894,4.396741630806502,16,工况6,3,电压上限扩展4%
105,节能,1.1500136346149403,1917.7039304775712,9.36869775567476,3.997326818397036,22,工况6,3,电压上限扩展4%
106,节能,1.1499972992571412,1917.6705923203472,9.411307409789211,3.8305798484514453,48,工况6,3,电压上限扩展4%
107,节能,1.1499972992571412,1917.6705923203472,9.31352758519378,4.224056882402769,63,工况6,3,电压上限扩展4%
108,节能,1.1499972992571412,1917.6705923203472,9.281206482340508,4.362813361409746,66,工况6,3,电压上限扩展4%
109,节能,1.1499966191937327,1917.674272740695,9.325932530549407,4.171981352441024,68,工况6,3,电压上限扩展4%
110,节能,1.1499965936712127,1917.6739533532184,9.278867256255266,4.373030914153566,70,工况6,3,电压上限扩展4%
111,节能,1.1499965836945496,1917.6735643510674,9.333147397380651,4.141989386681003,62,工况6,3,电压上限扩展4%
112,节能,1.1499965836945496,1917.6735643510674,9.365045277180016,4.0119536644972005,35,工况6,3,电压上限扩展4%
113,节能,1.1499965836945496,1917.6735643510674,9.184478820121425,4.8059021534759605,1,工况6,3,电压上限扩展4%
114,节能,1.1499965836945496,1917.6735643510674,9.273414834555364,4.396939643810776,5,工况6,3,电压上限扩展4%
115,节能,1.1491354300984624,1916.2394815333837,9.360196280537833,4.031454856742228,10,工况6,3,电压上限扩展4%
116,节能,1.149126020487482,1916.223790547279,9.328295954876856,4.162132832918617,8,工况6,3,电压上限扩展4%
117,节能,1.1489904260494477,1915.997680196112,9.275545110036374,4.387582920833315,12,工况6,3,电压上限扩展4%
118,节能,1.1485128330050483,1915.1703442010007,9.265605042359002,4.43141326943485,26,工况6,3,电压上限扩展4%
119,节能,1.1485125221507326,1915.2007520925047,9.430315043137757,3.758457203000411,49,工况6,3,电压上限扩展4%
120,节能,1.1485067958343615,1915.1912031801426,9.257548509703602,4.467259298611821,68,工况6,3,电压上限扩展4%
121,节能,1.1485038442352886,1915.1834147922066,9.275616352096238,4.3872703515223845,76,工况6,3,电压上限扩展4%
122,节能,1.1485038442352886,1915.1834147922066,9.35751596837637,4.042274908303366,70,工况6,3,电压上限扩展4%
123,节能,1.1483964880378945,1915.0072595394065,9.259481006210184,4.458634671837901,51,工况6,3,电压上限扩展4%
124,节能,1.1476167909141402,1913.7070764860932,9.236108249982541,4.5640726412140635,30,工况6,3,电压上限扩展4%
125,节能,1.1474172228044122,1913.3742869113405,9.523083833879069,3.425473684194412,29,工况6,3,电压上限扩展4%
126,节能,1.1474108521750852,1913.3619161720112,9.235315141130263,4.5676938834580705,40,工况6,3,电压上限扩展4%
127,节能,1.1474108521750852,1913.3619161720112,9.222473762035264,4.626727598135841,62,工况6,3,电压上限扩展4%
128,节能,1.1474107780472118,1913.3612589192685,9.346299739939642,4.087869207120833,58,工况6,3,电压上限扩展4%
129,节能,1.1474107756341911,1913.3600933415908,9.414650530042445,3.817795141691811,38,工况6,3,电压上限扩展4%
130,节能,1.1474107670176268,1913.3610148881237,9.168052621301754,4.885496786714791,18,工况6,3,电压上限扩展4%
131,节能,1.1474107607899864,1913.3609498924134,9.490354163604186,3.5394432274016494,5,工况6,3,电压上限扩展4%
132,节能,1.147410759108171,1913.3606440906426,9.306924837899686,4.252039542106912,4,工况6,3,电压上限扩展4%
133,节能,1.147410759108171,1913.3606440906426,9.177562613758456,4.839255972523879,1,工况6,3,电压上限扩展4%
134,节能,1.147410758443209,1913.3607424527004,9.311525239263625,4.2325233791088115,6,工况6,3,电压上限扩展4%
135,节能,1.147410758443209,1913.3607424527004,9.318258914451123,4.204118682777816,5,工况6,3,电压上限扩展4%
136,节能,1.14741075838992,1913.360685741574,9.250320462129404,4.499665838264668,8,工况6,3,电压上限扩展4%
137,节能,1.14741075838992,1913.360685741574,9.165819228060544,4.896420215834032,2,工况6,3,电压上限扩展4%
138,节能,1.1474107583672133,1913.3606936407407,9.298893113786304,4.28632826508364,7,工况6,3,电压上限扩展4%
139,节能,1.1474107583672133,1913.3606936407407,9.341469457475789,4.1076625352652325,5,工况6,3,电压上限扩展4%
140,节能,1.1474107583175777,1913.3607097968334,9.222523668534425,4.626496700120551,4,工况6,3,电压上限扩展4%
141,节能,1.1474107583175777,1913.3607097968334,9.204413868667684,4.711044894156724,2,工况6,3,电压上限扩展4%
142,节能,1.1474107583175777,1913.3607097968334,9.233563919767711,4.575699934702301,3,工况6,3,电压上限扩展4%
143,节能,1.147410758312249,1913.3607125777858,9.306282233583266,4.254772799177598,8,工况6,3,电压上限扩展4%
144,节能,1.147410758312249,1913.3607125777858,9.36899614410111,3.996134240272685,8,工况6,3,电压上限扩展4%
145,节能,1.1474107583062616,1913.3607093617168,9.226933556515094,4.606139287874936,5,工况6,3,电压上限扩展4%
146,节能,1.1474107583042044,1913.360710897754,9.215626891801705,4.658514899187677,6,工况6,3,电压上限扩展4%
147,节能,1.1474107583042044,1913.360710897754,9.304178851837076,4.263731629234397,2,工况6,3,电压上限扩展4%
148,节能,1.1474107583041142,1913.3607100925112,9.175932448943488,4.847151190846046,3,工况6,3,电压上限扩展4%
149,节能,1.1474107583041142,1913.3607100925112,9.358781104470419,4.037164114021646,7,工况6,3,电压上限扩展4%
150,节能,1.1474107583028799,1913.360710837239,9.2542603715694,4.481972440431945,4,工况6,3,电压上限扩展4%
151,节能,1.1474107583027062,1913.3607106371114,9.387382151294398,3.923332603932859,10,工况6,3,电压上限扩展4%
152,节能,1.1474107583022743,1913.3607107548435,9.290765377145975,4.321308374368608,5,工况6,3,电压上限扩展4%
153,节能,1.147410758301128,1913.360710405407,9.288200957619061,4.332404243096108,5,工况6,3,电压上限扩展4%
154,节能,1.147410758301128,1913.360710405407,9.261648705557995,4.448980160187413,7,工况6,3,电压上限扩展4%
155,节能,1.147410758301128,1913.360710405407,9.188638119510463,4.785954480514721,2,工况6,3,电压上限扩展4%
156,节能,1.147410758301128,1913.360710405407,9.208788147349912,4.690482476564962,3,工况6,3,电压上限扩展4%
157,节能,1.147410758301128,1913.360710405407,9.233634761278795,4.575375796686008,3,工况6,3,电压上限扩展4%
158,节能,1.1474107583011104,1913.3607104064154,9.167236969696052,4.889483275585538,3,工况6,3,电压上限扩展4%
159,节能,1.1474107583011104,1913.3607104064154,9.317394133676721,4.207755896257456,6,工况6,3,电压上限扩展4%
160,节能,1.147410758301108,1913.3607104206212,9.255278790603011,4.477410237901751,6,工况6,3,电压上限扩展4%
161,节能,1.1474107583010813,1913.360710414177,9.314451411043633,4.220156391428159,7,工况6,3,电压上限扩展4%
162,节能,1.1474107583010702,1913.3607104359085,9.267728582175623,4.422012971399377,6,工况6,3,电压上限扩展4%
163,节能,1.1474107583010702,1913.3607104359085,9.26710312262277,4.424779626780509,4,工况6,3,电压上限扩展4%
164,节能,1.1474107583010642,1913.360710423868,9.307127782553206,4.251176700972747,3,工况6,3,电压上限扩展4%
165,节能,1.147410758301054,1913.3607104229936,9.256352375343639,4.472605937965807,4,工况6,3,电压上限扩展4%
166,节能,1.1474107583010482,1913.3607104259959,9.30149796173125,4.2751775609603415,8,工况6,3,电压上限扩展4%
167,节能,1.1474107583010464,1913.3607104313605,9.30811487802491,4.246982454103407,7,工况6,3,电压上限扩展4%
168,节能,1.1474107583010416,1913.360710429974,9.197365283023455,4.744368401398061,7,工况6,3,电压上限扩展4%
169,节能,1.1474107583010416,1913.360710429974,9.25786736361929,4.465835122556186,7,工况6,3,电压上限扩展4%
170,节能,1.1474107583010402,1913.360710428868,9.351037620254793,4.068547180941512,8,工况6,3,电压上限扩展4%
171,节能,1.1474107583010402,1913.360710428868,9.296210934825593,4.297840396471647,9,工况6,3,电压上限扩展4%
172,节能,1.1474107583010402,1913.360710428868,9.32627086118309,4.170570082097794,8,工况6,3,电压上限扩展4%
173,节能,1.1474107583010393,1913.360710428351,9.265151809700257,4.433422185871837,1,工况6,3,电压上限扩展4%
174,节能,1.147410758301039,1913.3607104287323,9.270004036113457,4.411962323799878,3,工况6,3,电压上限扩展4%
175,节能,1.1474107583010384,1913.3607104286089,9.33581244984259,4.130965463859819,7,工况6,3,电压上限扩展4%
176,节能,1.1474107583010384,1913.3607104286089,9.242854719475169,4.533384897736146,8,工况6,3,电压上限扩展4%
177,节能,1.1474107583010384,1913.3607104286089,9.171734717218404,4.867540996702955,1,工况6,3,电压上限扩展4%
178,节能,1.1474107583010382,1913.3607104286395,9.338298484443815,4.120708495651788,5,工况6,3,电压上限扩展4%
179,节能,1.147410758301038,1913.360710428605,9.288929819623625,4.329247668748198,3,工况6,3,电压上限扩展4%
180,节能,1.147410758301038,1913.360710428605,9.428395472941375,3.7656787543515717,10,工况6,3,电压上限扩展4%
181,节能,1.147410758301038,1913.360710428605,9.267733072086836,4.421993116998328,5,工况6,3,电压上限扩展4%
182,节能,1.147410758301038,1913.360710428605,9.34324344352809,4.10038205886123,5,工况6,3,电压上限扩展4%
183,节能,1.147410758301038,1913.360710428605,9.308160730680706,4.246787723143265,2,工况6,3,电压上限扩展4%
184,节能,1.1474107583010378,1913.360710428607,9.327148251815073,4.166912467790638,5,工况6,3,电压上限扩展4%
185,节能,1.1474107583010378,1913.3607104286048,9.285221701976552,4.345330829123841,7,工况6,3,电压上限扩展4%
186,节能,1.1474107583010378,1913.3607104286048,9.334424501024941,4.136703013282535,7,工况6,3,电压上限扩展4%
187,节能,1.1474107583010378,1913.3607104286048,9.4320436514413,3.7519659147345714,9,工况6,3,电压上限扩展4%
188,节能,1.1474107583010378,1913.3607104286048,9.280496512828739,4.365911925694818,8,工况6,3,电压上限扩展4%
189,节能,1.1474107583010378,1913.3607104286048,9.400918156025229,3.870584162217087,2,工况6,3,电压上限扩展4%
190,节能,1.1474107583010378,1913.3607104286048,9.369702265008005,3.9933134823541456,4,工况6,3,电压上限扩展4%
191,节能,1.1474107583010378,1913.3607104286048,9.290455934106557,4.322645780081007,5,工况6,3,电压上限扩展4%
192,节能,1.1474107583010378,1913.3607104286048,9.293388882800565,4.309986255728334,4,工况6,3,电压上限扩展4%
193,节能,1.1474107583010378,1913.3607104286048,9.28334370589776,4.353499010887973,2,工况6,3,电压上限扩展4%
194,节能,1.1474107583010378,1913.3607104286048,9.248012108330071,4.510064656456386,8,工况6,3,电压上限扩展4%
195,节能,1.1474107583010378,1913.3607104286048,9.319447804044175,4.199123419824357,7,工况6,3,电压上限扩展4%
196,节能,1.1474107583010378,1913.3607104286048,9.240868808792479,4.542396740629067,4,工况6,3,电压上限扩展4%
197,节能,1.1474107583010378,1913.3607104286048,9.247094085022042,4.514206901979791,5,工况6,3,电压上限扩展4%
198,节能,1.1474107583010378,1913.3607104286048,9.251523362496282,4.494256442711204,7,工况6,3,电压上限扩展4%
199,节能,1.1474107583010378,1913.3607104286048,9.38590260847379,3.9291416388181064,7,工况6,3,电压上限扩展4%
200,节能,1.1474107583010378,1913.3607104286048,9.25732886144352,4.468240632114248,5,工况6,3,电压上限扩展4%
201,节能,1.1474107583010378,1913.3607104286048,9.262452638376773,4.445404916347034,4,工况6,3,电压上限扩展4%
202,节能,1.1474107583010378,1913.3607104286048,9.278397943101469,4.375083716749491,2,工况6,3,电压上限扩展4%
203,节能,1.1474107583010378,1913.3607104286048,9.169206970801493,4.879860469708805,1,工况6,3,电压上限扩展4%
204,节能,1.1474107583010378,1913.3607104286048,9.291388279598584,4.318617458959648,5,工况6,3,电压上限扩展4%
205,节能,1.1474107583010378,1913.3607104286048,9.271701733702315,4.40447850043255,4,工况6,3,电压上限扩展4%
206,节能,1.1474107583010378,1913.3607104286048,9.360155075493292,4.031620976441626,8,工况6,3,电压上限扩展4%
207,节能,1.1474107583010378,1913.3607104286048,9.36270778567361,4.021342541046688,5,工况6,3,电压上限扩展4%
208,节能,1.1474107583010378,1913.3607104286048,9.259253543771504,4.459648959105295,3,工况6,3,电压上限扩展4%
209,节能,1.1474107583010378,1913.3607104286048,9.284881977873585,4.346807293522929,5,工况6,3,电压上限扩展4%
210,节能,1.1474107583010378,1913.3607104286048,9.308160730680456,4.246787723144329,13,工况6,3,电压上限扩展4%
211,节能,1.1474107583010378,1913.3607104286048,9.349639251433537,4.074240490212497,2,工况6,3,电压上限扩展4%
212,节能,1.1474107583010378,1913.3607104286048,9.326376013421223,4.170131560375546,7,工况6,3,电压上限扩展4%
213,节能,1.1474107583010378,1913.3607104286048,9.183416098329177,4.8110122052266195,4,工况6,3,电压上限扩展4%
214,节能,1.1474107583010378,1913.3607104286048,9.298933011491643,4.286157253833036,4,工况6,3,电压上限扩展4%
215,节能,1.1474107583010378,1913.3607104286048,9.293069578157716,4.3113626740870945,3,工况6,3,电压上限扩展4%
216,节能,1.1474107583010378,1913.3607104286048,9.33341605409978,4.140876762865335,5,工况6,3,电压上限扩展4%
217,节能,1.1474107583010378,1913.3607104286048,9.334993088271656,4.134351605259392,3,工况6,3,电压上限扩展4%
218,节能,1.1474107583010378,1913.3607104286048,9.383470584414072,3.938709035171091,6,工况6,3,电压上限扩展4%
219,节能,1.1474107583010378,1913.3607104286048,9.308160730680456,4.246787723144329,5,工况6,3,电压上限扩展4%
220,节能,1.1474107583010378,1913.3607104286048,9.327636930792691,4.16487668272925,10,工况6,3,电压上限扩展4%
221,节能,1.1474107583010378,1913.3607104286048,9.303468000880963,4.266763584446103,8,工况6,3,电压上限扩展4%
222,节能,1.1474107583010378,1913.3607104286048,9.334589047042389,4.13602239127469,9,工况6,3,电压上限扩展4%
223,节能,1.1474107583010378,1913.3607104286048,9.231648007606456,4.584474977274615,8,工况6,3,电压上限扩展4%
224,节能,1.1474107583010378,1913.3607104286048,9.307695168651806,4.24876532656477,2,工况6,3,电压上限扩展4%
225,节能,1.1474107583010378,1913.3607104286048,9.268217608970938,4.419851017236979,4,工况6,3,电压上限扩展4%
226,节能,1.1474107583010378,1913.3607104286048,9.315273760854362,4.216687373187163,5,工况6,3,电压上限扩展4%
227,节能,1.1474107583010378,1913.3607104286048,9.22734010639189,4.604267043121167,3,工况6,3,电压上限扩展4%
228,节能,1.1474107583010378,1913.3607104286048,9.273345637570241,4.397243909304903,2,工况6,3,电压上限扩展4%
229,节能,1.1474107583010378,1913.3607104286048,9.352262764972489,4.063565674010634,3,工况6,3,电压上限扩展4%
230,节能,1.1474107583010378,1913.3607104286048,9.24541688348743,4.5217844895177555,6,工况6,3,电压上限扩展4%
231,节能,1.1474107583010378,1913.3607104286048,9.308934802296191,4.24350167729128,5,工况6,3,电压上限扩展4%
232,节能,1.1474107583010378,1913.3607104286048,9.312714005561954,4.227494887401749,5,工况6,3,电压上限扩展4%
233,节能,1.1474107583010378,1913.3607104286048,9.3039693353502,4.264625044895725,7,工况6,3,电压上限扩展4%
234,节能,1.1474107583010378,1913.3607104286048,9.244402366756363,4.526374243334002,3,工况6,3,电压上限扩展4%
235,节能,1.1474107583010378,1913.3607104286048,9.144848235298156,5.000187254770049,0,工况6,3,电压上限扩展4%
236,节能,1.1474107583010378,1913.3607104286048,9.291518382643932,4.318055630225149,6,工况6,3,电压上限扩展4%
237,节能,1.1474107583010378,1913.3607104286048,9.270660903916832,4.409065199417705,5,工况6,3,电压上限扩展4%
238,节能,1.1474107583010378,1913.3607104286048,9.286248285757614,4.340872271904141,5,工况6,3,电压上限扩展4%
239,节能,1.1474107583010378,1913.3607104286048,9.21640944233389,4.654870801905228,1,工况6,3,电压上限扩展4%
240,节能,1.1474107583010378,1913.3607104286048,9.187578085844107,4.7910304432601025,1,工况6,3,电压上限扩展4%
241,节能,1.1474107583010378,1913.3607104286048,9.265103844378238,4.433634841494632,4,工况6,3,电压上限扩展4%
242,节能,1.1474107583010378,1913.3607104286048,9.300426560821627,4.27976044470247,9,工况6,3,电压上限扩展4%
243,节能,1.1474107583010378,1913.3607104286048,9.32016816411496,4.1960996282205425,5,工况6,3,电压上限扩展4%
244,节能,1.1474107583010378,1913.3607104286048,9.305276875400475,4.259052520793266,4,工况6,3,电压上限扩展4%
245,节能,1.1474107583010378,1913.3607104286048,9.308160730680456,4.246787723144329,5,工况6,3,电压上限扩展4%
246,节能,1.1474107583010378,1913.3607104286048,9.315110008723087,4.217377921269262,7,工况6,3,电压上限扩展4%
247,节能,1.1474107583010378,1913.3607104286048,9.389860166535959,3.913622561727648,7,工况6,3,电压上限扩展4%
248,节能,1.1474107583010378,1913.3607104286048,9.310782116243484,4.2356698336217065,6,工况6,3,电压上限扩展4%
249,节能,1.1474107583010378,1913.3607104286048,9.242534947557838,4.5348347787201515,5,工况6,3,电压上限扩展4%
250,节能,1.1472934965915325,1913.167967405553,9.273803686217184,4.3952302189012595,7,工况6,3,电压上限扩展4%
251,节能,1.1472906734408956,1913.1625386764465,9.267164761913039,4.424506894910302,6,工况6,3,电压上限扩展4%
252,节能,1.1472906734408956,1913.1625386764465,9.323040745334652,4.1840632871928705,16,工况6,3,电压上限扩展4%
253,节能,1.1472906734408956,1913.1625386764465,9.189616131948311,4.781276045662454,16,工况6,3,电压上限扩展4%
254,节能,1.1472905957761805,1913.1595481018514,9.308160730680456,4.246787723144329,14,工况6,3,电压上限扩展4%
255,节能,1.1472905957761805,1913.1595481018514,9.235706266482538,4.5659076919139885,28,工况6,3,电压上限扩展4%
256,节能,1.1472904732709603,1913.161106128415,9.2408021433122,4.542699571783479,23,工况6,3,电压上限扩展4%
257,节能,1.1472904710321739,1913.161030522833,9.200644787448978,4.728834709557196,13,工况6,3,电压上限扩展4%
258,节能,1.1472904697031956,1913.1609604951113,9.225587433587831,4.612343892720009,7,工况6,3,电压上限扩展4%
259,节能,1.147290469047079,1913.1608708792567,9.266339569053121,4.42815947324215,6,工况6,3,电压上限扩展4%
260,节能,1.147290469045357,1913.1608633596964,9.30038449339703,4.279940486989206,4,工况6,3,电压上限扩展4%
261,节能,1.1472904690450652,1913.1608646518691,9.255907230037856,4.474597340702615,4,工况6,3,电压上限扩展4%
262,节能,1.1472904690450072,1913.1608656622757,9.333912888761056,4.138819942753545,8,工况6,3,电压上限扩展4%
263,节能,1.1472904690450063,1913.1608655582131,9.319564447366062,4.198633648684479,3,工况6,3,电压上限扩展4%
264,节能,1.1472904690450063,1913.1608655582131,9.349978881631516,4.072856990060704,6,工况6,3,电压上限扩展4%
265,节能,1.1472904690450063,1913.1608655582131,9.282726542970686,4.35618665835343,8,工况6,3,电压上限扩展4%
266,节能,1.1472904690450063,1913.1608655582131,9.169663288910469,4.877634208987375,1,工况6,3,电压上限扩展4%
267,节能,1.1472904690450063,1913.1608655582131,9.198324811215164,4.739818229523272,3,工况6,3,电压上限扩展4%
268,节能,1.147290469045006,1913.1608655435643,9.2271209332285,4.605276285489484,2,工况6,3,电压上限扩展4%
269,节能,1.147290469045006,1913.1608655608024,9.262673947423458,4.4444212168776795,5,工况6,3,电压上限扩展4%
270,节能,1.147290469045006,1913.1608655608024,9.144853596505488,5.000160447801335,0,工况6,3,电压上限扩展4%
271,节能,1.147290469045006,1913.1608655608024,9.248358602868006,4.508502214391645,7,工况6,3,电压上限扩展4%
272,节能,1.147290469045006,1913.1608655608024,9.373004367480322,3.980148899394383,5,工况6,3,电压上限扩展4%
273,节能,1.147290469045006,1913.1608655608024,9.238850956189394,4.551571881644258,3,工况6,3,电压上限扩展4%
274,节能,1.147290469045006,1913.1608655608024,9.516024185521827,3.449741885554657,8,工况6,3,电压上限扩展4%
275,节能,1.147290469045006,1913.1608655608024,9.24308489099445,4.532341561724473,4,工况6,3,电压上限扩展4%
276,节能,1.147290469045006,1913.1608655608024,9.327022324958278,4.1674372270201925,6,工况6,3,电压上限扩展4%
277,节能,1.147290469045006,1913.1608655608024,9.23492060223895,4.569496371891224,4,工况6,3,电压上限扩展4%
278,节能,1.147290469045006,1913.1608655608024,9.279664957913932,4.3695439311109325,6,工况6,3,电压上限扩展4%
279,节能,1.147290469045006,1913.1608655608024,9.216508683220491,4.65440887132141,7,工况6,3,电压上限扩展4%
280,节能,1.147290469045006,1913.1608655608024,9.352546054635715,4.062414670900685,9,工况6,3,电压上限扩展4%
281,节能,1.147290469045006,1913.1608655608024,9.30754646105754,4.249397197215906,8,工况6,3,电压上限扩展4%
282,节能,1.147290469045006,1913.1608655608024,9.308166091507028,4.246764956912879,7,工况6,3,电压上限扩展4%
283,节能,1.147290469045006,1913.1608655608024,9.294013407326613,4.307295403943631,4,工况6,3,电压上限扩展4%
284,节能,1.147290469045006,1913.1608655608024,9.195818143314375,4.751714283233829,5,工况6,3,电压上限扩展4%
285,节能,1.147290469045006,1913.1608655608024,9.224836547375578,4.615808538769911,7,工况6,3,电压上限扩展4%
286,节能,1.147290469045006,1913.1608655608024,9.392298541865758,3.9040913061347147,2,工况6,3,电压上限扩展4%
287,节能,1.147290469045006,1913.1608655608024,9.20014580433687,4.73119490701758,4,工况6,3,电压上限扩展4%
288,节能,1.147290469045006,1913.1608655608024,9.151441275183322,4.9673292568345335,1,工况6,3,电压上限扩展4%
289,节能,1.147290469045006,1913.1608655608024,9.266271010288602,4.428463072791818,3,工况6,3,电压上限扩展4%
290,节能,1.147290469045006,1913.1608655608024,9.33097714139448,4.150988325410335,7,工况6,3,电压上限扩展4%
291,节能,1.147290469045006,1913.1608655608024,9.208437134910788,4.692129183250085,4,工况6,3,电压上限扩展4%
292,节能,1.147290469045006,1913.1608655608024,9.330531599091005,4.1528381783738135,5,工况6,3,电压上限扩展4%
293,节能,1.147290469045006,1913.1608655608024,9.21858677881686,4.644746607773072,3,工况6,3,电压上限扩展4%
294,节能,1.147290469045006,1913.1608655608024,9.28169499855043,4.360682576865605,7,工况6,3,电压上限扩展4%
295,节能,1.147290469045006,1913.1608655608024,9.319367655023804,4.1994599889405375,4,工况6,3,电压上限扩展4%
296,节能,1.147290469045006,1913.1608655608024,9.396377228548788,3.8882001704268316,11,工况6,3,电压上限扩展4%
297,节能,1.147290469045006,1913.1608655608024,9.407126352768492,3.846629249570578,8,工况6,3,电压上限扩展4%
298,节能,1.147290469045006,1913.1608655608024,9.406640166139075,3.848499883981913,8,工况6,3,电压上限扩展4%
299,节能,1.1472904690450059,1913.1608655621449,9.254831020281136,4.479415538248629,6,工况6,3,电压上限扩展4%
300,节能,1.1472904690450059,1913.1608655621449,9.248837195744214,4.506344993605897,5,工况6,3,电压上限扩展4%
